timestamp,outdoor_temp_c,wind_speed_ms,occupancy,electricity_kwh,gas_kwh,indoor_temp_c,boiler_on
2024-01-01 00:00,6.3,5.94,1,0.0375,0.08,19.898,0
2024-01-01 00:30,6.2,6.94,1,0.0375,0.08,19.795,0
2024-01-01 01:00,6.1,7.94,1,0.0375,0.08,19.693,0
2024-01-01 01:30,6.2,8.33,1,0.0375,0.08,19.592,0
2024-01-01 02:00,6.3,8.72,1,0.0375,0.08,19.493,0
2024-01-01 02:30,6.3,9.15,1,1.2875,0.08,19.478,0
2024-01-01 03:00,6.3,9.58,1,0.0375,0.08,19.38,0
2024-01-01 03:30,6.6,9.03,1,0.0375,0.08,19.284,0
2024-01-01 04:00,6.9,8.47,1,0.0375,0.08,19.192,0
2024-01-01 04:30,6.6,8.08,1,0.0375,0.08,19.098,0
2024-01-01 05:00,6.3,7.69,1,0.0375,0.08,19.003,0
2024-01-01 05:30,6.0,7.62,1,0.0375,0.08,18.906,0
2024-01-01 06:00,5.7,7.56,1,0.0375,0.08,18.807,0
2024-01-01 06:30,5.7,7.4,1,0.0375,0.08,18.709,0
2024-01-01 07:00,5.7,7.25,1,0.0375,12.08,19.326,1
2024-01-01 07:30,5.6,7.19,1,0.995833,12.052837,20.0,1
2024-01-01 08:00,5.5,7.14,1,2.120833,0.08,20.031,0
2024-01-01 08:30,5.55,7.22,0,0.870833,0.08,19.978,0
2024-01-01 09:00,5.6,7.31,0,0.0375,0.08,19.871,0
2024-01-01 09:30,5.75,6.96,0,0.0375,0.08,19.765,0
2024-01-01 10:00,5.9,6.61,0,0.0375,0.08,19.661,0
2024-01-01 10:30,6.35,6.65,0,0.0375,0.08,19.562,0
2024-01-01 11:00,6.8,6.69,0,0.0375,0.08,19.467,0
2024-01-01 11:30,7.0,5.69,0,0.0375,0.08,19.374,0
2024-01-01 12:00,7.2,4.69,0,0.0375,0.08,19.283,0
2024-01-01 12:30,7.25,4.67,0,0.0375,0.08,19.194,0
2024-01-01 13:00,7.3,4.64,0,0.0375,0.08,19.105,0
2024-01-01 13:30,7.25,3.87,0,0.0375,0.08,19.017,0
2024-01-01 14:00,7.2,3.11,0,0.0375,0.08,18.929,0
2024-01-01 14:30,6.55,2.86,0,0.0375,0.08,18.837,0
2024-01-01 15:00,5.9,2.61,0,0.0375,0.08,18.74,0
2024-01-01 15:30,5.4,2.97,0,0.0375,0.08,18.641,0
2024-01-01 16:00,4.9,3.33,0,0.0375,0.08,18.538,0
2024-01-01 16:30,5.15,3.81,0,0.0375,0.08,18.438,0
2024-01-01 17:00,5.4,4.28,0,0.0375,0.08,18.341,0
2024-01-01 17:30,5.25,4.53,1,0.1625,12.08,18.965,1
2024-01-01 18:00,5.1,4.78,1,0.0375,12.08,19.576,1
2024-01-01 18:30,5.3,5.32,1,1.1,7.815463,20.0,1
2024-01-01 19:00,5.5,5.86,1,2.15,0.08,20.033,0
2024-01-01 19:30,5.6,6.01,1,0.0375,1.344574,20.0,1
2024-01-01 20:00,5.7,6.17,1,0.0375,1.877681,20.0,1
2024-01-01 20:30,5.9,6.83,1,1.225,0.517679,20.0,1
2024-01-01 21:00,6.1,7.5,1,0.975,0.772846,20.0,1
2024-01-01 21:30,6.2,7.4,1,1.0875,0.633576,20.0,1
2024-01-01 22:00,6.3,7.31,1,0.0375,1.800486,20.0,1
2024-01-01 22:30,6.85,6.85,1,1.2875,0.325229,20.0,1
2024-01-01 23:00,7.4,6.39,1,0.0375,0.08,19.906,0
2024-01-01 23:30,7.6,6.11,1,0.0375,0.08,19.814,0
2024-01-02 00:00,7.8,5.83,1,0.0375,0.08,19.725,0
2024-01-02 00:30,8.85,6.03,1,0.0375,0.08,19.644,0
2024-01-02 01:00,9.9,6.22,1,0.0375,0.08,19.572,0
2024-01-02 01:30,9.8,6.96,1,0.0375,0.08,19.5,0
2024-01-02 02:00,9.7,7.69,1,0.0375,0.08,19.427,0
2024-01-02 02:30,9.85,8.08,1,0.0375,0.08,19.357,0
2024-01-02 03:00,10.0,8.47,1,0.0375,0.08,19.287,0
2024-01-02 03:30,9.85,8.36,1,0.0375,0.08,19.218,0
2024-01-02 04:00,9.7,8.25,1,0.0375,0.08,19.147,0
2024-01-02 04:30,9.5,7.83,1,0.0375,0.08,19.076,0
2024-01-02 05:00,9.3,7.42,1,0.0375,0.08,19.004,0
2024-01-02 05:30,9.15,6.44,1,0.0375,0.08,18.931,0
2024-01-02 06:00,9.0,5.47,1,0.0375,0.08,18.857,0
2024-01-02 06:30,8.7,4.22,1,0.0375,0.08,18.782,0
2024-01-02 07:00,8.4,2.97,1,0.0375,12.08,19.419,1
2024-01-02 07:30,8.3,2.97,1,0.0375,11.234868,20.0,1
2024-01-02 08:00,8.2,2.97,1,0.0375,1.556035,20.0,1
2024-01-02 08:30,8.35,3.14,0,0.0375,0.08,19.913,0
2024-01-02 09:00,8.5,3.31,0,0.0375,0.08,19.828,0
2024-01-02 09:30,8.7,3.11,0,0.0375,0.08,19.746,0
2024-01-02 10:00,8.9,2.92,0,0.0375,0.08,19.665,0
2024-01-02 10:30,8.8,2.82,0,0.0375,0.08,19.585,0
2024-01-02 11:00,8.7,2.72,0,0.0375,0.08,19.504,0
2024-01-02 11:30,8.5,3.06,0,0.0375,0.08,19.422,0
2024-01-02 12:00,8.3,3.39,0,0.0375,0.08,19.339,0
2024-01-02 12:30,8.4,2.83,0,0.0375,0.08,19.258,0
2024-01-02 13:00,8.5,2.28,0,0.0375,0.08,19.178,0
2024-01-02 13:30,8.45,2.39,0,0.0375,0.08,19.099,0
2024-01-02 14:00,8.4,2.5,0,0.0375,0.08,19.019,0
2024-01-02 14:30,8.4,2.64,0,0.0375,0.08,18.941,0
2024-01-02 15:00,8.4,2.78,0,0.0375,0.08,18.862,0
2024-01-02 15:30,8.25,3.14,0,0.0375,0.08,18.784,0
2024-01-02 16:00,8.1,3.5,0,0.0375,0.08,18.704,0
2024-01-02 16:30,8.0,3.64,0,0.0375,0.08,18.625,0
2024-01-02 17:00,7.9,3.78,0,0.0375,0.08,18.545,0
2024-01-02 17:30,7.85,4.44,1,0.0375,12.08,19.18,1
2024-01-02 18:00,7.8,5.11,1,1.2875,12.08,19.893,1
2024-01-02 18:30,7.65,4.82,1,3.6375,0.08,20.042,0
2024-01-02 19:00,7.5,4.53,1,1.4625,0.08,20.044,0
2024-01-02 19:30,7.55,4.07,1,0.995833,0.08,20.015,0
2024-01-02 20:00,7.6,3.61,1,3.058333,0.08,20.124,0
2024-01-02 20:30,7.65,3.72,1,1.808333,0.08,20.15,0
2024-01-02 21:00,7.7,3.83,1,0.0375,0.08,20.057,0
2024-01-02 21:30,7.6,3.67,1,0.0375,0.681676,20.0,1
2024-01-02 22:00,7.5,3.5,1,1.4625,0.08,20.002,0
2024-01-02 22:30,7.4,3.33,1,0.1625,1.483752,20.0,1
2024-01-02 23:00,7.3,3.17,1,0.0375,0.08,19.905,0
2024-01-02 23:30,7.45,3.0,1,0.0375,0.08,19.812,0
2024-01-03 00:00,7.6,2.83,1,0.0375,0.08,19.722,0
2024-01-03 00:30,7.65,3.78,1,0.0375,0.08,19.632,0
2024-01-03 01:00,7.7,4.72,1,0.0375,0.08,19.543,0
2024-01-03 01:30,7.7,4.15,1,0.0375,0.08,19.455,0
2024-01-03 02:00,7.7,3.58,1,0.0375,0.08,19.367,0
2024-01-03 02:30,7.55,3.76,1,0.0375,0.08,19.279,0
2024-01-03 03:00,7.4,3.94,1,0.0375,0.08,19.191,0
2024-01-03 03:30,7.35,3.67,1,0.0375,0.08,19.103,0
2024-01-03 04:00,7.3,3.39,1,0.0375,0.08,19.015,0
2024-01-03 04:30,6.35,2.75,1,0.0375,0.08,18.92,0
2024-01-03 05:00,5.4,2.11,1,0.0375,0.08,18.819,0
2024-01-03 05:30,4.95,2.43,1,0.0375,0.08,18.716,0
2024-01-03 06:00,4.5,2.75,1,1.2875,0.08,18.693,0
2024-01-03 06:30,4.8,2.38,1,0.0375,0.08,18.589,0
2024-01-03 07:00,5.1,2.0,1,0.0375,12.08,19.202,1
2024-01-03 07:30,4.65,2.11,1,0.2875,12.08,19.824,1
2024-01-03 08:00,4.2,2.22,1,0.1625,4.863956,20.0,1
2024-01-03 08:30,4.45,2.22,0,0.0375,0.08,19.883,0
2024-01-03 09:00,4.7,2.22,0,0.0375,0.08,19.77,0
2024-01-03 09:30,5.3,2.03,0,0.0375,0.08,19.662,0
2024-01-03 10:00,5.9,1.83,0,0.0375,0.08,19.559,0
2024-01-03 10:30,6.45,1.47,0,0.0375,0.08,19.461,0
2024-01-03 11:00,7.0,1.11,0,0.0375,0.08,19.368,0
2024-01-03 11:30,7.35,1.15,0,0.0375,0.08,19.279,0
2024-01-03 12:00,7.7,1.19,0,0.0375,0.08,19.192,0
2024-01-03 12:30,7.85,2.12,0,0.0375,0.08,19.108,0
2024-01-03 13:00,8.0,3.06,0,0.0375,0.08,19.026,0
2024-01-03 13:30,8.0,3.28,0,0.0375,0.08,18.944,0
2024-01-03 14:00,8.0,3.5,0,0.0375,0.08,18.862,0
2024-01-03 14:30,7.75,3.31,0,0.0375,0.08,18.78,0
2024-01-03 15:00,7.5,3.11,0,0.0375,0.08,18.696,0
2024-01-03 15:30,7.25,3.33,0,0.0375,0.08,18.611,0
2024-01-03 16:00,7.0,3.56,0,0.0375,0.08,18.525,0
2024-01-03 16:30,6.95,3.64,0,0.0375,0.08,18.438,0
2024-01-03 17:00,6.9,3.72,0,0.0375,0.08,18.353,0
2024-01-03 17:30,6.75,3.72,1,0.1625,12.08,18.989,1
2024-01-03 18:00,6.6,3.72,1,0.975,12.08,19.673,1
2024-01-03 18:30,6.55,3.87,1,2.225,4.7666,20.0,1
2024-01-03 19:00,6.5,4.03,1,1.0875,0.594979,20.0,1
2024-01-03 19:30,6.5,4.07,1,0.0375,1.774754,20.0,1
2024-01-03 20:00,6.5,4.11,1,0.0375,1.774754,20.0,1
2024-01-03 20:30,6.6,3.92,1,2.983333,0.08,20.097,0
2024-01-03 21:00,6.7,3.72,1,1.808333,0.08,20.115,0
2024-01-03 21:30,6.7,3.57,1,0.995833,0.08,20.079,0
2024-01-03 22:00,6.7,3.42,1,1.2875,0.08,20.063,0
2024-01-03 22:30,6.65,3.22,1,0.0375,0.709037,20.0,1
2024-01-03 23:00,6.6,3.03,1,0.0375,0.08,19.9,0
2024-01-03 23:30,6.45,2.72,1,0.0375,0.08,19.8,0
2024-01-04 00:00,6.3,2.42,1,0.0375,0.08,19.699,0
2024-01-04 00:30,6.45,2.67,1,0.0375,0.08,19.6,0
2024-01-04 01:00,6.6,2.92,1,1.2875,0.08,19.586,0
2024-01-04 01:30,6.65,2.83,1,0.0375,0.08,19.49,0
2024-01-04 02:00,6.7,2.75,1,0.0375,0.08,19.394,0
2024-01-04 02:30,6.6,2.54,1,0.0375,0.08,19.299,0
2024-01-04 03:00,6.5,2.33,1,0.0375,0.08,19.204,0
2024-01-04 03:30,6.65,2.67,1,0.0375,0.08,19.11,0
2024-01-04 04:00,6.8,3.0,1,0.0375,0.08,19.018,0
2024-01-04 04:30,6.95,3.19,1,0.0375,0.08,18.928,0
2024-01-04 05:00,7.1,3.39,1,0.0375,0.08,18.84,0
2024-01-04 05:30,7.0,3.42,1,0.0375,0.08,18.752,0
2024-01-04 06:00,6.9,3.44,1,0.0375,0.08,18.664,0
2024-01-04 06:30,7.0,3.86,1,0.0375,0.08,18.577,0
2024-01-04 07:00,7.1,4.28,1,0.0375,12.08,19.206,1
2024-01-04 07:30,6.65,4.07,1,0.0375,12.08,19.826,1
2024-01-04 08:00,6.2,3.86,1,0.0375,4.713542,20.0,1
2024-01-04 08:30,6.15,3.26,0,0.0375,0.08,19.896,0
2024-01-04 09:00,6.1,2.67,0,0.0375,0.08,19.793,0
2024-01-04 09:30,6.35,2.68,0,0.0375,0.08,19.693,0
2024-01-04 10:00,6.6,2.69,0,0.0375,0.08,19.595,0
2024-01-04 10:30,7.05,2.88,0,0.0375,0.08,19.502,0
2024-01-04 11:00,7.5,3.06,0,0.0375,0.08,19.412,0
2024-01-04 11:30,7.75,3.06,0,0.0375,0.08,19.326,0
2024-01-04 12:00,8.0,3.06,0,0.0375,0.08,19.241,0
2024-01-04 12:30,8.1,2.81,0,0.0375,0.08,19.159,0
2024-01-04 13:00,8.2,2.56,0,0.0375,0.08,19.077,0
2024-01-04 13:30,8.1,2.26,0,0.0375,0.08,18.996,0
2024-01-04 14:00,8.0,1.97,0,0.0375,0.08,18.914,0
2024-01-04 14:30,7.15,1.89,0,0.0375,0.08,18.827,0
2024-01-04 15:00,6.3,1.81,0,0.0375,0.08,18.733,0
2024-01-04 15:30,6.6,1.35,0,0.0375,0.08,18.643,0
2024-01-04 16:00,6.9,0.89,0,0.0375,0.08,18.556,0
2024-01-04 16:30,6.5,0.69,0,0.0375,0.08,18.466,0
2024-01-04 17:00,6.1,0.5,0,0.0375,0.08,18.374,0
2024-01-04 17:30,5.7,0.61,1,1.2125,12.08,19.072,1
2024-01-04 18:00,5.3,0.72,1,0.1625,12.08,19.691,1
2024-01-04 18:30,5.1,0.62,1,2.4625,4.385801,20.0,1
2024-01-04 19:00,4.9,0.53,1,1.4125,0.435663,20.0,1
2024-01-04 19:30,3.95,0.92,1,1.3375,0.642159,20.0,1
2024-01-04 20:00,3.0,1.31,1,1.3375,0.764384,20.0,1
2024-01-04 20:30,2.65,1.46,1,0.2875,1.98919,20.0,1
2024-01-04 21:00,2.3,1.61,1,0.975,1.261748,20.0,1
2024-01-04 21:30,2.2,1.61,1,0.975,1.274614,20.0,1
2024-01-04 22:00,2.1,1.61,1,0.870833,1.404521,20.0,1
2024-01-04 22:30,2.45,1.94,1,0.870833,1.359491,20.0,1
2024-01-04 23:00,2.8,2.28,1,0.870833,0.08,19.927,0
2024-01-04 23:30,2.55,2.53,1,0.0375,0.08,19.796,0
2024-01-05 00:00,2.3,2.78,1,0.0375,0.08,19.665,0
2024-01-05 00:30,2.45,2.6,1,0.0375,0.08,19.535,0
2024-01-05 01:00,2.6,2.42,1,0.0375,0.08,19.408,0
2024-01-05 01:30,2.85,2.81,1,0.0375,0.08,19.284,0
2024-01-05 02:00,3.1,3.19,1,0.0375,0.08,19.163,0
2024-01-05 02:30,3.15,3.22,1,0.0375,0.08,19.043,0
2024-01-05 03:00,3.2,3.25,1,0.0375,0.08,18.924,0
2024-01-05 03:30,3.05,3.22,1,0.0375,0.08,18.805,0
2024-01-05 04:00,2.9,3.19,1,0.0375,0.08,18.686,0
2024-01-05 04:30,2.8,3.29,1,0.0375,0.08,18.567,0
2024-01-05 05:00,2.7,3.39,1,1.2875,0.08,18.531,0
2024-01-05 05:30,2.75,3.5,1,0.0375,0.08,18.413,0
2024-01-05 06:00,2.8,3.61,1,0.0375,0.08,18.296,0
2024-01-05 06:30,2.85,3.68,1,0.0375,0.08,18.18,0
2024-01-05 07:00,2.9,3.75,1,0.1625,12.08,18.788,1
2024-01-05 07:30,2.95,3.47,1,0.0375,12.08,19.383,1
2024-01-05 08:00,3.0,3.19,1,0.0375,12.08,19.974,1
2024-01-05 08:30,3.1,3.4,0,0.0375,0.08,19.848,0
2024-01-05 09:00,3.2,3.61,0,0.0375,0.08,19.723,0
2024-01-05 09:30,3.75,3.75,0,0.0375,0.08,19.603,0
2024-01-05 10:00,4.3,3.89,0,0.0375,0.08,19.488,0
2024-01-05 10:30,4.75,3.93,0,0.0375,0.08,19.378,0
2024-01-05 11:00,5.2,3.97,0,0.0375,0.08,19.272,0
2024-01-05 11:30,5.45,3.89,0,0.0375,0.08,19.169,0
2024-01-05 12:00,5.7,3.81,0,0.0375,0.08,19.068,0
2024-01-05 12:30,6.0,3.68,0,0.0375,0.08,18.971,0
2024-01-05 13:00,6.3,3.56,0,0.0375,0.08,18.876,0
2024-01-05 13:30,6.4,3.42,0,0.0375,0.08,18.783,0
2024-01-05 14:00,6.5,3.28,0,0.0375,0.08,18.692,0
2024-01-05 14:30,6.35,2.93,0,0.0375,0.08,18.6,0
2024-01-05 15:00,6.2,2.58,0,0.0375,0.08,18.507,0
2024-01-05 15:30,5.45,2.18,0,0.0375,0.08,18.41,0
2024-01-05 16:00,4.7,1.78,0,0.0375,0.08,18.307,0
2024-01-05 16:30,4.55,1.97,0,0.0375,0.08,18.205,0
2024-01-05 17:00,4.4,2.17,0,0.0375,0.08,18.101,0
2024-01-05 17:30,4.85,2.14,1,0.0375,12.08,18.716,1
2024-01-05 18:00,5.3,2.11,1,0.1625,12.08,19.338,1
2024-01-05 18:30,5.3,1.85,1,1.1,11.770294,20.0,1
2024-01-05 19:00,5.3,1.58,1,0.975,0.875773,20.0,1
2024-01-05 19:30,5.05,1.24,1,1.920833,0.08,20.014,0
2024-01-05 20:00,4.8,0.89,1,0.995833,0.683695,20.0,1
2024-01-05 20:30,4.7,0.94,1,0.870833,1.070009,20.0,1
2024-01-05 21:00,4.6,1.0,1,0.0375,2.019205,20.0,1
2024-01-05 21:30,4.65,0.89,1,1.2875,0.608278,20.0,1
2024-01-05 22:00,4.7,0.78,1,2.3375,0.08,20.039,0
2024-01-05 22:30,4.7,0.89,1,0.2875,1.072545,20.0,1
2024-01-05 23:00,4.7,1.0,1,0.0375,0.08,19.885,0
2024-01-05 23:30,4.65,1.35,1,0.0375,0.08,19.771,0
2024-01-06 00:00,4.6,1.69,1,0.0375,0.08,19.658,0
2024-01-06 00:30,4.5,1.42,1,0.0375,0.08,19.544,0
2024-01-06 01:00,4.4,1.14,1,0.0375,0.08,19.431,0
2024-01-06 01:30,4.4,1.89,1,0.0375,0.08,19.318,0
2024-01-06 02:00,4.4,2.64,1,0.0375,0.08,19.207,0
2024-01-06 02:30,4.5,2.81,1,0.0375,0.08,19.096,0
2024-01-06 03:00,4.6,2.97,1,0.0375,0.08,18.988,0
2024-01-06 03:30,4.25,3.08,1,0.0375,0.08,18.878,0
2024-01-06 04:00,3.9,3.19,1,0.0375,0.08,18.766,0
2024-01-06 04:30,3.65,3.08,1,0.0375,0.08,18.652,0
2024-01-06 05:00,3.4,2.97,1,0.0375,0.08,18.538,0
2024-01-06 05:30,3.35,2.83,1,0.0375,0.08,18.424,0
2024-01-06 06:00,3.3,2.69,1,0.0375,0.08,18.311,0
2024-01-06 06:30,3.0,2.65,1,0.0375,0.08,18.196,0
2024-01-06 07:00,2.7,2.61,1,0.0375,12.08,18.794,1
2024-01-06 07:30,2.4,2.51,1,0.0375,12.08,19.385,1
2024-01-06 08:00,2.1,2.42,1,0.0375,12.08,19.969,1
2024-01-06 08:30,1.75,2.36,1,1.0875,0.08,19.903,0
2024-01-06 09:00,1.4,2.31,1,0.0375,0.08,19.763,0
2024-01-06 09:30,1.8,2.51,1,0.1625,0.08,19.637,0
2024-01-06 10:00,2.2,2.72,1,2.6625,0.08,19.681,0
2024-01-06 10:30,2.65,2.43,1,1.0875,0.08,19.624,0
2024-01-06 11:00,3.1,2.14,1,0.0375,0.08,19.5,0
2024-01-06 11:30,3.45,2.24,1,0.0375,0.08,19.379,0
2024-01-06 12:00,3.8,2.33,1,0.0375,0.08,19.263,0
2024-01-06 12:30,4.0,2.33,1,0.0375,0.08,19.148,0
2024-01-06 13:00,4.2,2.33,1,0.0375,0.08,19.036,0
2024-01-06 13:30,4.35,2.47,1,0.0375,0.08,18.926,0
2024-01-06 14:00,4.5,2.61,1,0.0375,0.08,18.819,0
2024-01-06 14:30,4.4,2.43,1,1.2875,0.08,18.794,0
2024-01-06 15:00,4.3,2.25,1,0.870833,0.08,18.742,0
2024-01-06 15:30,4.3,2.33,1,0.870833,0.08,18.689,0
2024-01-06 16:00,4.3,2.42,1,0.870833,0.08,18.637,0
2024-01-06 16:30,4.1,2.65,1,1.1,0.08,18.6,0
2024-01-06 17:00,3.9,2.89,1,0.975,0.08,18.552,0
2024-01-06 17:30,3.55,2.86,1,0.0375,12.08,19.154,1
2024-01-06 18:00,3.2,2.83,1,0.0375,12.08,19.748,1
2024-01-06 18:30,3.1,2.72,1,0.1625,6.274104,20.0,1
2024-01-06 19:00,3.0,2.61,1,0.0375,2.225058,20.0,1
2024-01-06 19:30,3.25,2.74,1,0.0375,2.192894,20.0,1
2024-01-06 20:00,3.5,2.86,1,0.1625,2.02028,20.0,1
2024-01-06 20:30,3.35,2.97,1,0.0375,2.180028,20.0,1
2024-01-06 21:00,3.2,3.08,1,0.0375,2.199327,20.0,1
2024-01-06 21:30,3.3,3.03,1,0.0375,2.186461,20.0,1
2024-01-06 22:00,3.4,2.97,1,0.0375,2.173595,20.0,1
2024-01-06 22:30,3.45,2.79,1,0.1625,2.026713,20.0,1
2024-01-06 23:00,3.5,2.61,1,0.0375,0.08,19.876,0
2024-01-06 23:30,3.45,2.4,1,0.0375,0.08,19.753,0
2024-01-07 00:00,3.4,2.19,1,0.0375,0.08,19.63,0
2024-01-07 00:30,3.35,2.29,1,0.0375,0.08,19.508,0
2024-01-07 01:00,3.3,2.39,1,0.0375,0.08,19.387,0
2024-01-07 01:30,2.6,2.29,1,0.0375,0.08,19.261,0
2024-01-07 02:00,1.9,2.19,1,0.0375,0.08,19.13,0
2024-01-07 02:30,1.95,2.38,1,0.0375,0.08,19.001,0
2024-01-07 03:00,2.0,2.56,1,0.0375,0.08,18.874,0
2024-01-07 03:30,2.15,2.67,1,0.0375,0.08,18.748,0
2024-01-07 04:00,2.3,2.78,1,0.0375,0.08,18.625,0
2024-01-07 04:30,2.1,2.68,1,0.0375,0.08,18.501,0
2024-01-07 05:00,1.9,2.58,1,0.0375,0.08,18.376,0
2024-01-07 05:30,2.05,2.67,1,0.0375,0.08,18.254,0
2024-01-07 06:00,2.2,2.75,1,0.0375,0.08,18.133,0
2024-01-07 06:30,2.3,2.68,1,1.2875,0.08,18.098,0
2024-01-07 07:00,2.4,2.61,1,0.0375,12.08,18.695,1
2024-01-07 07:30,2.3,2.53,1,0.0375,12.08,19.285,1
2024-01-07 08:00,2.2,2.44,1,0.1625,12.08,19.879,1
2024-01-07 08:30,2.35,2.44,1,0.0375,0.08,19.748,0
2024-01-07 09:00,2.5,2.44,1,0.0375,0.08,19.618,0
2024-01-07 09:30,2.8,2.43,1,0.0375,0.08,19.492,0
2024-01-07 10:00,3.1,2.42,1,0.0375,0.08,19.369,0
2024-01-07 10:30,3.35,2.32,1,0.0375,0.08,19.249,0
2024-01-07 11:00,3.6,2.22,1,0.0375,0.08,19.132,0
2024-01-07 11:30,3.95,2.26,1,0.0375,0.08,19.018,0
2024-01-07 12:00,4.3,2.31,1,0.0375,0.08,18.908,0
2024-01-07 12:30,4.25,2.14,1,0.995833,0.08,18.862,0
2024-01-07 13:00,4.2,1.97,1,0.995833,0.08,18.817,0
2024-01-07 13:30,4.2,2.18,1,2.120833,0.08,18.847,0
2024-01-07 14:00,4.2,2.39,1,1.0875,0.08,18.807,0
2024-01-07 14:30,4.15,2.39,1,0.0375,0.08,18.697,0
2024-01-07 15:00,4.1,2.39,1,0.0375,0.08,18.588,0
2024-01-07 15:30,3.9,2.0,1,0.0375,0.08,18.478,0
2024-01-07 16:00,3.7,1.61,1,1.3375,0.08,18.455,0
2024-01-07 16:30,3.6,1.61,1,2.5875,0.08,18.514,0
2024-01-07 17:00,3.5,1.61,1,0.1625,0.08,18.41,0
2024-01-07 17:30,3.45,1.43,1,0.975,12.08,19.074,1
2024-01-07 18:00,3.4,1.25,1,0.975,12.08,19.733,1
2024-01-07 18:30,3.25,1.08,1,0.0375,6.639197,20.0,1
2024-01-07 19:00,3.1,0.92,1,0.0375,2.212192,20.0,1
2024-01-07 19:30,3.05,0.97,1,1.2125,0.898401,20.0,1
2024-01-07 20:00,3.0,1.03,1,0.0375,2.225058,20.0,1
2024-01-07 20:30,3.05,1.19,1,0.0375,2.218625,20.0,1
2024-01-07 21:00,3.1,1.36,1,0.0375,2.212192,20.0,1
2024-01-07 21:30,3.0,1.32,1,0.0375,2.225058,20.0,1
2024-01-07 22:00,2.9,1.28,1,0.0375,2.237924,20.0,1
2024-01-07 22:30,2.9,1.21,1,0.1625,2.097475,20.0,1
2024-01-07 23:00,2.9,1.14,1,0.0375,0.08,19.872,0
2024-01-07 23:30,2.85,1.07,1,0.0375,0.08,19.744,0
2024-01-08 00:00,2.8,1.0,1,0.0375,0.08,19.617,0
2024-01-08 00:30,2.15,1.22,1,0.0375,0.08,19.485,0
2024-01-08 01:00,1.5,1.44,1,0.0375,0.08,19.35,0
2024-01-08 01:30,1.75,1.39,1,1.2875,0.08,19.302,0
2024-01-08 02:00,2.0,1.33,1,0.0375,0.08,19.172,0
2024-01-08 02:30,1.4,1.43,1,0.0375,0.08,19.038,0
2024-01-08 03:00,0.8,1.53,1,0.0375,0.08,18.901,0
2024-01-08 03:30,0.95,1.54,1,0.0375,0.08,18.766,0
2024-01-08 04:00,1.1,1.56,1,0.0375,0.08,18.634,0
2024-01-08 04:30,1.55,1.74,1,0.0375,0.08,18.505,0
2024-01-08 05:00,2.0,1.92,1,0.0375,0.08,18.381,0
2024-01-08 05:30,2.2,2.22,1,0.0375,0.08,18.26,0
2024-01-08 06:00,2.4,2.53,1,0.0375,0.08,18.141,0
2024-01-08 06:30,2.45,2.62,1,1.2875,0.08,18.107,0
2024-01-08 07:00,2.5,2.72,1,2.025,12.08,18.837,1
2024-01-08 07:30,2.4,3.06,1,0.975,12.08,19.49,1
2024-01-08 08:00,2.3,3.39,1,0.1625,10.677706,20.0,1
2024-01-08 08:30,2.55,3.87,0,0.0375,0.08,19.869,0
2024-01-08 09:00,2.8,4.36,0,0.0375,0.08,19.741,0
2024-01-08 09:30,2.9,4.62,0,0.0375,0.08,19.614,0
2024-01-08 10:00,3.0,4.89,0,0.0375,0.08,19.49,0
2024-01-08 10:30,3.05,4.9,0,0.0375,0.08,19.366,0
2024-01-08 11:00,3.1,4.92,0,0.0375,0.08,19.244,0
2024-01-08 11:30,3.25,4.9,0,0.0375,0.08,19.125,0
2024-01-08 12:00,3.4,4.89,0,0.0375,0.08,19.007,0
2024-01-08 12:30,3.45,5.42,0,0.0375,0.08,18.89,0
2024-01-08 13:00,3.5,5.94,0,0.0375,0.08,18.775,0
2024-01-08 13:30,3.3,6.04,0,0.0375,0.08,18.659,0
2024-01-08 14:00,3.1,6.14,0,0.0375,0.08,18.542,0
2024-01-08 14:30,2.95,5.64,0,0.0375,0.08,18.425,0
2024-01-08 15:00,2.8,5.14,0,0.0375,0.08,18.308,0
2024-01-08 15:30,2.75,5.12,0,0.0375,0.08,18.192,0
2024-01-08 16:00,2.7,5.11,0,0.0375,0.08,18.076,0
2024-01-08 16:30,2.55,5.17,0,0.0375,0.08,17.959,0
2024-01-08 17:00,2.4,5.22,0,0.0375,0.08,17.843,0
2024-01-08 17:30,2.4,5.22,1,0.1625,12.08,18.449,1
2024-01-08 18:00,2.4,5.22,1,0.0375,12.08,19.043,1
2024-01-08 18:30,2.45,5.07,1,0.1625,12.08,19.641,1
2024-01-08 19:00,2.5,4.92,1,0.0375,8.283173,20.0,1
2024-01-08 19:30,2.55,5.07,1,0.0375,2.282955,20.0,1
2024-01-08 20:00,2.6,5.22,1,0.1625,2.136072,20.0,1
2024-01-08 20:30,2.75,5.24,1,0.975,1.203852,20.0,1
2024-01-08 21:00,2.9,5.25,1,0.975,1.184553,20.0,1
2024-01-08 21:30,2.95,5.33,1,0.0375,2.231491,20.0,1
2024-01-08 22:00,3.0,5.42,1,0.0375,2.225058,20.0,1
2024-01-08 22:30,2.75,5.5,1,2.5875,0.08,20.041,0
2024-01-08 23:00,2.5,5.58,1,0.0375,0.08,19.909,0
2024-01-08 23:30,2.45,5.71,1,0.0375,0.08,19.778,0
2024-01-09 00:00,2.4,5.83,1,0.0375,0.08,19.648,0
2024-01-09 00:30,2.45,5.81,1,0.0375,0.08,19.518,0
2024-01-09 01:00,2.5,5.78,1,0.0375,0.08,19.391,0
2024-01-09 01:30,2.6,5.6,1,0.0375,0.08,19.265,0
2024-01-09 02:00,2.7,5.42,1,0.0375,0.08,19.14,0
2024-01-09 02:30,2.75,5.44,1,0.0375,0.08,19.017,0
2024-01-09 03:00,2.8,5.47,1,0.0375,0.08,18.896,0
2024-01-09 03:30,2.65,5.58,1,0.0375,0.08,18.774,0
2024-01-09 04:00,2.5,5.69,1,1.2875,0.08,18.735,0
2024-01-09 04:30,2.45,5.46,1,0.0375,0.08,18.613,0
2024-01-09 05:00,2.4,5.22,1,0.0375,0.08,18.492,0
2024-01-09 05:30,2.05,4.89,1,0.0375,0.08,18.368,0
2024-01-09 06:00,1.7,4.56,1,0.0375,0.08,18.243,0
2024-01-09 06:30,1.6,4.57,1,0.0375,0.08,18.118,0
2024-01-09 07:00,1.5,4.58,1,1.1,12.08,18.779,1
2024-01-09 07:30,1.35,4.61,1,2.225,12.08,19.508,1
2024-01-09 08:00,1.2,4.64,1,0.0375,10.665352,20.0,1
2024-01-09 08:30,1.3,4.62,0,0.0375,0.08,19.859,0
2024-01-09 09:00,1.4,4.61,0,0.0375,0.08,19.721,0
2024-01-09 09:30,1.9,4.78,0,0.0375,0.08,19.587,0
2024-01-09 10:00,2.4,4.94,0,0.0375,0.08,19.458,0
2024-01-09 10:30,2.95,5.49,0,0.0375,0.08,19.334,0
2024-01-09 11:00,3.5,6.03,0,0.0375,0.08,19.215,0
2024-01-09 11:30,3.85,6.68,0,0.0375,0.08,19.1,0
2024-01-09 12:00,4.2,7.33,0,0.0375,0.08,18.988,0
2024-01-09 12:30,4.15,7.06,0,0.0375,0.08,18.877,0
2024-01-09 13:00,4.1,6.78,0,0.0375,0.08,18.767,0
2024-01-09 13:30,4.1,6.22,0,0.0375,0.08,18.657,0
2024-01-09 14:00,4.1,5.67,0,0.0375,0.08,18.548,0
2024-01-09 14:30,3.8,5.28,0,0.0375,0.08,18.438,0
2024-01-09 15:00,3.5,4.89,0,0.0375,0.08,18.326,0
2024-01-09 15:30,2.85,4.64,0,0.0375,0.08,18.21,0
2024-01-09 16:00,2.2,4.39,0,0.0375,0.08,18.09,0
2024-01-09 16:30,1.85,4.32,0,0.0375,0.08,17.968,0
2024-01-09 17:00,1.5,4.25,0,0.0375,0.08,17.845,0
2024-01-09 17:30,1.2,4.17,1,0.0375,12.08,18.434,1
2024-01-09 18:00,0.9,4.08,1,1.0875,12.08,19.086,1
2024-01-09 18:30,0.85,4.19,1,0.1625,12.08,19.671,1
2024-01-09 19:00,0.8,4.31,1,0.4125,7.571317,20.0,1
2024-01-09 19:30,0.95,4.43,1,1.0875,1.309033,20.0,1
2024-01-09 20:00,1.1,4.56,1,0.870833,1.53318,20.0,1
2024-01-09 20:30,1.05,4.35,1,0.995833,1.399163,20.0,1
2024-01-09 21:00,1.0,4.14,1,0.870833,1.546046,20.0,1
2024-01-09 21:30,0.8,3.93,1,0.0375,2.508107,20.0,1
2024-01-09 22:00,0.6,3.72,1,0.0375,2.533838,20.0,1
2024-01-09 22:30,0.35,3.69,1,0.0375,2.566003,20.0,1
2024-01-09 23:00,0.1,3.67,1,0.0375,0.08,19.85,0
2024-01-09 23:30,0.15,3.5,1,1.2875,0.08,19.785,0
2024-01-10 00:00,0.2,3.33,1,0.0375,0.08,19.638,0
2024-01-10 00:30,0.2,3.22,1,0.0375,0.08,19.492,0
2024-01-10 01:00,0.2,3.11,1,1.2875,0.08,19.43,0
2024-01-10 01:30,0.75,3.22,1,0.0375,0.08,19.29,0
2024-01-10 02:00,1.3,3.33,1,0.0375,0.08,19.155,0
2024-01-10 02:30,1.8,3.43,1,0.0375,0.08,19.024,0
2024-01-10 03:00,2.3,3.53,1,0.0375,0.08,18.899,0
2024-01-10 03:30,2.5,3.51,1,1.2875,0.08,18.859,0
2024-01-10 04:00,2.7,3.5,1,0.0375,0.08,18.738,0
2024-01-10 04:30,2.75,3.39,1,0.0375,0.08,18.618,0
2024-01-10 05:00,2.8,3.28,1,0.0375,0.08,18.5,0
2024-01-10 05:30,2.85,3.18,1,0.0375,0.08,18.382,0
2024-01-10 06:00,2.9,3.08,1,0.0375,0.08,18.266,0
2024-01-10 06:30,3.15,3.14,1,0.0375,0.08,18.153,0
2024-01-10 07:00,3.4,3.19,1,0.0375,12.08,18.757,1
2024-01-10 07:30,3.65,3.42,1,0.0375,12.08,19.357,1
2024-01-10 08:00,3.9,3.64,1,1.0875,11.647908,20.0,1
2024-01-10 08:30,4.15,3.69,0,0.0375,0.08,19.881,0
2024-01-10 09:00,4.4,3.75,0,0.0375,0.08,19.765,0
2024-01-10 09:30,4.6,3.68,0,0.0375,0.08,19.652,0
2024-01-10 10:00,4.8,3.61,0,0.0375,0.08,19.54,0
2024-01-10 10:30,5.15,3.79,0,0.0375,0.08,19.433,0
2024-01-10 11:00,5.5,3.97,0,0.0375,0.08,19.329,0
2024-01-10 11:30,5.7,4.22,0,0.0375,0.08,19.227,0
2024-01-10 12:00,5.9,4.47,0,0.0375,0.08,19.127,0
2024-01-10 12:30,5.45,4.31,0,0.0375,0.08,19.025,0
2024-01-10 13:00,5.0,4.14,0,0.0375,0.08,18.92,0
2024-01-10 13:30,5.2,4.04,0,0.0375,0.08,18.818,0
2024-01-10 14:00,5.4,3.94,0,0.0375,0.08,18.718,0
2024-01-10 14:30,5.4,3.78,0,0.0375,0.08,18.618,0
2024-01-10 15:00,5.4,3.61,0,0.0375,0.08,18.52,0
2024-01-10 15:30,5.3,3.38,0,0.0375,0.08,18.421,0
2024-01-10 16:00,5.2,3.14,0,0.0375,0.08,18.322,0
2024-01-10 16:30,5.2,3.21,0,0.0375,0.08,18.224,0
2024-01-10 17:00,5.2,3.28,0,0.0375,0.08,18.127,0
2024-01-10 17:30,5.1,3.4,1,0.1625,12.08,18.752,1
2024-01-10 18:00,5.0,3.53,1,0.0375,12.08,19.363,1
2024-01-10 18:30,4.8,3.58,1,0.0375,12.08,19.968,1
2024-01-10 19:00,4.6,3.64,1,0.1625,2.408993,20.0,1
2024-01-10 19:30,4.75,3.78,1,2.4625,0.08,20.048,0
2024-01-10 20:00,4.9,3.92,1,1.3375,0.08,20.021,0
2024-01-10 20:30,4.85,3.92,1,1.3375,0.170392,20.0,1
2024-01-10 21:00,4.8,3.92,1,0.1625,1.853024,20.0,1
2024-01-10 21:30,4.7,3.87,1,0.975,0.952968,20.0,1
2024-01-10 22:00,4.6,3.83,1,0.975,0.965834,20.0,1
2024-01-10 22:30,4.55,3.82,1,0.2875,1.744739,20.0,1
2024-01-10 23:00,4.5,3.81,1,0.0375,0.08,19.884,0
2024-01-10 23:30,4.3,3.65,1,0.0375,0.08,19.767,0
2024-01-11 00:00,4.1,3.5,1,0.0375,0.08,19.65,0
2024-01-11 00:30,4.15,3.65,1,0.0375,0.08,19.534,0
2024-01-11 01:00,4.2,3.81,1,0.0375,0.08,19.419,0
2024-01-11 01:30,4.25,3.74,1,1.2875,0.08,19.389,0
2024-01-11 02:00,4.3,3.67,1,0.0375,0.08,19.276,0
2024-01-11 02:30,4.2,3.61,1,0.0375,0.08,19.163,0
2024-01-11 03:00,4.1,3.56,1,0.0375,0.08,19.05,0
2024-01-11 03:30,3.95,3.21,1,0.0375,0.08,18.937,0
2024-01-11 04:00,3.8,2.86,1,0.0375,0.08,18.824,0
2024-01-11 04:30,3.85,2.85,1,0.0375,0.08,18.711,0
2024-01-11 05:00,3.9,2.83,1,0.0375,0.08,18.601,0
2024-01-11 05:30,4.05,2.85,1,0.0375,0.08,18.492,0
2024-01-11 06:00,4.2,2.86,1,1.2875,0.08,18.468,0
2024-01-11 06:30,4.3,2.69,1,0.0375,0.08,18.362,0
2024-01-11 07:00,4.4,2.53,1,2.025,12.08,19.105,1
2024-01-11 07:30,4.5,2.28,1,1.808333,12.08,19.828,1
2024-01-11 08:00,4.6,2.03,1,0.870833,3.95421,20.0,1
2024-01-11 08:30,4.6,2.17,0,0.870833,0.08,19.94,0
2024-01-11 09:00,4.6,2.31,0,0.0375,0.08,19.825,0
2024-01-11 09:30,5.0,2.67,0,0.0375,0.08,19.714,0
2024-01-11 10:00,5.4,3.03,0,0.0375,0.08,19.607,0
2024-01-11 10:30,5.95,3.44,0,0.0375,0.08,19.505,0
2024-01-11 11:00,6.5,3.86,0,0.0375,0.08,19.408,0
2024-01-11 11:30,6.85,3.54,0,0.0375,0.08,19.315,0
2024-01-11 12:00,7.2,3.22,0,0.0375,0.08,19.224,0
2024-01-11 12:30,6.8,3.46,0,0.0375,0.08,19.132,0
2024-01-11 13:00,6.4,3.69,0,0.0375,0.08,19.037,0
2024-01-11 13:30,6.45,3.58,0,0.0375,0.08,18.943,0
2024-01-11 14:00,6.5,3.47,0,0.0375,0.08,18.85,0
2024-01-11 14:30,6.55,3.54,0,0.0375,0.08,18.759,0
2024-01-11 15:00,6.6,3.61,0,0.0375,0.08,18.668,0
2024-01-11 15:30,6.35,3.49,0,0.0375,0.08,18.576,0
2024-01-11 16:00,6.1,3.36,0,0.0375,0.08,18.483,0
2024-01-11 16:30,6.0,3.18,0,0.0375,0.08,18.39,0
2024-01-11 17:00,5.9,3.0,0,0.0375,0.08,18.297,0
2024-01-11 17:30,5.85,3.17,1,0.1625,12.08,18.927,1
2024-01-11 18:00,5.8,3.33,1,0.0375,12.08,19.543,1
2024-01-11 18:30,5.75,3.42,1,0.0375,9.499041,20.0,1
2024-01-11 19:00,5.7,3.5,1,0.2875,1.596782,20.0,1
2024-01-11 19:30,5.65,3.44,1,1.0875,0.704338,20.0,1
2024-01-11 20:00,5.6,3.39,1,0.0375,1.890546,20.0,1
2024-01-11 20:30,5.5,3.22,1,0.4125,1.482064,20.0,1
2024-01-11 21:00,5.4,3.06,1,0.0375,1.916278,20.0,1
2024-01-11 21:30,5.3,2.97,1,0.0375,1.929144,20.0,1
2024-01-11 22:00,5.2,2.89,1,0.0375,1.94201,20.0,1
2024-01-11 22:30,5.2,2.96,1,1.2875,0.537515,20.0,1
2024-01-11 23:00,5.2,3.03,1,0.0375,0.08,19.889,0
2024-01-11 23:30,5.35,3.14,1,0.0375,0.08,19.78,0
2024-01-12 00:00,5.5,3.25,1,0.0375,0.08,19.674,0
2024-01-12 00:30,4.95,3.31,1,0.0375,0.08,19.563,0
2024-01-12 01:00,4.4,3.36,1,0.0375,0.08,19.45,0
2024-01-12 01:30,4.55,3.36,1,0.0375,0.08,19.338,0
2024-01-12 02:00,4.7,3.36,1,0.0375,0.08,19.229,0
2024-01-12 02:30,4.7,3.21,1,0.0375,0.08,19.12,0
2024-01-12 03:00,4.7,3.06,1,0.0375,0.08,19.012,0
2024-01-12 03:30,4.65,2.94,1,0.0375,0.08,18.905,0
2024-01-12 04:00,4.6,2.83,1,0.0375,0.08,18.798,0
2024-01-12 04:30,4.55,2.81,1,0.0375,0.08,18.691,0
2024-01-12 05:00,4.5,2.78,1,0.0375,0.08,18.585,0
2024-01-12 05:30,4.5,2.83,1,0.0375,0.08,18.48,0
2024-01-12 06:00,4.5,2.89,1,0.0375,0.08,18.375,0
2024-01-12 06:30,4.5,2.88,1,0.0375,0.08,18.272,0
2024-01-12 07:00,4.5,2.86,1,0.1625,12.08,18.891,1
2024-01-12 07:30,4.5,2.71,1,0.1625,12.08,19.506,1
2024-01-12 08:00,4.5,2.56,1,1.4125,8.732903,20.0,1
2024-01-12 08:30,4.65,2.64,0,0.0375,0.08,19.885,0
2024-01-12 09:00,4.8,2.72,0,0.0375,0.08,19.772,0
2024-01-12 09:30,5.05,2.93,0,0.0375,0.08,19.662,0
2024-01-12 10:00,5.3,3.14,0,0.0375,0.08,19.554,0
2024-01-12 10:30,5.5,2.88,0,0.0375,0.08,19.449,0
2024-01-12 11:00,5.7,2.61,0,0.0375,0.08,19.347,0
2024-01-12 11:30,5.95,2.4,0,0.0375,0.08,19.247,0
2024-01-12 12:00,6.2,2.19,0,0.0375,0.08,19.149,0
2024-01-12 12:30,5.8,2.26,0,0.0375,0.08,19.05,0
2024-01-12 13:00,5.4,2.33,0,0.0375,0.08,18.948,0
2024-01-12 13:30,5.3,2.47,0,0.0375,0.08,18.846,0
2024-01-12 14:00,5.2,2.61,0,0.0375,0.08,18.744,0
2024-01-12 14:30,5.1,2.51,0,0.0375,0.08,18.642,0
2024-01-12 15:00,5.0,2.42,0,0.0375,0.08,18.54,0
2024-01-12 15:30,4.85,2.08,0,0.0375,0.08,18.438,0
2024-01-12 16:00,4.7,1.75,0,0.0375,0.08,18.335,0
2024-01-12 16:30,4.05,1.61,0,0.0375,0.08,18.228,0
2024-01-12 17:00,3.4,1.47,0,0.0375,0.08,18.117,0
2024-01-12 17:30,3.0,1.89,1,0.0375,12.08,18.718,1
2024-01-12 18:00,2.6,2.31,1,0.1625,12.08,19.319,1
2024-01-12 18:30,2.05,2.5,1,0.0375,12.08,19.903,1
2024-01-12 19:00,1.5,2.69,1,0.0375,4.027892,20.0,1
2024-01-12 19:30,1.2,2.65,1,0.1625,2.316194,20.0,1
2024-01-12 20:00,0.9,2.61,1,0.975,1.44187,20.0,1
2024-01-12 20:30,1.05,2.79,1,2.225,0.08,20.004,0
2024-01-12 21:00,1.2,2.97,1,0.1625,2.254745,20.0,1
2024-01-12 21:30,1.5,3.46,1,0.0375,2.418046,20.0,1
2024-01-12 22:00,1.8,3.94,1,3.170833,0.08,20.073,0
2024-01-12 22:30,2.1,4.28,1,1.920833,0.08,20.063,0
2024-01-12 23:00,2.4,4.61,1,0.870833,0.08,19.986,0
2024-01-12 23:30,2.6,4.76,1,0.0375,0.08,19.856,0
2024-01-13 00:00,2.8,4.92,1,0.0375,0.08,19.728,0
2024-01-13 00:30,2.55,5.29,1,0.0375,0.08,19.599,0
2024-01-13 01:00,2.3,5.67,1,0.0375,0.08,19.469,0
2024-01-13 01:30,2.25,5.61,1,0.0375,0.08,19.34,0
2024-01-13 02:00,2.2,5.56,1,0.0375,0.08,19.211,0
2024-01-13 02:30,2.2,5.35,1,0.0375,0.08,19.083,0
2024-01-13 03:00,2.2,5.14,1,0.0375,0.08,18.957,0
2024-01-13 03:30,2.25,4.85,1,0.0375,0.08,18.831,0
2024-01-13 04:00,2.3,4.56,1,0.0375,0.08,18.707,0
2024-01-13 04:30,2.3,4.51,1,1.2875,0.08,18.668,0
2024-01-13 05:00,2.3,4.47,1,0.0375,0.08,18.545,0
2024-01-13 05:30,2.5,4.71,1,0.0375,0.08,18.425,0
2024-01-13 06:00,2.7,4.94,1,0.0375,0.08,18.307,0
2024-01-13 06:30,2.9,4.97,1,0.0375,0.08,18.191,0
2024-01-13 07:00,3.1,5.0,1,0.0375,12.08,18.792,1
2024-01-13 07:30,3.3,4.99,1,0.0375,12.08,19.39,1
2024-01-13 08:00,3.5,4.97,1,0.0375,12.08,19.985,1
2024-01-13 08:30,3.8,5.0,1,0.0375,0.08,19.863,0
2024-01-13 09:00,4.1,5.03,1,0.0375,0.08,19.745,0
2024-01-13 09:30,4.65,5.07,1,0.0375,0.08,19.632,0
2024-01-13 10:00,5.2,5.11,1,1.2875,0.08,19.608,0
2024-01-13 10:30,5.8,5.22,1,0.1625,0.08,19.513,0
2024-01-13 11:00,6.4,5.33,1,0.1625,0.08,19.424,0
2024-01-13 11:30,6.85,5.42,1,0.1625,0.08,19.338,0
2024-01-13 12:00,7.3,5.5,1,0.0375,0.08,19.249,0
2024-01-13 12:30,7.3,5.22,1,0.0375,0.08,19.16,0
2024-01-13 13:00,7.3,4.94,1,0.0375,0.08,19.071,0
2024-01-13 13:30,7.25,4.88,1,0.1625,0.08,18.992,0
2024-01-13 14:00,7.2,4.81,1,0.0375,0.08,18.904,0
2024-01-13 14:30,7.0,4.43,1,0.0375,0.08,18.815,0
2024-01-13 15:00,6.8,4.06,1,1.2875,0.08,18.809,0
2024-01-13 15:30,6.15,3.4,1,0.1625,0.08,18.723,0
2024-01-13 16:00,5.5,2.75,1,0.0375,0.08,18.625,0
2024-01-13 16:30,5.0,2.86,1,0.0375,0.08,18.523,0
2024-01-13 17:00,4.5,2.97,1,0.0375,0.08,18.418,0
2024-01-13 17:30,4.7,3.11,1,0.975,12.08,19.092,1
2024-01-13 18:00,4.9,3.25,1,2.745833,12.08,19.881,1
2024-01-13 18:30,4.7,3.26,1,2.858333,0.821747,20.0,1
2024-01-13 19:00,4.5,3.28,1,0.995833,0.955292,20.0,1
2024-01-13 19:30,4.2,3.31,1,0.0375,2.070668,20.0,1
2024-01-13 20:00,3.9,3.33,1,0.0375,2.109266,20.0,1
2024-01-13 20:30,3.65,3.32,1,0.0375,2.14143,20.0,1
2024-01-13 21:00,3.4,3.31,1,0.0375,2.173595,20.0,1
2024-01-13 21:30,3.0,3.32,1,1.0875,1.045283,20.0,1
2024-01-13 22:00,2.6,3.33,1,0.0375,2.276522,20.0,1
2024-01-13 22:30,2.1,3.15,1,0.0375,2.340851,20.0,1
2024-01-13 23:00,1.6,2.97,1,0.0375,0.08,19.862,0
2024-01-13 23:30,1.35,3.04,1,0.0375,0.08,19.722,0
2024-01-14 00:00,1.1,3.11,1,0.0375,0.08,19.582,0
2024-01-14 00:30,1.0,3.37,1,0.0375,0.08,19.443,0
2024-01-14 01:00,0.9,3.64,1,0.0375,0.08,19.303,0
2024-01-14 01:30,0.85,3.46,1,0.0375,0.08,19.165,0
2024-01-14 02:00,0.8,3.28,1,0.0375,0.08,19.027,0
2024-01-14 02:30,0.9,3.15,1,0.0375,0.08,18.89,0
2024-01-14 03:00,1.0,3.03,1,0.0375,0.08,18.756,0
2024-01-14 03:30,0.85,2.92,1,0.0375,0.08,18.621,0
2024-01-14 04:00,0.7,2.81,1,0.0375,0.08,18.487,0
2024-01-14 04:30,0.85,2.69,1,0.0375,0.08,18.354,0
2024-01-14 05:00,1.0,2.58,1,0.0375,0.08,18.224,0
2024-01-14 05:30,0.85,2.36,1,0.0375,0.08,18.093,0
2024-01-14 06:00,0.7,2.14,1,0.0375,0.08,17.963,0
2024-01-14 06:30,0.6,2.12,1,0.0375,0.08,17.832,0
2024-01-14 07:00,0.5,2.11,1,1.2875,12.08,18.5,1
2024-01-14 07:30,0.5,2.15,1,0.0375,12.08,19.078,1
2024-01-14 08:00,0.5,2.19,1,0.0375,12.08,19.652,1
2024-01-14 08:30,0.85,2.38,1,0.0375,0.08,19.511,0
2024-01-14 09:00,1.2,2.56,1,0.0375,0.08,19.373,0
2024-01-14 09:30,1.75,2.92,1,1.0875,0.08,19.311,0
2024-01-14 10:00,2.3,3.28,1,0.0375,0.08,19.184,0
2024-01-14 10:30,2.85,3.25,1,0.1625,0.08,19.069,0
2024-01-14 11:00,3.4,3.22,1,0.1625,0.08,18.96,0
2024-01-14 11:30,3.7,3.12,1,0.0375,0.08,18.846,0
2024-01-14 12:00,4.0,3.03,1,0.0375,0.08,18.735,0
2024-01-14 12:30,4.15,3.53,1,0.0375,0.08,18.626,0
2024-01-14 13:00,4.3,4.03,1,0.1625,0.08,18.527,0
2024-01-14 13:30,4.3,4.11,1,0.1625,0.08,18.429,0
2024-01-14 14:00,4.3,4.19,1,1.808333,0.08,18.442,0
2024-01-14 14:30,4.1,4.15,1,1.808333,0.08,18.453,0
2024-01-14 15:00,3.9,4.11,1,0.870833,0.08,18.4,0
2024-01-14 15:30,3.3,3.82,1,1.2875,0.08,18.37,0
2024-01-14 16:00,2.7,3.53,1,0.0375,0.08,18.253,0
2024-01-14 16:30,1.85,3.61,1,0.0375,0.08,18.13,0
2024-01-14 17:00,1.0,3.69,1,0.0375,0.08,18.001,0
2024-01-14 17:30,0.8,3.93,1,0.0375,12.08,18.586,1
2024-01-14 18:00,0.6,4.17,1,0.0375,12.08,19.164,1
2024-01-14 18:30,0.4,4.25,1,0.0375,12.08,19.737,1
2024-01-14 19:00,0.2,4.33,1,0.0375,6.967747,20.0,1
2024-01-14 19:30,0.05,4.4,1,1.3375,1.143926,20.0,1
2024-01-14 20:00,-0.1,4.47,1,1.3375,1.163225,20.0,1
2024-01-14 20:30,-0.25,4.44,1,0.0375,2.643198,20.0,1
2024-01-14 21:00,-0.4,4.42,1,1.0875,1.482722,20.0,1
2024-01-14 21:30,-0.55,4.54,1,1.4125,1.136852,20.0,1
2024-01-14 22:00,-0.7,4.67,1,0.0375,2.701094,20.0,1
2024-01-14 22:30,-0.7,4.75,1,0.1625,2.560645,20.0,1
2024-01-14 23:00,-0.7,4.83,1,0.0375,0.08,19.844,0
2024-01-14 23:30,-0.85,4.71,1,0.0375,0.08,19.688,0
2024-01-15 00:00,-1.0,4.58,1,0.0375,0.08,19.532,0
2024-01-15 00:30,-1.2,4.61,1,1.2875,0.08,19.46,0
2024-01-15 01:00,-1.4,4.64,1,0.0375,0.08,19.303,0
2024-01-15 01:30,-1.45,4.89,1,0.0375,0.08,19.146,0
2024-01-15 02:00,-1.5,5.14,1,0.0375,0.08,18.991,0
2024-01-15 02:30,-1.4,5.35,1,0.0375,0.08,18.837,0
2024-01-15 03:00,-1.3,5.56,1,0.0375,0.08,18.686,0
2024-01-15 03:30,-1.15,5.6,1,0.0375,0.08,18.536,0
2024-01-15 04:00,-1.0,5.64,1,0.0375,0.08,18.389,0
2024-01-15 04:30,-1.05,5.67,1,0.0375,0.08,18.243,0
2024-01-15 05:00,-1.1,5.69,1,0.0375,0.08,18.097,0
2024-01-15 05:30,-1.2,5.64,1,0.0375,0.08,17.952,0
2024-01-15 06:00,-1.3,5.58,1,0.0375,0.08,17.807,0
2024-01-15 06:30,-1.45,5.53,1,0.0375,0.08,17.662,0
2024-01-15 07:00,-1.6,5.47,1,0.1625,12.08,18.24,1
2024-01-15 07:30,-1.7,5.44,1,1.2875,12.08,18.887,1
2024-01-15 08:00,-1.8,5.42,1,0.1625,12.08,19.453,1
2024-01-15 08:30,-1.75,5.39,0,0.0375,0.08,19.294,0
2024-01-15 09:00,-1.7,5.36,0,0.0375,0.08,19.136,0
2024-01-15 09:30,-1.25,5.49,0,0.0375,0.08,18.982,0
2024-01-15 10:00,-0.8,5.61,0,0.0375,0.08,18.833,0
2024-01-15 10:30,-0.35,5.62,0,0.0375,0.08,18.689,0
2024-01-15 11:00,0.1,5.64,0,0.0375,0.08,18.549,0
2024-01-15 11:30,0.4,5.83,0,0.0375,0.08,18.413,0
2024-01-15 12:00,0.7,6.03,0,0.0375,0.08,18.28,0
2024-01-15 12:30,0.75,6.12,0,0.0375,0.08,18.148,0
2024-01-15 13:00,0.8,6.22,0,0.0375,0.08,18.018,0
2024-01-15 13:30,0.75,6.07,0,0.0375,0.08,17.888,0
2024-01-15 14:00,0.7,5.92,0,0.0375,0.08,17.759,0
2024-01-15 14:30,0.5,5.74,0,0.0375,0.08,17.629,0
2024-01-15 15:00,0.3,5.56,0,0.0375,0.08,17.499,0
2024-01-15 15:30,-0.3,5.06,0,0.0375,0.08,17.365,0
2024-01-15 16:00,-0.9,4.56,0,0.0375,0.08,17.228,0
2024-01-15 16:30,-1.4,4.43,0,0.0375,0.08,17.088,0
2024-01-15 17:00,-1.9,4.31,0,0.0375,0.08,16.945,0
2024-01-15 17:30,-2.15,4.12,1,1.2125,12.08,17.594,1
2024-01-15 18:00,-2.4,3.94,1,2.275,12.08,18.307,1
2024-01-15 18:30,-2.5,3.83,1,2.275,12.08,19.014,1
2024-01-15 19:00,-2.6,3.72,1,0.0375,12.08,19.565,1
2024-01-15 19:30,-2.6,3.64,1,0.0375,10.207927,20.0,1
2024-01-15 20:00,-2.6,3.56,1,0.995833,1.868766,20.0,1
2024-01-15 20:30,-2.55,3.4,1,0.870833,2.002783,20.0,1
2024-01-15 21:00,-2.5,3.25,1,3.295833,0.08,20.048,0
2024-01-15 21:30,-2.5,3.1,1,0.975,1.077127,20.0,1
2024-01-15 22:00,-2.5,2.94,1,0.975,1.879309,20.0,1
2024-01-15 22:30,-2.35,2.93,1,0.1625,2.772931,20.0,1
2024-01-15 23:00,-2.2,2.92,1,0.0375,0.08,19.833,0
2024-01-15 23:30,-2.0,2.76,1,0.0375,0.08,19.668,0
2024-01-16 00:00,-1.8,2.61,1,0.0375,0.08,19.506,0
2024-01-16 00:30,-1.75,2.96,1,0.0375,0.08,19.346,0
2024-01-16 01:00,-1.7,3.31,1,0.0375,0.08,19.187,0
2024-01-16 01:30,-1.65,3.4,1,0.0375,0.08,19.03,0
2024-01-16 02:00,-1.6,3.5,1,0.0375,0.08,18.875,0
2024-01-16 02:30,-1.85,3.43,1,0.0375,0.08,18.719,0
2024-01-16 03:00,-2.1,3.36,1,0.0375,0.08,18.562,0
2024-01-16 03:30,-2.2,3.04,1,0.0375,0.08,18.406,0
2024-01-16 04:00,-2.3,2.72,1,0.0375,0.08,18.25,0
2024-01-16 04:30,-2.1,2.75,1,0.0375,0.08,18.096,0
2024-01-16 05:00,-1.9,2.78,1,0.0375,0.08,17.946,0
2024-01-16 05:30,-1.1,3.17,1,0.0375,0.08,17.803,0
2024-01-16 06:00,-0.3,3.56,1,1.2875,0.08,17.75,0
2024-01-16 06:30,0.15,3.69,1,0.0375,0.08,17.618,0
2024-01-16 07:00,0.6,3.83,1,0.0375,12.08,18.204,1
2024-01-16 07:30,0.5,3.89,1,1.1,12.08,18.856,1
2024-01-16 08:00,0.4,3.94,1,0.975,12.08,19.494,1
2024-01-16 08:30,0.7,4.17,0,0.0375,0.08,19.352,0
2024-01-16 09:00,1.0,4.39,0,0.0375,0.08,19.214,0
2024-01-16 09:30,1.45,4.51,0,0.0375,0.08,19.081,0
2024-01-16 10:00,1.9,4.64,0,0.0375,0.08,18.952,0
2024-01-16 10:30,2.35,4.92,0,0.0375,0.08,18.827,0
2024-01-16 11:00,2.8,5.19,0,0.0375,0.08,18.707,0
2024-01-16 11:30,3.1,5.07,0,0.0375,0.08,18.59,0
2024-01-16 12:00,3.4,4.94,0,0.0375,0.08,18.477,0
2024-01-16 12:30,3.2,4.78,0,0.0375,0.08,18.362,0
2024-01-16 13:00,3.0,4.61,0,0.0375,0.08,18.247,0
2024-01-16 13:30,3.0,5.03,0,0.0375,0.08,18.133,0
2024-01-16 14:00,3.0,5.44,0,0.0375,0.08,18.02,0
2024-01-16 14:30,3.1,5.81,0,0.0375,0.08,17.908,0
2024-01-16 15:00,3.2,6.17,0,0.0375,0.08,17.798,0
2024-01-16 15:30,3.35,6.43,0,0.0375,0.08,17.69,0
2024-01-16 16:00,3.5,6.69,0,0.0375,0.08,17.584,0
2024-01-16 16:30,3.35,6.51,0,0.0375,0.08,17.477,0
2024-01-16 17:00,3.2,6.33,0,0.0375,0.08,17.37,0
2024-01-16 17:30,2.9,6.46,1,2.3375,12.08,18.13,1
2024-01-16 18:00,2.6,6.58,1,0.1625,12.08,18.736,1
2024-01-16 18:30,2.6,6.82,1,0.0375,12.08,19.329,1
2024-01-16 19:00,2.6,7.06,1,0.1625,12.08,19.925,1
2024-01-16 19:30,2.65,6.82,1,1.2875,2.111733,20.0,1
2024-01-16 20:00,2.7,6.58,1,1.2125,0.943431,20.0,1
2024-01-16 20:30,2.8,6.36,1,0.0375,2.25079,20.0,1
2024-01-16 21:00,2.9,6.14,1,1.3375,0.77725,20.0,1
2024-01-16 21:30,3.1,5.9,1,1.4625,0.611069,20.0,1
2024-01-16 22:00,3.3,5.67,1,0.1625,2.046011,20.0,1
2024-01-16 22:30,3.2,5.47,1,0.0375,2.199327,20.0,1
2024-01-16 23:00,3.1,5.28,1,0.0375,0.08,19.873,0
2024-01-16 23:30,3.1,5.01,1,0.0375,0.08,19.747,0
2024-01-17 00:00,3.1,4.75,1,0.0375,0.08,19.622,0
2024-01-17 00:30,3.1,4.49,1,0.0375,0.08,19.498,0
2024-01-17 01:00,3.1,4.22,1,0.0375,0.08,19.375,0
2024-01-17 01:30,2.9,3.6,1,0.0375,0.08,19.252,0
2024-01-17 02:00,2.7,2.97,1,0.0375,0.08,19.128,0
2024-01-17 02:30,2.4,2.69,1,0.0375,0.08,19.002,0
2024-01-17 03:00,2.1,2.42,1,0.0375,0.08,18.875,0
2024-01-17 03:30,1.7,2.42,1,0.0375,0.08,18.746,0
2024-01-17 04:00,1.3,2.42,1,0.0375,0.08,18.615,0
2024-01-17 04:30,0.2,2.07,1,0.0375,0.08,18.477,0
2024-01-17 05:00,-0.9,1.72,1,0.0375,0.08,18.331,0
2024-01-17 05:30,-1.75,1.81,1,0.0375,0.08,18.18,0
2024-01-17 06:00,-2.6,1.89,1,0.0375,0.08,18.023,0
2024-01-17 06:30,-2.65,1.97,1,0.0375,0.08,17.868,0
2024-01-17 07:00,-2.7,2.06,1,1.2875,12.08,18.51,1
2024-01-17 07:30,-3.1,1.86,1,1.4125,12.08,19.153,1
2024-01-17 08:00,-3.5,1.67,1,2.225,12.08,19.842,1
2024-01-17 08:30,-3.3,1.65,0,0.975,0.08,19.73,0
2024-01-17 09:00,-3.1,1.64,0,0.0375,0.08,19.558,0
2024-01-17 09:30,-2.4,1.86,0,0.0375,0.08,19.392,0
2024-01-17 10:00,-1.7,2.08,0,0.0375,0.08,19.234,0
2024-01-17 10:30,-1.15,2.04,0,0.0375,0.08,19.08,0
2024-01-17 11:00,-0.6,2.0,0,0.0375,0.08,18.932,0
2024-01-17 11:30,-0.15,2.03,0,0.0375,0.08,18.788,0
2024-01-17 12:00,0.3,2.06,0,0.0375,0.08,18.649,0
2024-01-17 12:30,0.2,2.32,0,0.0375,0.08,18.511,0
2024-01-17 13:00,0.1,2.58,0,0.0375,0.08,18.372,0
2024-01-17 13:30,0.2,2.76,0,0.0375,0.08,18.236,0
2024-01-17 14:00,0.3,2.94,0,0.0375,0.08,18.101,0
2024-01-17 14:30,0.05,2.68,0,0.0375,0.08,17.965,0
2024-01-17 15:00,-0.2,2.42,0,0.0375,0.08,17.829,0
2024-01-17 15:30,-1.35,2.17,0,0.0375,0.08,17.684,0
2024-01-17 16:00,-2.5,1.92,0,0.0375,0.08,17.532,0
2024-01-17 16:30,-2.9,2.25,0,0.0375,0.08,17.378,0
2024-01-17 17:00,-3.3,2.58,0,0.0375,0.08,17.223,0
2024-01-17 17:30,-3.5,2.74,1,0.0375,12.08,17.781,1
2024-01-17 18:00,-3.7,2.89,1,0.1625,12.08,18.341,1
2024-01-17 18:30,-3.8,2.92,1,0.0375,12.08,18.888,1
2024-01-17 19:00,-3.9,2.94,1,0.870833,12.08,19.486,1
2024-01-17 19:30,-3.95,2.86,1,0.870833,10.764932,20.0,1
2024-01-17 20:00,-4.0,2.78,1,2.170833,0.728663,20.0,1
2024-01-17 20:30,-4.0,2.82,1,1.4625,1.524544,20.0,1
2024-01-17 21:00,-4.0,2.86,1,0.1625,2.985218,20.0,1
2024-01-17 21:30,-4.0,2.9,1,0.1625,2.985218,20.0,1
2024-01-17 22:00,-4.0,2.94,1,1.0875,1.945892,20.0,1
2024-01-17 22:30,-3.95,3.06,1,1.2125,1.79901,20.0,1
2024-01-17 23:00,-3.9,3.17,1,0.0375,0.08,19.82,0
2024-01-17 23:30,-3.85,3.14,1,0.0375,0.08,19.641,0
2024-01-18 00:00,-3.8,3.11,1,1.2875,0.08,19.548,0
2024-01-18 00:30,-3.7,3.36,1,0.0375,0.08,19.372,0
2024-01-18 01:00,-3.6,3.61,1,0.0375,0.08,19.199,0
2024-01-18 01:30,-3.5,3.56,1,0.0375,0.08,19.028,0
2024-01-18 02:00,-3.4,3.5,1,1.2875,0.08,18.942,0
2024-01-18 02:30,-3.5,3.62,1,0.0375,0.08,18.773,0
2024-01-18 03:00,-3.6,3.75,1,0.0375,0.08,18.604,0
2024-01-18 03:30,-3.65,3.74,1,0.0375,0.08,18.436,0
2024-01-18 04:00,-3.7,3.72,1,0.0375,0.08,18.269,0
2024-01-18 04:30,-3.65,3.81,1,0.0375,0.08,18.104,0
2024-01-18 05:00,-3.6,3.89,1,0.0375,0.08,17.94,0
2024-01-18 05:30,-3.65,3.78,1,0.0375,0.08,17.778,0
2024-01-18 06:00,-3.7,3.67,1,1.2875,0.08,17.699,0
2024-01-18 06:30,-3.6,3.76,1,0.0375,0.08,17.539,0
2024-01-18 07:00,-3.5,3.86,1,0.1625,12.08,18.102,1
2024-01-18 07:30,-3.45,3.85,1,0.1625,12.08,18.662,1
2024-01-18 08:00,-3.4,3.83,1,0.0375,12.08,19.21,1
2024-01-18 08:30,-3.0,3.97,0,0.0375,0.08,19.042,0
2024-01-18 09:00,-2.6,4.11,0,0.0375,0.08,18.879,0
2024-01-18 09:30,-1.6,4.22,0,0.0375,0.08,18.725,0
2024-01-18 10:00,-0.6,4.33,0,0.0375,0.08,18.58,0
2024-01-18 10:30,0.3,3.94,0,0.0375,0.08,18.442,0
2024-01-18 11:00,1.2,3.56,0,0.0375,0.08,18.313,0
2024-01-18 11:30,1.6,3.49,0,0.0375,0.08,18.187,0
2024-01-18 12:00,2.0,3.42,0,0.0375,0.08,18.066,0
2024-01-18 12:30,1.9,3.82,0,0.0375,0.08,17.945,0
2024-01-18 13:00,1.8,4.22,0,0.0375,0.08,17.824,0
2024-01-18 13:30,1.75,4.5,0,0.0375,0.08,17.703,0
2024-01-18 14:00,1.7,4.78,0,0.0375,0.08,17.583,0
2024-01-18 14:30,1.3,4.9,0,0.0375,0.08,17.461,0
2024-01-18 15:00,0.9,5.03,0,0.0375,0.08,17.337,0
2024-01-18 15:30,0.1,4.96,0,0.0375,0.08,17.207,0
2024-01-18 16:00,-0.7,4.89,0,0.0375,0.08,17.073,0
2024-01-18 16:30,-1.1,5.13,0,0.0375,0.08,16.936,0
2024-01-18 17:00,-1.5,5.36,0,0.0375,0.08,16.797,0
2024-01-18 17:30,-1.45,4.89,1,1.2125,12.08,17.453,1
2024-01-18 18:00,-1.4,4.42,1,0.0375,12.08,18.025,1
2024-01-18 18:30,-1.1,4.86,1,0.975,12.08,18.658,1
2024-01-18 19:00,-0.8,5.31,1,0.975,12.08,19.288,1
2024-01-18 19:30,-0.5,5.61,1,1.2125,12.08,19.931,1
2024-01-18 20:00,-0.2,5.92,1,0.0375,3.784478,20.0,1
2024-01-18 20:30,-0.25,5.85,1,0.0375,2.643198,20.0,1
2024-01-18 21:00,-0.3,5.78,1,1.120833,1.432403,20.0,1
2024-01-18 21:30,-0.35,5.76,1,0.870833,1.719734,20.0,1
2024-01-18 22:00,-0.4,5.75,1,2.170833,0.265493,20.0,1
2024-01-18 22:30,-0.6,5.51,1,1.3375,1.227554,20.0,1
2024-01-18 23:00,-0.8,5.28,1,0.0375,0.08,19.843,0
2024-01-18 23:30,-0.85,5.25,1,0.0375,0.08,19.687,0
2024-01-19 00:00,-0.9,5.22,1,0.0375,0.08,19.532,0
2024-01-19 00:30,-0.5,5.39,1,0.0375,0.08,19.382,0
2024-01-19 01:00,-0.1,5.56,1,0.0375,0.08,19.235,0
2024-01-19 01:30,0.0,5.67,1,0.0375,0.08,19.09,0
2024-01-19 02:00,0.1,5.78,1,0.0375,0.08,18.947,0
2024-01-19 02:30,0.15,5.68,1,0.0375,0.08,18.806,0
2024-01-19 03:00,0.2,5.58,1,0.0375,0.08,18.666,0
2024-01-19 03:30,0.15,5.29,1,0.0375,0.08,18.527,0
2024-01-19 04:00,0.1,5.0,1,0.0375,0.08,18.388,0
2024-01-19 04:30,-0.05,4.65,1,1.2875,0.08,18.333,0
2024-01-19 05:00,-0.2,4.31,1,0.0375,0.08,18.194,0
2024-01-19 05:30,0.15,5.07,1,0.0375,0.08,18.058,0
2024-01-19 06:00,0.5,5.83,1,0.0375,0.08,17.926,0
2024-01-19 06:30,0.8,6.39,1,0.0375,0.08,17.798,0
2024-01-19 07:00,1.1,6.94,1,0.0375,12.08,18.386,1
2024-01-19 07:30,1.05,6.71,1,0.1625,12.08,18.979,1
2024-01-19 08:00,1.0,6.47,1,0.0375,12.08,19.557,1
2024-01-19 08:30,1.15,6.38,0,0.0375,0.08,19.419,0
2024-01-19 09:00,1.3,6.28,0,0.0375,0.08,19.283,0
2024-01-19 09:30,1.8,6.14,0,0.0375,0.08,19.151,0
2024-01-19 10:00,2.3,6.0,0,0.0375,0.08,19.025,0
2024-01-19 10:30,2.9,5.94,0,0.0375,0.08,18.904,0
2024-01-19 11:00,3.5,5.89,0,0.0375,0.08,18.789,0
2024-01-19 11:30,3.75,5.29,0,0.0375,0.08,18.676,0
2024-01-19 12:00,4.0,4.69,0,0.0375,0.08,18.566,0
2024-01-19 12:30,4.2,5.1,0,0.0375,0.08,18.459,0
2024-01-19 13:00,4.4,5.5,0,0.0375,0.08,18.354,0
2024-01-19 13:30,4.35,5.96,0,0.0375,0.08,18.249,0
2024-01-19 14:00,4.3,6.42,0,0.0375,0.08,18.145,0
2024-01-19 14:30,4.1,5.92,0,0.0375,0.08,18.04,0
2024-01-19 15:00,3.9,5.42,0,0.0375,0.08,17.934,0
2024-01-19 15:30,3.2,4.51,0,0.0375,0.08,17.824,0
2024-01-19 16:00,2.5,3.61,0,0.0375,0.08,17.709,0
2024-01-19 16:30,1.85,3.4,0,0.0375,0.08,17.59,0
2024-01-19 17:00,1.2,3.19,0,0.0375,0.08,17.467,0
2024-01-19 17:30,1.25,3.49,1,0.0375,12.08,18.059,1
2024-01-19 18:00,1.3,3.78,1,2.295833,12.08,18.798,1
2024-01-19 18:30,1.65,3.93,1,2.170833,12.08,19.526,1
2024-01-19 19:00,2.0,4.08,1,4.420833,5.330902,20.0,1
2024-01-19 19:30,2.1,4.12,1,0.0375,2.340851,20.0,1
2024-01-19 20:00,2.2,4.17,1,1.2125,1.00776,20.0,1
2024-01-19 20:30,2.25,4.19,1,0.975,1.268181,20.0,1
2024-01-19 21:00,2.3,4.22,1,0.975,1.261748,20.0,1
2024-01-19 21:30,2.45,4.24,1,0.1625,2.155371,20.0,1
2024-01-19 22:00,2.6,4.25,1,0.1625,2.136072,20.0,1
2024-01-19 22:30,2.75,4.19,1,0.1625,2.116773,20.0,1
2024-01-19 23:00,2.9,4.14,1,0.0375,0.08,19.872,0
2024-01-19 23:30,2.95,3.86,1,0.0375,0.08,19.745,0
2024-01-20 00:00,3.0,3.58,1,0.0375,0.08,19.619,0
2024-01-20 00:30,3.2,4.06,1,0.0375,0.08,19.496,0
2024-01-20 01:00,3.4,4.53,1,0.0375,0.08,19.375,0
2024-01-20 01:30,3.75,5.25,1,1.2875,0.08,19.342,0
2024-01-20 02:00,4.1,5.97,1,0.0375,0.08,19.227,0
2024-01-20 02:30,4.1,6.78,1,0.0375,0.08,19.114,0
2024-01-20 03:00,4.1,7.58,1,0.0375,0.08,19.002,0
2024-01-20 03:30,4.05,7.51,1,0.0375,0.08,18.89,0
2024-01-20 04:00,4.0,7.44,1,0.0375,0.08,18.778,0
2024-01-20 04:30,4.1,7.4,1,0.0375,0.08,18.668,0
2024-01-20 05:00,4.2,7.36,1,0.0375,0.08,18.56,0
2024-01-20 05:30,4.4,7.69,1,0.0375,0.08,18.454,0
2024-01-20 06:00,4.6,8.03,1,0.0375,0.08,18.351,0
2024-01-20 06:30,4.6,8.32,1,0.0375,0.08,18.248,0
2024-01-20 07:00,4.6,8.61,1,0.0375,12.08,18.86,1
2024-01-20 07:30,4.65,8.9,1,0.0375,12.08,19.468,1
2024-01-20 08:00,4.7,9.19,1,0.0375,10.88592,20.0,1
2024-01-20 08:30,4.8,9.19,1,0.1625,0.08,19.895,0
2024-01-20 09:00,4.9,9.19,1,0.0375,0.08,19.782,0
2024-01-20 09:30,4.75,9.01,1,0.0375,0.08,19.67,0
2024-01-20 10:00,4.6,8.83,1,0.0375,0.08,19.557,0
2024-01-20 10:30,4.65,8.72,1,0.0375,0.08,19.445,0
2024-01-20 11:00,4.7,8.61,1,0.0375,0.08,19.335,0
2024-01-20 11:30,4.7,8.15,1,0.0375,0.08,19.225,0
2024-01-20 12:00,4.7,7.69,1,1.2125,0.08,19.195,0
2024-01-20 12:30,5.5,8.64,1,0.0375,0.08,19.093,0
2024-01-20 13:00,6.3,9.58,1,1.3375,0.08,19.084,0
2024-01-20 13:30,6.2,9.0,1,1.3375,0.08,19.075,0
2024-01-20 14:00,6.1,8.42,1,0.0375,0.08,18.978,0
2024-01-20 14:30,5.75,8.24,1,0.0375,0.08,18.88,0
2024-01-20 15:00,5.4,8.06,1,1.0875,0.08,18.849,0
2024-01-20 15:30,5.3,7.94,1,0.0375,0.08,18.748,0
2024-01-20 16:00,5.2,7.83,1,0.0375,0.08,18.647,0
2024-01-20 16:30,5.15,7.78,1,0.1625,0.08,18.554,0
2024-01-20 17:00,5.1,7.72,1,0.0375,0.08,18.454,0
2024-01-20 17:30,5.1,7.74,1,0.1625,12.08,19.076,1
2024-01-20 18:00,5.1,7.75,1,0.0375,12.08,19.686,1
2024-01-20 18:30,5.0,8.0,1,0.2875,6.92667,20.0,1
2024-01-20 19:00,4.9,8.25,1,0.0375,1.980607,20.0,1
2024-01-20 19:30,4.8,8.28,1,0.975,0.940102,20.0,1
2024-01-20 20:00,4.7,8.31,1,0.975,0.952968,20.0,1
2024-01-20 20:30,4.6,8.15,1,1.2875,0.61471,20.0,1
2024-01-20 21:00,4.5,8.0,1,1.2875,0.627576,20.0,1
2024-01-20 21:30,4.6,8.1,1,0.0375,2.019205,20.0,1
2024-01-20 22:00,4.7,8.19,1,0.0375,2.006339,20.0,1
2024-01-20 22:30,4.65,8.71,1,0.0375,2.012772,20.0,1
2024-01-20 23:00,4.6,9.22,1,0.0375,0.08,19.885,0
2024-01-20 23:30,4.55,9.44,1,0.0375,0.08,19.77,0
2024-01-21 00:00,4.5,9.67,1,0.0375,0.08,19.655,0
2024-01-21 00:30,4.55,9.97,1,0.0375,0.08,19.542,0
2024-01-21 01:00,4.6,10.28,1,0.0375,0.08,19.43,0
2024-01-21 01:30,4.95,10.07,1,0.0375,0.08,19.322,0
2024-01-21 02:00,5.3,9.86,1,0.0375,0.08,19.217,0
2024-01-21 02:30,5.6,10.08,1,0.0375,0.08,19.116,0
2024-01-21 03:00,5.9,10.31,1,0.0375,0.08,19.017,0
2024-01-21 03:30,6.05,10.21,1,0.0375,0.08,18.92,0
2024-01-21 04:00,6.2,10.11,1,0.0375,0.08,18.825,0
2024-01-21 04:30,6.6,9.46,1,1.2875,0.08,18.818,0
2024-01-21 05:00,7.0,8.81,1,0.0375,0.08,18.73,0
2024-01-21 05:30,7.25,8.32,1,0.0375,0.08,18.644,0
2024-01-21 06:00,7.5,7.83,1,0.0375,0.08,18.562,0
2024-01-21 06:30,7.95,8.0,1,0.0375,0.08,18.483,0
2024-01-21 07:00,8.4,8.17,1,0.0375,12.08,19.122,1
2024-01-21 07:30,8.4,8.17,1,0.0375,12.08,19.757,1
2024-01-21 08:00,8.4,8.17,1,0.0375,5.591212,20.0,1
2024-01-21 08:30,8.55,8.31,1,1.2125,0.08,19.993,0
2024-01-21 09:00,8.7,8.44,1,1.808333,0.08,20.028,0
2024-01-21 09:30,8.95,8.26,1,1.808333,0.08,20.064,0
2024-01-21 10:00,9.2,8.08,1,0.995833,0.08,20.047,0
2024-01-21 10:30,9.25,8.18,1,0.0375,0.08,19.967,0
2024-01-21 11:00,9.3,8.28,1,0.0375,0.08,19.888,0
2024-01-21 11:30,9.85,9.74,1,0.975,0.08,19.876,0
2024-01-21 12:00,10.4,11.19,1,0.975,0.08,19.869,0
2024-01-21 12:30,10.85,11.5,1,1.0875,0.08,19.873,0
2024-01-21 13:00,11.3,11.81,1,0.0375,0.08,19.81,0
2024-01-21 13:30,11.65,12.39,1,0.0375,0.08,19.75,0
2024-01-21 14:00,12.0,12.97,1,0.0375,0.08,19.693,0
2024-01-21 14:30,11.85,12.74,1,0.0375,0.08,19.635,0
2024-01-21 15:00,11.7,12.5,1,0.0375,0.08,19.577,0
2024-01-21 15:30,11.45,12.44,1,0.0375,0.08,19.517,0
2024-01-21 16:00,11.2,12.39,1,0.1625,0.08,19.465,0
2024-01-21 16:30,10.8,12.44,1,0.0375,0.08,19.401,0
2024-01-21 17:00,10.4,12.5,1,0.1625,0.08,19.343,0
2024-01-21 17:30,10.45,13.29,1,0.0375,12.08,19.991,1
2024-01-21 18:00,10.5,14.08,1,2.6625,0.08,20.096,0
2024-01-21 18:30,10.8,14.42,1,0.0375,0.08,20.028,0
2024-01-21 19:00,11.1,14.75,1,0.0375,0.719819,20.0,1
2024-01-21 19:30,11.45,14.22,1,0.0375,1.137895,20.0,1
2024-01-21 20:00,11.8,13.69,1,0.0375,1.092864,20.0,1
2024-01-21 20:30,12.05,13.17,1,0.0375,1.0607,20.0,1
2024-01-21 21:00,12.3,12.64,1,0.0375,1.028535,20.0,1
2024-01-21 21:30,12.35,12.24,1,0.1625,0.881653,20.0,1
2024-01-21 22:00,12.4,11.83,1,1.3375,0.08,20.031,0
2024-01-21 22:30,12.7,12.24,1,1.3375,0.08,20.065,0
2024-01-21 23:00,13.0,12.64,1,0.0375,0.08,20.013,0
2024-01-21 23:30,12.5,11.64,1,0.0375,0.08,19.958,0
2024-01-22 00:00,12.0,10.64,1,0.0375,0.08,19.9,0
2024-01-22 00:30,11.95,10.85,1,0.0375,0.08,19.841,0
2024-01-22 01:00,11.9,11.06,1,0.0375,0.08,19.783,0
2024-01-22 01:30,11.35,11.03,1,0.0375,0.08,19.721,0
2024-01-22 02:00,10.8,11.0,1,0.0375,0.08,19.655,0
2024-01-22 02:30,9.75,10.76,1,0.0375,0.08,19.582,0
2024-01-22 03:00,8.7,10.53,1,1.2875,0.08,19.585,0
2024-01-22 03:30,8.5,10.62,1,0.0375,0.08,19.502,0
2024-01-22 04:00,8.3,10.72,1,0.0375,0.08,19.419,0
2024-01-22 04:30,8.15,10.61,1,0.0375,0.08,19.335,0
2024-01-22 05:00,8.0,10.5,1,1.2875,0.08,19.335,0
2024-01-22 05:30,7.6,10.74,1,0.0375,0.08,19.247,0
2024-01-22 06:00,7.2,10.97,1,0.0375,0.08,19.158,0
2024-01-22 06:30,7.05,10.49,1,0.0375,0.08,19.067,0
2024-01-22 07:00,6.9,10.0,1,0.1625,12.08,19.699,1
2024-01-22 07:30,6.8,10.12,1,0.0375,6.756626,20.0,1
2024-01-22 08:00,6.7,10.25,1,1.2125,0.428797,20.0,1
2024-01-22 08:30,6.8,9.58,0,0.0375,0.08,19.901,0
2024-01-22 09:00,6.9,8.92,0,0.0375,0.08,19.804,0
2024-01-22 09:30,7.15,8.38,0,0.0375,0.08,19.71,0
2024-01-22 10:00,7.4,7.83,0,0.0375,0.08,19.618,0
2024-01-22 10:30,7.75,7.99,0,0.0375,0.08,19.53,0
2024-01-22 11:00,8.1,8.14,0,0.0375,0.08,19.445,0
2024-01-22 11:30,8.25,8.71,0,0.0375,0.08,19.362,0
2024-01-22 12:00,8.4,9.28,0,0.0375,0.08,19.28,0
2024-01-22 12:30,8.2,9.46,0,0.0375,0.08,19.198,0
2024-01-22 13:00,8.0,9.64,0,0.0375,0.08,19.115,0
2024-01-22 13:30,7.9,9.74,0,0.0375,0.08,19.032,0
2024-01-22 14:00,7.8,9.83,0,0.0375,0.08,18.948,0
2024-01-22 14:30,7.7,10.25,0,0.0375,0.08,18.865,0
2024-01-22 15:00,7.6,10.67,0,0.0375,0.08,18.781,0
2024-01-22 15:30,7.4,10.36,0,0.0375,0.08,18.696,0
2024-01-22 16:00,7.2,10.06,0,0.0375,0.08,18.611,0
2024-01-22 16:30,6.8,10.11,0,0.0375,0.08,18.523,0
2024-01-22 17:00,6.4,10.17,0,0.0375,0.08,18.433,0
2024-01-22 17:30,6.5,10.11,1,0.1625,12.08,19.066,1
2024-01-22 18:00,6.6,10.06,1,0.975,12.08,19.75,1
2024-01-22 18:30,6.35,9.93,1,3.525,2.050419,20.0,1
2024-01-22 19:00,6.1,9.81,1,1.3375,0.365543,20.0,1
2024-01-22 19:30,6.2,10.03,1,0.1625,1.672902,20.0,1
2024-01-22 20:00,6.3,10.25,1,0.0375,1.800486,20.0,1
2024-01-22 20:30,6.1,10.18,1,0.0375,1.826217,20.0,1
2024-01-22 21:00,5.9,10.11,1,0.0375,1.851949,20.0,1
2024-01-22 21:30,6.05,9.9,1,1.920833,0.08,20.022,0
2024-01-22 22:00,6.2,9.69,1,0.995833,0.375899,20.0,1
2024-01-22 22:30,6.45,9.9,1,0.995833,0.704408,20.0,1
2024-01-22 23:00,6.7,10.11,1,0.0375,0.08,19.901,0
2024-01-22 23:30,6.6,9.81,1,0.0375,0.08,19.801,0
2024-01-23 00:00,6.5,9.5,1,0.0375,0.08,19.702,0
2024-01-23 00:30,6.4,8.96,1,1.2875,0.08,19.686,0
2024-01-23 01:00,6.3,8.42,1,0.0375,0.08,19.586,0
2024-01-23 01:30,6.35,7.83,1,1.2875,0.08,19.571,0
2024-01-23 02:00,6.4,7.25,1,0.0375,0.08,19.473,0
2024-01-23 02:30,6.05,7.24,1,0.0375,0.08,19.373,0
2024-01-23 03:00,5.7,7.22,1,0.0375,0.08,19.27,0
2024-01-23 03:30,5.7,6.76,1,0.0375,0.08,19.169,0
2024-01-23 04:00,5.7,6.31,1,0.0375,0.08,19.069,0
2024-01-23 04:30,5.25,5.56,1,0.0375,0.08,18.965,0
2024-01-23 05:00,4.8,4.81,1,0.0375,0.08,18.859,0
2024-01-23 05:30,4.55,4.6,1,0.0375,0.08,18.752,0
2024-01-23 06:00,4.3,4.39,1,0.0375,0.08,18.644,0
2024-01-23 06:30,4.7,4.51,1,0.0375,0.08,18.54,0
2024-01-23 07:00,5.1,4.64,1,0.1625,12.08,19.162,1
2024-01-23 07:30,5.3,4.78,1,2.225,12.08,19.918,1
2024-01-23 08:00,5.5,4.92,1,0.975,2.211148,20.0,1
2024-01-23 08:30,5.5,5.46,0,0.0375,0.08,19.892,0
2024-01-23 09:00,5.5,6.0,0,0.0375,0.08,19.784,0
2024-01-23 09:30,5.55,6.54,0,0.0375,0.08,19.677,0
2024-01-23 10:00,5.6,7.08,0,0.0375,0.08,19.572,0
2024-01-23 10:30,6.15,7.92,0,0.0375,0.08,19.472,0
2024-01-23 11:00,6.7,8.75,0,0.0375,0.08,19.377,0
2024-01-23 11:30,7.3,9.12,0,0.0375,0.08,19.287,0
2024-01-23 12:00,7.9,9.5,0,0.0375,0.08,19.202,0
2024-01-23 12:30,8.65,9.01,0,0.0375,0.08,19.124,0
2024-01-23 13:00,9.4,8.53,0,0.0375,0.08,19.052,0
2024-01-23 13:30,10.35,8.81,0,0.0375,0.08,18.988,0
2024-01-23 14:00,11.3,9.08,0,0.0375,0.08,18.932,0
2024-01-23 14:30,11.95,9.14,0,0.0375,0.08,18.881,0
2024-01-23 15:00,12.6,9.19,0,0.0375,0.08,18.835,0
2024-01-23 15:30,12.85,10.01,0,0.0375,0.08,18.792,0
2024-01-23 16:00,13.1,10.83,0,0.0375,0.08,18.751,0
2024-01-23 16:30,13.3,11.14,0,0.0375,0.08,18.711,0
2024-01-23 17:00,13.5,11.44,0,0.0375,0.08,18.674,0
2024-01-23 17:30,13.7,11.79,1,0.1625,12.08,19.361,1
2024-01-23 18:00,13.9,12.14,1,0.0375,11.485595,20.0,1
2024-01-23 18:30,13.95,12.07,1,0.1625,0.675799,20.0,1
2024-01-23 19:00,14.0,12.0,1,0.995833,0.08,20.021,0
2024-01-23 19:30,13.75,11.96,1,0.995833,0.08,20.039,0
2024-01-23 20:00,13.5,11.92,1,0.870833,0.08,20.047,0
2024-01-23 20:30,13.15,10.68,1,0.1625,0.08,20.005,0
2024-01-23 21:00,12.8,9.44,1,1.0875,0.08,20.023,0
2024-01-23 21:30,12.4,9.42,1,0.0375,0.63233,20.0,1
2024-01-23 22:00,12.0,9.39,1,1.0875,0.08,20.011,0
2024-01-23 22:30,11.5,9.71,1,0.0375,0.940293,20.0,1
2024-01-23 23:00,11.0,10.03,1,0.0375,0.08,19.934,0
2024-01-23 23:30,10.85,9.22,1,0.0375,0.08,19.867,0
2024-01-24 00:00,10.7,8.42,1,0.0375,0.08,19.799,0
2024-01-24 00:30,10.3,8.26,1,0.0375,0.08,19.729,0
2024-01-24 01:00,9.9,8.11,1,0.0375,0.08,19.656,0
2024-01-24 01:30,9.85,9.38,1,0.0375,0.08,19.583,0
2024-01-24 02:00,9.8,10.64,1,0.0375,0.08,19.511,0
2024-01-24 02:30,9.6,9.58,1,0.0375,0.08,19.438,0
2024-01-24 03:00,9.4,8.53,1,0.0375,0.08,19.363,0
2024-01-24 03:30,9.3,9.85,1,0.0375,0.08,19.289,0
2024-01-24 04:00,9.2,11.17,1,1.2875,0.08,19.298,0
2024-01-24 04:30,9.1,11.57,1,0.0375,0.08,19.222,0
2024-01-24 05:00,9.0,11.97,1,0.0375,0.08,19.146,0
2024-01-24 05:30,9.0,12.37,1,0.0375,0.08,19.071,0
2024-01-24 06:00,9.0,12.78,1,0.0375,0.08,18.997,0
2024-01-24 06:30,8.75,12.62,1,0.0375,0.08,18.921,0
2024-01-24 07:00,8.5,12.47,1,1.2125,12.08,19.636,1
2024-01-24 07:30,8.55,12.43,1,0.1625,7.442478,20.0,1
2024-01-24 08:00,8.6,12.39,1,1.225,0.170301,20.0,1
2024-01-24 08:30,8.45,12.26,0,0.975,0.08,19.977,0
2024-01-24 09:00,8.3,12.14,0,0.0375,0.08,19.89,0
2024-01-24 09:30,8.55,12.29,0,0.0375,0.08,19.806,0
2024-01-24 10:00,8.8,12.44,0,0.0375,0.08,19.724,0
2024-01-24 10:30,9.05,12.47,0,0.0375,0.08,19.645,0
2024-01-24 11:00,9.3,12.5,0,0.0375,0.08,19.568,0
2024-01-24 11:30,9.45,12.81,0,0.0375,0.08,19.493,0
2024-01-24 12:00,9.6,13.11,0,0.0375,0.08,19.42,0
2024-01-24 12:30,9.4,12.65,0,0.0375,0.08,19.346,0
2024-01-24 13:00,9.2,12.19,0,0.0375,0.08,19.271,0
2024-01-24 13:30,9.2,12.28,0,0.0375,0.08,19.196,0
2024-01-24 14:00,9.2,12.36,0,0.0375,0.08,19.122,0
2024-01-24 14:30,8.95,11.69,0,0.0375,0.08,19.047,0
2024-01-24 15:00,8.7,11.03,0,0.0375,0.08,18.97,0
2024-01-24 15:30,8.4,10.67,0,0.0375,0.08,18.892,0
2024-01-24 16:00,8.1,10.31,0,0.0375,0.08,18.811,0
2024-01-24 16:30,7.75,9.71,0,0.0375,0.08,18.729,0
2024-01-24 17:00,7.4,9.11,0,0.0375,0.08,18.645,0
2024-01-24 17:30,7.2,8.46,1,0.0375,12.08,19.274,1
2024-01-24 18:00,7.0,7.81,1,0.0375,12.08,19.896,1
2024-01-24 18:30,6.85,7.11,1,1.0875,2.279384,20.0,1
2024-01-24 19:00,6.7,6.42,1,0.0375,1.749022,20.0,1
2024-01-24 19:30,6.45,5.22,1,0.0375,1.781187,20.0,1
2024-01-24 20:00,6.2,4.03,1,0.0375,1.813351,20.0,1
2024-01-24 20:30,5.75,3.22,1,0.0375,1.871248,20.0,1
2024-01-24 21:00,5.3,2.42,1,0.1625,1.788694,20.0,1
2024-01-24 21:30,5.2,2.78,1,0.1625,1.80156,20.0,1
2024-01-24 22:00,5.1,3.14,1,0.0375,1.954876,20.0,1
2024-01-24 22:30,5.2,3.17,1,0.975,0.888639,20.0,1
2024-01-24 23:00,5.3,3.19,1,2.225,0.08,20.036,0
2024-01-24 23:30,5.15,3.25,1,1.2875,0.08,20.008,0
2024-01-25 00:00,5.0,3.31,1,0.0375,0.08,19.896,0
2024-01-25 00:30,5.0,3.24,1,0.0375,0.08,19.784,0
2024-01-25 01:00,5.0,3.17,1,0.0375,0.08,19.674,0
2024-01-25 01:30,5.0,2.62,1,0.0375,0.08,19.564,0
2024-01-25 02:00,5.0,2.08,1,0.0375,0.08,19.455,0
2024-01-25 02:30,4.85,1.79,1,0.0375,0.08,19.346,0
2024-01-25 03:00,4.7,1.5,1,0.0375,0.08,19.236,0
2024-01-25 03:30,4.9,2.15,1,0.0375,0.08,19.129,0
2024-01-25 04:00,5.1,2.81,1,0.0375,0.08,19.024,0
2024-01-25 04:30,5.25,3.11,1,0.0375,0.08,18.921,0
2024-01-25 05:00,5.4,3.42,1,0.0375,0.08,18.82,0
2024-01-25 05:30,5.45,3.76,1,0.0375,0.08,18.72,0
2024-01-25 06:00,5.5,4.11,1,2.5375,0.08,18.789,0
2024-01-25 06:30,5.55,4.4,1,0.0375,0.08,18.69,0
2024-01-25 07:00,5.6,4.69,1,1.3375,12.08,19.393,1
2024-01-25 07:30,5.65,4.51,1,1.3375,10.54783,20.0,1
2024-01-25 08:00,5.7,4.33,1,1.0875,0.697905,20.0,1
2024-01-25 08:30,5.95,4.39,0,0.0375,0.08,19.895,0
2024-01-25 09:00,6.2,4.44,0,0.0375,0.08,19.793,0
2024-01-25 09:30,6.8,4.46,0,0.0375,0.08,19.696,0
2024-01-25 10:00,7.4,4.47,0,0.0375,0.08,19.604,0
2024-01-25 10:30,8.5,4.39,0,0.0375,0.08,19.522,0
2024-01-25 11:00,9.6,4.31,0,0.0375,0.08,19.448,0
2024-01-25 11:30,10.25,4.78,0,0.0375,0.08,19.38,0
2024-01-25 12:00,10.9,5.25,0,0.0375,0.08,19.318,0
2024-01-25 12:30,11.05,5.58,0,0.0375,0.08,19.257,0
2024-01-25 13:00,11.2,5.92,0,0.0375,0.08,19.198,0
2024-01-25 13:30,11.25,6.1,0,0.0375,0.08,19.14,0
2024-01-25 14:00,11.3,6.28,0,0.0375,0.08,19.082,0
2024-01-25 14:30,11.4,6.04,0,0.0375,0.08,19.026,0
2024-01-25 15:00,11.5,5.81,0,0.0375,0.08,18.971,0
2024-01-25 15:30,11.5,5.82,0,0.0375,0.08,18.916,0
2024-01-25 16:00,11.5,5.83,0,0.0375,0.08,18.862,0
2024-01-25 16:30,11.5,6.31,0,0.0375,0.08,18.808,0
2024-01-25 17:00,11.5,6.78,0,0.0375,0.08,18.755,0
2024-01-25 17:30,11.55,7.12,1,0.0375,12.08,19.416,1
2024-01-25 18:00,11.6,7.47,1,0.2875,10.582568,20.0,1
2024-01-25 18:30,11.6,7.24,1,0.975,0.08,20.001,0
2024-01-25 19:00,11.6,7.0,1,0.975,0.08,20.002,0
2024-01-25 19:30,11.75,7.01,1,0.0375,1.070086,20.0,1
2024-01-25 20:00,11.9,7.03,1,0.1625,0.939549,20.0,1
2024-01-25 20:30,12.05,7.17,1,1.2875,0.08,20.025,0
2024-01-25 21:00,12.2,7.31,1,1.120833,0.08,20.04,0
2024-01-25 21:30,12.25,7.1,1,1.808333,0.08,20.101,0
2024-01-25 22:00,12.3,6.89,1,1.808333,0.08,20.163,0
2024-01-25 22:30,12.35,7.46,1,1.2125,0.08,20.184,0
2024-01-25 23:00,12.4,8.03,1,0.0375,0.08,20.127,0
2024-01-25 23:30,12.55,8.31,1,0.0375,0.08,20.071,0
2024-01-26 00:00,12.7,8.58,1,0.0375,0.08,20.017,0
2024-01-26 00:30,12.65,8.65,1,0.0375,0.08,19.964,0
2024-01-26 01:00,12.6,8.72,1,0.0375,0.08,19.91,0
2024-01-26 01:30,12.7,9.07,1,0.0375,0.08,19.857,0
2024-01-26 02:00,12.8,9.42,1,0.0375,0.08,19.806,0
2024-01-26 02:30,12.45,9.49,1,0.0375,0.08,19.752,0
2024-01-26 03:00,12.1,9.56,1,0.0375,0.08,19.696,0
2024-01-26 03:30,10.9,10.53,1,0.0375,0.08,19.631,0
2024-01-26 04:00,9.7,11.5,1,0.0375,0.08,19.557,0
2024-01-26 04:30,8.5,10.97,1,0.0375,0.08,19.475,0
2024-01-26 05:00,7.3,10.44,1,0.0375,0.08,19.385,0
2024-01-26 05:30,6.95,10.32,1,0.0375,0.08,19.292,0
2024-01-26 06:00,6.6,10.19,1,0.0375,0.08,19.197,0
2024-01-26 06:30,6.1,9.56,1,0.0375,0.08,19.099,0
2024-01-26 07:00,5.6,8.92,1,2.3375,12.08,19.866,1
2024-01-26 07:30,5.4,9.01,1,0.1625,4.006084,20.0,1
2024-01-26 08:00,5.2,9.11,1,0.1625,1.80156,20.0,1
2024-01-26 08:30,5.2,8.54,0,0.0375,0.08,19.889,0
2024-01-26 09:00,5.2,7.97,0,0.0375,0.08,19.779,0
2024-01-26 09:30,5.55,7.47,0,0.0375,0.08,19.673,0
2024-01-26 10:00,5.9,6.97,0,0.0375,0.08,19.57,0
2024-01-26 10:30,6.45,6.35,0,0.0375,0.08,19.472,0
2024-01-26 11:00,7.0,5.72,0,0.0375,0.08,19.379,0
2024-01-26 11:30,7.3,6.85,0,0.0375,0.08,19.289,0
2024-01-26 12:00,7.6,7.97,0,0.0375,0.08,19.202,0
2024-01-26 12:30,7.6,7.93,0,0.0375,0.08,19.116,0
2024-01-26 13:00,7.6,7.89,0,0.0375,0.08,19.03,0
2024-01-26 13:30,7.65,8.15,0,0.0375,0.08,18.946,0
2024-01-26 14:00,7.7,8.42,0,0.0375,0.08,18.862,0
2024-01-26 14:30,7.6,7.42,0,0.0375,0.08,18.778,0
2024-01-26 15:00,7.5,6.42,0,0.0375,0.08,18.695,0
2024-01-26 15:30,7.0,5.5,0,0.0375,0.08,18.608,0
2024-01-26 16:00,6.5,4.58,0,0.0375,0.08,18.517,0
2024-01-26 16:30,5.95,4.1,0,0.0375,0.08,18.424,0
2024-01-26 17:00,5.4,3.61,0,0.0375,0.08,18.327,0
2024-01-26 17:30,5.05,3.36,1,0.1625,12.08,18.95,1
2024-01-26 18:00,4.7,3.11,1,1.4125,12.08,19.649,1
2024-01-26 18:30,4.9,3.36,1,0.0375,7.83644,20.0,1
2024-01-26 19:00,5.1,3.61,1,0.1625,1.814426,20.0,1
2024-01-26 19:30,5.15,3.97,1,1.808333,0.08,20.007,0
2024-01-26 20:00,5.2,4.33,1,1.808333,0.08,20.015,0
2024-01-26 20:30,5.3,4.61,1,0.995833,0.606243,20.0,1
2024-01-26 21:00,5.4,4.89,1,0.0375,1.916278,20.0,1
2024-01-26 21:30,5.35,4.82,1,1.2875,0.518217,20.0,1
2024-01-26 22:00,5.3,4.75,1,1.0875,0.749369,20.0,1
2024-01-26 22:30,5.2,4.71,1,0.0375,1.94201,20.0,1
2024-01-26 23:00,5.1,4.67,1,0.0375,0.08,19.888,0
2024-01-26 23:30,5.0,4.81,1,0.0375,0.08,19.777,0
2024-01-27 00:00,4.9,4.94,1,0.0375,0.08,19.666,0
2024-01-27 00:30,4.9,4.64,1,0.0375,0.08,19.555,0
2024-01-27 01:00,4.9,4.33,1,0.0375,0.08,19.445,0
2024-01-27 01:30,5.2,4.79,1,0.0375,0.08,19.339,0
2024-01-27 02:00,5.5,5.25,1,0.0375,0.08,19.236,0
2024-01-27 02:30,5.7,5.75,1,0.0375,0.08,19.134,0
2024-01-27 03:00,5.9,6.25,1,0.0375,0.08,19.036,0
2024-01-27 03:30,5.85,6.29,1,0.0375,0.08,18.937,0
2024-01-27 04:00,5.8,6.33,1,0.0375,0.08,18.839,0
2024-01-27 04:30,5.5,5.78,1,0.0375,0.08,18.74,0
2024-01-27 05:00,5.2,5.22,1,0.0375,0.08,18.638,0
2024-01-27 05:30,4.8,4.78,1,0.0375,0.08,18.535,0
2024-01-27 06:00,4.4,4.33,1,0.0375,0.08,18.429,0
2024-01-27 06:30,4.45,4.44,1,0.0375,0.08,18.325,0
2024-01-27 07:00,4.5,4.56,1,0.0375,12.08,18.935,1
2024-01-27 07:30,4.45,4.58,1,0.0375,12.08,19.541,1
2024-01-27 08:00,4.4,4.61,1,0.1625,9.561068,20.0,1
2024-01-27 08:30,4.75,4.78,1,1.2875,0.08,19.969,0
2024-01-27 09:00,5.1,4.94,1,0.0375,0.08,19.858,0
2024-01-27 09:30,5.65,5.1,1,0.975,0.08,19.814,0
2024-01-27 10:00,6.2,5.25,1,1.1,0.08,19.784,0
2024-01-27 10:30,7.0,5.29,1,0.0375,0.08,19.688,0
2024-01-27 11:00,7.8,5.33,1,0.975,0.08,19.663,0
2024-01-27 11:30,7.75,5.26,1,0.975,0.08,19.637,0
2024-01-27 12:00,7.7,5.19,1,0.0375,0.08,19.548,0
2024-01-27 12:30,7.8,5.15,1,0.1625,0.08,19.469,0
2024-01-27 13:00,7.9,5.11,1,0.0375,0.08,19.383,0
2024-01-27 13:30,8.05,4.35,1,0.0375,0.08,19.298,0
2024-01-27 14:00,8.2,3.58,1,0.0375,0.08,19.216,0
2024-01-27 14:30,8.1,3.39,1,0.1625,0.08,19.142,0
2024-01-27 15:00,8.0,3.19,1,0.1625,0.08,19.067,0
2024-01-27 15:30,7.6,3.54,1,0.0375,0.08,18.982,0
2024-01-27 16:00,7.2,3.89,1,0.1625,0.08,18.903,0
2024-01-27 16:30,6.8,3.46,1,0.0375,0.08,18.813,0
2024-01-27 17:00,6.4,3.03,1,1.2875,0.08,18.804,0
2024-01-27 17:30,6.15,3.19,1,0.0375,12.08,19.423,1
2024-01-27 18:00,5.9,3.36,1,0.0375,11.472643,20.0,1
2024-01-27 18:30,5.85,3.36,1,0.0375,1.858382,20.0,1
2024-01-27 19:00,5.8,3.36,1,1.0875,0.685039,20.0,1
2024-01-27 19:30,5.55,3.49,1,0.0375,1.896979,20.0,1
2024-01-27 20:00,5.3,3.61,1,0.0375,1.929144,20.0,1
2024-01-27 20:30,5.3,4.06,1,0.0375,1.929144,20.0,1
2024-01-27 21:00,5.3,4.5,1,1.2875,0.52465,20.0,1
2024-01-27 21:30,5.2,4.5,1,1.0875,0.762234,20.0,1
2024-01-27 22:00,5.1,4.5,1,0.0375,1.954876,20.0,1
2024-01-27 22:30,5.0,4.67,1,0.0375,1.967741,20.0,1
2024-01-27 23:00,4.9,4.83,1,0.0375,0.08,19.887,0
2024-01-27 23:30,4.6,4.92,1,0.0375,0.08,19.772,0
2024-01-28 00:00,4.3,5.0,1,1.2875,0.08,19.74,0
2024-01-28 00:30,4.35,5.21,1,0.0375,0.08,19.625,0
2024-01-28 01:00,4.4,5.42,1,0.0375,0.08,19.511,0
2024-01-28 01:30,4.3,5.14,1,0.0375,0.08,19.397,0
2024-01-28 02:00,4.2,4.86,1,0.0375,0.08,19.283,0
2024-01-28 02:30,3.95,4.78,1,0.0375,0.08,19.168,0
2024-01-28 03:00,3.7,4.69,1,0.0375,0.08,19.052,0
2024-01-28 03:30,3.75,4.69,1,0.0375,0.08,18.938,0
2024-01-28 04:00,3.8,4.69,1,0.0375,0.08,18.824,0
2024-01-28 04:30,4.35,4.89,1,0.0375,0.08,18.716,0
2024-01-28 05:00,4.9,5.08,1,0.0375,0.08,18.613,0
2024-01-28 05:30,4.8,4.89,1,0.0375,0.08,18.51,0
2024-01-28 06:00,4.7,4.69,1,0.0375,0.08,18.406,0
2024-01-28 06:30,4.75,4.76,1,0.0375,0.08,18.304,0
2024-01-28 07:00,4.8,4.83,1,0.0375,12.08,18.917,1
2024-01-28 07:30,4.95,4.9,1,0.0375,12.08,19.527,1
2024-01-28 08:00,5.1,4.97,1,0.0375,9.846608,20.0,1
2024-01-28 08:30,5.55,5.29,1,0.0375,0.08,19.892,0
2024-01-28 09:00,6.0,5.61,1,0.1625,0.08,19.796,0
2024-01-28 09:30,6.7,6.03,1,1.2875,0.08,19.782,0
2024-01-28 10:00,7.4,6.44,1,0.0375,0.08,19.69,0
2024-01-28 10:30,7.6,6.06,1,0.0375,0.08,19.6,0
2024-01-28 11:00,7.8,5.67,1,3.075,0.08,19.715,0
2024-01-28 11:30,8.35,5.81,1,0.975,0.08,19.693,0
2024-01-28 12:00,8.9,5.94,1,0.2875,0.08,19.63,0
2024-01-28 12:30,9.0,5.82,1,0.0375,0.08,19.551,0
2024-01-28 13:00,9.1,5.69,1,0.1625,0.08,19.482,0
2024-01-28 13:30,9.45,5.94,1,0.0375,0.08,19.408,0
2024-01-28 14:00,9.8,6.19,1,0.0375,0.08,19.337,0
2024-01-28 14:30,9.9,5.9,1,0.0375,0.08,19.267,0
2024-01-28 15:00,10.0,5.61,1,0.1625,0.08,19.207,0
2024-01-28 15:30,10.1,5.03,1,0.0375,0.08,19.14,0
2024-01-28 16:00,10.2,4.44,1,0.0375,0.08,19.074,0
2024-01-28 16:30,10.1,4.24,1,0.0375,0.08,19.008,0
2024-01-28 17:00,10.0,4.03,1,0.0375,0.08,18.941,0
2024-01-28 17:30,10.15,4.11,1,1.2875,12.08,19.674,1
2024-01-28 18:00,10.3,4.19,1,0.0375,6.726594,20.0,1
2024-01-28 18:30,10.25,4.06,1,0.0375,1.292285,20.0,1
2024-01-28 19:00,10.2,3.92,1,0.0375,1.298718,20.0,1
2024-01-28 19:30,10.15,3.53,1,0.0375,1.305151,20.0,1
2024-01-28 20:00,10.1,3.14,1,0.0375,1.311584,20.0,1
2024-01-28 20:30,10.05,3.25,1,0.1625,1.177567,20.0,1
2024-01-28 21:00,10.0,3.36,1,0.0375,1.324449,20.0,1
2024-01-28 21:30,10.2,3.96,1,0.0375,1.298718,20.0,1
2024-01-28 22:00,10.4,4.56,1,0.0375,1.272986,20.0,1
2024-01-28 22:30,10.45,4.4,1,0.870833,0.330223,20.0,1
2024-01-28 23:00,10.5,4.25,1,0.870833,0.08,19.985,0
2024-01-28 23:30,10.45,4.0,1,0.870833,0.08,19.971,0
2024-01-29 00:00,10.4,3.75,1,0.0375,0.08,19.9,0
2024-01-29 00:30,10.5,3.53,1,1.2875,0.08,19.914,0
2024-01-29 01:00,10.6,3.31,1,0.0375,0.08,19.845,0
2024-01-29 01:30,10.35,2.58,1,0.0375,0.08,19.775,0
2024-01-29 02:00,10.1,1.86,1,0.0375,0.08,19.704,0
2024-01-29 02:30,9.95,1.85,1,0.0375,0.08,19.631,0
2024-01-29 03:00,9.8,1.83,1,0.0375,0.08,19.559,0
2024-01-29 03:30,9.85,1.37,1,0.0375,0.08,19.487,0
2024-01-29 04:00,9.9,0.92,1,0.0375,0.08,19.416,0
2024-01-29 04:30,9.4,0.96,1,0.0375,0.08,19.342,0
2024-01-29 05:00,8.9,1.0,1,0.0375,0.08,19.264,0
2024-01-29 05:30,8.8,1.32,1,1.2875,0.08,19.27,0
2024-01-29 06:00,8.7,1.64,1,0.0375,0.08,19.192,0
2024-01-29 06:30,8.75,2.36,1,0.0375,0.08,19.115,0
2024-01-29 07:00,8.8,3.08,1,2.025,12.08,19.885,1
2024-01-29 07:30,8.95,3.37,1,1.1,2.185625,20.0,1
2024-01-29 08:00,9.1,3.67,1,2.045833,0.08,20.053,0
2024-01-29 08:30,9.2,3.79,0,0.870833,0.08,20.028,0
2024-01-29 09:00,9.3,3.92,0,0.870833,0.08,20.005,0
2024-01-29 09:30,9.4,3.83,0,0.0375,0.08,19.926,0
2024-01-29 10:00,9.5,3.75,0,0.0375,0.08,19.849,0
2024-01-29 10:30,9.55,3.65,0,0.0375,0.08,19.772,0
2024-01-29 11:00,9.6,3.56,0,0.0375,0.08,19.697,0
2024-01-29 11:30,9.9,3.97,0,0.0375,0.08,19.624,0
2024-01-29 12:00,10.2,4.39,0,0.0375,0.08,19.555,0
2024-01-29 12:30,10.1,3.54,0,0.0375,0.08,19.485,0
2024-01-29 13:00,10.0,2.69,0,0.0375,0.08,19.415,0
2024-01-29 13:30,10.35,3.19,0,0.0375,0.08,19.348,0
2024-01-29 14:00,10.7,3.69,0,0.0375,0.08,19.284,0
2024-01-29 14:30,10.85,3.0,0,0.0375,0.08,19.222,0
2024-01-29 15:00,11.0,2.31,0,0.0375,0.08,19.162,0
2024-01-29 15:30,10.45,1.53,0,0.0375,0.08,19.098,0
2024-01-29 16:00,9.9,0.75,0,0.0375,0.08,19.03,0
2024-01-29 16:30,9.3,1.15,0,0.0375,0.08,18.958,0
2024-01-29 17:00,8.7,1.56,0,0.0375,0.08,18.882,0
2024-01-29 17:30,8.55,1.24,1,0.0375,12.08,19.519,1
2024-01-29 18:00,8.4,0.92,1,1.4625,7.950648,20.0,1
2024-01-29 18:30,8.6,1.18,1,1.3375,0.08,20.002,0
2024-01-29 19:00,8.8,1.44,1,0.0375,1.443013,20.0,1
2024-01-29 19:30,9.5,2.32,1,0.1625,1.248329,20.0,1
2024-01-29 20:00,10.2,3.19,1,0.0375,1.298718,20.0,1
2024-01-29 20:30,10.6,3.67,1,0.0375,1.247254,20.0,1
2024-01-29 21:00,11.0,4.14,1,0.1625,1.055341,20.0,1
2024-01-29 21:30,11.05,4.08,1,0.0375,1.189358,20.0,1
2024-01-29 22:00,11.1,4.03,1,0.1625,1.042476,20.0,1
2024-01-29 22:30,11.1,3.89,1,0.0375,1.182925,20.0,1
2024-01-29 23:00,11.1,3.75,1,1.2875,0.08,20.018,0
2024-01-29 23:30,11.2,3.75,1,0.0375,0.08,19.953,0
2024-01-30 00:00,11.3,3.75,1,0.0375,0.08,19.889,0
2024-01-30 00:30,11.0,3.49,1,0.0375,0.08,19.824,0
2024-01-30 01:00,10.7,3.22,1,0.0375,0.08,19.756,0
2024-01-30 01:30,10.2,2.51,1,0.0375,0.08,19.686,0
2024-01-30 02:00,9.7,1.81,1,0.0375,0.08,19.612,0
2024-01-30 02:30,8.5,3.12,1,0.0375,0.08,19.529,0
2024-01-30 03:00,7.3,4.44,1,0.0375,0.08,19.438,0
2024-01-30 03:30,7.15,4.07,1,0.0375,0.08,19.347,0
2024-01-30 04:00,7.0,3.69,1,1.2875,0.08,19.338,0
2024-01-30 04:30,7.05,3.99,1,0.0375,0.08,19.247,0
2024-01-30 05:00,7.1,4.28,1,1.2875,0.08,19.24,0
2024-01-30 05:30,6.95,4.51,1,0.0375,0.08,19.148,0
2024-01-30 06:00,6.8,4.75,1,0.0375,0.08,19.056,0
2024-01-30 06:30,6.55,5.04,1,0.0375,0.08,18.963,0
2024-01-30 07:00,6.3,5.33,1,0.0375,12.08,19.582,1
2024-01-30 07:30,6.2,5.11,1,0.1625,8.63833,20.0,1
2024-01-30 08:00,6.1,4.89,1,0.0375,1.826217,20.0,1
2024-01-30 08:30,6.15,4.71,0,0.0375,0.08,19.896,0
2024-01-30 09:00,6.2,4.53,0,0.0375,0.08,19.794,0
2024-01-30 09:30,6.35,4.39,0,0.0375,0.08,19.694,0
2024-01-30 10:00,6.5,4.25,0,0.0375,0.08,19.595,0
2024-01-30 10:30,6.65,4.53,0,0.0375,0.08,19.499,0
2024-01-30 11:00,6.8,4.81,0,0.0375,0.08,19.404,0
2024-01-30 11:30,7.0,4.82,0,0.0375,0.08,19.312,0
2024-01-30 12:00,7.2,4.83,0,0.0375,0.08,19.221,0
2024-01-30 12:30,7.0,4.97,0,0.0375,0.08,19.13,0
2024-01-30 13:00,6.8,5.11,0,0.0375,0.08,19.038,0
2024-01-30 13:30,6.85,4.86,0,0.0375,0.08,18.948,0
2024-01-30 14:00,6.9,4.61,0,0.0375,0.08,18.858,0
2024-01-30 14:30,6.95,4.26,0,0.0375,0.08,18.769,0
2024-01-30 15:00,7.0,3.92,0,0.0375,0.08,18.682,0
2024-01-30 15:30,6.4,3.58,0,0.0375,0.08,18.59,0
2024-01-30 16:00,5.8,3.25,0,0.0375,0.08,18.495,0
2024-01-30 16:30,4.95,3.08,0,0.0375,0.08,18.394,0
2024-01-30 17:00,4.1,2.92,0,0.0375,0.08,18.287,0
2024-01-30 17:30,3.8,3.01,1,1.2125,12.08,18.971,1
2024-01-30 18:00,3.5,3.11,1,0.870833,12.08,19.625,1
2024-01-30 18:30,3.45,3.0,1,0.870833,7.492992,20.0,1
2024-01-30 19:00,3.4,2.89,1,1.920833,0.08,20.001,0
2024-01-30 19:30,3.25,2.75,1,1.2875,0.766062,20.0,1
2024-01-30 20:00,3.1,2.61,1,0.1625,2.071743,20.0,1
2024-01-30 20:30,3.05,2.68,1,0.1625,2.078176,20.0,1
2024-01-30 21:00,3.0,2.75,1,0.0375,2.225058,20.0,1
2024-01-30 21:30,3.35,2.81,1,0.975,1.126657,20.0,1
2024-01-30 22:00,3.7,2.86,1,1.9125,0.08,20.003,0
2024-01-30 22:30,3.2,2.46,1,2.525,0.08,20.043,0
2024-01-30 23:00,2.7,2.06,1,1.3375,0.08,20.0,0
2024-01-30 23:30,2.35,2.38,1,0.0375,0.08,19.867,0
2024-01-31 00:00,2.0,2.69,1,1.2875,0.08,19.817,0
2024-01-31 00:30,2.05,2.75,1,0.0375,0.08,19.683,0
2024-01-31 01:00,2.1,2.81,1,0.0375,0.08,19.551,0
2024-01-31 01:30,1.95,2.76,1,0.0375,0.08,19.419,0
2024-01-31 02:00,1.8,2.72,1,0.0375,0.08,19.286,0
2024-01-31 02:30,1.6,2.61,1,0.0375,0.08,19.154,0
2024-01-31 03:00,1.4,2.5,1,0.0375,0.08,19.02,0
2024-01-31 03:30,1.45,2.67,1,0.0375,0.08,18.888,0
2024-01-31 04:00,1.5,2.83,1,1.2875,0.08,18.841,0
2024-01-31 04:30,1.65,2.97,1,0.0375,0.08,18.712,0
2024-01-31 05:00,1.8,3.11,1,0.0375,0.08,18.585,0
2024-01-31 05:30,1.85,3.22,1,0.0375,0.08,18.46,0
2024-01-31 06:00,1.9,3.33,1,0.0375,0.08,18.335,0
2024-01-31 06:30,2.05,3.19,1,0.0375,0.08,18.213,0
2024-01-31 07:00,2.2,3.06,1,0.0375,12.08,18.807,1
2024-01-31 07:30,2.45,3.42,1,0.1625,12.08,19.407,1
2024-01-31 08:00,2.7,3.78,1,1.2125,10.840615,20.0,1
2024-01-31 08:30,3.35,4.43,0,0.0375,0.08,19.875,0
2024-01-31 09:00,4.0,5.08,0,0.0375,0.08,19.756,0
2024-01-31 09:30,4.6,5.1,0,0.0375,0.08,19.643,0
2024-01-31 10:00,5.2,5.11,0,0.0375,0.08,19.535,0
2024-01-31 10:30,5.85,5.62,0,0.0375,0.08,19.432,0
2024-01-31 11:00,6.5,6.14,0,0.0375,0.08,19.336,0
2024-01-31 11:30,6.8,5.47,0,0.0375,0.08,19.242,0
2024-01-31 12:00,7.1,4.81,0,0.0375,0.08,19.152,0
2024-01-31 12:30,7.45,4.92,0,0.0375,0.08,19.065,0
2024-01-31 13:00,7.8,5.03,0,0.0375,0.08,18.981,0
2024-01-31 13:30,8.25,6.62,0,0.0375,0.08,18.902,0
2024-01-31 14:00,8.7,8.22,0,0.0375,0.08,18.826,0
2024-01-31 14:30,8.75,8.78,0,0.0375,0.08,18.751,0
2024-01-31 15:00,8.8,9.33,0,0.0375,0.08,18.678,0
2024-01-31 15:30,9.2,8.81,0,0.0375,0.08,18.608,0
2024-01-31 16:00,9.6,8.28,0,0.0375,0.08,18.541,0
2024-01-31 16:30,9.85,8.86,0,0.0375,0.08,18.477,0
2024-01-31 17:00,10.1,9.44,0,0.0375,0.08,18.416,0
2024-01-31 17:30,10.1,10.07,1,0.0375,12.08,19.068,1
2024-01-31 18:00,10.1,10.69,1,0.0375,12.08,19.716,1
2024-01-31 18:30,10.05,10.65,1,0.975,5.000397,20.0,1
2024-01-31 19:00,10.0,10.61,1,1.1,0.130629,20.0,1
2024-01-31 19:30,9.05,9.68,1,0.0375,1.446675,20.0,1
2024-01-31 20:00,8.1,8.75,1,1.2875,0.164406,20.0,1
2024-01-31 20:30,7.1,7.21,1,0.0375,1.697559,20.0,1
2024-01-31 21:00,6.1,5.67,1,0.1625,1.685768,20.0,1
2024-01-31 21:30,5.6,5.53,1,0.1625,1.750097,20.0,1
2024-01-31 22:00,5.1,5.39,1,0.870833,1.018546,20.0,1
2024-01-31 22:30,5.0,5.4,1,2.045833,0.08,20.022,0
2024-01-31 23:00,4.9,5.42,1,0.870833,0.08,19.964,0
2024-01-31 23:30,4.5,4.71,1,0.0375,0.08,19.849,0
2024-02-01 00:00,4.1,4.0,1,0.0375,0.08,19.731,0
2024-02-01 00:30,4.55,4.83,1,0.0375,0.08,19.617,0
2024-02-01 01:00,5.0,5.67,1,0.0375,0.08,19.507,0
2024-02-01 01:30,4.85,5.75,1,0.0375,0.08,19.398,0
2024-02-01 02:00,4.7,5.83,1,0.0375,0.08,19.288,0
2024-02-01 02:30,4.7,5.87,1,0.0375,0.08,19.179,0
2024-02-01 03:00,4.7,5.92,1,2.5375,0.08,19.237,0
2024-02-01 03:30,4.65,5.87,1,0.0375,0.08,19.128,0
2024-02-01 04:00,4.6,5.83,1,0.0375,0.08,19.02,0
2024-02-01 04:30,4.55,5.62,1,0.0375,0.08,18.911,0
2024-02-01 05:00,4.5,5.42,1,0.0375,0.08,18.804,0
2024-02-01 05:30,4.55,5.26,1,0.0375,0.08,18.697,0
2024-02-01 06:00,4.6,5.11,1,0.0375,0.08,18.592,0
2024-02-01 06:30,4.75,5.06,1,0.0375,0.08,18.488,0
2024-02-01 07:00,4.9,5.0,1,1.2125,12.08,19.179,1
2024-02-01 07:30,4.85,4.9,1,0.1625,12.08,19.794,1
2024-02-01 08:00,4.8,4.81,1,0.0375,5.427134,20.0,1
2024-02-01 08:30,5.05,4.75,0,0.0375,0.08,19.888,0
2024-02-01 09:00,5.3,4.69,0,0.0375,0.08,19.779,0
2024-02-01 09:30,5.95,4.69,0,0.0375,0.08,19.676,0
2024-02-01 10:00,6.6,4.69,0,0.0375,0.08,19.578,0
2024-02-01 10:30,7.1,4.71,0,0.0375,0.08,19.485,0
2024-02-01 11:00,7.6,4.72,0,0.0375,0.08,19.397,0
2024-02-01 11:30,8.0,5.15,0,0.0375,0.08,19.312,0
2024-02-01 12:00,8.4,5.58,0,0.0375,0.08,19.231,0
2024-02-01 12:30,8.05,5.4,0,0.0375,0.08,19.148,0
2024-02-01 13:00,7.7,5.22,0,0.0375,0.08,19.063,0
2024-02-01 13:30,7.55,4.76,0,0.0375,0.08,18.977,0
2024-02-01 14:00,7.4,4.31,0,0.0375,0.08,18.891,0
2024-02-01 14:30,7.25,3.97,0,0.0375,0.08,18.804,0
2024-02-01 15:00,7.1,3.64,0,0.0375,0.08,18.717,0
2024-02-01 15:30,6.85,3.49,0,0.0375,0.08,18.629,0
2024-02-01 16:00,6.6,3.33,0,0.0375,0.08,18.539,0
2024-02-01 16:30,6.35,3.35,0,0.0375,0.08,18.449,0
2024-02-01 17:00,6.1,3.36,0,0.0375,0.08,18.357,0
2024-02-01 17:30,5.9,3.1,1,0.0375,12.08,18.978,1
2024-02-01 18:00,5.7,2.83,1,0.0375,12.08,19.592,1
2024-02-01 18:30,5.4,2.24,1,1.2875,7.311057,20.0,1
2024-02-01 19:00,5.1,1.64,1,0.2875,1.673977,20.0,1
2024-02-01 19:30,4.9,1.71,1,0.870833,1.044278,20.0,1
2024-02-01 20:00,4.7,1.78,1,1.808333,0.08,20.004,0
2024-02-01 20:30,5.4,2.47,1,2.058333,0.08,20.03,0
2024-02-01 21:00,6.1,3.17,1,0.0375,1.332825,20.0,1
2024-02-01 21:30,6.6,4.36,1,0.0375,1.761888,20.0,1
2024-02-01 22:00,7.1,5.56,1,0.0375,1.697559,20.0,1
2024-02-01 22:30,7.65,6.71,1,1.0875,0.447021,20.0,1
2024-02-01 23:00,8.2,7.86,1,0.0375,0.08,19.912,0
2024-02-01 23:30,8.4,7.75,1,0.0375,0.08,19.827,0
2024-02-02 00:00,8.6,7.64,1,0.0375,0.08,19.743,0
2024-02-02 00:30,8.85,7.49,1,1.2875,0.08,19.746,0
2024-02-02 01:00,9.1,7.33,1,0.0375,0.08,19.667,0
2024-02-02 01:30,9.2,7.12,1,0.0375,0.08,19.589,0
2024-02-02 02:00,9.3,6.92,1,0.0375,0.08,19.513,0
2024-02-02 02:30,9.15,6.76,1,0.0375,0.08,19.436,0
2024-02-02 03:00,9.0,6.61,1,0.0375,0.08,19.359,0
2024-02-02 03:30,8.95,6.0,1,0.0375,0.08,19.282,0
2024-02-02 04:00,8.9,5.39,1,0.0375,0.08,19.205,0
2024-02-02 04:30,8.8,4.96,1,0.0375,0.08,19.128,0
2024-02-02 05:00,8.7,4.53,1,0.0375,0.08,19.05,0
2024-02-02 05:30,9.0,4.99,1,0.0375,0.08,18.976,0
2024-02-02 06:00,9.3,5.44,1,0.0375,0.08,18.904,0
2024-02-02 06:30,9.45,7.22,1,1.2875,0.08,18.918,0
2024-02-02 07:00,9.6,9.0,1,0.0375,12.08,19.563,1
2024-02-02 07:30,9.75,9.6,1,0.1625,8.504242,20.0,1
2024-02-02 08:00,9.9,10.19,1,0.0375,1.337315,20.0,1
2024-02-02 08:30,10.1,10.0,0,0.0375,0.08,19.927,0
2024-02-02 09:00,10.3,9.81,0,0.0375,0.08,19.856,0
2024-02-02 09:30,10.5,9.85,0,0.0375,0.08,19.786,0
2024-02-02 10:00,10.7,9.89,0,0.0375,0.08,19.719,0
2024-02-02 10:30,11.0,10.1,0,0.0375,0.08,19.655,0
2024-02-02 11:00,11.3,10.31,0,0.0375,0.08,19.594,0
2024-02-02 11:30,11.6,10.0,0,0.0375,0.08,19.535,0
2024-02-02 12:00,11.9,9.69,0,0.0375,0.08,19.479,0
2024-02-02 12:30,12.0,9.26,0,0.0375,0.08,19.424,0
2024-02-02 13:00,12.1,8.83,0,0.0375,0.08,19.371,0
2024-02-02 13:30,12.15,7.85,0,0.0375,0.08,19.318,0
2024-02-02 14:00,12.2,6.86,0,0.0375,0.08,19.266,0
2024-02-02 14:30,12.0,6.82,0,0.0375,0.08,19.213,0
2024-02-02 15:00,11.8,6.78,0,0.0375,0.08,19.159,0
2024-02-02 15:30,11.65,6.44,0,0.0375,0.08,19.104,0
2024-02-02 16:00,11.5,6.11,0,0.0375,0.08,19.048,0
2024-02-02 16:30,11.35,6.19,0,0.0375,0.08,18.992,0
2024-02-02 17:00,11.2,6.28,0,0.0375,0.08,18.935,0
2024-02-02 17:30,11.2,6.28,1,1.1,12.08,19.663,1
2024-02-02 18:00,11.2,6.28,1,1.225,5.460932,20.0,1
2024-02-02 18:30,11.25,6.56,1,0.1625,1.023177,20.0,1
2024-02-02 19:00,11.3,6.83,1,1.2125,0.08,20.014,0
2024-02-02 19:30,11.4,6.9,1,0.0375,0.903156,20.0,1
2024-02-02 20:00,11.5,6.97,1,0.0375,1.131462,20.0,1
2024-02-02 20:30,11.55,6.96,1,1.2875,0.08,20.021,0
2024-02-02 21:00,11.6,6.94,1,2.3875,0.08,20.117,0
2024-02-02 21:30,11.6,7.12,1,1.3375,0.08,20.141,0
2024-02-02 22:00,11.6,7.31,1,0.870833,0.08,20.134,0
2024-02-02 22:30,11.65,7.54,1,0.870833,0.08,20.127,0
2024-02-02 23:00,11.7,7.78,1,0.870833,0.08,20.121,0
2024-02-02 23:30,11.65,6.93,1,0.0375,0.08,20.058,0
2024-02-03 00:00,11.6,6.08,1,0.0375,0.08,19.996,0
2024-02-03 00:30,11.75,6.88,1,0.0375,0.08,19.935,0
2024-02-03 01:00,11.9,7.67,1,0.0375,0.08,19.876,0
2024-02-03 01:30,11.85,7.47,1,0.0375,0.08,19.817,0
2024-02-03 02:00,11.8,7.28,1,0.0375,0.08,19.759,0
2024-02-03 02:30,11.7,7.21,1,0.0375,0.08,19.699,0
2024-02-03 03:00,11.6,7.14,1,0.0375,0.08,19.64,0
2024-02-03 03:30,11.65,7.62,1,0.0375,0.08,19.581,0
2024-02-03 04:00,11.7,8.11,1,0.0375,0.08,19.523,0
2024-02-03 04:30,11.7,7.9,1,0.0375,0.08,19.466,0
2024-02-03 05:00,11.7,7.69,1,0.0375,0.08,19.409,0
2024-02-03 05:30,11.65,7.79,1,1.2875,0.08,19.436,0
2024-02-03 06:00,11.6,7.89,1,0.0375,0.08,19.378,0
2024-02-03 06:30,11.3,6.9,1,0.0375,0.08,19.319,0
2024-02-03 07:00,11.0,5.92,1,0.0375,12.08,19.972,1
2024-02-03 07:30,11.05,5.99,1,0.0375,1.66014,20.0,1
2024-02-03 08:00,11.1,6.06,1,0.0375,1.182925,20.0,1
2024-02-03 08:30,11.1,6.12,1,1.4125,0.08,20.026,0
2024-02-03 09:00,11.1,6.19,1,0.0375,0.08,19.96,0
2024-02-03 09:30,10.95,5.94,1,0.1625,0.08,19.902,0
2024-02-03 10:00,10.8,5.69,1,1.3375,0.08,19.922,0
2024-02-03 10:30,10.5,5.0,1,1.3375,0.08,19.939,0
2024-02-03 11:00,10.2,4.31,1,0.0375,0.08,19.867,0
2024-02-03 11:30,10.1,4.17,1,1.2875,0.08,19.879,0
2024-02-03 12:00,10.0,4.03,1,0.0375,0.08,19.806,0
2024-02-03 12:30,10.45,4.22,1,0.0375,0.08,19.736,0
2024-02-03 13:00,10.9,4.42,1,0.1625,0.08,19.68,0
2024-02-03 13:30,10.75,4.26,1,0.0375,0.08,19.614,0
2024-02-03 14:00,10.6,4.11,1,0.0375,0.08,19.547,0
2024-02-03 14:30,10.35,4.08,1,1.0875,0.08,19.55,0
2024-02-03 15:00,10.1,4.06,1,0.0375,0.08,19.48,0
2024-02-03 15:30,9.75,4.62,1,0.0375,0.08,19.408,0
2024-02-03 16:00,9.4,5.19,1,0.0375,0.08,19.334,0
2024-02-03 16:30,9.15,5.25,1,0.0375,0.08,19.258,0
2024-02-03 17:00,8.9,5.31,1,0.0375,0.08,19.182,0
2024-02-03 17:30,8.75,5.01,1,0.1625,12.08,19.826,1
2024-02-03 18:00,8.6,4.72,1,0.0375,4.399226,20.0,1
2024-02-03 18:30,8.55,4.68,1,0.0375,1.511004,20.0,1
2024-02-03 19:00,8.5,4.64,1,0.0375,1.517437,20.0,1
2024-02-03 19:30,7.9,4.31,1,0.0375,1.594632,20.0,1
2024-02-03 20:00,7.3,3.97,1,0.0375,1.671827,20.0,1
2024-02-03 20:30,6.85,4.24,1,0.0375,1.729723,20.0,1
2024-02-03 21:00,6.4,4.5,1,0.975,0.734249,20.0,1
2024-02-03 21:30,6.25,4.72,1,2.025,0.08,20.03,0
2024-02-03 22:00,6.1,4.94,1,0.1625,1.183415,20.0,1
2024-02-03 22:30,6.15,4.62,1,0.1625,1.679335,20.0,1
2024-02-03 23:00,6.2,4.31,1,0.0375,0.08,19.897,0
2024-02-03 23:30,6.5,4.32,1,0.0375,0.08,19.797,0
2024-02-04 00:00,6.8,4.33,1,0.0375,0.08,19.7,0
2024-02-04 00:30,6.95,4.12,1,0.0375,0.08,19.605,0
2024-02-04 01:00,7.1,3.92,1,0.0375,0.08,19.512,0
2024-02-04 01:30,7.45,4.25,1,0.0375,0.08,19.422,0
2024-02-04 02:00,7.8,4.58,1,0.0375,0.08,19.335,0
2024-02-04 02:30,7.95,5.11,1,0.0375,0.08,19.251,0
2024-02-04 03:00,8.1,5.64,1,1.2875,0.08,19.251,0
2024-02-04 03:30,8.15,5.78,1,0.0375,0.08,19.169,0
2024-02-04 04:00,8.2,5.92,1,0.0375,0.08,19.087,0
2024-02-04 04:30,8.05,5.51,1,0.0375,0.08,19.006,0
2024-02-04 05:00,7.9,5.11,1,0.0375,0.08,18.923,0
2024-02-04 05:30,8.05,4.62,1,0.0375,0.08,18.842,0
2024-02-04 06:00,8.2,4.14,1,0.0375,0.08,18.763,0
2024-02-04 06:30,8.6,4.74,1,0.0375,0.08,18.688,0
2024-02-04 07:00,9.0,5.33,1,0.0375,12.08,19.33,1
2024-02-04 07:30,9.0,5.42,1,0.0375,12.08,19.968,1
2024-02-04 08:00,9.0,5.5,1,0.0375,1.992688,20.0,1
2024-02-04 08:30,9.3,5.57,1,1.2875,0.08,20.004,0
2024-02-04 09:00,9.6,5.64,1,0.0375,0.08,19.927,0
2024-02-04 09:30,9.8,5.72,1,1.0875,0.08,19.922,0
2024-02-04 10:00,10.0,5.81,1,1.2875,0.08,19.932,0
2024-02-04 10:30,10.1,5.32,1,0.0375,0.08,19.86,0
2024-02-04 11:00,10.2,4.83,1,0.0375,0.08,19.788,0
2024-02-04 11:30,10.55,5.61,1,0.0375,0.08,19.72,0
2024-02-04 12:00,10.9,6.39,1,0.1625,0.08,19.663,0
2024-02-04 12:30,11.1,7.03,1,0.0375,0.08,19.6,0
2024-02-04 13:00,11.3,7.67,1,0.0375,0.08,19.539,0
2024-02-04 13:30,11.45,8.0,1,0.1625,0.08,19.488,0
2024-02-04 14:00,11.6,8.33,1,0.0375,0.08,19.43,0
2024-02-04 14:30,11.75,8.5,1,0.0375,0.08,19.374,0
2024-02-04 15:00,11.9,8.67,1,0.0375,0.08,19.319,0
2024-02-04 15:30,11.9,8.56,1,1.1,0.08,19.336,0
2024-02-04 16:00,11.9,8.44,1,1.1,0.08,19.353,0
2024-02-04 16:30,11.85,8.58,1,0.1625,0.08,19.306,0
2024-02-04 17:00,11.8,8.72,1,0.975,0.08,19.314,0
2024-02-04 17:30,11.8,8.43,1,0.975,11.484808,20.0,1
2024-02-04 18:00,11.8,8.14,1,0.0375,1.092864,20.0,1
2024-02-04 18:30,11.8,8.18,1,0.0375,1.092864,20.0,1
2024-02-04 19:00,11.8,8.22,1,1.3375,0.08,20.027,0
2024-02-04 19:30,11.6,8.5,1,1.3375,0.08,20.052,0
2024-02-04 20:00,11.4,8.78,1,0.1625,0.14405,20.0,1
2024-02-04 20:30,11.2,8.69,1,1.0875,0.08,20.005,0
2024-02-04 21:00,11.0,8.61,1,0.0375,1.106762,20.0,1
2024-02-04 21:30,10.9,8.4,1,0.0375,1.208657,20.0,1
2024-02-04 22:00,10.8,8.19,1,0.0375,1.221523,20.0,1
2024-02-04 22:30,10.6,7.93,1,0.0375,1.247254,20.0,1
2024-02-04 23:00,10.4,7.67,1,0.0375,0.08,19.929,0
2024-02-04 23:30,10.25,7.51,1,0.0375,0.08,19.857,0
2024-02-05 00:00,10.1,7.36,1,0.0375,0.08,19.785,0
2024-02-05 00:30,10.35,7.58,1,0.0375,0.08,19.716,0
2024-02-05 01:00,10.6,7.81,1,0.0375,0.08,19.648,0
2024-02-05 01:30,10.4,7.93,1,0.0375,0.08,19.58,0
2024-02-05 02:00,10.2,8.06,1,0.0375,0.08,19.511,0
2024-02-05 02:30,9.95,7.79,1,0.0375,0.08,19.44,0
2024-02-05 03:00,9.7,7.53,1,0.0375,0.08,19.368,0
2024-02-05 03:30,9.6,7.36,1,0.0375,0.08,19.296,0
2024-02-05 04:00,9.5,7.19,1,0.0375,0.08,19.223,0
2024-02-05 04:30,9.3,7.19,1,0.0375,0.08,19.15,0
2024-02-05 05:00,9.1,7.19,1,1.2875,0.08,19.159,0
2024-02-05 05:30,8.95,6.85,1,1.2875,0.08,19.167,0
2024-02-05 06:00,8.8,6.5,1,0.0375,0.08,19.09,0
2024-02-05 06:30,8.75,6.29,1,0.0375,0.08,19.013,0
2024-02-05 07:00,8.7,6.08,1,0.0375,12.08,19.651,1
2024-02-05 07:30,8.65,6.06,1,0.0375,7.32159,20.0,1
2024-02-05 08:00,8.6,6.03,1,0.1625,1.364122,20.0,1
2024-02-05 08:30,8.85,5.97,0,0.0375,0.08,19.917,0
2024-02-05 09:00,9.1,5.92,0,0.0375,0.08,19.837,0
2024-02-05 09:30,9.45,6.72,0,0.0375,0.08,19.76,0
2024-02-05 10:00,9.8,7.53,0,0.0375,0.08,19.686,0
2024-02-05 10:30,9.9,7.11,0,0.0375,0.08,19.614,0
2024-02-05 11:00,10.0,6.69,0,0.0375,0.08,19.543,0
2024-02-05 11:30,10.2,6.46,0,0.0375,0.08,19.474,0
2024-02-05 12:00,10.4,6.22,0,0.0375,0.08,19.407,0
2024-02-05 12:30,10.65,6.4,0,0.0375,0.08,19.342,0
2024-02-05 13:00,10.9,6.58,0,0.0375,0.08,19.28,0
2024-02-05 13:30,10.8,6.62,0,0.0375,0.08,19.218,0
2024-02-05 14:00,10.7,6.67,0,0.0375,0.08,19.155,0
2024-02-05 14:30,10.75,7.25,0,0.0375,0.08,19.093,0
2024-02-05 15:00,10.8,7.83,0,0.0375,0.08,19.032,0
2024-02-05 15:30,10.8,7.83,0,0.0375,0.08,18.972,0
2024-02-05 16:00,10.8,7.83,0,0.0375,0.08,18.912,0
2024-02-05 16:30,10.65,7.62,0,0.0375,0.08,18.851,0
2024-02-05 17:00,10.5,7.42,0,0.0375,0.08,18.79,0
2024-02-05 17:30,10.55,7.51,1,0.0375,12.08,19.443,1
2024-02-05 18:00,10.6,7.61,1,0.0375,10.540427,20.0,1
2024-02-05 18:30,10.6,7.78,1,0.0375,1.247254,20.0,1
2024-02-05 19:00,10.6,7.94,1,0.0375,1.247254,20.0,1
2024-02-05 19:30,10.6,7.79,1,1.2875,0.08,20.014,0
2024-02-05 20:00,10.6,7.64,1,0.0375,1.01183,20.0,1
2024-02-05 20:30,10.7,7.62,1,1.0875,0.08,20.002,0
2024-02-05 21:00,10.8,7.61,1,1.2125,0.08,20.012,0
2024-02-05 21:30,11.05,7.94,1,1.225,0.08,20.025,0
2024-02-05 22:00,11.3,8.28,1,1.225,0.08,20.041,0
2024-02-05 22:30,11.35,8.26,1,0.870833,0.08,20.032,0
2024-02-05 23:00,11.4,8.25,1,0.870833,0.08,20.024,0
2024-02-05 23:30,11.35,8.03,1,0.870833,0.08,20.016,0
2024-02-06 00:00,11.3,7.81,1,0.0375,0.08,19.952,0
2024-02-06 00:30,11.25,7.72,1,0.0375,0.08,19.888,0
2024-02-06 01:00,11.2,7.64,1,0.0375,0.08,19.824,0
2024-02-06 01:30,11.15,7.61,1,0.0375,0.08,19.76,0
2024-02-06 02:00,11.1,7.58,1,0.0375,0.08,19.696,0
2024-02-06 02:30,11.05,6.88,1,0.0375,0.08,19.633,0
2024-02-06 03:00,11.0,6.17,1,0.0375,0.08,19.569,0
2024-02-06 03:30,10.95,6.75,1,0.0375,0.08,19.505,0
2024-02-06 04:00,10.9,7.33,1,0.0375,0.08,19.442,0
2024-02-06 04:30,10.75,6.96,1,0.0375,0.08,19.378,0
2024-02-06 05:00,10.6,6.58,1,0.0375,0.08,19.313,0
2024-02-06 05:30,10.65,6.76,1,0.0375,0.08,19.25,0
2024-02-06 06:00,10.7,6.94,1,0.0375,0.08,19.187,0
2024-02-06 06:30,10.6,7.15,1,0.0375,0.08,19.123,0
2024-02-06 07:00,10.5,7.36,1,0.0375,12.08,19.774,1
2024-02-06 07:30,10.4,7.11,1,0.0375,5.044727,20.0,1
2024-02-06 08:00,10.3,6.86,1,0.0375,1.285852,20.0,1
2024-02-06 08:30,10.2,7.04,0,0.0375,0.08,19.927,0
2024-02-06 09:00,10.1,7.22,0,0.0375,0.08,19.855,0
2024-02-06 09:30,10.3,7.01,0,0.0375,0.08,19.784,0
2024-02-06 10:00,10.5,6.81,0,0.0375,0.08,19.716,0
2024-02-06 10:30,10.65,6.12,0,0.0375,0.08,19.649,0
2024-02-06 11:00,10.8,5.44,0,0.0375,0.08,19.583,0
2024-02-06 11:30,10.8,5.47,0,0.0375,0.08,19.519,0
2024-02-06 12:00,10.8,5.5,0,0.0375,0.08,19.455,0
2024-02-06 12:30,9.85,4.81,0,0.0375,0.08,19.384,0
2024-02-06 13:00,8.9,4.11,0,0.0375,0.08,19.306,0
2024-02-06 13:30,8.55,3.85,0,0.0375,0.08,19.226,0
2024-02-06 14:00,8.2,3.58,0,0.0375,0.08,19.144,0
2024-02-06 14:30,7.85,4.22,0,0.0375,0.08,19.06,0
2024-02-06 15:00,7.5,4.86,0,0.0375,0.08,18.974,0
2024-02-06 15:30,7.2,4.81,0,0.0375,0.08,18.887,0
2024-02-06 16:00,6.9,4.75,0,0.0375,0.08,18.797,0
2024-02-06 16:30,6.75,4.46,0,0.0375,0.08,18.708,0
2024-02-06 17:00,6.6,4.17,0,0.0375,0.08,18.617,0
2024-02-06 17:30,6.35,3.93,1,0.975,12.08,19.303,1
2024-02-06 18:00,6.1,3.69,1,0.975,12.08,19.981,1
2024-02-06 18:30,6.05,3.64,1,1.2875,0.750894,20.0,1
2024-02-06 19:00,6.0,3.58,1,1.0875,0.659308,20.0,1
2024-02-06 19:30,5.8,3.54,1,0.2875,1.583916,20.0,1
2024-02-06 20:00,5.6,3.5,1,0.1625,1.750097,20.0,1
2024-02-06 20:30,5.05,3.33,1,0.1625,1.820859,20.0,1
2024-02-06 21:00,4.5,3.17,1,1.0875,0.852295,20.0,1
2024-02-06 21:30,4.0,2.93,1,2.120833,0.08,20.019,0
2024-02-06 22:00,3.5,2.69,1,1.808333,0.08,20.014,0
2024-02-06 22:30,3.55,2.57,1,2.058333,0.08,20.025,0
2024-02-06 23:00,3.6,2.44,1,1.2875,0.08,19.986,0
2024-02-06 23:30,3.6,2.39,1,0.0375,0.08,19.863,0
2024-02-07 00:00,3.6,2.33,1,1.2875,0.08,19.824,0
2024-02-07 00:30,3.65,2.18,1,0.0375,0.08,19.703,0
2024-02-07 01:00,3.7,2.03,1,0.0375,0.08,19.583,0
2024-02-07 01:30,3.25,1.74,1,0.0375,0.08,19.461,0
2024-02-07 02:00,2.8,1.44,1,0.0375,0.08,19.336,0
2024-02-07 02:30,3.0,1.53,1,0.0375,0.08,19.213,0
2024-02-07 03:00,3.2,1.61,1,1.2875,0.08,19.176,0
2024-02-07 03:30,2.85,1.42,1,0.0375,0.08,19.054,0
2024-02-07 04:00,2.5,1.22,1,0.0375,0.08,18.93,0
2024-02-07 04:30,2.15,1.43,1,0.0375,0.08,18.804,0
2024-02-07 05:00,1.8,1.64,1,0.0375,0.08,18.676,0
2024-02-07 05:30,1.25,1.64,1,0.0375,0.08,18.545,0
2024-02-07 06:00,0.7,1.64,1,0.0375,0.08,18.411,0
2024-02-07 06:30,1.05,1.28,1,0.0375,0.08,18.281,0
2024-02-07 07:00,1.4,0.92,1,0.0375,12.08,18.868,1
2024-02-07 07:30,1.25,0.71,1,0.0375,12.08,19.45,1
2024-02-07 08:00,1.1,0.5,1,0.1625,11.50853,20.0,1
2024-02-07 08:30,1.3,0.58,0,0.0375,0.08,19.859,0
2024-02-07 09:00,1.5,0.67,0,0.0375,0.08,19.721,0
2024-02-07 09:30,2.55,0.81,0,0.0375,0.08,19.592,0
2024-02-07 10:00,3.6,0.94,0,0.0375,0.08,19.473,0
2024-02-07 10:30,4.35,1.42,0,0.0375,0.08,19.359,0
2024-02-07 11:00,5.1,1.89,0,0.0375,0.08,19.253,0
2024-02-07 11:30,5.55,2.15,0,0.0375,0.08,19.15,0
2024-02-07 12:00,6.0,2.42,0,0.0375,0.08,19.052,0
2024-02-07 12:30,6.25,2.04,0,0.0375,0.08,18.957,0
2024-02-07 13:00,6.5,1.67,0,0.0375,0.08,18.864,0
2024-02-07 13:30,6.55,1.9,0,0.0375,0.08,18.772,0
2024-02-07 14:00,6.6,2.14,0,0.0375,0.08,18.681,0
2024-02-07 14:30,6.4,2.38,0,0.0375,0.08,18.59,0
2024-02-07 15:00,6.2,2.61,0,0.0375,0.08,18.498,0
2024-02-07 15:30,5.75,2.29,0,0.0375,0.08,18.403,0
2024-02-07 16:00,5.3,1.97,0,0.0375,0.08,18.305,0
2024-02-07 16:30,4.25,1.89,0,0.0375,0.08,18.2,0
2024-02-07 17:00,3.2,1.81,0,0.0375,0.08,18.087,0
2024-02-07 17:30,3.0,1.76,1,1.0875,12.08,18.758,1
2024-02-07 18:00,2.8,1.72,1,0.1625,12.08,19.361,1
2024-02-07 18:30,3.0,1.51,1,0.0375,12.08,19.952,1
2024-02-07 19:00,3.2,1.31,1,1.2875,1.590968,20.0,1
2024-02-07 19:30,2.85,1.38,1,1.933333,0.114207,20.0,1
2024-02-07 20:00,2.5,1.44,1,1.808333,0.299687,20.0,1
2024-02-07 20:30,2.2,1.49,1,0.870833,1.391655,20.0,1
2024-02-07 21:00,1.9,1.53,1,1.0875,1.186807,20.0,1
2024-02-07 21:30,1.9,1.26,1,0.0375,2.366583,20.0,1
2024-02-07 22:00,1.9,1.0,1,0.4125,1.945234,20.0,1
2024-02-07 22:30,1.3,1.25,1,0.0375,2.443778,20.0,1
2024-02-07 23:00,0.7,1.5,1,0.0375,0.08,19.855,0
2024-02-07 23:30,0.25,1.79,1,0.0375,0.08,19.707,0
2024-02-08 00:00,-0.2,2.08,1,0.0375,0.08,19.557,0
2024-02-08 00:30,0.3,1.82,1,1.2875,0.08,19.496,0
2024-02-08 01:00,0.8,1.56,1,0.0375,0.08,19.355,0
2024-02-08 01:30,0.5,1.56,1,0.0375,0.08,19.214,0
2024-02-08 02:00,0.2,1.56,1,0.0375,0.08,19.071,0
2024-02-08 02:30,0.3,1.85,1,1.2875,0.08,19.013,0
2024-02-08 03:00,0.4,2.14,1,0.0375,0.08,18.873,0
2024-02-08 03:30,0.35,2.17,1,0.0375,0.08,18.734,0
2024-02-08 04:00,0.3,2.19,1,0.0375,0.08,18.595,0
2024-02-08 04:30,0.6,2.36,1,0.0375,0.08,18.46,0
2024-02-08 05:00,0.9,2.53,1,0.0375,0.08,18.328,0
2024-02-08 05:30,1.2,2.94,1,0.0375,0.08,18.199,0
2024-02-08 06:00,1.5,3.36,1,0.0375,0.08,18.074,0
2024-02-08 06:30,1.8,3.79,1,0.0375,0.08,17.952,0
2024-02-08 07:00,2.1,4.22,1,0.0375,12.08,18.547,1
2024-02-08 07:30,2.3,4.6,1,1.4125,12.08,19.231,1
2024-02-08 08:00,2.5,4.97,1,0.0375,12.08,19.819,1
2024-02-08 08:30,2.7,5.47,0,0.0375,0.08,19.691,0
2024-02-08 09:00,2.9,5.97,0,0.0375,0.08,19.565,0
2024-02-08 09:30,2.75,5.83,0,0.0375,0.08,19.439,0
2024-02-08 10:00,2.6,5.69,0,0.0375,0.08,19.312,0
2024-02-08 10:30,2.35,5.57,0,0.0375,0.08,19.185,0
2024-02-08 11:00,2.1,5.44,0,0.0375,0.08,19.057,0
2024-02-08 11:30,1.95,5.89,0,0.0375,0.08,18.928,0
2024-02-08 12:00,1.8,6.33,0,0.0375,0.08,18.8,0
2024-02-08 12:30,1.55,6.01,0,0.0375,0.08,18.67,0
2024-02-08 13:00,1.3,5.69,0,0.0375,0.08,18.54,0
2024-02-08 13:30,1.25,5.87,0,0.0375,0.08,18.41,0
2024-02-08 14:00,1.2,6.06,0,0.0375,0.08,18.281,0
2024-02-08 14:30,1.2,6.64,0,0.0375,0.08,18.152,0
2024-02-08 15:00,1.2,7.22,0,0.0375,0.08,18.025,0
2024-02-08 15:30,1.15,6.99,0,0.0375,0.08,17.899,0
2024-02-08 16:00,1.1,6.75,0,0.0375,0.08,17.772,0
2024-02-08 16:30,1.15,6.49,0,0.0375,0.08,17.648,0
2024-02-08 17:00,1.2,6.22,0,0.0375,0.08,17.524,0
2024-02-08 17:30,1.5,6.29,1,0.1625,12.08,18.126,1
2024-02-08 18:00,1.8,6.36,1,0.0375,12.08,18.718,1
2024-02-08 18:30,1.9,6.25,1,1.0875,12.08,19.376,1
2024-02-08 19:00,2.0,6.14,1,0.0375,12.08,19.959,1
2024-02-08 19:30,2.0,6.31,1,0.975,1.980626,20.0,1
2024-02-08 20:00,2.0,6.47,1,1.1,1.159896,20.0,1
2024-02-08 20:30,2.1,6.65,1,1.2125,1.020626,20.0,1
2024-02-08 21:00,2.2,6.83,1,1.225,0.993715,20.0,1
2024-02-08 21:30,2.15,6.6,1,1.808333,0.344718,20.0,1
2024-02-08 22:00,2.1,6.36,1,0.870833,1.404521,20.0,1
2024-02-08 22:30,2.3,6.39,1,0.870833,1.37879,20.0,1
2024-02-08 23:00,2.5,6.42,1,0.0375,0.08,19.869,0
2024-02-08 23:30,2.75,6.46,1,0.0375,0.08,19.74,0
2024-02-09 00:00,3.0,6.5,1,0.0375,0.08,19.614,0
2024-02-09 00:30,3.15,6.47,1,0.0375,0.08,19.491,0
2024-02-09 01:00,3.3,6.44,1,0.0375,0.08,19.369,0
2024-02-09 01:30,3.4,6.42,1,0.0375,0.08,19.25,0
2024-02-09 02:00,3.5,6.39,1,0.0375,0.08,19.132,0
2024-02-09 02:30,3.5,6.44,1,1.2875,0.08,19.098,0
2024-02-09 03:00,3.5,6.5,1,0.0375,0.08,18.981,0
2024-02-09 03:30,3.6,6.14,1,0.0375,0.08,18.866,0
2024-02-09 04:00,3.7,5.78,1,0.0375,0.08,18.752,0
2024-02-09 04:30,3.9,5.06,1,0.0375,0.08,18.641,0
2024-02-09 05:00,4.1,4.33,1,0.0375,0.08,18.532,0
2024-02-09 05:30,4.25,3.31,1,0.0375,0.08,18.426,0
2024-02-09 06:00,4.4,2.28,1,0.0375,0.08,18.321,0
2024-02-09 06:30,4.4,1.69,1,0.0375,0.08,18.217,0
2024-02-09 07:00,4.4,1.11,1,0.975,12.08,18.89,1
2024-02-09 07:30,4.4,0.99,1,1.1,12.08,19.567,1
2024-02-09 08:00,4.4,0.86,1,0.0375,9.274021,20.0,1
2024-02-09 08:30,4.45,1.26,0,0.0375,0.08,19.883,0
2024-02-09 09:00,4.5,1.67,0,0.0375,0.08,19.768,0
2024-02-09 09:30,4.6,1.96,0,0.0375,0.08,19.655,0
2024-02-09 10:00,4.7,2.25,0,0.0375,0.08,19.543,0
2024-02-09 10:30,4.8,2.29,0,0.0375,0.08,19.432,0
2024-02-09 11:00,4.9,2.33,0,0.0375,0.08,19.324,0
2024-02-09 11:30,5.05,2.38,0,0.0375,0.08,19.217,0
2024-02-09 12:00,5.2,2.42,0,0.0375,0.08,19.112,0
2024-02-09 12:30,6.15,2.24,0,0.0375,0.08,19.015,0
2024-02-09 13:00,7.1,2.06,0,0.0375,0.08,18.927,0
2024-02-09 13:30,7.15,2.32,0,0.0375,0.08,18.839,0
2024-02-09 14:00,7.2,2.58,0,0.0375,0.08,18.752,0
2024-02-09 14:30,7.1,2.76,0,0.0375,0.08,18.666,0
2024-02-09 15:00,7.0,2.94,0,0.0375,0.08,18.579,0
2024-02-09 15:30,6.85,2.43,0,0.0375,0.08,18.492,0
2024-02-09 16:00,6.7,1.92,0,0.0375,0.08,18.404,0
2024-02-09 16:30,6.5,1.46,0,0.0375,0.08,18.315,0
2024-02-09 17:00,6.3,1.0,0,0.0375,0.08,18.226,0
2024-02-09 17:30,6.15,0.9,1,0.1625,12.08,18.858,1
2024-02-09 18:00,6.0,0.81,1,1.0875,12.08,19.546,1
2024-02-09 18:30,5.8,0.54,1,1.0875,8.250477,20.0,1
2024-02-09 19:00,5.6,0.28,1,0.0375,1.890546,20.0,1
2024-02-09 19:30,5.6,0.54,1,0.1625,1.750097,20.0,1
2024-02-09 20:00,5.6,0.81,1,0.1625,1.750097,20.0,1
2024-02-09 20:30,5.5,1.08,1,0.1625,1.762963,20.0,1
2024-02-09 21:00,5.4,1.36,1,1.4125,0.371334,20.0,1
2024-02-09 21:30,5.25,1.61,1,0.975,0.882206,20.0,1
2024-02-09 22:00,5.1,1.86,1,0.975,0.901505,20.0,1
2024-02-09 22:30,5.05,1.88,1,0.0375,1.961309,20.0,1
2024-02-09 23:00,5.0,1.89,1,0.0375,0.08,19.888,0
2024-02-09 23:30,4.75,2.07,1,1.2875,0.08,19.858,0
2024-02-10 00:00,4.5,2.25,1,0.0375,0.08,19.743,0
2024-02-10 00:30,4.75,2.53,1,0.0375,0.08,19.631,0
2024-02-10 01:00,5.0,2.81,1,0.0375,0.08,19.521,0
2024-02-10 01:30,5.85,2.26,1,0.0375,0.08,19.419,0
2024-02-10 02:00,6.7,1.72,1,0.0375,0.08,19.324,0
2024-02-10 02:30,6.25,1.67,1,0.0375,0.08,19.227,0
2024-02-10 03:00,5.8,1.61,1,0.0375,0.08,19.126,0
2024-02-10 03:30,4.85,1.65,1,0.0375,0.08,19.02,0
2024-02-10 04:00,3.9,1.69,1,0.0375,0.08,18.906,0
2024-02-10 04:30,3.1,1.74,1,0.0375,0.08,18.788,0
2024-02-10 05:00,2.3,1.78,1,0.0375,0.08,18.664,0
2024-02-10 05:30,1.9,1.62,1,0.0375,0.08,18.538,0
2024-02-10 06:00,1.5,1.47,1,0.0375,0.08,18.41,0
2024-02-10 06:30,1.15,1.24,1,0.0375,0.08,18.281,0
2024-02-10 07:00,0.8,1.0,1,0.0375,12.08,18.863,1
2024-02-10 07:30,1.1,1.08,1,0.0375,12.08,19.444,1
2024-02-10 08:00,1.4,1.17,1,0.1625,11.566625,20.0,1
2024-02-10 08:30,2.15,0.65,1,0.0375,0.08,19.866,0
2024-02-10 09:00,2.9,0.14,1,0.0375,0.08,19.739,0
2024-02-10 09:30,3.45,0.69,1,1.920833,0.08,19.742,0
2024-02-10 10:00,4.0,1.25,1,0.870833,0.08,19.68,0
2024-02-10 10:30,4.35,1.24,1,0.870833,0.08,19.621,0
2024-02-10 11:00,4.7,1.22,1,0.0375,0.08,19.509,0
2024-02-10 11:30,4.85,1.28,1,0.0375,0.08,19.399,0
2024-02-10 12:00,5.0,1.33,1,0.1625,0.08,19.3,0
2024-02-10 12:30,5.65,1.42,1,0.975,0.08,19.261,0
2024-02-10 13:00,6.3,1.5,1,0.975,0.08,19.227,0
2024-02-10 13:30,6.65,1.6,1,0.1625,0.08,19.141,0
2024-02-10 14:00,7.0,1.69,1,0.0375,0.08,19.051,0
2024-02-10 14:30,7.25,1.71,1,0.1625,0.08,18.971,0
2024-02-10 15:00,7.5,1.72,1,0.0375,0.08,18.886,0
2024-02-10 15:30,7.5,1.82,1,0.1625,0.08,18.81,0
2024-02-10 16:00,7.5,1.92,1,0.0375,0.08,18.726,0
2024-02-10 16:30,7.3,2.1,1,1.0875,0.08,18.711,0
2024-02-10 17:00,7.1,2.28,1,0.0375,0.08,18.625,0
2024-02-10 17:30,7.05,2.1,1,0.0375,12.08,19.253,1
2024-02-10 18:00,7.0,1.92,1,0.1625,12.08,19.883,1
2024-02-10 18:30,7.1,1.81,1,0.0375,3.640974,20.0,1
2024-02-10 19:00,7.2,1.69,1,0.0375,1.684693,20.0,1
2024-02-10 19:30,7.0,1.75,1,2.5375,0.08,20.07,0
2024-02-10 20:00,6.8,1.81,1,0.0375,0.566613,20.0,1
2024-02-10 20:30,6.75,1.58,1,0.0375,1.742589,20.0,1
2024-02-10 21:00,6.7,1.36,1,0.0375,1.749022,20.0,1
2024-02-10 21:30,6.5,1.28,1,1.2875,0.370259,20.0,1
2024-02-10 22:00,6.3,1.19,1,0.975,0.747115,20.0,1
2024-02-10 22:30,6.25,1.07,1,0.975,0.753548,20.0,1
2024-02-10 23:00,6.2,0.94,1,0.0375,0.08,19.897,0
2024-02-10 23:30,6.2,1.12,1,0.0375,0.08,19.795,0
2024-02-11 00:00,6.2,1.31,1,0.0375,0.08,19.693,0
2024-02-11 00:30,6.1,1.32,1,0.0375,0.08,19.591,0
2024-02-11 01:00,6.0,1.33,1,0.0375,0.08,19.49,0
2024-02-11 01:30,5.95,1.65,1,0.0375,0.08,19.389,0
2024-02-11 02:00,5.9,1.97,1,0.0375,0.08,19.288,0
2024-02-11 02:30,5.8,1.83,1,0.0375,0.08,19.187,0
2024-02-11 03:00,5.7,1.69,1,0.0375,0.08,19.087,0
2024-02-11 03:30,5.6,1.81,1,0.0375,0.08,18.986,0
2024-02-11 04:00,5.5,1.92,1,0.0375,0.08,18.885,0
2024-02-11 04:30,5.55,2.06,1,0.0375,0.08,18.786,0
2024-02-11 05:00,5.6,2.19,1,0.0375,0.08,18.687,0
2024-02-11 05:30,5.65,2.35,1,0.0375,0.08,18.59,0
2024-02-11 06:00,5.7,2.5,1,0.0375,0.08,18.494,0
2024-02-11 06:30,5.65,2.92,1,0.0375,0.08,18.398,0
2024-02-11 07:00,5.6,3.33,1,0.0375,12.08,19.016,1
2024-02-11 07:30,5.7,3.38,1,0.0375,12.08,19.631,1
2024-02-11 08:00,5.8,3.42,1,0.0375,8.021648,20.0,1
2024-02-11 08:30,6.0,3.42,1,0.1625,0.08,19.904,0
2024-02-11 09:00,6.2,3.42,1,1.3375,0.08,19.888,0
2024-02-11 09:30,6.45,3.36,1,2.5875,0.08,19.958,0
2024-02-11 10:00,6.7,3.31,1,0.0375,0.08,19.859,0
2024-02-11 10:30,7.1,3.68,1,0.0375,0.08,19.764,0
2024-02-11 11:00,7.5,4.06,1,0.0375,0.08,19.673,0
2024-02-11 11:30,7.7,5.25,1,0.0375,0.08,19.584,0
2024-02-11 12:00,7.9,6.44,1,0.0375,0.08,19.497,0
2024-02-11 12:30,8.35,6.12,1,0.0375,0.08,19.414,0
2024-02-11 13:00,8.8,5.81,1,0.1625,0.08,19.344,0
2024-02-11 13:30,9.15,6.12,1,0.0375,0.08,19.268,0
2024-02-11 14:00,9.5,6.44,1,0.0375,0.08,19.196,0
2024-02-11 14:30,9.3,6.42,1,1.4125,0.08,19.214,0
2024-02-11 15:00,9.1,6.39,1,0.0375,0.08,19.14,0
2024-02-11 15:30,8.7,5.76,1,0.0375,0.08,19.062,0
2024-02-11 16:00,8.3,5.14,1,1.0875,0.08,19.052,0
2024-02-11 16:30,7.5,4.97,1,1.4125,0.08,19.058,0
2024-02-11 17:00,6.7,4.81,1,0.0375,0.08,18.966,0
2024-02-11 17:30,6.5,4.92,1,0.0375,12.08,19.587,1
2024-02-11 18:00,6.3,5.03,1,0.0375,8.683043,20.0,1
2024-02-11 18:30,5.95,4.92,1,0.0375,1.845516,20.0,1
2024-02-11 19:00,5.6,4.81,1,0.870833,0.954217,20.0,1
2024-02-11 19:30,5.45,4.86,1,0.870833,0.973516,20.0,1
2024-02-11 20:00,5.3,4.92,1,0.995833,0.852365,20.0,1
2024-02-11 20:30,5.55,5.01,1,0.0375,1.896979,20.0,1
2024-02-11 21:00,5.8,5.11,1,0.0375,1.864815,20.0,1
2024-02-11 21:30,5.55,4.68,1,0.1625,1.75653,20.0,1
2024-02-11 22:00,5.3,4.25,1,1.0875,0.749369,20.0,1
2024-02-11 22:30,5.05,4.08,1,0.975,0.907938,20.0,1
2024-02-11 23:00,4.8,3.92,1,0.975,0.08,19.949,0
2024-02-11 23:30,4.45,3.49,1,0.0375,0.08,19.833,0
2024-02-12 00:00,4.1,3.06,1,0.0375,0.08,19.715,0
2024-02-12 00:30,3.95,3.03,1,0.0375,0.08,19.597,0
2024-02-12 01:00,3.8,3.0,1,1.2875,0.08,19.562,0
2024-02-12 01:30,3.65,3.14,1,0.0375,0.08,19.443,0
2024-02-12 02:00,3.5,3.28,1,0.0375,0.08,19.323,0
2024-02-12 02:30,3.4,3.51,1,1.2875,0.08,19.287,0
2024-02-12 03:00,3.3,3.75,1,1.2875,0.08,19.251,0
2024-02-12 03:30,3.3,4.17,1,0.0375,0.08,19.131,0
2024-02-12 04:00,3.3,4.58,1,0.0375,0.08,19.013,0
2024-02-12 04:30,3.3,4.71,1,0.0375,0.08,18.895,0
2024-02-12 05:00,3.3,4.83,1,0.0375,0.08,18.778,0
2024-02-12 05:30,3.05,4.62,1,0.0375,0.08,18.66,0
2024-02-12 06:00,2.8,4.42,1,0.0375,0.08,18.541,0
2024-02-12 06:30,2.75,4.08,1,0.0375,0.08,18.423,0
2024-02-12 07:00,2.7,3.75,1,0.870833,12.08,19.075,1
2024-02-12 07:30,2.7,3.47,1,0.870833,12.08,19.721,1
2024-02-12 08:00,2.7,3.19,1,0.870833,5.974202,20.0,1
2024-02-12 08:30,3.55,3.58,0,0.0375,0.08,19.877,0
2024-02-12 09:00,4.4,3.97,0,0.0375,0.08,19.761,0
2024-02-12 09:30,4.95,4.35,0,0.0375,0.08,19.65,0
2024-02-12 10:00,5.5,4.72,0,0.0375,0.08,19.544,0
2024-02-12 10:30,5.95,4.83,0,0.0375,0.08,19.442,0
2024-02-12 11:00,6.4,4.94,0,0.0375,0.08,19.345,0
2024-02-12 11:30,6.95,5.35,0,0.0375,0.08,19.253,0
2024-02-12 12:00,7.5,5.75,0,0.0375,0.08,19.165,0
2024-02-12 12:30,7.65,5.71,0,0.0375,0.08,19.08,0
2024-02-12 13:00,7.8,5.67,0,0.0375,0.08,18.996,0
2024-02-12 13:30,7.85,5.74,0,0.0375,0.08,18.913,0
2024-02-12 14:00,7.9,5.81,0,0.0375,0.08,18.831,0
2024-02-12 14:30,8.0,5.86,0,0.0375,0.08,18.751,0
2024-02-12 15:00,8.1,5.92,0,0.0375,0.08,18.672,0
2024-02-12 15:30,7.8,5.86,0,0.0375,0.08,18.591,0
2024-02-12 16:00,7.5,5.81,0,0.0375,0.08,18.509,0
2024-02-12 16:30,7.0,5.74,0,0.0375,0.08,18.423,0
2024-02-12 17:00,6.5,5.67,0,0.0375,0.08,18.334,0
2024-02-12 17:30,6.55,5.78,1,0.2875,12.08,18.977,1
2024-02-12 18:00,6.6,5.89,1,0.0375,12.08,19.599,1
2024-02-12 18:30,6.7,5.97,1,0.0375,8.437877,20.0,1
2024-02-12 19:00,6.8,6.06,1,1.2125,0.415932,20.0,1
2024-02-12 19:30,6.55,6.25,1,0.0375,1.768321,20.0,1
2024-02-12 20:00,6.3,6.44,1,0.1625,1.660036,20.0,1
2024-02-12 20:30,6.4,6.76,1,2.3875,0.08,20.055,0
2024-02-12 21:00,6.5,7.08,1,1.3375,0.08,20.041,0
2024-02-12 21:30,6.4,6.64,1,0.1625,0.960854,20.0,1
2024-02-12 22:00,6.3,6.19,1,0.975,0.747115,20.0,1
2024-02-12 22:30,6.35,6.06,1,1.1,0.600232,20.0,1
2024-02-12 23:00,6.4,5.92,1,0.0375,0.08,19.898,0
2024-02-12 23:30,6.5,5.67,1,0.0375,0.08,19.798,0
2024-02-13 00:00,6.6,5.42,1,0.0375,0.08,19.7,0
2024-02-13 00:30,6.35,4.67,1,0.0375,0.08,19.6,0
2024-02-13 01:00,6.1,3.92,1,0.0375,0.08,19.499,0
2024-02-13 01:30,6.15,3.56,1,0.0375,0.08,19.4,0
2024-02-13 02:00,6.2,3.19,1,0.0375,0.08,19.301,0
2024-02-13 02:30,6.0,3.14,1,0.0375,0.08,19.202,0
2024-02-13 03:00,5.8,3.08,1,0.0375,0.08,19.102,0
2024-02-13 03:30,6.0,3.29,1,0.0375,0.08,19.004,0
2024-02-13 04:00,6.2,3.5,1,0.0375,0.08,18.909,0
2024-02-13 04:30,6.15,3.43,1,0.0375,0.08,18.813,0
2024-02-13 05:00,6.1,3.36,1,0.0375,0.08,18.719,0
2024-02-13 05:30,6.05,3.54,1,0.0375,0.08,18.624,0
2024-02-13 06:00,6.0,3.72,1,0.0375,0.08,18.53,0
2024-02-13 06:30,5.55,3.68,1,0.0375,0.08,18.433,0
2024-02-13 07:00,5.1,3.64,1,1.2875,12.08,19.131,1
2024-02-13 07:30,4.9,3.71,1,0.0375,12.08,19.739,1
2024-02-13 08:00,4.7,3.78,1,0.0375,6.367853,20.0,1
2024-02-13 08:30,5.45,3.79,0,0.0375,0.08,19.891,0
2024-02-13 09:00,6.2,3.81,0,0.0375,0.08,19.789,0
2024-02-13 09:30,6.65,4.0,0,0.0375,0.08,19.691,0
2024-02-13 10:00,7.1,4.19,0,0.0375,0.08,19.597,0
2024-02-13 10:30,7.5,4.33,0,0.0375,0.08,19.507,0
2024-02-13 11:00,7.9,4.47,0,0.0375,0.08,19.421,0
2024-02-13 11:30,8.15,4.58,0,0.0375,0.08,19.337,0
2024-02-13 12:00,8.4,4.69,0,0.0375,0.08,19.256,0
2024-02-13 12:30,8.8,4.86,0,0.0375,0.08,19.178,0
2024-02-13 13:00,9.2,5.03,0,0.0375,0.08,19.104,0
2024-02-13 13:30,8.85,4.93,0,0.0375,0.08,19.028,0
2024-02-13 14:00,8.5,4.83,0,0.0375,0.08,18.95,0
2024-02-13 14:30,8.25,4.53,0,0.0375,0.08,18.871,0
2024-02-13 15:00,8.0,4.22,0,0.0375,0.08,18.79,0
2024-02-13 15:30,7.8,3.75,0,0.0375,0.08,18.708,0
2024-02-13 16:00,7.6,3.28,0,0.0375,0.08,18.626,0
2024-02-13 16:30,7.4,3.01,0,0.0375,0.08,18.542,0
2024-02-13 17:00,7.2,2.75,0,0.0375,0.08,18.458,0
2024-02-13 17:30,7.05,2.61,1,1.0875,12.08,19.157,1
2024-02-13 18:00,6.9,2.47,1,0.0375,12.08,19.78,1
2024-02-13 18:30,6.9,2.47,1,0.2875,5.111815,20.0,1
2024-02-13 19:00,6.9,2.47,1,0.0375,1.72329,20.0,1
2024-02-13 19:30,6.85,2.28,1,0.0375,1.729723,20.0,1
2024-02-13 20:00,6.8,2.08,1,2.025,0.08,20.034,0
2024-02-13 20:30,6.2,1.96,1,1.808333,0.08,20.049,0
2024-02-13 21:00,5.6,1.83,1,0.870833,0.131639,20.0,1
2024-02-13 21:30,5.7,1.51,1,2.058333,0.08,20.028,0
2024-02-13 22:00,5.8,1.19,1,1.1,0.201696,20.0,1
2024-02-13 22:30,5.95,1.29,1,0.1625,1.705067,20.0,1
2024-02-13 23:00,6.1,1.39,1,1.2875,0.08,19.98,0
2024-02-13 23:30,6.15,1.04,1,1.2875,0.08,19.96,0
2024-02-14 00:00,6.2,0.69,1,0.0375,0.08,19.857,0
2024-02-14 00:30,6.65,0.81,1,0.0375,0.08,19.758,0
2024-02-14 01:00,7.1,0.92,1,0.0375,0.08,19.664,0
2024-02-14 01:30,7.7,1.18,1,0.0375,0.08,19.575,0
2024-02-14 02:00,8.3,1.44,1,0.0375,0.08,19.491,0
2024-02-14 02:30,8.5,1.62,1,0.0375,0.08,19.41,0
2024-02-14 03:00,8.7,1.81,1,0.0375,0.08,19.33,0
2024-02-14 03:30,8.55,1.82,1,0.0375,0.08,19.25,0
2024-02-14 04:00,8.4,1.83,1,1.2875,0.08,19.253,0
2024-02-14 04:30,8.85,2.28,1,0.0375,0.08,19.176,0
2024-02-14 05:00,9.3,2.72,1,0.0375,0.08,19.103,0
2024-02-14 05:30,9.5,3.06,1,1.2875,0.08,19.116,0
2024-02-14 06:00,9.7,3.39,1,0.0375,0.08,19.046,0
2024-02-14 06:30,10.0,3.65,1,0.0375,0.08,18.979,0
2024-02-14 07:00,10.3,3.92,1,0.1625,12.08,19.638,1
2024-02-14 07:30,10.35,3.78,1,1.9125,5.21842,20.0,1
2024-02-14 08:00,10.4,3.64,1,2.9625,0.08,20.125,0
2024-02-14 08:30,10.8,3.82,0,0.0375,0.08,20.056,0
2024-02-14 09:00,11.2,4.0,0,0.0375,0.08,19.99,0
2024-02-14 09:30,11.45,4.01,0,0.0375,0.08,19.928,0
2024-02-14 10:00,11.7,4.03,0,0.0375,0.08,19.867,0
2024-02-14 10:30,12.15,4.26,0,0.0375,0.08,19.811,0
2024-02-14 11:00,12.6,4.5,0,0.0375,0.08,19.758,0
2024-02-14 11:30,13.0,4.67,0,0.0375,0.08,19.709,0
2024-02-14 12:00,13.4,4.83,0,0.0375,0.08,19.663,0
2024-02-14 12:30,13.65,5.17,0,0.0375,0.08,19.619,0
2024-02-14 13:00,13.9,5.5,0,0.0375,0.08,19.578,0
2024-02-14 13:30,13.6,5.0,0,0.0375,0.08,19.535,0
2024-02-14 14:00,13.3,4.5,0,0.0375,0.08,19.49,0
2024-02-14 14:30,13.35,4.35,0,0.0375,0.08,19.445,0
2024-02-14 15:00,13.4,4.19,0,0.0375,0.08,19.401,0
2024-02-14 15:30,13.3,3.83,0,0.0375,0.08,19.357,0
2024-02-14 16:00,13.2,3.47,0,0.0375,0.08,19.313,0
2024-02-14 16:30,12.95,3.4,0,0.0375,0.08,19.266,0
2024-02-14 17:00,12.7,3.33,0,0.0375,0.08,19.219,0
2024-02-14 17:30,12.4,3.1,1,0.1625,12.08,19.891,1
2024-02-14 18:00,12.1,2.86,1,1.3375,1.409304,20.0,1
2024-02-14 18:30,11.95,3.06,1,2.7125,0.08,20.12,0
2024-02-14 19:00,11.8,3.25,1,0.0375,0.08,20.059,0
2024-02-14 19:30,11.6,3.32,1,1.0875,0.08,20.066,0
2024-02-14 20:00,11.4,3.39,1,0.0375,0.08,20.003,0
2024-02-14 20:30,11.4,3.99,1,0.0375,1.100112,20.0,1
2024-02-14 21:00,11.4,4.58,1,0.0375,1.144328,20.0,1
2024-02-14 21:30,11.5,4.24,1,0.1625,0.991012,20.0,1
2024-02-14 22:00,11.6,3.89,1,0.0375,1.118596,20.0,1
2024-02-14 22:30,11.4,4.08,1,0.2875,0.863429,20.0,1
2024-02-14 23:00,11.2,4.28,1,0.0375,0.08,19.935,0
2024-02-14 23:30,11.15,4.32,1,0.0375,0.08,19.87,0
2024-02-15 00:00,11.1,4.36,1,0.0375,0.08,19.806,0
2024-02-15 00:30,11.35,4.43,1,0.0375,0.08,19.744,0
2024-02-15 01:00,11.6,4.5,1,1.2875,0.08,19.767,0
2024-02-15 01:30,11.55,4.96,1,0.0375,0.08,19.707,0
2024-02-15 02:00,11.5,5.42,1,0.0375,0.08,19.647,0
2024-02-15 02:30,11.5,5.21,1,0.0375,0.08,19.587,0
2024-02-15 03:00,11.5,5.0,1,0.0375,0.08,19.527,0
2024-02-15 03:30,11.45,4.86,1,1.2875,0.08,19.552,0
2024-02-15 04:00,11.4,4.72,1,0.0375,0.08,19.492,0
2024-02-15 04:30,11.35,4.6,1,0.0375,0.08,19.432,0
2024-02-15 05:00,11.3,4.47,1,0.0375,0.08,19.372,0
2024-02-15 05:30,11.25,4.82,1,0.0375,0.08,19.313,0
2024-02-15 06:00,11.2,5.17,1,0.0375,0.08,19.253,0
2024-02-15 06:30,11.25,5.29,1,0.0375,0.08,19.194,0
2024-02-15 07:00,11.3,5.42,1,0.0375,12.08,19.85,1
2024-02-15 07:30,11.4,5.61,1,2.15,1.270116,20.0,1
2024-02-15 08:00,11.5,5.81,1,0.975,0.08,20.0,0
2024-02-15 08:30,12.2,5.9,0,0.0375,0.08,19.943,0
2024-02-15 09:00,12.9,6.0,0,0.0375,0.08,19.892,0
2024-02-15 09:30,13.35,5.82,0,0.0375,0.08,19.844,0
2024-02-15 10:00,13.8,5.64,0,0.0375,0.08,19.8,0
2024-02-15 10:30,14.25,5.64,0,0.0375,0.08,19.76,0
2024-02-15 11:00,14.7,5.64,0,0.0375,0.08,19.724,0
2024-02-15 11:30,14.6,5.28,0,0.0375,0.08,19.687,0
2024-02-15 12:00,14.5,4.92,0,0.0375,0.08,19.65,0
2024-02-15 12:30,15.45,5.04,0,0.0375,0.08,19.62,0
2024-02-15 13:00,16.4,5.17,0,0.0375,0.08,19.598,0
2024-02-15 13:30,16.4,5.24,0,0.0375,0.08,19.576,0
2024-02-15 14:00,16.4,5.31,0,0.0375,0.08,19.555,0
2024-02-15 14:30,16.3,5.28,0,0.0375,0.08,19.532,0
2024-02-15 15:00,16.2,5.25,0,0.0375,0.08,19.509,0
2024-02-15 15:30,15.65,4.74,0,0.0375,0.08,19.482,0
2024-02-15 16:00,15.1,4.22,0,0.0375,0.08,19.451,0
2024-02-15 16:30,14.55,4.06,0,0.0375,0.08,19.416,0
2024-02-15 17:00,14.0,3.89,0,0.0375,0.08,19.377,0
2024-02-15 17:30,13.8,3.74,1,0.0375,11.225707,20.0,1
2024-02-15 18:00,13.6,3.58,1,2.170833,0.08,20.096,0
2024-02-15 18:30,13.4,3.69,1,3.233333,0.08,20.261,0
2024-02-15 19:00,13.2,3.81,1,3.058333,0.08,20.411,0
2024-02-15 19:30,13.25,3.78,1,0.0375,0.08,20.359,0
2024-02-15 20:00,13.3,3.75,1,0.1625,0.08,20.316,0
2024-02-15 20:30,13.15,3.47,1,0.0375,0.08,20.264,0
2024-02-15 21:00,13.0,3.19,1,0.0375,0.08,20.21,0
2024-02-15 21:30,12.65,3.44,1,0.2875,0.08,20.172,0
2024-02-15 22:00,12.3,3.69,1,1.2125,0.08,20.193,0
2024-02-15 22:30,11.85,3.53,1,0.0375,0.08,20.131,0
2024-02-15 23:00,11.4,3.36,1,0.0375,0.08,20.067,0
2024-02-15 23:30,11.2,3.74,1,0.0375,0.08,20.002,0
2024-02-16 00:00,11.0,4.11,1,0.0375,0.08,19.935,0
2024-02-16 00:30,11.0,4.21,1,0.0375,0.08,19.869,0
2024-02-16 01:00,11.0,4.31,1,0.0375,0.08,19.804,0
2024-02-16 01:30,10.8,3.96,1,0.0375,0.08,19.738,0
2024-02-16 02:00,10.6,3.61,1,0.0375,0.08,19.67,0
2024-02-16 02:30,10.5,3.82,1,0.0375,0.08,19.602,0
2024-02-16 03:00,10.4,4.03,1,0.0375,0.08,19.534,0
2024-02-16 03:30,10.35,4.17,1,0.0375,0.08,19.467,0
2024-02-16 04:00,10.3,4.31,1,0.0375,0.08,19.399,0
2024-02-16 04:30,10.0,4.0,1,0.0375,0.08,19.33,0
2024-02-16 05:00,9.7,3.69,1,0.0375,0.08,19.258,0
2024-02-16 05:30,9.45,3.85,1,0.0375,0.08,19.186,0
2024-02-16 06:00,9.2,4.0,1,0.0375,0.08,19.112,0
2024-02-16 06:30,9.0,3.9,1,0.0375,0.08,19.037,0
2024-02-16 07:00,8.8,3.81,1,1.2125,12.08,19.754,1
2024-02-16 07:30,8.9,3.81,1,1.2875,4.171402,20.0,1
2024-02-16 08:00,9.0,3.81,1,0.2875,1.172209,20.0,1
2024-02-16 08:30,9.45,3.92,0,0.0375,0.08,19.922,0
2024-02-16 09:00,9.9,4.03,0,0.0375,0.08,19.848,0
2024-02-16 09:30,10.2,4.17,0,0.0375,0.08,19.776,0
2024-02-16 10:00,10.5,4.31,0,0.0375,0.08,19.708,0
2024-02-16 10:30,10.75,4.92,0,0.0375,0.08,19.642,0
2024-02-16 11:00,11.0,5.53,0,0.0375,0.08,19.578,0
2024-02-16 11:30,11.25,5.71,0,0.0375,0.08,19.517,0
2024-02-16 12:00,11.5,5.89,0,0.0375,0.08,19.458,0
2024-02-16 12:30,11.8,6.15,0,0.0375,0.08,19.402,0
2024-02-16 13:00,12.1,6.42,0,0.0375,0.08,19.348,0
2024-02-16 13:30,11.8,6.01,0,0.0375,0.08,19.293,0
2024-02-16 14:00,11.5,5.61,0,0.0375,0.08,19.236,0
2024-02-16 14:30,11.45,5.57,0,0.0375,0.08,19.179,0
2024-02-16 15:00,11.4,5.53,0,0.0375,0.08,19.122,0
2024-02-16 15:30,11.15,5.32,0,0.0375,0.08,19.063,0
2024-02-16 16:00,10.9,5.11,0,0.0375,0.08,19.003,0
2024-02-16 16:30,10.65,4.82,0,0.0375,0.08,18.942,0
2024-02-16 17:00,10.4,4.53,0,0.0375,0.08,18.879,0
2024-02-16 17:30,10.25,4.49,1,0.0375,12.08,19.529,1
2024-02-16 18:00,10.1,4.44,1,0.0375,9.160104,20.0,1
2024-02-16 18:30,10.0,4.0,1,0.0375,1.324449,20.0,1
2024-02-16 19:00,9.9,3.56,1,1.2125,0.08,20.004,0
2024-02-16 19:30,9.8,3.25,1,0.1625,1.147304,20.0,1
2024-02-16 20:00,9.7,2.94,1,0.0375,1.363047,20.0,1
2024-02-16 20:30,9.6,2.68,1,0.0375,1.375913,20.0,1
2024-02-16 21:00,9.5,2.42,1,0.0375,1.388779,20.0,1
2024-02-16 21:30,9.4,2.06,1,0.1625,1.261195,20.0,1
2024-02-16 22:00,9.3,1.69,1,3.475,0.08,20.15,0
2024-02-16 22:30,9.2,1.76,1,0.975,0.08,20.132,0
2024-02-16 23:00,9.1,1.83,1,0.0375,0.08,20.05,0
2024-02-16 23:30,9.1,1.79,1,0.0375,0.08,19.969,0
2024-02-17 00:00,9.1,1.75,1,0.0375,0.08,19.888,0
2024-02-17 00:30,9.4,1.47,1,0.0375,0.08,19.81,0
2024-02-17 01:00,9.7,1.19,1,0.0375,0.08,19.735,0
2024-02-17 01:30,9.5,1.22,1,0.0375,0.08,19.659,0
2024-02-17 02:00,9.3,1.25,1,0.0375,0.08,19.583,0
2024-02-17 02:30,8.85,1.53,1,1.2875,0.08,19.586,0
2024-02-17 03:00,8.4,1.81,1,0.0375,0.08,19.503,0
2024-02-17 03:30,7.65,1.9,1,0.0375,0.08,19.415,0
2024-02-17 04:00,6.9,2.0,1,0.0375,0.08,19.322,0
2024-02-17 04:30,7.2,2.0,1,0.0375,0.08,19.232,0
2024-02-17 05:00,7.5,2.0,1,0.0375,0.08,19.144,0
2024-02-17 05:30,7.9,1.92,1,0.0375,0.08,19.061,0
2024-02-17 06:00,8.3,1.83,1,0.0375,0.08,18.981,0
2024-02-17 06:30,8.05,2.33,1,0.0375,0.08,18.9,0
2024-02-17 07:00,7.8,2.83,1,0.0375,12.08,19.531,1
2024-02-17 07:30,8.15,3.37,1,0.0375,9.382828,20.0,1
2024-02-17 08:00,8.5,3.92,1,0.0375,1.517437,20.0,1
2024-02-17 08:30,8.9,4.21,1,1.2875,0.08,20.001,0
2024-02-17 09:00,9.3,4.5,1,0.0375,0.08,19.922,0
2024-02-17 09:30,9.7,4.4,1,0.0375,0.08,19.846,0
2024-02-17 10:00,10.1,4.31,1,0.0375,0.08,19.774,0
2024-02-17 10:30,10.4,4.01,1,1.4125,0.08,19.797,0
2024-02-17 11:00,10.7,3.72,1,0.1625,0.08,19.738,0
2024-02-17 11:30,11.55,3.93,1,0.0375,0.08,19.678,0
2024-02-17 12:00,12.4,4.14,1,0.0375,0.08,19.624,0
2024-02-17 12:30,12.95,4.94,1,0.0375,0.08,19.576,0
2024-02-17 13:00,13.5,5.75,1,0.0375,0.08,19.532,0
2024-02-17 13:30,13.25,5.64,1,0.0375,0.08,19.486,0
2024-02-17 14:00,13.0,5.53,1,0.0375,0.08,19.439,0
2024-02-17 14:30,12.9,5.87,1,0.0375,0.08,19.392,0
2024-02-17 15:00,12.8,6.22,1,0.1625,0.08,19.352,0
2024-02-17 15:30,13.0,5.92,1,0.0375,0.08,19.306,0
2024-02-17 16:00,13.2,5.61,1,0.0375,0.08,19.262,0
2024-02-17 16:30,12.7,5.86,1,0.0375,0.08,19.214,0
2024-02-17 17:00,12.2,6.11,1,0.1625,0.08,19.171,0
2024-02-17 17:30,12.1,6.46,1,0.1625,12.08,19.842,1
2024-02-17 18:00,12.0,6.81,1,0.0375,3.706722,20.0,1
2024-02-17 18:30,11.95,6.69,1,0.0375,1.073565,20.0,1
2024-02-17 19:00,11.9,6.58,1,1.0875,0.08,20.011,0
2024-02-17 19:30,11.95,6.5,1,0.0375,0.895165,20.0,1
2024-02-17 20:00,12.0,6.42,1,0.1625,0.926683,20.0,1
2024-02-17 20:30,12.05,6.22,1,0.975,0.08,20.004,0
2024-02-17 21:00,12.1,6.03,1,0.975,0.08,20.009,0
2024-02-17 21:30,12.05,5.85,1,0.870833,0.08,20.006,0
2024-02-17 22:00,12.0,5.67,1,1.920833,0.08,20.073,0
2024-02-17 22:30,12.05,5.43,1,0.870833,0.08,20.07,0
2024-02-17 23:00,12.1,5.19,1,0.0375,0.08,20.012,0
2024-02-17 23:30,12.1,4.75,1,0.0375,0.08,19.954,0
2024-02-18 00:00,12.1,4.31,1,0.0375,0.08,19.896,0
2024-02-18 00:30,12.1,4.67,1,0.0375,0.08,19.839,0
2024-02-18 01:00,12.1,5.03,1,0.0375,0.08,19.782,0
2024-02-18 01:30,12.15,4.96,1,0.0375,0.08,19.726,0
2024-02-18 02:00,12.2,4.89,1,0.0375,0.08,19.671,0
2024-02-18 02:30,12.05,4.38,1,0.0375,0.08,19.615,0
2024-02-18 03:00,11.9,3.86,1,0.0375,0.08,19.559,0
2024-02-18 03:30,11.7,3.43,1,0.0375,0.08,19.501,0
2024-02-18 04:00,11.5,3.0,1,0.0375,0.08,19.442,0
2024-02-18 04:30,11.55,3.07,1,0.0375,0.08,19.384,0
2024-02-18 05:00,11.6,3.14,1,0.0375,0.08,19.327,0
2024-02-18 05:30,11.45,3.42,1,0.0375,0.08,19.27,0
2024-02-18 06:00,11.3,3.69,1,0.0375,0.08,19.211,0
2024-02-18 06:30,11.15,3.9,1,0.0375,0.08,19.152,0
2024-02-18 07:00,11.0,4.11,1,0.0375,12.08,19.806,1
2024-02-18 07:30,10.95,4.14,1,0.0375,4.439095,20.0,1
2024-02-18 08:00,10.9,4.17,1,0.0375,1.208657,20.0,1
2024-02-18 08:30,10.85,4.24,1,0.0375,0.08,19.932,0
2024-02-18 09:00,10.8,4.31,1,0.0375,0.08,19.865,0
2024-02-18 09:30,11.05,4.9,1,0.0375,0.08,19.8,0
2024-02-18 10:00,11.3,5.5,1,1.2125,0.08,19.816,0
2024-02-18 10:30,11.5,5.47,1,0.0375,0.08,19.755,0
2024-02-18 11:00,11.7,5.44,1,0.0375,0.08,19.696,0
2024-02-18 11:30,12.05,6.03,1,0.0375,0.08,19.64,0
2024-02-18 12:00,12.4,6.61,1,1.4625,0.08,19.682,0
2024-02-18 12:30,12.6,6.88,1,1.3375,0.08,19.717,0
2024-02-18 13:00,12.8,7.14,1,1.0875,0.08,19.737,0
2024-02-18 13:30,12.9,7.31,1,0.0375,0.08,19.687,0
2024-02-18 14:00,13.0,7.47,1,0.0375,0.08,19.639,0
2024-02-18 14:30,12.9,7.32,1,0.0375,0.08,19.59,0
2024-02-18 15:00,12.8,7.17,1,0.0375,0.08,19.54,0
2024-02-18 15:30,12.5,6.36,1,0.0375,0.08,19.489,0
2024-02-18 16:00,12.2,5.56,1,0.0375,0.08,19.435,0
2024-02-18 16:30,11.55,5.19,1,0.870833,0.08,19.433,0
2024-02-18 17:00,10.9,4.83,1,0.870833,0.08,19.426,0
2024-02-18 17:30,10.25,5.01,1,0.870833,9.928185,20.0,1
2024-02-18 18:00,9.6,5.19,1,0.975,0.322542,20.0,1
2024-02-18 18:30,9.4,5.49,1,2.35,0.08,20.076,0
2024-02-18 19:00,9.2,5.78,1,0.0375,0.160478,20.0,1
2024-02-18 19:30,9.25,5.71,1,0.0375,1.420943,20.0,1
2024-02-18 20:00,9.3,5.64,1,1.4125,0.08,20.013,0
2024-02-18 20:30,9.4,5.38,1,0.0375,1.192822,20.0,1
2024-02-18 21:00,9.5,5.11,1,0.0375,1.388779,20.0,1
2024-02-18 21:30,9.35,4.71,1,0.1625,1.267628,20.0,1
2024-02-18 22:00,9.2,4.31,1,1.4125,0.08,20.012,0
2024-02-18 22:30,9.0,4.01,1,0.0375,1.257052,20.0,1
2024-02-18 23:00,8.8,3.72,1,0.0375,0.08,19.917,0
2024-02-18 23:30,8.6,3.69,1,0.0375,0.08,19.833,0
2024-02-19 00:00,8.4,3.67,1,0.0375,0.08,19.748,0
2024-02-19 00:30,8.35,3.37,1,0.0375,0.08,19.663,0
2024-02-19 01:00,8.3,3.08,1,1.2875,0.08,19.662,0
2024-02-19 01:30,8.0,2.71,1,0.0375,0.08,19.575,0
2024-02-19 02:00,7.7,2.33,1,0.0375,0.08,19.487,0
2024-02-19 02:30,7.95,2.53,1,0.0375,0.08,19.401,0
2024-02-19 03:00,8.2,2.72,1,0.0375,0.08,19.318,0
2024-02-19 03:30,8.55,3.47,1,0.0375,0.08,19.238,0
2024-02-19 04:00,8.9,4.22,1,0.0375,0.08,19.161,0
2024-02-19 04:30,8.8,4.61,1,0.0375,0.08,19.085,0
2024-02-19 05:00,8.7,5.0,1,0.0375,0.08,19.008,0
2024-02-19 05:30,8.65,5.4,1,0.0375,0.08,18.931,0
2024-02-19 06:00,8.6,5.81,1,1.2875,0.08,18.938,0
2024-02-19 06:30,8.85,5.78,1,0.0375,0.08,18.863,0
2024-02-19 07:00,9.1,5.75,1,0.2875,12.08,19.521,1
2024-02-19 07:30,9.25,6.15,1,1.4125,7.858438,20.0,1
2024-02-19 08:00,9.4,6.56,1,0.1625,1.261195,20.0,1
2024-02-19 08:30,9.5,6.82,0,0.0375,0.08,19.922,0
2024-02-19 09:00,9.6,7.08,0,0.0375,0.08,19.846,0
2024-02-19 09:30,9.9,7.42,0,0.0375,0.08,19.772,0
2024-02-19 10:00,10.2,7.75,0,0.0375,0.08,19.701,0
2024-02-19 10:30,10.55,7.64,0,0.0375,0.08,19.634,0
2024-02-19 11:00,10.9,7.53,0,0.0375,0.08,19.569,0
2024-02-19 11:30,11.15,7.42,0,0.0375,0.08,19.507,0
2024-02-19 12:00,11.4,7.31,0,0.0375,0.08,19.448,0
2024-02-19 12:30,11.4,7.5,0,0.0375,0.08,19.389,0
2024-02-19 13:00,11.4,7.69,0,0.0375,0.08,19.33,0
2024-02-19 13:30,11.35,7.99,0,0.0375,0.08,19.272,0
2024-02-19 14:00,11.3,8.28,0,0.0375,0.08,19.213,0
2024-02-19 14:30,11.1,7.89,0,0.0375,0.08,19.153,0
2024-02-19 15:00,10.9,7.5,0,0.0375,0.08,19.093,0
2024-02-19 15:30,10.6,6.76,0,0.0375,0.08,19.03,0
2024-02-19 16:00,10.3,6.03,0,0.0375,0.08,18.966,0
2024-02-19 16:30,9.8,5.49,0,0.0375,0.08,18.898,0
2024-02-19 17:00,9.3,4.94,0,0.0375,0.08,18.827,0
2024-02-19 17:30,8.75,4.78,1,0.0375,12.08,19.467,1
2024-02-19 18:00,8.2,4.61,1,0.0375,10.452191,20.0,1
2024-02-19 18:30,8.25,4.28,1,0.0375,1.549602,20.0,1
2024-02-19 19:00,8.3,3.94,1,0.1625,1.402719,20.0,1
2024-02-19 19:30,8.0,3.9,1,0.870833,0.645437,20.0,1
2024-02-19 20:00,7.7,3.86,1,0.870833,0.684034,20.0,1
2024-02-19 20:30,7.5,4.15,1,1.808333,0.08,20.025,0
2024-02-19 21:00,7.3,4.44,1,1.1,0.08,20.001,0
2024-02-19 21:30,7.45,4.54,1,1.0875,0.450568,20.0,1
2024-02-19 22:00,7.6,4.64,1,0.0375,1.63323,20.0,1
2024-02-19 22:30,7.95,4.78,1,1.0875,0.408424,20.0,1
2024-02-19 23:00,8.3,4.92,1,0.0375,0.08,19.913,0
2024-02-19 23:30,8.55,5.11,1,0.0375,0.08,19.828,0
2024-02-20 00:00,8.8,5.31,1,1.2875,0.08,19.83,0
2024-02-20 00:30,8.65,5.47,1,0.0375,0.08,19.747,0
2024-02-20 01:00,8.5,5.64,1,0.0375,0.08,19.663,0
2024-02-20 01:30,8.25,4.54,1,0.0375,0.08,19.579,0
2024-02-20 02:00,8.0,3.44,1,0.0375,0.08,19.493,0
2024-02-20 02:30,7.65,3.12,1,0.0375,0.08,19.404,0
2024-02-20 03:00,7.3,2.81,1,0.0375,0.08,19.314,0
2024-02-20 03:30,6.85,3.08,1,0.0375,0.08,19.221,0
2024-02-20 04:00,6.4,3.36,1,0.0375,0.08,19.126,0
2024-02-20 04:30,6.35,3.49,1,0.0375,0.08,19.03,0
2024-02-20 05:00,6.3,3.61,1,0.0375,0.08,18.935,0
2024-02-20 05:30,6.5,3.79,1,0.0375,0.08,18.843,0
2024-02-20 06:00,6.7,3.97,1,0.0375,0.08,18.752,0
2024-02-20 06:30,7.1,3.81,1,0.0375,0.08,18.666,0
2024-02-20 07:00,7.5,3.64,1,2.120833,12.08,19.436,1
2024-02-20 07:30,8.05,4.06,1,0.870833,10.048245,20.0,1
2024-02-20 08:00,8.6,4.47,1,0.870833,0.568242,20.0,1
2024-02-20 08:30,9.35,4.39,0,0.0375,0.08,19.921,0
2024-02-20 09:00,10.1,4.31,0,0.0375,0.08,19.848,0
2024-02-20 09:30,10.7,4.24,0,0.0375,0.08,19.781,0
2024-02-20 10:00,11.3,4.17,0,0.0375,0.08,19.718,0
2024-02-20 10:30,11.6,5.15,0,0.0375,0.08,19.659,0
2024-02-20 11:00,11.9,6.14,0,0.0375,0.08,19.602,0
2024-02-20 11:30,12.25,6.71,0,0.0375,0.08,19.548,0
2024-02-20 12:00,12.6,7.28,0,0.0375,0.08,19.497,0
2024-02-20 12:30,12.5,7.46,0,0.0375,0.08,19.446,0
2024-02-20 13:00,12.4,7.64,0,0.0375,0.08,19.395,0
2024-02-20 13:30,12.45,6.61,0,0.0375,0.08,19.344,0
2024-02-20 14:00,12.5,5.58,0,0.0375,0.08,19.294,0
2024-02-20 14:30,12.95,6.47,0,0.0375,0.08,19.248,0
2024-02-20 15:00,13.4,7.36,0,0.0375,0.08,19.206,0
2024-02-20 15:30,13.0,7.15,0,0.0375,0.08,19.161,0
2024-02-20 16:00,12.6,6.94,0,0.0375,0.08,19.113,0
2024-02-20 16:30,11.95,6.49,0,0.0375,0.08,19.061,0
2024-02-20 17:00,11.3,6.03,0,0.0375,0.08,19.004,0
2024-02-20 17:30,11.2,6.28,1,0.0375,12.08,19.661,1
2024-02-20 18:00,11.1,6.53,1,0.2875,6.558813,20.0,1
2024-02-20 18:30,11.05,6.06,1,1.2125,0.08,20.013,0
2024-02-20 19:00,11.0,5.58,1,0.0375,0.986538,20.0,1
2024-02-20 19:30,10.65,4.74,1,0.0375,1.240821,20.0,1
2024-02-20 20:00,10.3,3.89,1,0.0375,1.285852,20.0,1
2024-02-20 20:30,9.9,3.64,1,0.0375,1.337315,20.0,1
2024-02-20 21:00,9.5,3.39,1,2.025,0.08,20.055,0
2024-02-20 21:30,9.45,3.89,1,1.9125,0.08,20.102,0
2024-02-20 22:00,9.4,4.39,1,1.1,0.08,20.093,0
2024-02-20 22:30,9.1,4.32,1,0.2875,0.08,20.028,0
2024-02-20 23:00,8.8,4.25,1,0.0375,0.08,19.945,0
2024-02-20 23:30,8.65,3.46,1,1.2875,0.08,19.945,0
2024-02-21 00:00,8.5,2.67,1,0.0375,0.08,19.859,0
2024-02-21 00:30,8.4,2.25,1,0.0375,0.08,19.774,0
2024-02-21 01:00,8.3,1.83,1,0.0375,0.08,19.689,0
2024-02-21 01:30,7.8,2.69,1,0.0375,0.08,19.6,0
2024-02-21 02:00,7.3,3.56,1,1.2875,0.08,19.592,0
2024-02-21 02:30,7.7,3.78,1,1.2875,0.08,19.587,0
2024-02-21 03:00,8.1,4.0,1,0.0375,0.08,19.502,0
2024-02-21 03:30,8.5,4.61,1,0.0375,0.08,19.42,0
2024-02-21 04:00,8.9,5.22,1,0.0375,0.08,19.342,0
2024-02-21 04:30,8.8,5.54,1,0.0375,0.08,19.264,0
2024-02-21 05:00,8.7,5.86,1,0.0375,0.08,19.186,0
2024-02-21 05:30,8.7,6.31,1,0.0375,0.08,19.108,0
2024-02-21 06:00,8.7,6.75,1,0.0375,0.08,19.031,0
2024-02-21 06:30,8.6,7.24,1,0.0375,0.08,18.953,0
2024-02-21 07:00,8.5,7.72,1,1.4125,12.08,19.682,1
2024-02-21 07:30,8.4,8.11,1,1.2125,5.518432,20.0,1
2024-02-21 08:00,8.3,8.5,1,0.995833,0.46639,20.0,1
2024-02-21 08:30,8.35,8.71,0,0.870833,0.08,19.969,0
2024-02-21 09:00,8.4,8.92,0,0.870833,0.08,19.939,0
2024-02-21 09:30,8.6,9.01,0,0.0375,0.08,19.854,0
2024-02-21 10:00,8.8,9.11,0,0.0375,0.08,19.772,0
2024-02-21 10:30,9.0,9.21,0,0.0375,0.08,19.692,0
2024-02-21 11:00,9.2,9.31,0,0.0375,0.08,19.615,0
2024-02-21 11:30,9.5,9.61,0,0.0375,0.08,19.54,0
2024-02-21 12:00,9.8,9.92,0,0.0375,0.08,19.468,0
2024-02-21 12:30,10.3,9.43,0,0.0375,0.08,19.4,0
2024-02-21 13:00,10.8,8.94,0,0.0375,0.08,19.337,0
2024-02-21 13:30,11.15,8.21,0,0.0375,0.08,19.276,0
2024-02-21 14:00,11.5,7.47,0,0.0375,0.08,19.219,0
2024-02-21 14:30,11.85,6.71,0,0.0375,0.08,19.166,0
2024-02-21 15:00,12.2,5.94,0,0.0375,0.08,19.115,0
2024-02-21 15:30,12.3,5.01,0,0.0375,0.08,19.065,0
2024-02-21 16:00,12.4,4.08,0,0.0375,0.08,19.017,0
2024-02-21 16:30,12.15,4.47,0,0.0375,0.08,18.967,0
2024-02-21 17:00,11.9,4.86,0,0.0375,0.08,18.915,0
2024-02-21 17:30,11.1,4.64,1,0.0375,12.08,19.572,1
2024-02-21 18:00,10.3,4.42,1,1.0875,7.252832,20.0,1
2024-02-21 18:30,9.45,3.22,1,0.0375,1.395211,20.0,1
2024-02-21 19:00,8.6,2.03,1,0.0375,1.504571,20.0,1
2024-02-21 19:30,7.95,1.99,1,1.1,0.394379,20.0,1
2024-02-21 20:00,7.3,1.94,1,1.9125,0.08,20.031,0
2024-02-21 20:30,8.1,2.69,1,1.1,0.08,20.013,0
2024-02-21 21:00,8.9,3.44,1,0.0375,1.251733,20.0,1
2024-02-21 21:30,9.3,3.85,1,0.1625,1.274061,20.0,1
2024-02-21 22:00,9.7,4.25,1,0.0375,1.363047,20.0,1
2024-02-21 22:30,9.5,4.07,1,0.0375,1.388779,20.0,1
2024-02-21 23:00,9.3,3.89,1,0.0375,0.08,19.921,0
2024-02-21 23:30,8.9,3.78,1,0.0375,0.08,19.839,0
2024-02-22 00:00,8.5,3.67,1,0.0375,0.08,19.754,0
2024-02-22 00:30,8.05,4.08,1,0.0375,0.08,19.667,0
2024-02-22 01:00,7.6,4.5,1,1.2875,0.08,19.661,0
2024-02-22 01:30,7.5,4.99,1,0.0375,0.08,19.571,0
2024-02-22 02:00,7.4,5.47,1,0.0375,0.08,19.48,0
2024-02-22 02:30,8.1,6.31,1,0.0375,0.08,19.395,0
2024-02-22 03:00,8.8,7.14,1,0.0375,0.08,19.317,0
2024-02-22 03:30,8.8,7.28,1,0.0375,0.08,19.239,0
2024-02-22 04:00,8.8,7.42,1,0.0375,0.08,19.161,0
2024-02-22 04:30,9.0,7.4,1,0.0375,0.08,19.086,0
2024-02-22 05:00,9.2,7.39,1,1.2875,0.08,19.096,0
2024-02-22 05:30,9.05,6.42,1,0.0375,0.08,19.022,0
2024-02-22 06:00,8.9,5.44,1,0.0375,0.08,18.947,0
2024-02-22 06:30,7.9,4.88,1,1.2875,0.08,18.949,0
2024-02-22 07:00,6.9,4.31,1,0.0375,12.08,19.573,1
2024-02-22 07:30,6.3,2.78,1,1.4625,7.325826,20.0,1
2024-02-22 08:00,5.7,1.25,1,1.3375,0.417006,20.0,1
2024-02-22 08:30,5.9,1.26,0,0.0375,0.08,19.895,0
2024-02-22 09:00,6.1,1.28,0,0.0375,0.08,19.792,0
2024-02-22 09:30,6.45,1.21,0,0.0375,0.08,19.692,0
2024-02-22 10:00,6.8,1.14,0,0.0375,0.08,19.596,0
2024-02-22 10:30,7.1,1.03,0,0.0375,0.08,19.503,0
2024-02-22 11:00,7.4,0.92,0,0.0375,0.08,19.412,0
2024-02-22 11:30,8.15,1.57,0,0.0375,0.08,19.329,0
2024-02-22 12:00,8.9,2.22,0,0.0375,0.08,19.251,0
2024-02-22 12:30,8.0,3.89,0,0.0375,0.08,19.168,0
2024-02-22 13:00,7.1,5.56,0,0.0375,0.08,19.078,0
2024-02-22 13:30,6.75,4.93,0,0.0375,0.08,18.986,0
2024-02-22 14:00,6.4,4.31,0,0.0375,0.08,18.892,0
2024-02-22 14:30,6.75,4.96,0,0.0375,0.08,18.802,0
2024-02-22 15:00,7.1,5.61,0,0.0375,0.08,18.715,0
2024-02-22 15:30,6.9,5.69,0,0.0375,0.08,18.627,0
2024-02-22 16:00,6.7,5.78,0,0.0375,0.08,18.538,0
2024-02-22 16:30,6.3,5.86,0,0.0375,0.08,18.447,0
2024-02-22 17:00,5.9,5.94,0,0.0375,0.08,18.353,0
2024-02-22 17:30,5.45,5.81,1,0.0375,12.08,18.971,1
2024-02-22 18:00,5.0,5.67,1,0.1625,12.08,19.589,1
2024-02-22 18:30,4.8,6.08,1,0.975,7.797978,20.0,1
2024-02-22 19:00,4.6,6.5,1,2.025,0.08,20.017,0
2024-02-22 19:30,4.2,6.94,1,0.0375,1.778977,20.0,1
2024-02-22 20:00,3.8,7.39,1,0.2875,1.841233,20.0,1
2024-02-22 20:30,3.55,7.21,1,0.975,1.100925,20.0,1
2024-02-22 21:00,3.3,7.03,1,0.975,1.13309,20.0,1
2024-02-22 21:30,3.3,6.9,1,0.1625,2.046011,20.0,1
2024-02-22 22:00,3.3,6.78,1,1.2125,0.866236,20.0,1
2024-02-22 22:30,3.5,6.36,1,0.0375,2.160729,20.0,1
2024-02-22 23:00,3.7,5.94,1,0.0375,0.08,19.878,0
2024-02-22 23:30,3.35,4.43,1,0.0375,0.08,19.754,0
2024-02-23 00:00,3.0,2.92,1,0.0375,0.08,19.628,0
2024-02-23 00:30,3.1,2.94,1,0.0375,0.08,19.504,0
2024-02-23 01:00,3.2,2.97,1,0.0375,0.08,19.382,0
2024-02-23 01:30,2.95,3.24,1,0.0375,0.08,19.258,0
2024-02-23 02:00,2.7,3.5,1,0.0375,0.08,19.134,0
2024-02-23 02:30,2.55,3.72,1,0.0375,0.08,19.01,0
2024-02-23 03:00,2.4,3.94,1,1.2875,0.08,18.969,0
2024-02-23 03:30,2.4,3.92,1,0.0375,0.08,18.844,0
2024-02-23 04:00,2.4,3.89,1,0.0375,0.08,18.721,0
2024-02-23 04:30,2.75,4.17,1,0.0375,0.08,18.601,0
2024-02-23 05:00,3.1,4.44,1,0.0375,0.08,18.485,0
2024-02-23 05:30,3.45,4.6,1,0.0375,0.08,18.373,0
2024-02-23 06:00,3.8,4.75,1,0.0375,0.08,18.264,0
2024-02-23 06:30,3.9,4.58,1,0.0375,0.08,18.156,0
2024-02-23 07:00,4.0,4.42,1,1.0875,12.08,18.834,1
2024-02-23 07:30,4.25,4.31,1,1.2125,12.08,19.518,1
2024-02-23 08:00,4.5,4.19,1,1.2875,8.672548,20.0,1
2024-02-23 08:30,4.8,4.51,0,0.0375,0.08,19.886,0
2024-02-23 09:00,5.1,4.83,0,0.0375,0.08,19.775,0
2024-02-23 09:30,5.2,5.46,0,0.0375,0.08,19.666,0
2024-02-23 10:00,5.3,6.08,0,0.0375,0.08,19.559,0
2024-02-23 10:30,5.7,6.25,0,0.0375,0.08,19.455,0
2024-02-23 11:00,6.1,6.42,0,0.0375,0.08,19.356,0
2024-02-23 11:30,6.5,6.11,0,0.0375,0.08,19.26,0
2024-02-23 12:00,6.9,5.81,0,0.0375,0.08,19.168,0
2024-02-23 12:30,6.95,5.68,0,0.0375,0.08,19.077,0
2024-02-23 13:00,7.0,5.56,0,0.0375,0.08,18.987,0
2024-02-23 13:30,7.3,5.38,0,0.0375,0.08,18.9,0
2024-02-23 14:00,7.6,5.19,0,0.0375,0.08,18.816,0
2024-02-23 14:30,7.55,4.83,0,0.0375,0.08,18.732,0
2024-02-23 15:00,7.5,4.47,0,0.0375,0.08,18.649,0
2024-02-23 15:30,7.0,3.94,0,0.0375,0.08,18.562,0
2024-02-23 16:00,6.5,3.42,0,0.0375,0.08,18.472,0
2024-02-23 16:30,5.65,2.58,0,0.0375,0.08,18.377,0
2024-02-23 17:00,4.8,1.75,0,0.0375,0.08,18.275,0
2024-02-23 17:30,3.8,2.11,1,0.1625,12.08,18.889,1
2024-02-23 18:00,2.8,2.47,1,2.7125,12.08,19.661,1
2024-02-23 18:30,2.35,2.44,1,1.4625,6.359329,20.0,1
2024-02-23 19:00,1.9,2.42,1,0.0375,2.366583,20.0,1
2024-02-23 19:30,1.35,2.5,1,0.1625,2.296895,20.0,1
2024-02-23 20:00,0.8,2.58,1,0.0375,2.508107,20.0,1
2024-02-23 20:30,0.5,2.46,1,1.808333,0.557004,20.0,1
2024-02-23 21:00,0.2,2.33,1,1.933333,0.455152,20.0,1
2024-02-23 21:30,-0.25,2.22,1,0.870833,1.706869,20.0,1
2024-02-23 22:00,-0.7,2.11,1,0.0375,2.701094,20.0,1
2024-02-23 22:30,-0.95,2.0,1,0.975,1.679888,20.0,1
2024-02-23 23:00,-1.2,1.89,1,0.975,0.08,19.903,0
2024-02-23 23:30,-1.5,1.75,1,0.0375,0.08,19.742,0
2024-02-24 00:00,-1.8,1.61,1,0.0375,0.08,19.579,0
2024-02-24 00:30,-0.75,1.85,1,0.0375,0.08,19.426,0
2024-02-24 01:00,0.3,2.08,1,0.0375,0.08,19.282,0
2024-02-24 01:30,0.2,1.88,1,0.0375,0.08,19.139,0
2024-02-24 02:00,0.1,1.67,1,0.0375,0.08,18.995,0
2024-02-24 02:30,-0.3,1.43,1,0.0375,0.08,18.85,0
2024-02-24 03:00,-0.7,1.19,1,1.2875,0.08,18.787,0
2024-02-24 03:30,-1.35,1.33,1,0.0375,0.08,18.635,0
2024-02-24 04:00,-2.0,1.47,1,0.0375,0.08,18.48,0
2024-02-24 04:30,-2.1,1.33,1,0.0375,0.08,18.325,0
2024-02-24 05:00,-2.2,1.19,1,0.0375,0.08,18.17,0
2024-02-24 05:30,-2.15,1.01,1,0.0375,0.08,18.017,0
2024-02-24 06:00,-2.1,0.83,1,0.0375,0.08,17.866,0
2024-02-24 06:30,-2.4,0.76,1,0.0375,0.08,17.713,0
2024-02-24 07:00,-2.7,0.69,1,0.0375,12.08,18.273,1
2024-02-24 07:30,-1.95,0.75,1,0.0375,12.08,18.835,1
2024-02-24 08:00,-1.2,0.81,1,0.0375,12.08,19.398,1
2024-02-24 08:30,0.3,0.94,1,1.2875,0.08,19.338,0
2024-02-24 09:00,1.8,1.08,1,0.0375,0.08,19.206,0
2024-02-24 09:30,3.2,0.9,1,0.0375,0.08,19.086,0
2024-02-24 10:00,4.6,0.72,1,0.0375,0.08,18.978,0
2024-02-24 10:30,5.55,0.43,1,0.0375,0.08,18.877,0
2024-02-24 11:00,6.5,0.14,1,0.0375,0.08,18.785,0
2024-02-24 11:30,7.05,0.32,1,0.0375,0.08,18.698,0
2024-02-24 12:00,7.6,0.5,1,0.995833,0.08,18.679,0
2024-02-24 12:30,8.0,1.1,1,1.808333,0.08,18.719,0
2024-02-24 13:00,8.4,1.69,1,1.808333,0.08,18.76,0
2024-02-24 13:30,8.55,1.54,1,0.0375,0.08,18.685,0
2024-02-24 14:00,8.7,1.39,1,0.1625,0.08,18.619,0
2024-02-24 14:30,8.7,1.46,1,0.0375,0.08,18.546,0
2024-02-24 15:00,8.7,1.53,1,1.0875,0.08,18.543,0
2024-02-24 15:30,7.85,2.21,1,1.2875,0.08,18.547,0
2024-02-24 16:00,7.0,2.89,1,0.0375,0.08,18.461,0
2024-02-24 16:30,5.9,2.1,1,0.0375,0.08,18.368,0
2024-02-24 17:00,4.8,1.31,1,0.0375,0.08,18.266,0
2024-02-24 17:30,4.25,1.51,1,0.0375,12.08,18.876,1
2024-02-24 18:00,3.7,1.72,1,0.975,12.08,19.539,1
2024-02-24 18:30,3.05,2.03,1,0.975,8.863007,20.0,1
2024-02-24 19:00,2.4,2.33,1,0.1625,2.161804,20.0,1
2024-02-24 19:30,2.15,2.29,1,0.1625,2.193969,20.0,1
2024-02-24 20:00,1.9,2.25,1,0.0375,2.366583,20.0,1
2024-02-24 20:30,1.3,2.22,1,0.0375,2.443778,20.0,1
2024-02-24 21:00,0.7,2.19,1,1.3375,1.060298,20.0,1
2024-02-24 21:30,0.15,2.31,1,0.0375,2.591735,20.0,1
2024-02-24 22:00,-0.4,2.42,1,0.0375,2.662497,20.0,1
2024-02-24 22:30,-0.85,2.21,1,0.0375,2.720393,20.0,1
2024-02-24 23:00,-1.3,2.0,1,0.0375,0.08,19.839,0
2024-02-24 23:30,-1.7,1.94,1,0.0375,0.08,19.677,0
2024-02-25 00:00,-2.1,1.89,1,0.0375,0.08,19.513,0
2024-02-25 00:30,-1.65,1.43,1,0.0375,0.08,19.353,0
2024-02-25 01:00,-1.2,0.97,1,0.0375,0.08,19.199,0
2024-02-25 01:30,-1.5,0.94,1,0.0375,0.08,19.043,0
2024-02-25 02:00,-1.8,0.92,1,0.0375,0.08,18.886,0
2024-02-25 02:30,-1.9,0.96,1,0.0375,0.08,18.729,0
2024-02-25 03:00,-2.0,1.0,1,0.0375,0.08,18.573,0
2024-02-25 03:30,-1.65,0.92,1,1.2875,0.08,18.504,0
2024-02-25 04:00,-1.3,0.83,1,0.0375,0.08,18.355,0
2024-02-25 04:30,-0.95,0.71,1,0.0375,0.08,18.21,0
2024-02-25 05:00,-0.6,0.58,1,0.0375,0.08,18.068,0
2024-02-25 05:30,-1.45,1.1,1,0.0375,0.08,17.922,0
2024-02-25 06:00,-2.3,1.61,1,0.0375,0.08,17.769,0
2024-02-25 06:30,-2.45,1.57,1,0.0375,0.08,17.617,0
2024-02-25 07:00,-2.6,1.53,1,0.0375,12.08,18.179,1
2024-02-25 07:30,-2.05,1.33,1,0.0375,12.08,18.74,1
2024-02-25 08:00,-1.5,1.14,1,0.1625,12.08,19.31,1
2024-02-25 08:30,-0.65,1.1,1,0.0375,0.08,19.16,0
2024-02-25 09:00,0.2,1.06,1,0.0375,0.08,19.017,0
2024-02-25 09:30,1.35,1.21,1,0.1625,0.08,18.893,0
2024-02-25 10:00,2.5,1.36,1,0.0375,0.08,18.77,0
2024-02-25 10:30,3.6,1.51,1,0.0375,0.08,18.656,0
2024-02-25 11:00,4.7,1.67,1,0.0375,0.08,18.552,0
2024-02-25 11:30,5.7,2.14,1,1.0875,0.08,18.526,0
2024-02-25 12:00,6.7,2.61,1,1.2875,0.08,18.522,0
2024-02-25 12:30,7.05,3.47,1,0.975,0.08,18.499,0
2024-02-25 13:00,7.4,4.33,1,0.975,0.08,18.479,0
2024-02-25 13:30,7.8,4.61,1,0.0375,0.08,18.4,0
2024-02-25 14:00,8.2,4.89,1,0.0375,0.08,18.325,0
2024-02-25 14:30,8.25,5.04,1,0.0375,0.08,18.25,0
2024-02-25 15:00,8.3,5.19,1,1.0875,0.08,18.247,0
2024-02-25 15:30,8.05,5.14,1,0.0375,0.08,18.171,0
2024-02-25 16:00,7.8,5.08,1,0.0375,0.08,18.094,0
2024-02-25 16:30,7.2,4.97,1,0.0375,0.08,18.013,0
2024-02-25 17:00,6.6,4.86,1,0.2875,0.08,17.945,0
2024-02-25 17:30,5.7,4.5,1,0.0375,12.08,18.568,1
2024-02-25 18:00,4.8,4.14,1,0.0375,12.08,19.179,1
2024-02-25 18:30,4.25,4.15,1,0.1625,12.08,19.789,1
2024-02-25 19:00,3.7,4.17,1,0.0375,5.649337,20.0,1
2024-02-25 19:30,3.55,4.39,1,0.0375,2.154296,20.0,1
2024-02-25 20:00,3.4,4.61,1,0.0375,2.173595,20.0,1
2024-02-25 20:30,3.2,4.38,1,0.1625,2.058877,20.0,1
2024-02-25 21:00,3.0,4.14,1,0.0375,2.225058,20.0,1
2024-02-25 21:30,2.9,4.24,1,0.0375,2.237924,20.0,1
2024-02-25 22:00,2.8,4.33,1,0.0375,2.25079,20.0,1
2024-02-25 22:30,2.7,4.32,1,0.0375,2.263656,20.0,1
2024-02-25 23:00,2.6,4.31,1,0.0375,0.08,19.869,0
2024-02-25 23:30,2.55,4.32,1,1.2875,0.08,19.823,0
2024-02-26 00:00,2.5,4.33,1,0.0375,0.08,19.693,0
2024-02-26 00:30,2.55,4.38,1,0.0375,0.08,19.564,0
2024-02-26 01:00,2.6,4.42,1,0.0375,0.08,19.437,0
2024-02-26 01:30,2.45,4.67,1,0.0375,0.08,19.309,0
2024-02-26 02:00,2.3,4.92,1,0.0375,0.08,19.181,0
2024-02-26 02:30,2.3,5.01,1,0.0375,0.08,19.055,0
2024-02-26 03:00,2.3,5.11,1,0.0375,0.08,18.929,0
2024-02-26 03:30,2.35,5.11,1,0.0375,0.08,18.805,0
2024-02-26 04:00,2.4,5.11,1,0.0375,0.08,18.682,0
2024-02-26 04:30,2.4,5.07,1,1.2875,0.08,18.643,0
2024-02-26 05:00,2.4,5.03,1,0.0375,0.08,18.521,0
2024-02-26 05:30,2.35,5.08,1,0.0375,0.08,18.4,0
2024-02-26 06:00,2.3,5.14,1,0.0375,0.08,18.279,0
2024-02-26 06:30,2.35,5.25,1,0.0375,0.08,18.16,0
2024-02-26 07:00,2.4,5.36,1,1.2875,12.08,18.839,1
2024-02-26 07:30,2.75,5.64,1,0.0375,12.08,19.432,1
2024-02-26 08:00,3.1,5.92,1,1.2875,10.275223,20.0,1
2024-02-26 08:30,3.95,6.36,0,0.0375,0.08,19.88,0
2024-02-26 09:00,4.8,6.81,0,0.0375,0.08,19.767,0
2024-02-26 09:30,5.3,7.15,0,0.0375,0.08,19.659,0
2024-02-26 10:00,5.8,7.5,0,0.0375,0.08,19.555,0
2024-02-26 10:30,6.05,7.56,0,0.0375,0.08,19.454,0
2024-02-26 11:00,6.3,7.61,0,0.0375,0.08,19.356,0
2024-02-26 11:30,6.65,7.76,0,0.0375,0.08,19.261,0
2024-02-26 12:00,7.0,7.92,0,0.0375,0.08,19.17,0
2024-02-26 12:30,7.0,7.36,0,0.0375,0.08,19.079,0
2024-02-26 13:00,7.0,6.81,0,0.0375,0.08,18.989,0
2024-02-26 13:30,7.35,6.64,0,0.0375,0.08,18.903,0
2024-02-26 14:00,7.7,6.47,0,0.0375,0.08,18.819,0
2024-02-26 14:30,7.8,6.29,0,0.0375,0.08,18.738,0
2024-02-26 15:00,7.9,6.11,0,0.0375,0.08,18.657,0
2024-02-26 15:30,7.75,5.87,0,0.0375,0.08,18.576,0
2024-02-26 16:00,7.6,5.64,0,0.0375,0.08,18.495,0
2024-02-26 16:30,7.1,5.07,0,0.0375,0.08,18.41,0
2024-02-26 17:00,6.6,4.5,0,0.0375,0.08,18.322,0
2024-02-26 17:30,5.75,4.25,1,0.2875,12.08,18.959,1
2024-02-26 18:00,4.9,4.0,1,0.1625,12.08,19.576,1
2024-02-26 18:30,4.8,4.01,1,0.0375,9.064354,20.0,1
2024-02-26 19:00,4.7,4.03,1,0.0375,2.006339,20.0,1
2024-02-26 19:30,4.15,3.62,1,1.2125,0.756876,20.0,1
2024-02-26 20:00,3.6,3.22,1,0.0375,2.147863,20.0,1
2024-02-26 20:30,3.5,3.5,1,0.1625,2.02028,20.0,1
2024-02-26 21:00,3.4,3.78,1,2.025,0.08,20.008,0
2024-02-26 21:30,3.4,3.36,1,1.1,0.841292,20.0,1
2024-02-26 22:00,3.4,2.94,1,0.975,1.120224,20.0,1
2024-02-26 22:30,2.9,2.57,1,0.975,1.184553,20.0,1
2024-02-26 23:00,2.4,2.19,1,0.0375,0.08,19.868,0
2024-02-26 23:30,2.0,2.04,1,0.0375,0.08,19.734,0
2024-02-27 00:00,1.6,1.89,1,0.0375,0.08,19.597,0
2024-02-27 00:30,2.05,2.07,1,0.0375,0.08,19.465,0
2024-02-27 01:00,2.5,2.25,1,0.0375,0.08,19.338,0
2024-02-27 01:30,2.1,1.9,1,0.0375,0.08,19.209,0
2024-02-27 02:00,1.7,1.56,1,0.0375,0.08,19.077,0
2024-02-27 02:30,1.1,1.69,1,0.0375,0.08,18.942,0
2024-02-27 03:00,0.5,1.83,1,0.0375,0.08,18.803,0
2024-02-27 03:30,0.4,1.86,1,0.0375,0.08,18.665,0
2024-02-27 04:00,0.3,1.89,1,0.0375,0.08,18.527,0
2024-02-27 04:30,-0.2,1.83,1,1.2875,0.08,18.47,0
2024-02-27 05:00,-0.7,1.78,1,0.0375,0.08,18.325,0
2024-02-27 05:30,-0.55,1.61,1,0.0375,0.08,18.184,0
2024-02-27 06:00,-0.4,1.44,1,0.0375,0.08,18.044,0
2024-02-27 06:30,-0.3,1.62,1,0.0375,0.08,17.906,0
2024-02-27 07:00,-0.2,1.81,1,0.1625,12.08,18.492,1
2024-02-27 07:30,1.0,2.4,1,1.0875,12.08,19.145,1
2024-02-27 08:00,2.2,3.0,1,0.0375,12.08,19.731,1
2024-02-27 08:30,2.9,3.08,0,0.0375,0.08,19.605,0
2024-02-27 09:00,3.6,3.17,0,0.0375,0.08,19.485,0
2024-02-27 09:30,3.95,4.17,0,0.0375,0.08,19.369,0
2024-02-27 10:00,4.3,5.17,0,0.0375,0.08,19.256,0
2024-02-27 10:30,4.6,5.18,0,0.0375,0.08,19.146,0
2024-02-27 11:00,4.9,5.19,0,0.0375,0.08,19.04,0
2024-02-27 11:30,5.4,5.58,0,0.0375,0.08,18.938,0
2024-02-27 12:00,5.9,5.97,0,0.0375,0.08,18.841,0
2024-02-27 12:30,6.55,6.03,0,0.0375,0.08,18.749,0
2024-02-27 13:00,7.2,6.08,0,0.0375,0.08,18.663,0
2024-02-27 13:30,7.55,5.75,0,0.0375,0.08,18.581,0
2024-02-27 14:00,7.9,5.42,0,0.0375,0.08,18.501,0
2024-02-27 14:30,7.85,5.1,0,0.0375,0.08,18.422,0
2024-02-27 15:00,7.8,4.78,0,0.0375,0.08,18.343,0
2024-02-27 15:30,7.75,5.58,0,0.0375,0.08,18.265,0
2024-02-27 16:00,7.7,6.39,0,0.0375,0.08,18.187,0
2024-02-27 16:30,7.9,6.18,0,0.0375,0.08,18.11,0
2024-02-27 17:00,8.1,5.97,0,0.0375,0.08,18.036,0
2024-02-27 17:30,8.05,5.31,1,0.0375,12.08,18.676,1
2024-02-27 18:00,8.0,4.64,1,0.0375,12.08,19.311,1
2024-02-27 18:30,7.6,4.38,1,2.4625,10.40349,20.0,1
2024-02-27 19:00,7.2,4.11,1,0.0375,1.684693,20.0,1
2024-02-27 19:30,6.6,4.08,1,0.0375,1.761888,20.0,1
2024-02-27 20:00,6.0,4.06,1,1.2875,0.434589,20.0,1
2024-02-27 20:30,5.65,4.06,1,0.0375,1.884113,20.0,1
2024-02-27 21:00,5.3,4.06,1,0.995833,0.852365,20.0,1
2024-02-27 21:30,5.1,3.83,1,1.933333,0.08,20.015,0
2024-02-27 22:00,4.9,3.61,1,1.808333,0.08,20.02,0
2024-02-27 22:30,4.7,3.5,1,1.225,0.332277,20.0,1
2024-02-27 23:00,4.5,3.39,1,0.975,0.08,19.947,0
2024-02-27 23:30,4.4,3.31,1,0.0375,0.08,19.83,0
2024-02-28 00:00,4.3,3.22,1,0.0375,0.08,19.714,0
2024-02-28 00:30,4.2,3.25,1,0.0375,0.08,19.597,0
2024-02-28 01:00,4.1,3.28,1,0.0375,0.08,19.481,0
2024-02-28 01:30,4.35,3.42,1,0.0375,0.08,19.368,0
2024-02-28 02:00,4.6,3.56,1,0.0375,0.08,19.257,0
2024-02-28 02:30,4.55,3.25,1,0.0375,0.08,19.147,0
2024-02-28 03:00,4.5,2.94,1,0.0375,0.08,19.038,0
2024-02-28 03:30,4.45,2.82,1,0.0375,0.08,18.929,0
2024-02-28 04:00,4.4,2.69,1,0.0375,0.08,18.82,0
2024-02-28 04:30,4.55,2.71,1,0.0375,0.08,18.713,0
2024-02-28 05:00,4.7,2.72,1,0.0375,0.08,18.609,0
2024-02-28 05:30,4.6,2.65,1,1.2875,0.08,18.587,0
2024-02-28 06:00,4.5,2.58,1,0.0375,0.08,18.482,0
2024-02-28 06:30,4.45,2.6,1,0.0375,0.08,18.377,0
2024-02-28 07:00,4.4,2.61,1,1.2875,12.08,19.07,1
2024-02-28 07:30,4.7,2.96,1,1.4625,12.08,19.772,1
2024-02-28 08:00,5.0,3.31,1,1.3375,4.313838,20.0,1
2024-02-28 08:30,5.3,3.57,0,0.0375,0.08,19.89,0
2024-02-28 09:00,5.6,3.83,0,0.0375,0.08,19.783,0
2024-02-28 09:30,6.0,4.36,0,0.0375,0.08,19.68,0
2024-02-28 10:00,6.4,4.89,0,0.0375,0.08,19.581,0
2024-02-28 10:30,6.5,5.11,0,0.0375,0.08,19.483,0
2024-02-28 11:00,6.6,5.33,0,0.0375,0.08,19.387,0
2024-02-28 11:30,6.7,5.53,0,0.0375,0.08,19.293,0
2024-02-28 12:00,6.8,5.72,0,0.0375,0.08,19.2,0
2024-02-28 12:30,7.9,5.44,0,0.0375,0.08,19.116,0
2024-02-28 13:00,9.0,5.17,0,0.0375,0.08,19.041,0
2024-02-28 13:30,9.3,5.43,0,0.0375,0.08,18.969,0
2024-02-28 14:00,9.6,5.69,0,0.0375,0.08,18.899,0
2024-02-28 14:30,9.6,5.5,0,0.0375,0.08,18.831,0
2024-02-28 15:00,9.6,5.31,0,0.0375,0.08,18.763,0
2024-02-28 15:30,9.55,5.51,0,0.0375,0.08,18.695,0
2024-02-28 16:00,9.5,5.72,0,0.0375,0.08,18.627,0
2024-02-28 16:30,9.55,5.94,0,0.0375,0.08,18.56,0
2024-02-28 17:00,9.6,6.17,0,0.0375,0.08,18.494,0
2024-02-28 17:30,9.85,6.15,1,0.0375,12.08,19.144,1
2024-02-28 18:00,10.1,6.14,1,0.0375,12.08,19.791,1
2024-02-28 18:30,10.05,6.29,1,0.0375,4.80259,20.0,1
2024-02-28 19:00,10.0,6.44,1,0.1625,1.184,20.0,1
2024-02-28 19:30,10.2,6.31,1,1.0875,0.118942,20.0,1
2024-02-28 20:00,10.4,6.17,1,0.995833,0.196207,20.0,1
2024-02-28 20:30,10.55,6.28,1,2.045833,0.08,20.064,0
2024-02-28 21:00,10.7,6.39,1,1.933333,0.08,20.122,0
2024-02-28 21:30,10.75,6.71,1,0.975,0.08,20.115,0
2024-02-28 22:00,10.8,7.03,1,0.1625,0.08,20.055,0
2024-02-28 22:30,10.8,6.68,1,0.0375,0.304457,20.0,1
2024-02-28 23:00,10.8,6.33,1,0.0375,0.08,19.932,0
2024-02-28 23:30,10.8,5.99,1,1.2875,0.08,19.948,0
2024-02-29 00:00,10.8,5.64,1,1.2875,0.08,19.964,0
2024-02-29 00:30,10.85,5.58,1,0.0375,0.08,19.897,0
2024-02-29 01:00,10.9,5.53,1,0.0375,0.08,19.831,0
2024-02-29 01:30,10.8,5.21,1,0.0375,0.08,19.764,0
2024-02-29 02:00,10.7,4.89,1,0.0375,0.08,19.697,0
2024-02-29 02:30,10.5,4.31,1,0.0375,0.08,19.629,0
2024-02-29 03:00,10.3,3.72,1,0.0375,0.08,19.56,0
2024-02-29 03:30,9.95,3.03,1,0.0375,0.08,19.489,0
2024-02-29 04:00,9.6,2.33,1,0.0375,0.08,19.416,0
2024-02-29 04:30,9.35,2.76,1,0.0375,0.08,19.342,0
2024-02-29 05:00,9.1,3.19,1,0.0375,0.08,19.266,0
2024-02-29 05:30,8.9,3.5,1,0.0375,0.08,19.189,0
2024-02-29 06:00,8.7,3.81,1,0.0375,0.08,19.111,0
2024-02-29 06:30,8.5,3.39,1,0.0375,0.08,19.032,0
2024-02-29 07:00,8.3,2.97,1,0.0375,12.08,19.667,1
2024-02-29 07:30,8.25,3.31,1,0.1625,6.969096,20.0,1
2024-02-29 08:00,8.2,3.64,1,0.0375,1.556035,20.0,1
2024-02-29 08:30,8.25,3.53,0,0.0375,0.08,19.913,0
2024-02-29 09:00,8.3,3.42,0,0.0375,0.08,19.826,0
2024-02-29 09:30,8.45,3.97,0,0.0375,0.08,19.742,0
2024-02-29 10:00,8.6,4.53,0,0.0375,0.08,19.659,0
2024-02-29 10:30,8.7,4.51,0,0.0375,0.08,19.577,0
2024-02-29 11:00,8.8,4.5,0,0.0375,0.08,19.497,0
2024-02-29 11:30,8.65,4.25,0,0.0375,0.08,19.417,0
2024-02-29 12:00,8.5,4.0,0,0.0375,0.08,19.336,0
2024-02-29 12:30,8.65,3.69,0,0.0375,0.08,19.257,0
2024-02-29 13:00,8.8,3.39,0,0.0375,0.08,19.179,0
2024-02-29 13:30,8.7,3.43,0,0.0375,0.08,19.101,0
2024-02-29 14:00,8.6,3.47,0,0.0375,0.08,19.024,0
2024-02-29 14:30,8.6,3.49,0,0.0375,0.08,18.946,0
2024-02-29 15:00,8.6,3.5,0,0.0375,0.08,18.87,0
2024-02-29 15:30,8.45,3.14,0,0.0375,0.08,18.792,0
2024-02-29 16:00,8.3,2.78,0,0.0375,0.08,18.715,0
2024-02-29 16:30,7.95,2.43,0,0.0375,0.08,18.635,0
2024-02-29 17:00,7.6,2.08,0,0.0375,0.08,18.553,0
2024-02-29 17:30,6.95,2.1,1,1.3375,12.08,19.267,1
2024-02-29 18:00,6.3,2.11,1,1.4625,12.08,19.98,1
2024-02-29 18:30,5.95,2.33,1,0.1625,2.045532,20.0,1
2024-02-29 19:00,5.6,2.56,1,0.0375,1.890546,20.0,1
2024-02-29 19:30,5.5,2.54,1,0.1625,1.762963,20.0,1
2024-02-29 20:00,5.4,2.53,1,0.1625,1.775829,20.0,1
2024-02-29 20:30,5.1,2.68,1,0.0375,1.954876,20.0,1
2024-02-29 21:00,4.8,2.83,1,2.225,0.08,20.032,0
2024-02-29 21:30,4.65,2.9,1,0.975,0.419176,20.0,1
2024-02-29 22:00,4.5,2.97,1,1.0875,0.852295,20.0,1
2024-02-29 22:30,4.2,3.03,1,2.045833,0.08,20.016,0
2024-02-29 23:00,3.9,3.08,1,0.870833,0.08,19.951,0
2024-02-29 23:30,3.65,3.19,1,2.120833,0.08,19.968,0
2024-03-01 00:00,3.4,3.31,1,0.0375,0.08,19.843,0
2024-03-01 00:30,3.5,3.28,1,1.2875,0.08,19.804,0
2024-03-01 01:00,3.6,3.25,1,0.0375,0.08,19.683,0
2024-03-01 01:30,3.05,3.29,1,0.0375,0.08,19.558,0
2024-03-01 02:00,2.5,3.33,1,0.0375,0.08,19.43,0
2024-03-01 02:30,2.2,3.42,1,0.0375,0.08,19.301,0
2024-03-01 03:00,1.9,3.5,1,0.0375,0.08,19.17,0
2024-03-01 03:30,1.65,3.46,1,0.0375,0.08,19.038,0
2024-03-01 04:00,1.4,3.42,1,0.0375,0.08,18.906,0
2024-03-01 04:30,1.15,3.18,1,0.0375,0.08,18.772,0
2024-03-01 05:00,0.9,2.94,1,0.0375,0.08,18.638,0
2024-03-01 05:30,0.8,3.14,1,0.0375,0.08,18.504,0
2024-03-01 06:00,0.7,3.33,1,0.0375,0.08,18.37,0
2024-03-01 06:30,0.8,3.6,1,0.0375,0.08,18.238,0
2024-03-01 07:00,0.9,3.86,1,0.0375,12.08,18.822,1
2024-03-01 07:30,1.45,4.57,1,0.1625,12.08,19.414,1
2024-03-01 08:00,2.0,5.28,1,1.1,10.937245,20.0,1
2024-03-01 08:30,2.9,5.5,0,0.975,0.08,19.934,0
2024-03-01 09:00,3.8,5.72,0,0.0375,0.08,19.813,0
2024-03-01 09:30,4.25,6.79,0,0.0375,0.08,19.697,0
2024-03-01 10:00,4.7,7.86,0,0.0375,0.08,19.584,0
2024-03-01 10:30,4.1,7.64,0,0.0375,0.08,19.468,0
2024-03-01 11:00,3.5,7.42,0,0.0375,0.08,19.349,0
2024-03-01 11:30,3.4,7.29,0,0.0375,0.08,19.229,0
2024-03-01 12:00,3.3,7.17,0,0.0375,0.08,19.11,0
2024-03-01 12:30,4.15,5.64,0,0.0375,0.08,18.998,0
2024-03-01 13:00,5.0,4.11,0,0.0375,0.08,18.893,0
2024-03-01 13:30,5.35,3.65,0,0.0375,0.08,18.792,0
2024-03-01 14:00,5.7,3.19,0,0.0375,0.08,18.694,0
2024-03-01 14:30,5.75,3.75,0,0.0375,0.08,18.598,0
2024-03-01 15:00,5.8,4.31,0,0.0375,0.08,18.502,0
2024-03-01 15:30,5.8,4.24,0,0.0375,0.08,18.407,0
2024-03-01 16:00,5.8,4.17,0,0.0375,0.08,18.313,0
2024-03-01 16:30,5.5,3.9,0,0.0375,0.08,18.218,0
2024-03-01 17:00,5.2,3.64,0,0.0375,0.08,18.121,0
2024-03-01 17:30,4.55,3.82,1,0.0375,12.08,18.733,1
2024-03-01 18:00,3.9,4.0,1,0.0375,12.08,19.336,1
2024-03-01 18:30,3.4,3.56,1,0.0375,12.08,19.931,1
2024-03-01 19:00,2.9,3.11,1,1.2875,1.990782,20.0,1
2024-03-01 19:30,2.4,3.0,1,1.0875,1.122478,20.0,1
2024-03-01 20:00,1.9,2.89,1,0.0375,2.366583,20.0,1
2024-03-01 20:30,1.45,2.47,1,0.1625,2.284029,20.0,1
2024-03-01 21:00,1.0,2.06,1,1.0875,1.3026,20.0,1
2024-03-01 21:30,0.95,2.07,1,0.0375,2.488808,20.0,1
2024-03-01 22:00,0.9,2.08,1,1.4125,0.950297,20.0,1
2024-03-01 22:30,0.45,2.07,1,0.2875,2.272238,20.0,1
2024-03-01 23:00,0.0,2.06,1,0.0375,0.08,19.849,0
2024-03-01 23:30,0.45,1.82,1,0.0375,0.08,19.703,0
2024-03-02 00:00,0.9,1.58,1,1.2875,0.08,19.646,0
2024-03-02 00:30,0.0,2.08,1,0.0375,0.08,19.498,0
2024-03-02 01:00,-0.9,2.58,1,0.0375,0.08,19.344,0
2024-03-02 01:30,-0.55,2.19,1,0.0375,0.08,19.194,0
2024-03-02 02:00,-0.2,1.81,1,1.2875,0.08,19.132,0
2024-03-02 02:30,-0.9,1.86,1,0.0375,0.08,18.981,0
2024-03-02 03:00,-1.6,1.92,1,0.0375,0.08,18.826,0
2024-03-02 03:30,-1.15,1.74,1,0.0375,0.08,18.676,0
2024-03-02 04:00,-0.7,1.56,1,0.0375,0.08,18.53,0
2024-03-02 04:30,0.25,1.67,1,0.0375,0.08,18.393,0
2024-03-02 05:00,1.2,1.78,1,0.0375,0.08,18.263,0
2024-03-02 05:30,1.2,1.53,1,0.0375,0.08,18.135,0
2024-03-02 06:00,1.2,1.28,1,0.0375,0.08,18.008,0
2024-03-02 06:30,1.45,1.67,1,0.0375,0.08,17.884,0
2024-03-02 07:00,1.7,2.06,1,0.0375,12.08,18.477,1
2024-03-02 07:30,1.8,2.28,1,0.0375,12.08,19.065,1
2024-03-02 08:00,1.9,2.5,1,0.0375,12.08,19.65,1
2024-03-02 08:30,2.05,2.83,1,0.1625,0.08,19.526,0
2024-03-02 09:00,2.2,3.17,1,0.0375,0.08,19.396,0
2024-03-02 09:30,3.05,3.9,1,0.0375,0.08,19.274,0
2024-03-02 10:00,3.9,4.64,1,0.0375,0.08,19.159,0
2024-03-02 10:30,4.5,4.76,1,0.0375,0.08,19.049,0
2024-03-02 11:00,5.1,4.89,1,0.0375,0.08,18.945,0
2024-03-02 11:30,5.3,5.28,1,0.0375,0.08,18.843,0
2024-03-02 12:00,5.5,5.67,1,1.0875,0.08,18.813,0
2024-03-02 12:30,6.0,5.83,1,0.0375,0.08,18.718,0
2024-03-02 13:00,6.5,6.0,1,0.0375,0.08,18.627,0
2024-03-02 13:30,6.2,4.99,1,0.1625,0.08,18.542,0
2024-03-02 14:00,5.9,3.97,1,0.0375,0.08,18.448,0
2024-03-02 14:30,6.45,4.51,1,0.1625,0.08,18.367,0
2024-03-02 15:00,7.0,5.06,1,0.1625,0.08,18.291,0
2024-03-02 15:30,6.9,5.03,1,0.0375,0.08,18.206,0
2024-03-02 16:00,6.8,5.0,1,0.0375,0.08,18.122,0
2024-03-02 16:30,6.35,4.69,1,0.1625,0.08,18.042,0
2024-03-02 17:00,5.9,4.39,1,1.0875,0.08,18.022,0
2024-03-02 17:30,5.05,4.03,1,0.1625,12.08,18.648,1
2024-03-02 18:00,4.2,3.67,1,0.0375,12.08,19.253,1
2024-03-02 18:30,3.8,3.24,1,0.0375,12.08,19.851,1
2024-03-02 19:00,3.4,2.81,1,1.2875,3.246219,20.0,1
2024-03-02 19:30,3.3,2.78,1,2.275,0.08,20.024,0
2024-03-02 20:00,3.2,2.75,1,2.275,0.08,20.048,0
2024-03-02 20:30,3.4,3.71,1,0.0375,1.380529,20.0,1
2024-03-02 21:00,3.6,4.67,1,0.0375,2.147863,20.0,1
2024-03-02 21:30,3.6,4.46,1,0.0375,2.147863,20.0,1
2024-03-02 22:00,3.6,4.25,1,0.0375,2.147863,20.0,1
2024-03-02 22:30,3.15,3.79,1,1.808333,0.216059,20.0,1
2024-03-02 23:00,2.7,3.33,1,1.808333,0.08,19.988,0
2024-03-02 23:30,2.8,3.29,1,0.870833,0.08,19.915,0
2024-03-03 00:00,2.9,3.25,1,0.0375,0.08,19.787,0
2024-03-03 00:30,3.2,3.14,1,0.0375,0.08,19.663,0
2024-03-03 01:00,3.5,3.03,1,0.0375,0.08,19.542,0
2024-03-03 01:30,2.95,2.57,1,0.0375,0.08,19.417,0
2024-03-03 02:00,2.4,2.11,1,0.0375,0.08,19.289,0
2024-03-03 02:30,2.15,2.17,1,0.0375,0.08,19.161,0
2024-03-03 03:00,1.9,2.22,1,0.0375,0.08,19.031,0
2024-03-03 03:30,1.15,2.08,1,0.0375,0.08,18.897,0
2024-03-03 04:00,0.4,1.94,1,0.0375,0.08,18.758,0
2024-03-03 04:30,-0.3,2.04,1,0.0375,0.08,18.614,0
2024-03-03 05:00,-1.0,2.14,1,0.0375,0.08,18.467,0
2024-03-03 05:30,-1.0,1.85,1,0.0375,0.08,18.32,0
2024-03-03 06:00,-1.0,1.56,1,0.0375,0.08,18.175,0
2024-03-03 06:30,-1.55,1.94,1,1.2875,0.08,18.11,0
2024-03-03 07:00,-2.1,2.33,1,0.0375,12.08,18.672,1
2024-03-03 07:30,-0.95,1.89,1,0.0375,12.08,19.238,1
2024-03-03 08:00,0.2,1.44,1,1.0875,12.08,19.879,1
2024-03-03 08:30,1.0,1.07,1,0.1625,0.08,19.745,0
2024-03-03 09:00,1.8,0.69,1,0.1625,0.08,19.619,0
2024-03-03 09:30,2.65,0.57,1,0.0375,0.08,19.491,0
2024-03-03 10:00,3.5,0.44,1,0.0375,0.08,19.371,0
2024-03-03 10:30,4.55,0.33,1,0.0375,0.08,19.26,0
2024-03-03 11:00,5.6,0.22,1,1.5375,0.08,19.259,0
2024-03-03 11:30,6.2,0.33,1,0.0375,0.08,19.161,0
2024-03-03 12:00,6.8,0.44,1,0.0375,0.08,19.069,0
2024-03-03 12:30,6.9,0.51,1,0.0375,0.08,18.978,0
2024-03-03 13:00,7.0,0.58,1,0.0375,0.08,18.889,0
2024-03-03 13:30,7.25,0.43,1,1.0875,0.08,18.873,0
2024-03-03 14:00,7.5,0.28,1,0.0375,0.08,18.788,0
2024-03-03 14:30,7.6,0.5,1,0.0375,0.08,18.705,0
2024-03-03 15:00,7.7,0.72,1,0.1625,0.08,18.632,0
2024-03-03 15:30,7.7,0.67,1,1.2875,0.08,18.634,0
2024-03-03 16:00,7.7,0.61,1,0.0375,0.08,18.553,0
2024-03-03 16:30,7.25,0.76,1,0.0375,0.08,18.469,0
2024-03-03 17:00,6.8,0.92,1,0.1625,0.08,18.391,0
2024-03-03 17:30,6.2,1.31,1,0.0375,12.08,19.014,1
2024-03-03 18:00,5.6,1.69,1,0.975,12.08,19.69,1
2024-03-03 18:30,5.55,1.44,1,0.975,6.012419,20.0,1
2024-03-03 19:00,5.5,1.19,1,0.0375,1.903412,20.0,1
2024-03-03 19:30,4.75,1.5,1,0.0375,1.999906,20.0,1
2024-03-03 20:00,4.0,1.81,1,0.0375,2.0964,20.0,1
2024-03-03 20:30,3.5,1.75,1,0.0375,2.160729,20.0,1
2024-03-03 21:00,3.0,1.69,1,0.0375,2.225058,20.0,1
2024-03-03 21:30,1.95,1.81,1,0.0375,2.36015,20.0,1
2024-03-03 22:00,0.9,1.92,1,0.0375,2.495241,20.0,1
2024-03-03 22:30,0.45,1.74,1,0.0375,2.553137,20.0,1
2024-03-03 23:00,0.0,1.56,1,0.0375,0.08,19.849,0
2024-03-03 23:30,-0.45,1.62,1,0.0375,0.08,19.697,0
2024-03-04 00:00,-0.9,1.69,1,0.0375,0.08,19.541,0
2024-03-04 00:30,-0.7,1.76,1,0.0375,0.08,19.389,0
2024-03-04 01:00,-0.5,1.83,1,0.0375,0.08,19.239,0
2024-03-04 01:30,-1.15,2.08,1,0.0375,0.08,19.086,0
2024-03-04 02:00,-1.8,2.33,1,0.0375,0.08,18.928,0
2024-03-04 02:30,-1.9,1.96,1,0.0375,0.08,18.771,0
2024-03-04 03:00,-2.0,1.58,1,0.0375,0.08,18.615,0
2024-03-04 03:30,-1.75,1.54,1,0.0375,0.08,18.462,0
2024-03-04 04:00,-1.5,1.5,1,0.0375,0.08,18.311,0
2024-03-04 04:30,-1.25,1.47,1,0.0375,0.08,18.164,0
2024-03-04 05:00,-1.0,1.44,1,0.0375,0.08,18.02,0
2024-03-04 05:30,-1.0,1.47,1,1.2875,0.08,17.96,0
2024-03-04 06:00,-1.0,1.5,1,0.0375,0.08,17.818,0
2024-03-04 06:30,-1.15,1.67,1,0.0375,0.08,17.675,0
2024-03-04 07:00,-1.3,1.83,1,0.0375,12.08,18.246,1
2024-03-04 07:30,-0.7,2.03,1,0.0375,12.08,18.818,1
2024-03-04 08:00,-0.1,2.22,1,0.0375,12.08,19.389,1
2024-03-04 08:30,1.3,2.22,0,0.0375,0.08,19.253,0
2024-03-04 09:00,2.7,2.22,0,0.0375,0.08,19.129,0
2024-03-04 09:30,3.8,2.53,0,0.0375,0.08,19.014,0
2024-03-04 10:00,4.9,2.83,0,0.0375,0.08,18.909,0
2024-03-04 10:30,5.95,3.28,0,0.0375,0.08,18.812,0
2024-03-04 11:00,7.0,3.72,0,0.0375,0.08,18.724,0
2024-03-04 11:30,7.75,4.76,0,0.0375,0.08,18.643,0
2024-03-04 12:00,8.5,5.81,0,0.0375,0.08,18.568,0
2024-03-04 12:30,8.7,6.11,0,0.0375,0.08,18.495,0
2024-03-04 13:00,8.9,6.42,0,0.0375,0.08,18.424,0
2024-03-04 13:30,9.1,6.56,0,0.0375,0.08,18.355,0
2024-03-04 14:00,9.3,6.69,0,0.0375,0.08,18.288,0
2024-03-04 14:30,9.4,6.39,0,0.0375,0.08,18.222,0
2024-03-04 15:00,9.5,6.08,0,0.0375,0.08,18.158,0
2024-03-04 15:30,9.6,5.92,0,0.0375,0.08,18.095,0
2024-03-04 16:00,9.7,5.75,0,0.0375,0.08,18.033,0
2024-03-04 16:30,9.3,5.58,0,0.0375,0.08,17.969,0
2024-03-04 17:00,8.9,5.42,0,0.0375,0.08,17.902,0
2024-03-04 17:30,8.45,5.79,1,3.2875,12.08,18.763,1
2024-03-04 18:00,8.0,6.17,1,2.0375,12.08,19.531,1
2024-03-04 18:30,8.15,6.6,1,0.1625,9.241694,20.0,1
2024-03-04 19:00,8.3,7.03,1,0.0375,1.543169,20.0,1
2024-03-04 19:30,8.1,7.33,1,0.0375,1.5689,20.0,1
2024-03-04 20:00,7.9,7.64,1,2.4625,0.08,20.072,0
2024-03-04 20:30,7.5,7.69,1,0.0375,0.445271,20.0,1
2024-03-04 21:00,7.1,7.75,1,0.0375,1.697559,20.0,1
2024-03-04 21:30,6.85,7.72,1,1.2125,0.409499,20.0,1
2024-03-04 22:00,6.6,7.69,1,1.3375,0.301214,20.0,1
2024-03-04 22:30,6.35,7.56,1,1.4625,0.192929,20.0,1
2024-03-04 23:00,6.1,7.42,1,0.0375,0.08,19.896,0
2024-03-04 23:30,6.05,7.11,1,0.0375,0.08,19.793,0
2024-03-05 00:00,6.0,6.81,1,0.0375,0.08,19.69,0
2024-03-05 00:30,6.05,6.25,1,0.0375,0.08,19.588,0
2024-03-05 01:00,6.1,5.69,1,0.0375,0.08,19.487,0
2024-03-05 01:30,5.95,5.36,1,0.0375,0.08,19.386,0
2024-03-05 02:00,5.8,5.03,1,0.0375,0.08,19.284,0
2024-03-05 02:30,5.7,4.61,1,0.0375,0.08,19.183,0
2024-03-05 03:00,5.6,4.19,1,0.0375,0.08,19.081,0
2024-03-05 03:30,5.5,3.89,1,0.0375,0.08,18.98,0
2024-03-05 04:00,5.4,3.58,1,0.0375,0.08,18.879,0
2024-03-05 04:30,5.3,3.31,1,0.0375,0.08,18.777,0
2024-03-05 05:00,5.2,3.03,1,0.0375,0.08,18.676,0
2024-03-05 05:30,5.15,2.58,1,0.0375,0.08,18.575,0
2024-03-05 06:00,5.1,2.14,1,0.0375,0.08,18.474,0
2024-03-05 06:30,5.05,2.03,1,1.2875,0.08,18.457,0
2024-03-05 07:00,5.0,1.92,1,0.0375,12.08,19.071,1
2024-03-05 07:30,5.25,2.17,1,1.4125,12.08,19.773,1
2024-03-05 08:00,5.5,2.42,1,0.0375,5.684581,20.0,1
2024-03-05 08:30,5.95,2.47,0,0.0375,0.08,19.895,0
2024-03-05 09:00,6.4,2.53,0,0.0375,0.08,19.794,0
2024-03-05 09:30,6.8,2.38,0,0.0375,0.08,19.697,0
2024-03-05 10:00,7.2,2.22,0,0.0375,0.08,19.604,0
2024-03-05 10:30,7.6,1.96,0,0.0375,0.08,19.515,0
2024-03-05 11:00,8.0,1.69,0,0.0375,0.08,19.429,0
2024-03-05 11:30,8.3,1.44,0,0.0375,0.08,19.346,0
2024-03-05 12:00,8.6,1.19,0,0.0375,0.08,19.267,0
2024-03-05 12:30,8.7,0.94,0,0.0375,0.08,19.188,0
2024-03-05 13:00,8.8,0.69,0,0.0375,0.08,19.111,0
2024-03-05 13:30,9.05,0.88,0,0.0375,0.08,19.037,0
2024-03-05 14:00,9.3,1.06,0,0.0375,0.08,18.965,0
2024-03-05 14:30,9.5,1.04,0,0.0375,0.08,18.895,0
2024-03-05 15:00,9.7,1.03,0,0.0375,0.08,18.827,0
2024-03-05 15:30,9.55,1.17,0,0.0375,0.08,18.758,0
2024-03-05 16:00,9.4,1.31,0,0.0375,0.08,18.689,0
2024-03-05 16:30,8.95,1.43,0,0.0375,0.08,18.617,0
2024-03-05 17:00,8.5,1.56,0,0.0375,0.08,18.542,0
2024-03-05 17:30,7.4,1.68,1,0.0375,12.08,19.173,1
2024-03-05 18:00,6.3,1.81,1,0.1625,12.08,19.8,1
2024-03-05 18:30,5.6,1.94,1,0.975,4.178263,20.0,1
2024-03-05 19:00,4.9,2.08,1,2.025,0.08,20.02,0
2024-03-05 19:30,4.45,2.25,1,0.870833,0.772181,20.0,1
2024-03-05 20:00,4.0,2.42,1,0.870833,1.16007,20.0,1
2024-03-05 20:30,4.6,1.93,1,1.920833,0.08,20.011,0
2024-03-05 21:00,5.2,1.44,1,0.0375,1.766464,20.0,1
2024-03-05 21:30,4.95,0.97,1,0.1625,1.833725,20.0,1
2024-03-05 22:00,4.7,0.5,1,0.1625,1.86589,20.0,1
2024-03-05 22:30,4.45,0.47,1,2.475,0.08,20.046,0
2024-03-05 23:00,4.2,0.44,1,0.975,0.08,19.99,0
2024-03-05 23:30,3.9,0.43,1,0.0375,0.08,19.87,0
2024-03-06 00:00,3.6,0.42,1,0.0375,0.08,19.748,0
2024-03-06 00:30,2.95,0.74,1,0.0375,0.08,19.622,0
2024-03-06 01:00,2.3,1.06,1,0.0375,0.08,19.491,0
2024-03-06 01:30,2.1,1.03,1,0.0375,0.08,19.361,0
2024-03-06 02:00,1.9,1.0,1,0.0375,0.08,19.23,0
2024-03-06 02:30,1.95,1.06,1,0.0375,0.08,19.1,0
2024-03-06 03:00,2.0,1.11,1,0.0375,0.08,18.972,0
2024-03-06 03:30,2.2,1.43,1,0.0375,0.08,18.846,0
2024-03-06 04:00,2.4,1.75,1,0.0375,0.08,18.722,0
2024-03-06 04:30,2.5,1.78,1,0.0375,0.08,18.601,0
2024-03-06 05:00,2.6,1.81,1,0.0375,0.08,18.481,0
2024-03-06 05:30,2.8,1.72,1,0.0375,0.08,18.363,0
2024-03-06 06:00,3.0,1.64,1,0.0375,0.08,18.248,0
2024-03-06 06:30,3.2,1.74,1,0.0375,0.08,18.135,0
2024-03-06 07:00,3.4,1.83,1,0.0375,12.08,18.739,1
2024-03-06 07:30,3.6,1.94,1,1.1,12.08,19.411,1
2024-03-06 08:00,3.8,2.06,1,0.975,10.899432,20.0,1
2024-03-06 08:30,4.2,1.72,0,0.0375,0.08,19.882,0
2024-03-06 09:00,4.6,1.39,0,0.0375,0.08,19.767,0
2024-03-06 09:30,5.05,1.29,0,0.0375,0.08,19.657,0
2024-03-06 10:00,5.5,1.19,0,0.0375,0.08,19.551,0
2024-03-06 10:30,5.95,1.4,0,0.0375,0.08,19.45,0
2024-03-06 11:00,6.4,1.61,0,0.0375,0.08,19.352,0
2024-03-06 11:30,7.05,1.81,0,0.0375,0.08,19.26,0
2024-03-06 12:00,7.7,2.0,0,0.0375,0.08,19.175,0
2024-03-06 12:30,7.3,1.57,0,0.0375,0.08,19.086,0
2024-03-06 13:00,6.9,1.14,0,0.0375,0.08,18.995,0
2024-03-06 13:30,7.4,1.56,0,0.0375,0.08,18.909,0
2024-03-06 14:00,7.9,1.97,0,0.0375,0.08,18.827,0
2024-03-06 14:30,8.2,2.35,0,0.0375,0.08,18.749,0
2024-03-06 15:00,8.5,2.72,0,0.0375,0.08,18.673,0
2024-03-06 15:30,8.55,2.67,0,0.0375,0.08,18.598,0
2024-03-06 16:00,8.6,2.61,0,0.0375,0.08,18.524,0
2024-03-06 16:30,8.4,2.32,0,0.0375,0.08,18.449,0
2024-03-06 17:00,8.2,2.03,0,0.0375,0.08,18.373,0
2024-03-06 17:30,7.15,1.93,1,0.1625,12.08,19.012,1
2024-03-06 18:00,6.1,1.83,1,0.1625,12.08,19.637,1
2024-03-06 18:30,5.65,1.81,1,0.0375,7.931104,20.0,1
2024-03-06 19:00,5.2,1.78,1,2.045833,0.08,20.023,0
2024-03-06 19:30,5.15,1.88,1,3.420833,0.08,20.138,0
2024-03-06 20:00,5.1,1.97,1,4.283333,0.08,20.31,0
2024-03-06 20:30,4.3,2.06,1,0.975,0.08,20.252,0
2024-03-06 21:00,3.5,2.14,1,1.2875,0.08,20.21,0
2024-03-06 21:30,3.45,2.18,1,0.0375,0.08,20.084,0
2024-03-06 22:00,3.4,2.22,1,0.1625,0.628573,20.0,1
2024-03-06 22:30,3.15,2.19,1,1.2875,0.801265,20.0,1
2024-03-06 23:00,2.9,2.17,1,0.0375,0.08,19.872,0
2024-03-06 23:30,2.7,2.14,1,0.0375,0.08,19.743,0
2024-03-07 00:00,2.5,2.11,1,0.0375,0.08,19.613,0
2024-03-07 00:30,2.45,1.96,1,1.2875,0.08,19.568,0
2024-03-07 01:00,2.4,1.81,1,0.0375,0.08,19.439,0
2024-03-07 01:30,2.05,1.93,1,0.0375,0.08,19.308,0
2024-03-07 02:00,1.7,2.06,1,0.0375,0.08,19.176,0
2024-03-07 02:30,2.15,1.75,1,0.0375,0.08,19.048,0
2024-03-07 03:00,2.6,1.44,1,0.0375,0.08,18.925,0
2024-03-07 03:30,2.85,1.53,1,0.0375,0.08,18.804,0
2024-03-07 04:00,3.1,1.61,1,0.0375,0.08,18.687,0
2024-03-07 04:30,3.25,1.82,1,0.0375,0.08,18.571,0
2024-03-07 05:00,3.4,2.03,1,0.0375,0.08,18.457,0
2024-03-07 05:30,3.5,2.26,1,0.0375,0.08,18.345,0
2024-03-07 06:00,3.6,2.5,1,0.0375,0.08,18.235,0
2024-03-07 06:30,3.6,2.86,1,0.0375,0.08,18.126,0
2024-03-07 07:00,3.6,3.22,1,0.1625,12.08,18.739,1
2024-03-07 07:30,3.65,3.0,1,0.0375,12.08,19.34,1
2024-03-07 08:00,3.7,2.78,1,0.1625,12.08,19.945,1
2024-03-07 08:30,3.9,2.96,0,0.0375,0.08,19.825,0
2024-03-07 09:00,4.1,3.14,0,0.0375,0.08,19.707,0
2024-03-07 09:30,4.8,3.25,0,0.0375,0.08,19.595,0
2024-03-07 10:00,5.5,3.36,0,0.0375,0.08,19.49,0
2024-03-07 10:30,6.5,3.99,0,0.0375,0.08,19.393,0
2024-03-07 11:00,7.5,4.61,0,0.0375,0.08,19.305,0
2024-03-07 11:30,8.05,5.1,0,0.0375,0.08,19.221,0
2024-03-07 12:00,8.6,5.58,0,0.0375,0.08,19.142,0
2024-03-07 12:30,8.05,5.79,0,0.0375,0.08,19.06,0
2024-03-07 13:00,7.5,6.0,0,0.0375,0.08,18.974,0
2024-03-07 13:30,7.75,6.15,0,0.0375,0.08,18.89,0
2024-03-07 14:00,8.0,6.31,0,0.0375,0.08,18.81,0
2024-03-07 14:30,7.7,6.11,0,0.0375,0.08,18.727,0
2024-03-07 15:00,7.4,5.92,0,0.0375,0.08,18.643,0
2024-03-07 15:30,7.25,5.62,0,0.0375,0.08,18.558,0
2024-03-07 16:00,7.1,5.33,0,0.0375,0.08,18.473,0
2024-03-07 16:30,6.9,5.44,0,0.0375,0.08,18.387,0
2024-03-07 17:00,6.7,5.56,0,0.0375,0.08,18.3,0
2024-03-07 17:30,6.4,5.43,1,0.0375,12.08,18.925,1
2024-03-07 18:00,6.1,5.31,1,2.5875,12.08,19.714,1
2024-03-07 18:30,5.85,5.32,1,0.975,5.576729,20.0,1
2024-03-07 19:00,5.6,5.33,1,0.975,0.837176,20.0,1
2024-03-07 19:30,5.35,5.42,1,0.0375,1.922711,20.0,1
2024-03-07 20:00,5.1,5.5,1,2.170833,0.08,20.031,0
2024-03-07 20:30,4.9,5.44,1,2.170833,0.08,20.06,0
2024-03-07 21:00,4.7,5.39,1,0.870833,0.08,20.001,0
2024-03-07 21:30,4.6,5.17,1,0.0375,2.00258,20.0,1
2024-03-07 22:00,4.5,4.94,1,1.2125,0.711846,20.0,1
2024-03-07 22:30,4.45,4.57,1,0.1625,1.898054,20.0,1
2024-03-07 23:00,4.4,4.19,1,0.0375,0.08,19.883,0
2024-03-07 23:30,4.35,4.31,1,1.2875,0.08,19.85,0
2024-03-08 00:00,4.3,4.42,1,0.0375,0.08,19.734,0
2024-03-08 00:30,4.3,4.21,1,0.0375,0.08,19.618,0
2024-03-08 01:00,4.3,4.0,1,0.0375,0.08,19.503,0
2024-03-08 01:30,4.6,4.24,1,0.0375,0.08,19.392,0
2024-03-08 02:00,4.9,4.47,1,0.0375,0.08,19.283,0
2024-03-08 02:30,5.0,4.74,1,0.0375,0.08,19.177,0
2024-03-08 03:00,5.1,5.0,1,1.2875,0.08,19.155,0
2024-03-08 03:30,5.05,5.1,1,0.0375,0.08,19.049,0
2024-03-08 04:00,5.0,5.19,1,2.5375,0.08,19.112,0
2024-03-08 04:30,5.0,5.21,1,0.0375,0.08,19.006,0
2024-03-08 05:00,5.0,5.22,1,0.0375,0.08,18.901,0
2024-03-08 05:30,4.9,5.14,1,0.0375,0.08,18.797,0
2024-03-08 06:00,4.8,5.06,1,0.0375,0.08,18.692,0
2024-03-08 06:30,4.85,5.19,1,0.0375,0.08,18.589,0
2024-03-08 07:00,4.9,5.33,1,0.0375,12.08,19.2,1
2024-03-08 07:30,5.1,5.47,1,0.0375,12.08,19.809,1
2024-03-08 08:00,5.3,5.61,1,0.0375,5.119719,20.0,1
2024-03-08 08:30,5.6,6.4,0,0.0375,0.08,19.892,0
2024-03-08 09:00,5.9,7.19,0,0.0375,0.08,19.788,0
2024-03-08 09:30,6.35,7.29,0,0.0375,0.08,19.687,0
2024-03-08 10:00,6.8,7.39,0,0.0375,0.08,19.591,0
2024-03-08 10:30,7.15,7.5,0,0.0375,0.08,19.498,0
2024-03-08 11:00,7.5,7.61,0,0.0375,0.08,19.409,0
2024-03-08 11:30,7.5,7.46,0,0.0375,0.08,19.321,0
2024-03-08 12:00,7.5,7.31,0,0.0375,0.08,19.233,0
2024-03-08 12:30,7.45,6.82,0,0.0375,0.08,19.145,0
2024-03-08 13:00,7.4,6.33,0,0.0375,0.08,19.057,0
2024-03-08 13:30,7.6,7.12,0,0.0375,0.08,18.972,0
2024-03-08 14:00,7.8,7.92,0,0.0375,0.08,18.889,0
2024-03-08 14:30,7.75,7.81,0,0.0375,0.08,18.807,0
2024-03-08 15:00,7.7,7.69,0,0.0375,0.08,18.724,0
2024-03-08 15:30,7.45,7.81,0,0.0375,0.08,18.64,0
2024-03-08 16:00,7.2,7.92,0,0.0375,0.08,18.555,0
2024-03-08 16:30,6.75,7.33,0,0.0375,0.08,18.467,0
2024-03-08 17:00,6.3,6.75,0,0.0375,0.08,18.377,0
2024-03-08 17:30,5.5,6.33,1,1.4625,12.08,19.09,1
2024-03-08 18:00,4.7,5.92,1,1.4625,12.08,19.791,1
2024-03-08 18:30,4.2,5.74,1,0.0375,5.551443,20.0,1
2024-03-08 19:00,3.7,5.56,1,0.1625,1.994548,20.0,1
2024-03-08 19:30,3.4,5.4,1,1.0875,0.99382,20.0,1
2024-03-08 20:00,3.1,5.25,1,0.1625,2.071743,20.0,1
2024-03-08 20:30,3.05,5.17,1,1.1,1.024805,20.0,1
2024-03-08 21:00,3.0,5.08,1,1.1,1.031238,20.0,1
2024-03-08 21:30,3.15,5.1,1,1.0875,1.025984,20.0,1
2024-03-08 22:00,3.3,5.11,1,0.0375,2.186461,20.0,1
2024-03-08 22:30,3.4,5.08,1,0.0375,2.173595,20.0,1
2024-03-08 23:00,3.5,5.06,1,0.0375,0.08,19.876,0
2024-03-08 23:30,3.7,5.15,1,0.0375,0.08,19.755,0
2024-03-09 00:00,3.9,5.25,1,0.0375,0.08,19.636,0
2024-03-09 00:30,3.7,5.11,1,0.0375,0.08,19.517,0
2024-03-09 01:00,3.5,4.97,1,0.0375,0.08,19.396,0
2024-03-09 01:30,3.6,5.07,1,0.0375,0.08,19.278,0
2024-03-09 02:00,3.7,5.17,1,0.0375,0.08,19.161,0
2024-03-09 02:30,3.9,5.08,1,0.0375,0.08,19.047,0
2024-03-09 03:00,4.1,5.0,1,0.0375,0.08,18.935,0
2024-03-09 03:30,4.1,5.04,1,0.0375,0.08,18.824,0
2024-03-09 04:00,4.1,5.08,1,1.2875,0.08,18.797,0
2024-03-09 04:30,4.0,4.93,1,0.0375,0.08,18.687,0
2024-03-09 05:00,3.9,4.78,1,0.0375,0.08,18.576,0
2024-03-09 05:30,4.2,5.0,1,0.0375,0.08,18.469,0
2024-03-09 06:00,4.5,5.22,1,0.0375,0.08,18.364,0
2024-03-09 06:30,4.75,5.24,1,0.0375,0.08,18.262,0
2024-03-09 07:00,5.0,5.25,1,0.0375,12.08,18.877,1
2024-03-09 07:30,5.2,5.5,1,0.0375,12.08,19.489,1
2024-03-09 08:00,5.4,5.75,1,0.0375,10.439371,20.0,1
2024-03-09 08:30,5.5,5.72,1,0.0375,0.08,19.892,0
2024-03-09 09:00,5.6,5.69,1,0.0375,0.08,19.785,0
2024-03-09 09:30,6.05,5.9,1,0.0375,0.08,19.682,0
2024-03-09 10:00,6.5,6.11,1,1.3375,0.08,19.671,0
2024-03-09 10:30,7.2,6.42,1,0.0375,0.08,19.578,0
2024-03-09 11:00,7.9,6.72,1,0.2875,0.08,19.507,0
2024-03-09 11:30,8.4,6.32,1,1.2125,0.08,19.503,0
2024-03-09 12:00,8.9,5.92,1,1.2875,0.08,19.508,0
2024-03-09 12:30,8.85,6.24,1,0.0375,0.08,19.429,0
2024-03-09 13:00,8.8,6.56,1,0.0375,0.08,19.35,0
2024-03-09 13:30,9.3,6.67,1,0.0375,0.08,19.276,0
2024-03-09 14:00,9.8,6.78,1,0.1625,0.08,19.214,0
2024-03-09 14:30,9.95,6.72,1,0.0375,0.08,19.146,0
2024-03-09 15:00,10.1,6.67,1,0.0375,0.08,19.079,0
2024-03-09 15:30,9.7,6.74,1,0.0375,0.08,19.01,0
2024-03-09 16:00,9.3,6.81,1,0.0375,0.08,18.938,0
2024-03-09 16:30,8.55,6.65,1,0.0375,0.08,18.861,0
2024-03-09 17:00,7.8,6.5,1,0.0375,0.08,18.779,0
2024-03-09 17:30,6.95,6.06,1,1.2875,12.08,19.488,1
2024-03-09 18:00,6.1,5.61,1,0.0375,10.360397,20.0,1
2024-03-09 18:30,5.7,5.53,1,0.0375,1.877681,20.0,1
2024-03-09 19:00,5.3,5.44,1,0.975,0.875773,20.0,1
2024-03-09 19:30,5.15,5.43,1,0.975,0.895072,20.0,1
2024-03-09 20:00,5.0,5.42,1,0.0375,1.967741,20.0,1
2024-03-09 20:30,5.15,5.24,1,0.0375,1.948443,20.0,1
2024-03-09 21:00,5.3,5.06,1,0.0375,1.929144,20.0,1
2024-03-09 21:30,5.45,4.83,1,0.0375,1.909845,20.0,1
2024-03-09 22:00,5.6,4.61,1,0.0375,1.890546,20.0,1
2024-03-09 22:30,5.7,4.57,1,0.0375,1.877681,20.0,1
2024-03-09 23:00,5.8,4.53,1,0.0375,0.08,19.894,0
2024-03-09 23:30,6.0,4.75,1,0.0375,0.08,19.79,0
2024-03-10 00:00,6.2,4.97,1,0.0375,0.08,19.688,0
2024-03-10 00:30,6.25,4.74,1,0.0375,0.08,19.588,0
2024-03-10 01:00,6.3,4.5,1,0.0375,0.08,19.489,0
2024-03-10 01:30,6.35,4.76,1,0.0375,0.08,19.391,0
2024-03-10 02:00,6.4,5.03,1,0.0375,0.08,19.294,0
2024-03-10 02:30,6.55,5.13,1,0.0375,0.08,19.199,0
2024-03-10 03:00,6.7,5.22,1,0.0375,0.08,19.106,0
2024-03-10 03:30,6.65,5.54,1,0.0375,0.08,19.013,0
2024-03-10 04:00,6.6,5.86,1,0.0375,0.08,18.92,0
2024-03-10 04:30,6.5,6.0,1,0.0375,0.08,18.828,0
2024-03-10 05:00,6.4,6.14,1,0.0375,0.08,18.735,0
2024-03-10 05:30,6.5,6.17,1,0.0375,0.08,18.644,0
2024-03-10 06:00,6.6,6.19,1,0.0375,0.08,18.554,0
2024-03-10 06:30,6.7,6.12,1,0.0375,0.08,18.466,0
2024-03-10 07:00,6.8,6.06,1,0.0375,12.08,19.093,1
2024-03-10 07:30,6.8,6.04,1,0.0375,12.08,19.716,1
2024-03-10 08:00,6.8,6.03,1,0.0375,6.480195,20.0,1
2024-03-10 08:30,6.7,5.96,1,2.5875,0.08,20.071,0
2024-03-10 09:00,6.6,5.89,1,2.3875,0.08,20.128,0
2024-03-10 09:30,6.65,5.71,1,0.0375,0.08,20.027,0
2024-03-10 10:00,6.7,5.53,1,0.0375,0.08,19.927,0
2024-03-10 10:30,6.8,5.43,1,1.2875,0.08,19.913,0
2024-03-10 11:00,6.9,5.33,1,0.0375,0.08,19.816,0
2024-03-10 11:30,7.3,6.28,1,0.0375,0.08,19.723,0
2024-03-10 12:00,7.7,7.22,1,0.0375,0.08,19.633,0
2024-03-10 12:30,7.35,6.96,1,0.975,0.08,19.604,0
2024-03-10 13:00,7.0,6.69,1,0.975,0.08,19.573,0
2024-03-10 13:30,6.95,6.14,1,0.1625,0.08,19.487,0
2024-03-10 14:00,6.9,5.58,1,0.0375,0.08,19.393,0
2024-03-10 14:30,6.85,5.86,1,0.0375,0.08,19.3,0
2024-03-10 15:00,6.8,6.14,1,0.1625,0.08,19.215,0
2024-03-10 15:30,6.8,5.82,1,0.0375,0.08,19.123,0
2024-03-10 16:00,6.8,5.5,1,0.1625,0.08,19.039,0
2024-03-10 16:30,6.65,5.5,1,0.0375,0.08,18.947,0
2024-03-10 17:00,6.5,5.5,1,0.0375,0.08,18.854,0
2024-03-10 17:30,6.35,5.42,1,0.0375,12.08,19.475,1
2024-03-10 18:00,6.2,5.33,1,0.0375,10.574653,20.0,1
2024-03-10 18:30,6.1,5.4,1,0.975,0.772846,20.0,1
2024-03-10 19:00,6.0,5.47,1,1.1,0.645263,20.0,1
2024-03-10 19:30,5.9,5.14,1,0.1625,1.711499,20.0,1
2024-03-10 20:00,5.8,4.81,1,1.0875,0.685039,20.0,1
2024-03-10 20:30,5.8,4.72,1,0.0375,1.864815,20.0,1
2024-03-10 21:00,5.8,4.64,1,1.2875,0.46032,20.0,1
2024-03-10 21:30,5.8,4.51,1,0.0375,1.864815,20.0,1
2024-03-10 22:00,5.8,4.39,1,0.0375,1.864815,20.0,1
2024-03-10 22:30,5.8,4.35,1,0.1625,1.724365,20.0,1
2024-03-10 23:00,5.8,4.31,1,0.0375,0.08,19.894,0
2024-03-10 23:30,5.85,4.44,1,0.0375,0.08,19.789,0
2024-03-11 00:00,5.9,4.58,1,0.0375,0.08,19.685,0
2024-03-11 00:30,5.75,4.64,1,0.0375,0.08,19.581,0
2024-03-11 01:00,5.6,4.69,1,0.0375,0.08,19.476,0
2024-03-11 01:30,5.55,4.74,1,0.0375,0.08,19.372,0
2024-03-11 02:00,5.5,4.78,1,1.2875,0.08,19.352,0
2024-03-11 02:30,5.5,4.72,1,0.0375,0.08,19.249,0
2024-03-11 03:00,5.5,4.67,1,0.0375,0.08,19.146,0
2024-03-11 03:30,5.55,4.5,1,0.0375,0.08,19.044,0
2024-03-11 04:00,5.6,4.33,1,0.0375,0.08,18.944,0
2024-03-11 04:30,5.6,4.4,1,1.2875,0.08,18.928,0
2024-03-11 05:00,5.6,4.47,1,0.0375,0.08,18.828,0
2024-03-11 05:30,5.65,4.51,1,0.0375,0.08,18.73,0
2024-03-11 06:00,5.7,4.56,1,0.0375,0.08,18.633,0
2024-03-11 06:30,5.75,4.24,1,1.2875,0.08,18.62,0
2024-03-11 07:00,5.8,3.92,1,0.0375,12.08,19.239,1
2024-03-11 07:30,6.1,4.15,1,0.2875,12.08,19.871,1
2024-03-11 08:00,6.4,4.39,1,0.0375,3.937914,20.0,1
2024-03-11 08:30,6.5,4.53,0,0.0375,0.08,19.899,0
2024-03-11 09:00,6.6,4.67,0,0.0375,0.08,19.8,0
2024-03-11 09:30,6.9,4.76,0,0.0375,0.08,19.704,0
2024-03-11 10:00,7.2,4.86,0,0.0375,0.08,19.61,0
2024-03-11 10:30,7.65,4.58,0,0.0375,0.08,19.521,0
2024-03-11 11:00,8.1,4.31,0,0.0375,0.08,19.437,0
2024-03-11 11:30,8.25,4.01,0,0.0375,0.08,19.353,0
2024-03-11 12:00,8.4,3.72,0,0.0375,0.08,19.272,0
2024-03-11 12:30,8.4,3.31,0,0.0375,0.08,19.191,0
2024-03-11 13:00,8.4,2.89,0,0.0375,0.08,19.111,0
2024-03-11 13:30,8.5,3.0,0,0.0375,0.08,19.033,0
2024-03-11 14:00,8.6,3.11,0,0.0375,0.08,18.955,0
2024-03-11 14:30,8.45,3.06,0,0.0375,0.08,18.877,0
2024-03-11 15:00,8.3,3.0,0,0.0375,0.08,18.799,0
2024-03-11 15:30,8.3,2.96,0,0.0375,0.08,18.721,0
2024-03-11 16:00,8.3,2.92,0,0.0375,0.08,18.644,0
2024-03-11 16:30,8.15,2.42,0,0.0375,0.08,18.566,0
2024-03-11 17:00,8.0,1.92,0,0.0375,0.08,18.488,0
2024-03-11 17:30,7.55,1.54,1,0.0375,12.08,19.12,1
2024-03-11 18:00,7.1,1.17,1,0.2875,12.08,19.761,1
2024-03-11 18:30,6.25,1.6,1,1.1,4.593686,20.0,1
2024-03-11 19:00,5.4,2.03,1,0.975,0.862907,20.0,1
2024-03-11 19:30,5.3,1.96,1,0.1625,1.788694,20.0,1
2024-03-11 20:00,5.2,1.89,1,0.0375,1.94201,20.0,1
2024-03-11 20:30,5.7,1.6,1,1.0875,0.697905,20.0,1
2024-03-11 21:00,6.2,1.31,1,0.0375,1.813351,20.0,1
2024-03-11 21:30,6.0,1.0,1,1.0875,0.659308,20.0,1
2024-03-11 22:00,5.8,0.69,1,0.0375,1.864815,20.0,1
2024-03-11 22:30,5.85,0.67,1,0.0375,1.858382,20.0,1
2024-03-11 23:00,5.9,0.64,1,0.0375,0.08,19.895,0
2024-03-11 23:30,5.05,1.07,1,0.0375,0.08,19.783,0
2024-03-12 00:00,4.2,1.5,1,1.2875,0.08,19.75,0
2024-03-12 00:30,4.7,1.96,1,0.0375,0.08,19.638,0
2024-03-12 01:00,5.2,2.42,1,0.0375,0.08,19.53,0
2024-03-12 01:30,5.0,2.56,1,0.0375,0.08,19.421,0
2024-03-12 02:00,4.8,2.69,1,0.0375,0.08,19.311,0
2024-03-12 02:30,4.6,2.71,1,0.0375,0.08,19.201,0
2024-03-12 03:00,4.4,2.72,1,1.2875,0.08,19.174,0
2024-03-12 03:30,4.35,2.75,1,0.0375,0.08,19.063,0
2024-03-12 04:00,4.3,2.78,1,0.0375,0.08,18.953,0
2024-03-12 04:30,4.5,3.31,1,0.0375,0.08,18.845,0
2024-03-12 05:00,4.7,3.83,1,0.0375,0.08,18.739,0
2024-03-12 05:30,4.85,4.04,1,0.0375,0.08,18.635,0
2024-03-12 06:00,5.0,4.25,1,0.0375,0.08,18.533,0
2024-03-12 06:30,5.4,4.58,1,0.0375,0.08,18.435,0
2024-03-12 07:00,5.8,4.92,1,0.0375,12.08,19.055,1
2024-03-12 07:30,6.1,4.97,1,0.0375,12.08,19.672,1
2024-03-12 08:00,6.4,5.03,1,0.2875,6.976549,20.0,1
2024-03-12 08:30,6.45,5.15,0,0.0375,0.08,19.899,0
2024-03-12 09:00,6.5,5.28,0,0.0375,0.08,19.799,0
2024-03-12 09:30,6.65,5.31,0,0.0375,0.08,19.701,0
2024-03-12 10:00,6.8,5.33,0,0.0375,0.08,19.604,0
2024-03-12 10:30,7.2,5.12,0,0.0375,0.08,19.512,0
2024-03-12 11:00,7.6,4.92,0,0.0375,0.08,19.423,0
2024-03-12 11:30,8.75,5.07,0,0.0375,0.08,19.344,0
2024-03-12 12:00,9.9,5.22,0,0.0375,0.08,19.274,0
2024-03-12 12:30,11.1,4.75,0,0.0375,0.08,19.214,0
2024-03-12 13:00,12.3,4.28,0,0.0375,0.08,19.164,0
2024-03-12 13:30,13.1,4.36,0,0.0375,0.08,19.12,0
2024-03-12 14:00,13.9,4.44,0,0.0375,0.08,19.082,0
2024-03-12 14:30,14.0,4.97,0,0.0375,0.08,19.046,0
2024-03-12 15:00,14.1,5.5,0,0.0375,0.08,19.011,0
2024-03-12 15:30,13.75,5.03,0,0.0375,0.08,18.973,0
2024-03-12 16:00,13.4,4.56,0,0.0375,0.08,18.933,0
2024-03-12 16:30,13.0,4.25,0,0.0375,0.08,18.89,0
2024-03-12 17:00,12.6,3.94,0,0.0375,0.08,18.844,0
2024-03-12 17:30,12.4,4.26,1,1.4125,12.08,19.603,1
2024-03-12 18:00,12.2,4.58,1,0.1625,7.518601,20.0,1
2024-03-12 18:30,12.1,4.93,1,0.0375,1.054267,20.0,1
2024-03-12 19:00,12.0,5.28,1,0.1625,0.926683,20.0,1
2024-03-12 19:30,12.05,5.5,1,0.0375,1.0607,20.0,1
2024-03-12 20:00,12.1,5.72,1,0.975,0.08,20.005,0
2024-03-12 20:30,12.0,5.86,1,1.9125,0.08,20.071,0
2024-03-12 21:00,11.9,6.0,1,2.025,0.08,20.144,0
2024-03-12 21:30,11.95,5.61,1,1.0875,0.08,20.154,0
2024-03-12 22:00,12.0,5.22,1,0.0375,0.08,20.094,0
2024-03-12 22:30,12.05,5.03,1,0.1625,0.08,20.043,0
2024-03-12 23:00,12.1,4.83,1,0.0375,0.08,19.985,0
2024-03-12 23:30,12.1,5.31,1,0.0375,0.08,19.927,0
2024-03-13 00:00,12.1,5.78,1,1.2875,0.08,19.953,0
2024-03-13 00:30,12.15,5.83,1,1.2875,0.08,19.98,0
2024-03-13 01:00,12.2,5.89,1,0.0375,0.08,19.923,0
2024-03-13 01:30,12.2,5.74,1,0.0375,0.08,19.866,0
2024-03-13 02:00,12.2,5.58,1,0.0375,0.08,19.81,0
2024-03-13 02:30,11.95,5.54,1,0.0375,0.08,19.752,0
2024-03-13 03:00,11.7,5.5,1,0.0375,0.08,19.693,0
2024-03-13 03:30,11.6,5.82,1,1.2875,0.08,19.717,0
2024-03-13 04:00,11.5,6.14,1,0.0375,0.08,19.657,0
2024-03-13 04:30,11.35,6.54,1,0.0375,0.08,19.596,0
2024-03-13 05:00,11.2,6.94,1,0.0375,0.08,19.534,0
2024-03-13 05:30,11.25,7.79,1,0.0375,0.08,19.473,0
2024-03-13 06:00,11.3,8.64,1,0.0375,0.08,19.413,0
2024-03-13 06:30,11.4,9.03,1,0.0375,0.08,19.354,0
2024-03-13 07:00,11.5,9.42,1,0.0375,11.901697,20.0,1
2024-03-13 07:30,11.55,9.07,1,1.2125,0.08,20.016,0
2024-03-13 08:00,11.6,8.72,1,1.0875,0.08,20.025,0
2024-03-13 08:30,11.85,8.74,0,0.0375,0.08,19.965,0
2024-03-13 09:00,12.1,8.75,0,0.0375,0.08,19.907,0
2024-03-13 09:30,12.45,8.22,0,0.0375,0.08,19.852,0
2024-03-13 10:00,12.8,7.69,0,0.0375,0.08,19.801,0
2024-03-13 10:30,12.95,6.92,0,0.0375,0.08,19.751,0
2024-03-13 11:00,13.1,6.14,0,0.0375,0.08,19.703,0
2024-03-13 11:30,13.7,6.64,0,0.0375,0.08,19.659,0
2024-03-13 12:00,14.3,7.14,0,0.0375,0.08,19.621,0
2024-03-13 12:30,13.85,6.29,0,0.0375,0.08,19.579,0
2024-03-13 13:00,13.4,5.44,0,0.0375,0.08,19.534,0
2024-03-13 13:30,13.2,6.61,0,0.0375,0.08,19.488,0
2024-03-13 14:00,13.0,7.78,0,0.0375,0.08,19.441,0
2024-03-13 14:30,13.2,7.67,0,0.0375,0.08,19.396,0
2024-03-13 15:00,13.4,7.56,0,0.0375,0.08,19.352,0
2024-03-13 15:30,13.35,7.69,0,0.0375,0.08,19.309,0
2024-03-13 16:00,13.3,7.83,0,0.0375,0.08,19.265,0
2024-03-13 16:30,13.0,7.96,0,0.0375,0.08,19.22,0
2024-03-13 17:00,12.7,8.08,0,0.0375,0.08,19.173,0
2024-03-13 17:30,12.45,8.08,1,0.2875,12.08,19.854,1
2024-03-13 18:00,12.2,8.08,1,0.0375,3.472774,20.0,1
2024-03-13 18:30,12.05,8.18,1,0.0375,1.0607,20.0,1
2024-03-13 19:00,11.9,8.28,1,0.1625,0.939549,20.0,1
2024-03-13 19:30,11.8,8.19,1,1.1,0.08,20.011,0
2024-03-13 20:00,11.7,8.11,1,1.1,0.08,20.021,0
2024-03-13 20:30,11.4,8.15,1,0.0375,0.799327,20.0,1
2024-03-13 21:00,11.1,8.19,1,0.870833,0.246596,20.0,1
2024-03-13 21:30,11.0,7.71,1,0.870833,0.259461,20.0,1
2024-03-13 22:00,10.9,7.22,1,0.870833,0.272327,20.0,1
2024-03-13 22:30,10.8,6.85,1,0.0375,1.221523,20.0,1
2024-03-13 23:00,10.7,6.47,1,0.0375,0.08,19.931,0
2024-03-13 23:30,10.65,6.5,1,0.0375,0.08,19.863,0
2024-03-14 00:00,10.6,6.53,1,0.0375,0.08,19.794,0
2024-03-14 00:30,10.75,6.15,1,0.0375,0.08,19.728,0
2024-03-14 01:00,10.9,5.78,1,0.0375,0.08,19.663,0
2024-03-14 01:30,10.8,6.0,1,0.0375,0.08,19.597,0
2024-03-14 02:00,10.7,6.22,1,0.0375,0.08,19.532,0
2024-03-14 02:30,10.75,6.44,1,1.2875,0.08,19.551,0
2024-03-14 03:00,10.8,6.67,1,0.0375,0.08,19.486,0
2024-03-14 03:30,10.75,6.62,1,0.0375,0.08,19.422,0
2024-03-14 04:00,10.7,6.58,1,0.0375,0.08,19.357,0
2024-03-14 04:30,10.5,6.54,1,0.0375,0.08,19.292,0
2024-03-14 05:00,10.3,6.5,1,0.0375,0.08,19.226,0
2024-03-14 05:30,10.2,6.29,1,0.0375,0.08,19.159,0
2024-03-14 06:00,10.1,6.08,1,0.0375,0.08,19.092,0
2024-03-14 06:30,10.2,6.15,1,1.2875,0.08,19.11,0
2024-03-14 07:00,10.3,6.22,1,2.1375,12.08,19.9,1
2024-03-14 07:30,10.45,6.46,1,0.0375,2.938248,20.0,1
2024-03-14 08:00,10.6,6.69,1,0.0375,1.247254,20.0,1
2024-03-14 08:30,10.75,6.65,0,0.0375,0.08,19.932,0
2024-03-14 09:00,10.9,6.61,0,0.0375,0.08,19.865,0
2024-03-14 09:30,11.2,6.43,0,0.0375,0.08,19.801,0
2024-03-14 10:00,11.5,6.25,0,0.0375,0.08,19.74,0
2024-03-14 10:30,12.0,6.53,0,0.0375,0.08,19.683,0
2024-03-14 11:00,12.5,6.81,0,0.0375,0.08,19.631,0
2024-03-14 11:30,12.75,6.94,0,0.0375,0.08,19.581,0
2024-03-14 12:00,13.0,7.08,0,0.0375,0.08,19.533,0
2024-03-14 12:30,13.2,7.0,0,0.0375,0.08,19.487,0
2024-03-14 13:00,13.4,6.92,0,0.0375,0.08,19.443,0
2024-03-14 13:30,14.0,7.61,0,0.0375,0.08,19.404,0
2024-03-14 14:00,14.6,8.31,0,0.0375,0.08,19.37,0
2024-03-14 14:30,14.6,8.19,0,0.0375,0.08,19.336,0
2024-03-14 15:00,14.6,8.08,0,0.0375,0.08,19.302,0
2024-03-14 15:30,14.1,7.19,0,0.0375,0.08,19.264,0
2024-03-14 16:00,13.6,6.31,0,0.0375,0.08,19.224,0
2024-03-14 16:30,13.2,6.29,0,0.0375,0.08,19.18,0
2024-03-14 17:00,12.8,6.28,0,0.0375,0.08,19.134,0
2024-03-14 17:30,12.5,6.0,1,0.975,12.08,19.862,1
2024-03-14 18:00,12.2,5.72,1,0.975,2.289873,20.0,1
2024-03-14 18:30,12.0,5.62,1,0.2875,0.786234,20.0,1
2024-03-14 19:00,11.8,5.53,1,0.1625,0.952415,20.0,1
2024-03-14 19:30,11.9,5.42,1,1.4125,0.08,20.032,0
2024-03-14 20:00,12.0,5.31,1,0.0375,0.526358,20.0,1
2024-03-14 20:30,12.05,5.19,1,0.0375,1.0607,20.0,1
2024-03-14 21:00,12.1,5.08,1,0.0375,1.054267,20.0,1
2024-03-14 21:30,12.0,5.07,1,0.0375,1.067133,20.0,1
2024-03-14 22:00,11.9,5.06,1,0.1625,0.939549,20.0,1
2024-03-14 22:30,11.6,5.24,1,0.1625,0.978146,20.0,1
2024-03-14 23:00,11.3,5.42,1,0.0375,0.08,19.936,0
2024-03-14 23:30,11.25,5.6,1,0.0375,0.08,19.872,0
2024-03-15 00:00,11.2,5.78,1,0.0375,0.08,19.808,0
2024-03-15 00:30,11.15,5.68,1,0.0375,0.08,19.744,0
2024-03-15 01:00,11.1,5.58,1,0.0375,0.08,19.681,0
2024-03-15 01:30,11.0,5.87,1,0.0375,0.08,19.617,0
2024-03-15 02:00,10.9,6.17,1,0.0375,0.08,19.552,0
2024-03-15 02:30,10.65,5.96,1,0.0375,0.08,19.487,0
2024-03-15 03:00,10.4,5.75,1,0.0375,0.08,19.42,0
2024-03-15 03:30,10.1,5.79,1,0.0375,0.08,19.351,0
2024-03-15 04:00,9.8,5.83,1,1.2875,0.08,19.364,0
2024-03-15 04:30,9.9,6.04,1,0.0375,0.08,19.294,0
2024-03-15 05:00,10.0,6.25,1,0.0375,0.08,19.225,0
2024-03-15 05:30,10.05,6.17,1,0.0375,0.08,19.158,0
2024-03-15 06:00,10.1,6.08,1,0.0375,0.08,19.091,0
2024-03-15 06:30,10.3,6.4,1,0.0375,0.08,19.026,0
2024-03-15 07:00,10.5,6.72,1,0.0375,12.08,19.677,1
2024-03-15 07:30,10.55,6.64,1,0.0375,6.63789,20.0,1
2024-03-15 08:00,10.6,6.56,1,2.15,0.08,20.072,0
2024-03-15 08:30,10.7,6.5,0,0.975,0.08,20.065,0
2024-03-15 09:00,10.8,6.44,0,0.0375,0.08,19.997,0
2024-03-15 09:30,11.05,6.86,0,0.0375,0.08,19.931,0
2024-03-15 10:00,11.3,7.28,0,0.0375,0.08,19.867,0
2024-03-15 10:30,11.7,6.75,0,0.0375,0.08,19.807,0
2024-03-15 11:00,12.1,6.22,0,0.0375,0.08,19.751,0
2024-03-15 11:30,12.05,6.06,0,0.0375,0.08,19.694,0
2024-03-15 12:00,12.0,5.89,0,0.0375,0.08,19.638,0
2024-03-15 12:30,12.15,6.0,0,0.0375,0.08,19.583,0
2024-03-15 13:00,12.3,6.11,0,0.0375,0.08,19.53,0
2024-03-15 13:30,11.9,6.26,0,0.0375,0.08,19.474,0
2024-03-15 14:00,11.5,6.42,0,0.0375,0.08,19.415,0
2024-03-15 14:30,11.1,6.65,0,0.0375,0.08,19.354,0
2024-03-15 15:00,10.7,6.89,0,0.0375,0.08,19.291,0
2024-03-15 15:30,10.4,7.35,0,0.0375,0.08,19.225,0
2024-03-15 16:00,10.1,7.81,0,0.0375,0.08,19.158,0
2024-03-15 16:30,9.7,7.54,0,0.0375,0.08,19.088,0
2024-03-15 17:00,9.3,7.28,0,0.0375,0.08,19.015,0
2024-03-15 17:30,9.05,6.82,1,0.0375,12.08,19.656,1
2024-03-15 18:00,8.8,6.36,1,1.2125,5.903868,20.0,1
2024-03-15 18:30,8.55,5.78,1,2.275,0.08,20.064,0
2024-03-15 19:00,8.3,5.19,1,2.275,0.08,20.126,0
2024-03-15 19:30,8.1,5.42,1,0.1625,0.08,20.045,0
2024-03-15 20:00,7.9,5.64,1,0.0375,0.839549,20.0,1
2024-03-15 20:30,7.6,5.14,1,0.0375,1.63323,20.0,1
2024-03-15 21:00,7.3,4.64,1,0.0375,1.671827,20.0,1
2024-03-15 21:30,7.15,4.39,1,0.1625,1.550676,20.0,1
2024-03-15 22:00,7.0,4.14,1,1.2875,0.30593,20.0,1
2024-03-15 22:30,6.55,3.65,1,2.370833,0.08,20.056,0
2024-03-15 23:00,6.1,3.17,1,0.870833,0.08,20.007,0
2024-03-15 23:30,5.45,2.62,1,0.870833,0.08,19.954,0
2024-03-16 00:00,4.8,2.08,1,0.0375,0.08,19.84,0
2024-03-16 00:30,4.75,2.07,1,0.0375,0.08,19.727,0
2024-03-16 01:00,4.7,2.06,1,0.0375,0.08,19.615,0
2024-03-16 01:30,4.25,2.06,1,0.0375,0.08,19.5,0
2024-03-16 02:00,3.8,2.06,1,0.0375,0.08,19.382,0
2024-03-16 02:30,3.5,2.04,1,0.0375,0.08,19.263,0
2024-03-16 03:00,3.2,2.03,1,0.0375,0.08,19.142,0
2024-03-16 03:30,2.85,1.92,1,0.0375,0.08,19.02,0
2024-03-16 04:00,2.5,1.81,1,0.0375,0.08,18.896,0
2024-03-16 04:30,1.95,1.97,1,0.0375,0.08,18.769,0
2024-03-16 05:00,1.4,2.14,1,0.0375,0.08,18.639,0
2024-03-16 05:30,0.95,2.01,1,0.0375,0.08,18.506,0
2024-03-16 06:00,0.5,1.89,1,0.0375,0.08,18.37,0
2024-03-16 06:30,0.95,1.4,1,0.0375,0.08,18.24,0
2024-03-16 07:00,1.4,0.92,1,0.0375,12.08,18.827,1
2024-03-16 07:30,3.0,1.51,1,0.0375,12.08,19.422,1
2024-03-16 08:00,4.6,2.11,1,1.2875,10.248622,20.0,1
2024-03-16 08:30,6.2,2.08,1,1.0875,0.08,19.967,0
2024-03-16 09:00,7.8,2.06,1,1.3375,0.08,19.963,0
2024-03-16 09:30,8.6,2.68,1,2.4,0.08,20.037,0
2024-03-16 10:00,9.4,3.31,1,3.058333,0.08,20.16,0
2024-03-16 10:30,9.75,3.78,1,0.995833,0.08,20.147,0
2024-03-16 11:00,10.1,4.25,1,0.870833,0.08,20.128,0
2024-03-16 11:30,10.15,4.39,1,0.0375,0.08,20.054,0
2024-03-16 12:00,10.2,4.53,1,0.0375,0.08,19.981,0
2024-03-16 12:30,10.4,4.62,1,0.0375,0.08,19.91,0
2024-03-16 13:00,10.6,4.72,1,0.0375,0.08,19.842,0
2024-03-16 13:30,10.8,5.06,1,1.4125,0.08,19.867,0
2024-03-16 14:00,11.0,5.39,1,1.0875,0.08,19.872,0
2024-03-16 14:30,10.6,5.1,1,0.0375,0.08,19.803,0
2024-03-16 15:00,10.2,4.81,1,0.1625,0.08,19.741,0
2024-03-16 15:30,9.95,4.47,1,0.1625,0.08,19.677,0
2024-03-16 16:00,9.7,4.14,1,0.1625,0.08,19.611,0
2024-03-16 16:30,9.7,4.44,1,0.0375,0.08,19.538,0
2024-03-16 17:00,9.7,4.75,1,0.0375,0.08,19.465,0
2024-03-16 17:30,9.4,4.85,1,0.0375,10.328006,20.0,1
2024-03-16 18:00,9.1,4.94,1,0.0375,1.440242,20.0,1
2024-03-16 18:30,8.85,4.75,1,0.0375,1.472407,20.0,1
2024-03-16 19:00,8.6,4.56,1,0.0375,1.504571,20.0,1
2024-03-16 19:30,8.55,4.56,1,0.0375,1.511004,20.0,1
2024-03-16 20:00,8.5,4.56,1,0.0375,1.517437,20.0,1
2024-03-16 20:30,8.6,4.76,1,0.0375,1.504571,20.0,1
2024-03-16 21:00,8.7,4.97,1,0.0375,1.491705,20.0,1
2024-03-16 21:30,8.75,5.26,1,0.0375,1.485272,20.0,1
2024-03-16 22:00,8.8,5.56,1,0.0375,1.478839,20.0,1
2024-03-16 22:30,9.0,5.08,1,0.0375,1.453108,20.0,1
2024-03-16 23:00,9.2,4.61,1,0.0375,0.08,19.92,0
2024-03-16 23:30,9.4,4.22,1,0.0375,0.08,19.842,0
2024-03-17 00:00,9.6,3.83,1,0.0375,0.08,19.766,0
2024-03-17 00:30,9.4,3.81,1,0.0375,0.08,19.689,0
2024-03-17 01:00,9.2,3.78,1,0.0375,0.08,19.611,0
2024-03-17 01:30,9.45,3.93,1,0.0375,0.08,19.536,0
2024-03-17 02:00,9.7,4.08,1,0.0375,0.08,19.463,0
2024-03-17 02:30,9.9,4.81,1,0.0375,0.08,19.393,0
2024-03-17 03:00,10.1,5.53,1,0.0375,0.08,19.324,0
2024-03-17 03:30,10.25,5.57,1,0.0375,0.08,19.257,0
2024-03-17 04:00,10.4,5.61,1,0.0375,0.08,19.192,0
2024-03-17 04:30,10.45,5.36,1,0.0375,0.08,19.127,0
2024-03-17 05:00,10.5,5.11,1,1.2875,0.08,19.147,0
2024-03-17 05:30,10.4,4.82,1,0.0375,0.08,19.083,0
2024-03-17 06:00,10.3,4.53,1,0.0375,0.08,19.018,0
2024-03-17 06:30,10.35,4.58,1,0.0375,0.08,18.954,0
2024-03-17 07:00,10.4,4.64,1,0.0375,12.08,19.605,1
2024-03-17 07:30,10.4,4.79,1,0.0375,7.856957,20.0,1
2024-03-17 08:00,10.4,4.94,1,0.0375,1.272986,20.0,1
2024-03-17 08:30,10.4,4.96,1,0.0375,0.08,19.929,0
2024-03-17 09:00,10.4,4.97,1,0.0375,0.08,19.859,0
2024-03-17 09:30,10.5,4.94,1,1.2875,0.08,19.873,0
2024-03-17 10:00,10.6,4.92,1,0.0375,0.08,19.805,0
2024-03-17 10:30,11.0,5.01,1,0.0375,0.08,19.74,0
2024-03-17 11:00,11.4,5.11,1,0.1625,0.08,19.687,0
2024-03-17 11:30,11.95,5.22,1,0.0375,0.08,19.63,0
2024-03-17 12:00,12.5,5.33,1,0.0375,0.08,19.578,0
2024-03-17 12:30,13.9,4.47,1,1.0875,0.08,19.607,0
2024-03-17 13:00,15.3,3.61,1,0.1625,0.08,19.585,0
2024-03-17 13:30,15.2,3.46,1,0.0375,0.08,19.554,0
2024-03-17 14:00,15.1,3.31,1,0.0375,0.08,19.522,0
2024-03-17 14:30,15.4,3.54,1,0.1625,0.08,19.502,0
2024-03-17 15:00,15.7,3.78,1,0.0375,0.08,19.475,0
2024-03-17 15:30,15.25,3.61,1,0.0375,0.08,19.445,0
2024-03-17 16:00,14.8,3.44,1,0.1625,0.08,19.421,0
2024-03-17 16:30,14.55,3.14,1,1.2125,0.08,19.464,0
2024-03-17 17:00,14.3,2.83,1,2.5875,0.08,19.598,0
2024-03-17 17:30,13.1,2.82,1,1.3375,6.173727,20.0,1
2024-03-17 18:00,11.9,2.81,1,0.0375,1.079998,20.0,1
2024-03-17 18:30,11.7,2.78,1,0.0375,1.10573,20.0,1
2024-03-17 19:00,11.5,2.75,1,0.1625,0.991012,20.0,1
2024-03-17 19:30,10.65,2.49,1,0.0375,1.240821,20.0,1
2024-03-17 20:00,9.8,2.22,1,0.0375,1.350181,20.0,1
2024-03-17 20:30,9.65,2.61,1,0.0375,1.36948,20.0,1
2024-03-17 21:00,9.5,3.0,1,1.808333,0.08,20.041,0
2024-03-17 21:30,9.15,3.6,1,1.808333,0.08,20.078,0
2024-03-17 22:00,8.8,4.19,1,0.870833,0.08,20.05,0
2024-03-17 22:30,8.85,4.43,1,0.0375,0.639777,20.0,1
2024-03-17 23:00,8.9,4.67,1,0.0375,0.08,19.918,0
2024-03-17 23:30,8.7,4.08,1,0.0375,0.08,19.834,0
2024-03-18 00:00,8.5,3.5,1,0.0375,0.08,19.75,0
2024-03-18 00:30,8.35,3.18,1,0.0375,0.08,19.665,0
2024-03-18 01:00,8.2,2.86,1,0.0375,0.08,19.58,0
2024-03-18 01:30,8.35,3.26,1,0.0375,0.08,19.496,0
2024-03-18 02:00,8.5,3.67,1,0.0375,0.08,19.415,0
2024-03-18 02:30,8.35,3.83,1,0.0375,0.08,19.333,0
2024-03-18 03:00,8.2,4.0,1,0.0375,0.08,19.25,0
2024-03-18 03:30,7.75,3.9,1,0.0375,0.08,19.164,0
2024-03-18 04:00,7.3,3.81,1,0.0375,0.08,19.076,0
2024-03-18 04:30,6.9,3.51,1,1.2875,0.08,19.069,0
2024-03-18 05:00,6.5,3.22,1,1.2875,0.08,19.059,0
2024-03-18 05:30,6.2,2.85,1,0.0375,0.08,18.963,0
2024-03-18 06:00,5.9,2.47,1,0.0375,0.08,18.865,0
2024-03-18 06:30,5.9,2.15,1,0.0375,0.08,18.769,0
2024-03-18 07:00,5.9,1.83,1,0.0375,12.08,19.387,1
2024-03-18 07:30,7.45,2.39,1,1.2875,10.47925,20.0,1
2024-03-18 08:00,9.0,2.94,1,0.995833,0.376329,20.0,1
2024-03-18 08:30,9.7,3.64,0,0.870833,0.08,19.979,0
2024-03-18 09:00,10.4,4.33,0,0.870833,0.08,19.964,0
2024-03-18 09:30,10.7,4.42,0,0.0375,0.08,19.896,0
2024-03-18 10:00,11.0,4.5,0,0.0375,0.08,19.83,0
2024-03-18 10:30,11.45,4.69,0,0.0375,0.08,19.769,0
2024-03-18 11:00,11.9,4.89,0,0.0375,0.08,19.711,0
2024-03-18 11:30,12.35,4.76,0,0.0375,0.08,19.657,0
2024-03-18 12:00,12.8,4.64,0,0.0375,0.08,19.607,0
2024-03-18 12:30,13.4,4.85,0,0.0375,0.08,19.562,0
2024-03-18 13:00,14.0,5.06,0,0.0375,0.08,19.522,0
2024-03-18 13:30,14.2,4.92,0,0.0375,0.08,19.484,0
2024-03-18 14:00,14.4,4.78,0,0.0375,0.08,19.447,0
2024-03-18 14:30,14.5,5.04,0,0.0375,0.08,19.412,0
2024-03-18 15:00,14.6,5.31,0,0.0375,0.08,19.378,0
2024-03-18 15:30,14.4,4.85,0,0.0375,0.08,19.342,0
2024-03-18 16:00,14.2,4.39,0,0.0375,0.08,19.305,0
2024-03-18 16:30,13.7,4.06,0,0.0375,0.08,19.265,0
2024-03-18 17:00,13.2,3.72,0,0.0375,0.08,19.221,0
2024-03-18 17:30,12.75,3.28,1,0.1625,12.08,19.896,1
2024-03-18 18:00,12.3,2.83,1,0.2875,2.479182,20.0,1
2024-03-18 18:30,12.05,3.42,1,1.4625,0.08,20.037,0
2024-03-18 19:00,11.8,4.0,1,2.5125,0.08,20.142,0
2024-03-18 19:30,11.6,4.6,1,0.975,0.08,20.142,0
2024-03-18 20:00,11.4,5.19,1,0.975,0.08,20.14,0
2024-03-18 20:30,11.25,5.53,1,0.0375,0.08,20.074,0
2024-03-18 21:00,11.1,5.86,1,0.0375,0.08,20.008,0
2024-03-18 21:30,11.0,6.24,1,1.0875,0.08,20.012,0
2024-03-18 22:00,10.9,6.61,1,0.0375,1.010297,20.0,1
2024-03-18 22:30,10.8,6.64,1,0.0375,1.221523,20.0,1
2024-03-18 23:00,10.7,6.67,1,0.0375,0.08,19.931,0
2024-03-18 23:30,10.65,6.53,1,0.0375,0.08,19.863,0
2024-03-19 00:00,10.6,6.39,1,0.0375,0.08,19.794,0
2024-03-19 00:30,10.6,6.18,1,0.0375,0.08,19.727,0
2024-03-19 01:00,10.6,5.97,1,0.0375,0.08,19.659,0
2024-03-19 01:30,10.35,6.38,1,0.0375,0.08,19.59,0
2024-03-19 02:00,10.1,6.78,1,1.2875,0.08,19.604,0
2024-03-19 02:30,10.05,6.56,1,0.0375,0.08,19.533,0
2024-03-19 03:00,10.0,6.33,1,0.0375,0.08,19.463,0
2024-03-19 03:30,10.1,6.21,1,0.0375,0.08,19.394,0
2024-03-19 04:00,10.2,6.08,1,0.0375,0.08,19.326,0
2024-03-19 04:30,10.4,6.11,1,0.0375,0.08,19.26,0
2024-03-19 05:00,10.6,6.14,1,0.0375,0.08,19.196,0
2024-03-19 05:30,10.6,6.04,1,0.0375,0.08,19.133,0
2024-03-19 06:00,10.6,5.94,1,0.0375,0.08,19.07,0
2024-03-19 06:30,10.8,5.75,1,0.0375,0.08,19.009,0
2024-03-19 07:00,11.0,5.56,1,0.0375,12.08,19.664,1
2024-03-19 07:30,11.3,5.53,1,0.0375,6.755442,20.0,1
2024-03-19 08:00,11.6,5.5,1,0.2875,0.837697,20.0,1
2024-03-19 08:30,11.85,5.49,0,0.0375,0.08,19.94,0
2024-03-19 09:00,12.1,5.47,0,0.0375,0.08,19.883,0
2024-03-19 09:30,12.35,5.4,0,0.0375,0.08,19.827,0
2024-03-19 10:00,12.6,5.33,0,0.0375,0.08,19.775,0
2024-03-19 10:30,13.05,5.18,0,0.0375,0.08,19.726,0
2024-03-19 11:00,13.5,5.03,0,0.0375,0.08,19.681,0
2024-03-19 11:30,13.8,5.08,0,0.0375,0.08,19.638,0
2024-03-19 12:00,14.1,5.14,0,0.0375,0.08,19.598,0
2024-03-19 12:30,14.25,4.92,0,0.0375,0.08,19.56,0
2024-03-19 13:00,14.4,4.69,0,0.0375,0.08,19.523,0
2024-03-19 13:30,14.45,4.39,0,0.0375,0.08,19.486,0
2024-03-19 14:00,14.5,4.08,0,0.0375,0.08,19.451,0
2024-03-19 14:30,14.5,4.01,0,0.0375,0.08,19.415,0
2024-03-19 15:00,14.5,3.94,0,0.0375,0.08,19.38,0
2024-03-19 15:30,14.25,3.62,0,0.0375,0.08,19.344,0
2024-03-19 16:00,14.0,3.31,0,0.0375,0.08,19.305,0
2024-03-19 16:30,13.65,2.75,0,0.0375,0.08,19.264,0
2024-03-19 17:00,13.3,2.19,0,0.0375,0.08,19.221,0
2024-03-19 17:30,12.4,1.85,1,1.2875,12.08,19.969,1
2024-03-19 18:00,11.5,1.5,1,0.0375,1.649525,20.0,1
2024-03-19 18:30,10.8,1.57,1,1.0875,0.08,20.002,0
2024-03-19 19:00,10.1,1.64,1,1.0875,0.093848,20.0,1
2024-03-19 19:30,9.95,1.46,1,0.0375,1.330882,20.0,1
2024-03-19 20:00,9.8,1.28,1,0.0375,1.350181,20.0,1
2024-03-19 20:30,9.55,1.32,1,0.995833,0.305567,20.0,1
2024-03-19 21:00,9.3,1.36,1,1.120833,0.197282,20.0,1
2024-03-19 21:30,9.25,1.25,1,2.245833,0.08,20.068,0
2024-03-19 22:00,9.2,1.14,1,0.975,0.08,20.05,0
2024-03-19 22:30,9.1,1.43,1,0.975,0.08,20.031,0
2024-03-19 23:00,9.0,1.72,1,0.0375,0.08,19.949,0
2024-03-19 23:30,9.1,1.51,1,0.0375,0.08,19.869,0
2024-03-20 00:00,9.2,1.31,1,0.0375,0.08,19.79,0
2024-03-20 00:30,9.25,1.25,1,0.0375,0.08,19.711,0
2024-03-20 01:00,9.3,1.19,1,1.2875,0.08,19.718,0
2024-03-20 01:30,9.2,1.32,1,0.0375,0.08,19.64,0
2024-03-20 02:00,9.1,1.44,1,0.0375,0.08,19.562,0
2024-03-20 02:30,9.05,1.32,1,0.0375,0.08,19.484,0
2024-03-20 03:00,9.0,1.19,1,0.0375,0.08,19.406,0
2024-03-20 03:30,8.95,1.01,1,0.0375,0.08,19.328,0
2024-03-20 04:00,8.9,0.83,1,0.0375,0.08,19.251,0
2024-03-20 04:30,8.85,0.96,1,0.0375,0.08,19.174,0
2024-03-20 05:00,8.8,1.08,1,0.0375,0.08,19.097,0
2024-03-20 05:30,8.7,1.11,1,0.0375,0.08,19.02,0
2024-03-20 06:00,8.6,1.14,1,0.0375,0.08,18.943,0
2024-03-20 06:30,8.6,1.28,1,0.0375,0.08,18.866,0
2024-03-20 07:00,8.6,1.42,1,0.1625,12.08,19.512,1
2024-03-20 07:30,8.85,1.49,1,0.0375,9.607449,20.0,1
2024-03-20 08:00,9.1,1.56,1,1.3375,0.08,20.006,0
2024-03-20 08:30,9.35,1.46,0,0.0375,0.08,19.927,0
2024-03-20 09:00,9.6,1.36,0,0.0375,0.08,19.85,0
2024-03-20 09:30,9.75,1.17,0,0.0375,0.08,19.776,0
2024-03-20 10:00,9.9,0.97,0,0.0375,0.08,19.702,0
2024-03-20 10:30,10.25,1.03,0,0.0375,0.08,19.633,0
2024-03-20 11:00,10.6,1.08,0,0.0375,0.08,19.566,0
2024-03-20 11:30,10.75,1.22,0,0.0375,0.08,19.501,0
2024-03-20 12:00,10.9,1.36,0,0.0375,0.08,19.438,0
2024-03-20 12:30,10.85,2.03,0,0.0375,0.08,19.374,0
2024-03-20 13:00,10.8,2.69,0,0.0375,0.08,19.311,0
2024-03-20 13:30,11.15,2.99,0,0.0375,0.08,19.251,0
2024-03-20 14:00,11.5,3.28,0,0.0375,0.08,19.195,0
2024-03-20 14:30,11.2,3.44,0,0.0375,0.08,19.136,0
2024-03-20 15:00,10.9,3.61,0,0.0375,0.08,19.075,0
2024-03-20 15:30,10.9,3.25,0,0.0375,0.08,19.015,0
2024-03-20 16:00,10.9,2.89,0,0.0375,0.08,18.956,0
2024-03-20 16:30,10.85,2.94,0,0.0375,0.08,18.896,0
2024-03-20 17:00,10.8,3.0,0,0.0375,0.08,18.837,0
2024-03-20 17:30,10.25,2.22,1,0.0375,12.08,19.487,1
2024-03-20 18:00,9.7,1.44,1,0.0375,9.91368,20.0,1
2024-03-20 18:30,8.4,2.0,1,0.0375,1.530303,20.0,1
2024-03-20 19:00,7.1,2.56,1,0.975,0.644188,20.0,1
2024-03-20 19:30,6.95,2.38,1,3.308333,0.08,20.121,0
2024-03-20 20:00,6.8,2.19,1,0.995833,0.08,20.086,0
2024-03-20 20:30,7.05,2.29,1,3.170833,0.08,20.198,0
2024-03-20 21:00,7.3,2.39,1,0.0375,0.08,20.102,0
2024-03-20 21:30,7.15,2.11,1,0.0375,0.08,20.005,0
2024-03-20 22:00,7.0,1.83,1,0.0375,1.623807,20.0,1
2024-03-20 22:30,6.4,1.64,1,0.0375,1.78762,20.0,1
2024-03-20 23:00,5.8,1.44,1,0.0375,0.08,19.894,0
2024-03-20 23:30,5.6,1.4,1,0.0375,0.08,19.787,0
2024-03-21 00:00,5.4,1.36,1,0.0375,0.08,19.679,0
2024-03-21 00:30,5.5,1.0,1,0.0375,0.08,19.573,0
2024-03-21 01:00,5.6,0.64,1,1.2875,0.08,19.552,0
2024-03-21 01:30,4.8,0.97,1,0.0375,0.08,19.442,0
2024-03-21 02:00,4.0,1.31,1,0.0375,0.08,19.326,0
2024-03-21 02:30,4.35,1.56,1,1.2875,0.08,19.298,0
2024-03-21 03:00,4.7,1.81,1,0.0375,0.08,19.188,0
2024-03-21 03:30,5.05,2.17,1,0.0375,0.08,19.083,0
2024-03-21 04:00,5.4,2.53,1,0.0375,0.08,18.981,0
2024-03-21 04:30,5.8,2.62,1,0.0375,0.08,18.882,0
2024-03-21 05:00,6.2,2.72,1,0.0375,0.08,18.788,0
2024-03-21 05:30,6.6,2.72,1,0.0375,0.08,18.697,0
2024-03-21 06:00,7.0,2.72,1,0.0375,0.08,18.61,0
2024-03-21 06:30,7.35,2.75,1,0.0375,0.08,18.526,0
2024-03-21 07:00,7.7,2.78,1,0.0375,12.08,19.16,1
2024-03-21 07:30,8.05,2.85,1,0.1625,12.08,19.799,1
2024-03-21 08:00,8.4,2.92,1,0.2875,4.595211,20.0,1
2024-03-21 08:30,8.5,2.79,0,0.0375,0.08,19.914,0
2024-03-21 09:00,8.6,2.67,0,0.0375,0.08,19.83,0
2024-03-21 09:30,8.75,2.82,0,0.0375,0.08,19.748,0
2024-03-21 10:00,8.9,2.97,0,0.0375,0.08,19.668,0
2024-03-21 10:30,9.25,3.26,0,0.0375,0.08,19.59,0
2024-03-21 11:00,9.6,3.56,0,0.0375,0.08,19.516,0
2024-03-21 11:30,9.95,4.28,0,0.0375,0.08,19.446,0
2024-03-21 12:00,10.3,5.0,0,0.0375,0.08,19.378,0
2024-03-21 12:30,10.65,5.21,0,0.0375,0.08,19.314,0
2024-03-21 13:00,11.0,5.42,0,0.0375,0.08,19.253,0
2024-03-21 13:30,10.9,5.31,0,0.0375,0.08,19.191,0
2024-03-21 14:00,10.8,5.19,0,0.0375,0.08,19.13,0
2024-03-21 14:30,11.25,5.1,0,0.0375,0.08,19.072,0
2024-03-21 15:00,11.7,5.0,0,0.0375,0.08,19.018,0
2024-03-21 15:30,11.75,5.04,0,0.0375,0.08,18.965,0
2024-03-21 16:00,11.8,5.08,0,0.0375,0.08,18.912,0
2024-03-21 16:30,11.75,5.29,0,0.0375,0.08,18.86,0
2024-03-21 17:00,11.7,5.5,0,0.0375,0.08,18.808,0
2024-03-21 17:30,11.6,5.61,1,1.1,12.08,19.54,1
2024-03-21 18:00,11.5,5.72,1,1.1,7.609744,20.0,1
2024-03-21 18:30,11.4,6.03,1,0.0375,1.144328,20.0,1
2024-03-21 19:00,11.3,6.33,1,0.0375,1.157193,20.0,1
2024-03-21 19:30,11.3,6.85,1,1.0875,0.08,20.006,0
2024-03-21 20:00,11.3,7.36,1,2.045833,0.08,20.076,0
2024-03-21 20:30,11.4,7.62,1,0.870833,0.08,20.068,0
2024-03-21 21:00,11.5,7.89,1,2.120833,0.08,20.144,0
2024-03-21 21:30,11.45,7.47,1,0.0375,0.08,20.08,0
2024-03-21 22:00,11.4,7.06,1,0.975,0.08,20.079,0
2024-03-21 22:30,11.3,6.47,1,0.975,0.08,20.077,0
2024-03-21 23:00,11.2,5.89,1,0.0375,0.08,20.011,0
2024-03-21 23:30,11.15,5.25,1,0.0375,0.08,19.946,0
2024-03-22 00:00,11.1,4.61,1,0.0375,0.08,19.881,0
2024-03-22 00:30,10.85,4.56,1,0.0375,0.08,19.814,0
2024-03-22 01:00,10.6,4.5,1,0.0375,0.08,19.746,0
2024-03-22 01:30,10.5,4.61,1,0.0375,0.08,19.678,0
2024-03-22 02:00,10.4,4.72,1,0.0375,0.08,19.61,0
2024-03-22 02:30,10.0,5.36,1,0.0375,0.08,19.538,0
2024-03-22 03:00,9.6,6.0,1,0.0375,0.08,19.465,0
2024-03-22 03:30,9.15,6.1,1,0.0375,0.08,19.388,0
2024-03-22 04:00,8.7,6.19,1,0.0375,0.08,19.309,0
2024-03-22 04:30,8.55,5.81,1,0.0375,0.08,19.229,0
2024-03-22 05:00,8.4,5.42,1,0.0375,0.08,19.149,0
2024-03-22 05:30,8.2,5.14,1,1.2875,0.08,19.151,0
2024-03-22 06:00,8.0,4.86,1,0.0375,0.08,19.068,0
2024-03-22 06:30,7.9,4.93,1,0.0375,0.08,18.985,0
2024-03-22 07:00,7.8,5.0,1,0.1625,12.08,19.625,1
2024-03-22 07:30,8.15,5.06,1,0.0375,7.825827,20.0,1
2024-03-22 08:00,8.5,5.11,1,0.1625,1.376988,20.0,1
2024-03-22 08:30,8.8,6.01,0,0.0375,0.08,19.917,0
2024-03-22 09:00,9.1,6.92,0,0.0375,0.08,19.836,0
2024-03-22 09:30,9.4,7.08,0,0.0375,0.08,19.759,0
2024-03-22 10:00,9.7,7.25,0,0.0375,0.08,19.685,0
2024-03-22 10:30,10.1,7.35,0,0.0375,0.08,19.614,0
2024-03-22 11:00,10.5,7.44,0,0.0375,0.08,19.547,0
2024-03-22 11:30,10.55,7.79,0,0.0375,0.08,19.48,0
2024-03-22 12:00,10.6,8.14,0,0.0375,0.08,19.415,0
2024-03-22 12:30,10.45,8.08,0,0.0375,0.08,19.349,0
2024-03-22 13:00,10.3,8.03,0,0.0375,0.08,19.282,0
2024-03-22 13:30,10.4,8.07,0,0.0375,0.08,19.216,0
2024-03-22 14:00,10.5,8.11,0,0.0375,0.08,19.152,0
2024-03-22 14:30,10.3,8.35,0,0.0375,0.08,19.087,0
2024-03-22 15:00,10.1,8.58,0,0.0375,0.08,19.021,0
2024-03-22 15:30,9.7,8.1,0,0.0375,0.08,18.952,0
2024-03-22 16:00,9.3,7.61,0,0.0375,0.08,18.88,0
2024-03-22 16:30,9.05,7.56,0,0.0375,0.08,18.808,0
2024-03-22 17:00,8.8,7.5,0,0.0375,0.08,18.734,0
2024-03-22 17:30,8.3,6.92,1,0.1625,12.08,19.378,1
2024-03-22 18:00,7.8,6.33,1,0.0375,11.974335,20.0,1
2024-03-22 18:30,7.35,6.33,1,0.0375,1.665394,20.0,1
2024-03-22 19:00,6.9,6.33,1,0.1625,1.582841,20.0,1
2024-03-22 19:30,6.6,6.31,1,0.1625,1.621439,20.0,1
2024-03-22 20:00,6.3,6.28,1,1.2875,0.395991,20.0,1
2024-03-22 20:30,5.9,6.39,1,1.0875,0.672174,20.0,1
2024-03-22 21:00,5.5,6.5,1,1.9125,0.08,20.017,0
2024-03-22 21:30,5.6,6.38,1,3.920833,0.08,20.169,0
2024-03-22 22:00,5.7,6.25,1,0.870833,0.08,20.116,0
2024-03-22 22:30,5.4,6.22,1,2.120833,0.08,20.145,0
2024-03-22 23:00,5.1,6.19,1,0.0375,0.08,20.033,0
2024-03-22 23:30,4.95,6.25,1,0.0375,0.08,19.92,0
2024-03-23 00:00,4.8,6.31,1,0.0375,0.08,19.806,0
2024-03-23 00:30,4.7,6.36,1,0.0375,0.08,19.693,0
2024-03-23 01:00,4.6,6.42,1,0.0375,0.08,19.58,0
2024-03-23 01:30,4.35,6.53,1,0.0375,0.08,19.466,0
2024-03-23 02:00,4.1,6.64,1,0.0375,0.08,19.351,0
2024-03-23 02:30,4.1,6.83,1,0.0375,0.08,19.237,0
2024-03-23 03:00,4.1,7.03,1,1.2875,0.08,19.207,0
2024-03-23 03:30,4.2,7.17,1,0.0375,0.08,19.095,0
2024-03-23 04:00,4.3,7.31,1,0.0375,0.08,18.984,0
2024-03-23 04:30,4.1,7.14,1,0.0375,0.08,18.873,0
2024-03-23 05:00,3.9,6.97,1,0.0375,0.08,18.76,0
2024-03-23 05:30,4.15,7.14,1,0.0375,0.08,18.651,0
2024-03-23 06:00,4.4,7.31,1,0.0375,0.08,18.545,0
2024-03-23 06:30,4.6,7.56,1,0.0375,0.08,18.44,0
2024-03-23 07:00,4.8,7.81,1,0.0375,12.08,19.052,1
2024-03-23 07:30,4.95,7.46,1,0.0375,12.08,19.661,1
2024-03-23 08:00,5.1,7.11,1,0.1625,7.472629,20.0,1
2024-03-23 08:30,5.3,7.14,1,0.0375,0.08,19.89,0
2024-03-23 09:00,5.5,7.17,1,0.0375,0.08,19.782,0
2024-03-23 09:30,6.0,8.03,1,0.0375,0.08,19.679,0
2024-03-23 10:00,6.5,8.89,1,1.0875,0.08,19.651,0
2024-03-23 10:30,6.95,8.65,1,0.0375,0.08,19.556,0
2024-03-23 11:00,7.4,8.42,1,0.0375,0.08,19.466,0
2024-03-23 11:30,7.65,8.62,1,0.1625,0.08,19.386,0
2024-03-23 12:00,7.9,8.83,1,0.1625,0.08,19.309,0
2024-03-23 12:30,8.0,9.56,1,0.0375,0.08,19.225,0
2024-03-23 13:00,8.1,10.28,1,0.1625,0.08,19.151,0
2024-03-23 13:30,8.3,10.76,1,1.2875,0.08,19.154,0
2024-03-23 14:00,8.5,11.25,1,0.0375,0.08,19.075,0
2024-03-23 14:30,8.1,11.0,1,0.0375,0.08,18.993,0
2024-03-23 15:00,7.7,10.75,1,0.0375,0.08,18.909,0
2024-03-23 15:30,7.75,11.25,1,0.1625,0.08,18.835,0
2024-03-23 16:00,7.8,11.75,1,0.0375,0.08,18.753,0
2024-03-23 16:30,7.25,10.58,1,1.0875,0.08,18.738,0
2024-03-23 17:00,6.7,9.42,1,0.0375,0.08,18.648,0
2024-03-23 17:30,6.8,9.47,1,0.0375,12.08,19.274,1
2024-03-23 18:00,6.9,9.53,1,0.0375,12.08,19.895,1
2024-03-23 18:30,6.85,9.4,1,0.0375,3.474152,20.0,1
2024-03-23 19:00,6.8,9.28,1,0.870833,0.799827,20.0,1
2024-03-23 19:30,6.75,9.44,1,1.808333,0.08,20.019,0
2024-03-23 20:00,6.7,9.61,1,1.808333,0.08,20.038,0
2024-03-23 20:30,6.55,9.46,1,1.2875,0.08,20.021,0
2024-03-23 21:00,6.4,9.31,1,0.0375,1.433829,20.0,1
2024-03-23 21:30,6.3,9.08,1,0.975,0.747115,20.0,1
2024-03-23 22:00,6.2,8.86,1,1.1,0.619531,20.0,1
2024-03-23 22:30,6.1,8.56,1,0.0375,1.826217,20.0,1
2024-03-23 23:00,6.0,8.25,1,0.0375,0.08,19.895,0
2024-03-23 23:30,5.8,8.11,1,0.0375,0.08,19.79,0
2024-03-24 00:00,5.6,7.97,1,0.0375,0.08,19.684,0
2024-03-24 00:30,5.6,7.86,1,0.0375,0.08,19.579,0
2024-03-24 01:00,5.6,7.75,1,0.0375,0.08,19.474,0
2024-03-24 01:30,5.45,7.85,1,0.0375,0.08,19.369,0
2024-03-24 02:00,5.3,7.94,1,0.0375,0.08,19.264,0
2024-03-24 02:30,5.2,7.9,1,1.2875,0.08,19.242,0
2024-03-24 03:00,5.1,7.86,1,0.0375,0.08,19.137,0
2024-03-24 03:30,5.1,7.74,1,0.0375,0.08,19.032,0
2024-03-24 04:00,5.1,7.61,1,0.0375,0.08,18.928,0
2024-03-24 04:30,5.1,7.64,1,0.0375,0.08,18.824,0
2024-03-24 05:00,5.1,7.67,1,0.0375,0.08,18.722,0
2024-03-24 05:30,5.1,7.74,1,0.0375,0.08,18.62,0
2024-03-24 06:00,5.1,7.81,1,0.0375,0.08,18.519,0
2024-03-24 06:30,5.25,7.58,1,0.0375,0.08,18.42,0
2024-03-24 07:00,5.4,7.36,1,1.2875,12.08,19.12,1
2024-03-24 07:30,6.05,7.06,1,0.0375,12.08,19.737,1
2024-03-24 08:00,6.7,6.75,1,1.3375,4.68047,20.0,1
2024-03-24 08:30,7.3,7.07,1,2.3875,0.08,20.062,0
2024-03-24 09:00,7.9,7.39,1,0.0375,0.08,19.972,0
2024-03-24 09:30,8.4,7.24,1,0.0375,0.08,19.886,0
2024-03-24 10:00,8.9,7.08,1,0.975,0.08,19.867,0
2024-03-24 10:30,9.3,6.81,1,1.1,0.08,19.859,0
2024-03-24 11:00,9.7,6.53,1,0.0375,0.08,19.784,0
2024-03-24 11:30,10.05,6.38,1,0.0375,0.08,19.712,0
2024-03-24 12:00,10.4,6.22,1,0.0375,0.08,19.643,0
2024-03-24 12:30,10.45,5.87,1,0.0375,0.08,19.576,0
2024-03-24 13:00,10.5,5.53,1,0.0375,0.08,19.509,0
2024-03-24 13:30,10.7,5.47,1,0.0375,0.08,19.444,0
2024-03-24 14:00,10.9,5.42,1,0.0375,0.08,19.381,0
2024-03-24 14:30,11.05,5.19,1,0.1625,0.08,19.328,0
2024-03-24 15:00,11.2,4.97,1,0.1625,0.08,19.277,0
2024-03-24 15:30,11.1,4.76,1,0.0375,0.08,19.216,0
2024-03-24 16:00,11.0,4.56,1,0.0375,0.08,19.156,0
2024-03-24 16:30,10.6,4.08,1,0.0375,0.08,19.093,0
2024-03-24 17:00,10.2,3.61,1,0.1625,0.08,19.036,0
2024-03-24 17:30,9.35,3.71,1,1.2875,12.08,19.762,1
2024-03-24 18:00,8.5,3.81,1,0.0375,5.491617,20.0,1
2024-03-24 18:30,7.6,3.56,1,0.0375,1.63323,20.0,1
2024-03-24 19:00,6.7,3.31,1,0.1625,1.608573,20.0,1
2024-03-24 19:30,6.1,3.31,1,0.0375,1.826217,20.0,1
2024-03-24 20:00,5.5,3.31,1,1.0875,0.723637,20.0,1
2024-03-24 20:30,4.65,2.72,1,0.1625,1.872322,20.0,1
2024-03-24 21:00,3.8,2.14,1,0.0375,2.122132,20.0,1
2024-03-24 21:30,4.2,1.07,1,0.0375,2.070668,20.0,1
2024-03-24 22:00,4.6,0.0,1,1.808333,0.08,20.003,0
2024-03-24 22:30,3.55,0.64,1,1.808333,0.114487,20.0,1
2024-03-24 23:00,2.5,1.28,1,0.870833,0.08,19.924,0
2024-03-24 23:30,2.25,1.47,1,0.0375,0.08,19.791,0
2024-03-25 00:00,2.0,1.67,1,0.0375,0.08,19.658,0
2024-03-25 00:30,1.45,2.07,1,1.2875,0.08,19.605,0
2024-03-25 01:00,0.9,2.47,1,0.0375,0.08,19.464,0
2024-03-25 01:30,1.8,2.33,1,0.0375,0.08,19.331,0
2024-03-25 02:00,2.7,2.19,1,0.0375,0.08,19.206,0
2024-03-25 02:30,3.4,2.51,1,0.0375,0.08,19.088,0
2024-03-25 03:00,4.1,2.83,1,0.0375,0.08,18.976,0
2024-03-25 03:30,4.3,2.94,1,0.0375,0.08,18.866,0
2024-03-25 04:00,4.5,3.06,1,0.0375,0.08,18.758,0
2024-03-25 04:30,4.55,3.15,1,0.0375,0.08,18.652,0
2024-03-25 05:00,4.6,3.25,1,1.2875,0.08,18.631,0
2024-03-25 05:30,4.7,3.42,1,0.0375,0.08,18.527,0
2024-03-25 06:00,4.8,3.58,1,0.0375,0.08,18.424,0
2024-03-25 06:30,4.95,3.65,1,0.0375,0.08,18.323,0
2024-03-25 07:00,5.1,3.72,1,0.0375,12.08,18.939,1
2024-03-25 07:30,5.2,3.69,1,1.5375,12.08,19.65,1
2024-03-25 08:00,5.3,3.67,1,0.0375,7.765987,20.0,1
2024-03-25 08:30,5.45,3.75,0,0.0375,0.08,19.891,0
2024-03-25 09:00,5.6,3.83,0,0.0375,0.08,19.784,0
2024-03-25 09:30,5.8,3.92,0,0.0375,0.08,19.68,0
2024-03-25 10:00,6.0,4.0,0,0.0375,0.08,19.578,0
2024-03-25 10:30,6.2,4.26,0,0.0375,0.08,19.478,0
2024-03-25 11:00,6.4,4.53,0,0.0375,0.08,19.38,0
2024-03-25 11:30,6.6,4.71,0,0.0375,0.08,19.285,0
2024-03-25 12:00,6.8,4.89,0,0.0375,0.08,19.192,0
2024-03-25 12:30,7.35,5.08,0,0.0375,0.08,19.104,0
2024-03-25 13:00,7.9,5.28,0,0.0375,0.08,19.02,0
2024-03-25 13:30,8.5,5.75,0,0.0375,0.08,18.942,0
2024-03-25 14:00,9.1,6.22,0,0.0375,0.08,18.869,0
2024-03-25 14:30,8.95,5.44,0,0.0375,0.08,18.796,0
2024-03-25 15:00,8.8,4.67,0,0.0375,0.08,18.722,0
2024-03-25 15:30,8.95,4.68,0,0.0375,0.08,18.65,0
2024-03-25 16:00,9.1,4.69,0,0.0375,0.08,18.579,0
2024-03-25 16:30,9.0,4.36,0,0.0375,0.08,18.508,0
2024-03-25 17:00,8.9,4.03,0,0.0375,0.08,18.437,0
2024-03-25 17:30,8.8,3.43,1,3.45,12.08,19.308,1
2024-03-25 18:00,8.7,2.83,1,2.275,10.519418,20.0,1
2024-03-25 18:30,8.4,2.69,1,0.0375,1.530303,20.0,1
2024-03-25 19:00,8.1,2.56,1,1.0875,0.389125,20.0,1
2024-03-25 19:30,8.0,2.78,1,0.0375,1.581766,20.0,1
2024-03-25 20:00,7.9,3.0,1,0.1625,1.454183,20.0,1
2024-03-25 20:30,7.75,3.01,1,0.0375,1.613931,20.0,1
2024-03-25 21:00,7.6,3.03,1,0.0375,1.63323,20.0,1
2024-03-25 21:30,7.45,3.17,1,0.0375,1.652528,20.0,1
2024-03-25 22:00,7.3,3.31,1,0.0375,1.671827,20.0,1
2024-03-25 22:30,7.1,3.11,1,0.2875,1.41666,20.0,1
2024-03-25 23:00,6.9,2.92,1,0.0375,0.08,19.902,0
2024-03-25 23:30,6.65,2.6,1,0.0375,0.08,19.803,0
2024-03-26 00:00,6.4,2.28,1,0.0375,0.08,19.703,0
2024-03-26 00:30,6.15,2.06,1,0.0375,0.08,19.602,0
2024-03-26 01:00,5.9,1.83,1,0.0375,0.08,19.5,0
2024-03-26 01:30,5.65,1.79,1,0.0375,0.08,19.396,0
2024-03-26 02:00,5.4,1.75,1,0.0375,0.08,19.292,0
2024-03-26 02:30,4.8,1.99,1,0.0375,0.08,19.183,0
2024-03-26 03:00,4.2,2.22,1,0.0375,0.08,19.071,0
2024-03-26 03:30,4.05,2.11,1,0.0375,0.08,18.958,0
2024-03-26 04:00,3.9,2.0,1,0.0375,0.08,18.846,0
2024-03-26 04:30,3.65,1.93,1,0.0375,0.08,18.732,0
2024-03-26 05:00,3.4,1.86,1,0.0375,0.08,18.617,0
2024-03-26 05:30,3.35,1.75,1,0.0375,0.08,18.503,0
2024-03-26 06:00,3.3,1.64,1,1.2875,0.08,18.472,0
2024-03-26 06:30,4.05,1.53,1,0.0375,0.08,18.365,0
2024-03-26 07:00,4.8,1.42,1,0.0375,12.08,18.977,1
2024-03-26 07:30,5.4,1.24,1,0.0375,12.08,19.59,1
2024-03-26 08:00,6.0,1.06,1,0.0375,8.684942,20.0,1
2024-03-26 08:30,6.55,1.21,0,0.0375,0.08,19.9,0
2024-03-26 09:00,7.1,1.36,0,0.0375,0.08,19.804,0
2024-03-26 09:30,7.8,1.57,0,0.0375,0.08,19.715,0
2024-03-26 10:00,8.5,1.78,0,0.0375,0.08,19.631,0
2024-03-26 10:30,9.1,1.88,0,0.0375,0.08,19.553,0
2024-03-26 11:00,9.7,1.97,0,0.0375,0.08,19.48,0
2024-03-26 11:30,10.15,2.32,0,0.0375,0.08,19.411,0
2024-03-26 12:00,10.6,2.67,0,0.0375,0.08,19.347,0
2024-03-26 12:30,11.05,2.94,0,0.0375,0.08,19.286,0
2024-03-26 13:00,11.5,3.22,0,0.0375,0.08,19.228,0
2024-03-26 13:30,11.8,3.17,0,0.0375,0.08,19.174,0
2024-03-26 14:00,12.1,3.11,0,0.0375,0.08,19.122,0
2024-03-26 14:30,12.2,2.96,0,0.0375,0.08,19.072,0
2024-03-26 15:00,12.3,2.81,0,0.0375,0.08,19.023,0
2024-03-26 15:30,12.1,3.36,0,0.0375,0.08,18.972,0
2024-03-26 16:00,11.9,3.92,0,0.0375,0.08,18.921,0
2024-03-26 16:30,11.2,4.38,0,0.0375,0.08,18.864,0
2024-03-26 17:00,10.5,4.83,0,0.0375,0.08,18.802,0
2024-03-26 17:30,9.9,4.71,1,1.2875,12.08,19.534,1
2024-03-26 18:00,9.3,4.58,1,0.0375,9.183021,20.0,1
2024-03-26 18:30,8.65,4.58,1,0.1625,1.357689,20.0,1
2024-03-26 19:00,8.0,4.58,1,2.120833,0.08,20.05,0
2024-03-26 19:30,7.45,4.65,1,0.870833,0.08,20.012,0
2024-03-26 20:00,6.9,4.72,1,0.870833,0.592028,20.0,1
2024-03-26 20:30,6.65,4.79,1,0.1625,1.615006,20.0,1
2024-03-26 21:00,6.4,4.86,1,0.2875,1.506721,20.0,1
2024-03-26 21:30,6.25,4.65,1,0.1625,1.666469,20.0,1
2024-03-26 22:00,6.1,4.44,1,1.2125,0.505992,20.0,1
2024-03-26 22:30,6.05,4.46,1,2.9625,0.08,20.091,0
2024-03-26 23:00,6.0,4.47,1,1.9125,0.08,20.111,0
2024-03-26 23:30,6.0,4.4,1,0.0375,0.08,20.006,0
2024-03-27 00:00,6.0,4.33,1,0.0375,0.08,19.901,0
2024-03-27 00:30,5.9,4.06,1,0.0375,0.08,19.796,0
2024-03-27 01:00,5.8,3.78,1,1.2875,0.08,19.775,0
2024-03-27 01:30,5.8,3.94,1,0.0375,0.08,19.671,0
2024-03-27 02:00,5.8,4.11,1,1.2875,0.08,19.651,0
2024-03-27 02:30,5.75,3.64,1,0.0375,0.08,19.547,0
2024-03-27 03:00,5.7,3.17,1,0.0375,0.08,19.443,0
2024-03-27 03:30,5.65,2.36,1,0.0375,0.08,19.34,0
2024-03-27 04:00,5.6,1.56,1,0.0375,0.08,19.238,0
2024-03-27 04:30,5.45,2.21,1,0.0375,0.08,19.135,0
2024-03-27 05:00,5.3,2.86,1,0.0375,0.08,19.031,0
2024-03-27 05:30,4.9,2.01,1,0.0375,0.08,18.926,0
2024-03-27 06:00,4.5,1.17,1,0.0375,0.08,18.818,0
2024-03-27 06:30,4.95,1.61,1,0.0375,0.08,18.714,0
2024-03-27 07:00,5.4,2.06,1,0.0375,12.08,19.329,1
2024-03-27 07:30,6.2,3.25,1,0.0375,12.08,19.944,1
2024-03-27 08:00,7.0,4.44,1,0.0375,2.637002,20.0,1
2024-03-27 08:30,7.15,5.19,0,0.0375,0.08,19.904,0
2024-03-27 09:00,7.3,5.94,0,0.0375,0.08,19.81,0
2024-03-27 09:30,8.4,7.24,0,0.0375,0.08,19.725,0
2024-03-27 10:00,9.5,8.53,0,0.0375,0.08,19.65,0
2024-03-27 10:30,9.95,8.62,0,0.0375,0.08,19.578,0
2024-03-27 11:00,10.4,8.72,0,0.0375,0.08,19.51,0
2024-03-27 11:30,10.6,9.01,0,0.0375,0.08,19.444,0
2024-03-27 12:00,10.8,9.31,0,0.0375,0.08,19.381,0
2024-03-27 12:30,10.05,8.67,0,0.0375,0.08,19.312,0
2024-03-27 13:00,9.3,8.03,0,0.0375,0.08,19.238,0
2024-03-27 13:30,8.3,7.21,0,0.0375,0.08,19.157,0
2024-03-27 14:00,7.3,6.39,0,0.0375,0.08,19.068,0
2024-03-27 14:30,7.6,6.65,0,0.0375,0.08,18.983,0
2024-03-27 15:00,7.9,6.92,0,0.0375,0.08,18.901,0
2024-03-27 15:30,8.2,7.21,0,0.0375,0.08,18.821,0
2024-03-27 16:00,8.5,7.5,0,0.0375,0.08,18.745,0
2024-03-27 16:30,8.35,6.99,0,0.0375,0.08,18.668,0
2024-03-27 17:00,8.2,6.47,0,0.0375,0.08,18.59,0
2024-03-27 17:30,7.8,6.53,1,1.2875,12.08,19.307,1
2024-03-27 18:00,7.4,6.58,1,0.1625,12.08,19.941,1
2024-03-27 18:30,6.85,5.99,1,1.0875,1.532199,20.0,1
2024-03-27 19:00,6.3,5.39,1,0.1625,1.660036,20.0,1
2024-03-27 19:30,5.95,5.18,1,0.0375,1.845516,20.0,1
2024-03-27 20:00,5.6,4.97,1,0.0375,1.890546,20.0,1
2024-03-27 20:30,5.15,4.49,1,0.975,0.895072,20.0,1
2024-03-27 21:00,4.7,4.0,1,2.275,0.08,20.035,0
2024-03-27 21:30,4.4,3.82,1,0.2875,1.18083,20.0,1
2024-03-27 22:00,4.1,3.64,1,0.870833,1.147204,20.0,1
2024-03-27 22:30,4.0,3.32,1,0.870833,1.16007,20.0,1
2024-03-27 23:00,3.9,3.0,1,0.870833,0.08,19.935,0
2024-03-27 23:30,3.7,3.6,1,0.0375,0.08,19.813,0
2024-03-28 00:00,3.5,4.19,1,0.0375,0.08,19.691,0
2024-03-28 00:30,3.8,4.25,1,0.0375,0.08,19.572,0
2024-03-28 01:00,4.1,4.31,1,0.0375,0.08,19.456,0
2024-03-28 01:30,4.3,4.99,1,0.0375,0.08,19.342,0
2024-03-28 02:00,4.5,5.67,1,0.0375,0.08,19.231,0
2024-03-28 02:30,4.55,5.92,1,0.0375,0.08,19.121,0
2024-03-28 03:00,4.6,6.17,1,0.0375,0.08,19.013,0
2024-03-28 03:30,5.35,6.82,1,0.0375,0.08,18.911,0
2024-03-28 04:00,6.1,7.47,1,0.0375,0.08,18.815,0
2024-03-28 04:30,6.6,7.47,1,0.0375,0.08,18.724,0
2024-03-28 05:00,7.1,7.47,1,0.0375,0.08,18.638,0
2024-03-28 05:30,7.1,7.85,1,0.0375,0.08,18.552,0
2024-03-28 06:00,7.1,8.22,1,0.0375,0.08,18.467,0
2024-03-28 06:30,6.95,8.04,1,0.0375,0.08,18.381,0
2024-03-28 07:00,6.8,7.86,1,0.0375,12.08,19.009,1
2024-03-28 07:30,6.55,7.31,1,1.3375,12.08,19.717,1
2024-03-28 08:00,6.3,6.75,1,1.4125,4.979987,20.0,1
2024-03-28 08:30,6.55,6.81,0,0.0375,0.08,19.9,0
2024-03-28 09:00,6.8,6.86,0,0.0375,0.08,19.802,0
2024-03-28 09:30,7.35,6.46,0,0.0375,0.08,19.709,0
2024-03-28 10:00,7.9,6.06,0,0.0375,0.08,19.621,0
2024-03-28 10:30,8.45,6.53,0,0.0375,0.08,19.538,0
2024-03-28 11:00,9.0,7.0,0,0.0375,0.08,19.46,0
2024-03-28 11:30,9.3,7.08,0,0.0375,0.08,19.385,0
2024-03-28 12:00,9.6,7.17,0,0.0375,0.08,19.312,0
2024-03-28 12:30,10.0,6.96,0,0.0375,0.08,19.244,0
2024-03-28 13:00,10.4,6.75,0,0.0375,0.08,19.178,0
2024-03-28 13:30,10.3,7.9,0,0.0375,0.08,19.113,0
2024-03-28 14:00,10.2,9.06,0,0.0375,0.08,19.047,0
2024-03-28 14:30,9.6,9.1,0,0.0375,0.08,18.977,0
2024-03-28 15:00,9.0,9.14,0,0.0375,0.08,18.904,0
2024-03-28 15:30,8.65,8.58,0,0.0375,0.08,18.828,0
2024-03-28 16:00,8.3,8.03,0,0.0375,0.08,18.749,0
2024-03-28 16:30,8.3,7.44,0,0.0375,0.08,18.672,0
2024-03-28 17:00,8.3,6.86,0,0.0375,0.08,18.595,0
2024-03-28 17:30,8.15,7.1,1,0.870833,12.08,19.287,1
2024-03-28 18:00,8.0,7.33,1,0.870833,12.08,19.973,1
2024-03-28 18:30,7.9,7.4,1,2.120833,0.08,20.022,0
2024-03-28 19:00,7.8,7.47,1,1.2125,0.08,20.01,0
2024-03-28 19:30,7.9,6.99,1,0.0375,1.429965,20.0,1
2024-03-28 20:00,8.0,6.5,1,0.0375,1.581766,20.0,1
2024-03-28 20:30,7.65,6.19,1,1.3375,0.166122,20.0,1
2024-03-28 21:00,7.3,5.89,1,1.3375,0.211153,20.0,1
2024-03-28 21:30,6.85,5.08,1,1.1,0.535903,20.0,1
2024-03-28 22:00,6.4,4.28,1,0.975,0.734249,20.0,1
2024-03-28 22:30,6.7,5.62,1,0.1625,1.608573,20.0,1
2024-03-28 23:00,7.0,6.97,1,0.0375,0.08,19.903,0
2024-03-28 23:30,6.85,7.19,1,1.2875,0.08,19.889,0
2024-03-29 00:00,6.7,7.42,1,0.0375,0.08,19.791,0
2024-03-29 00:30,6.95,7.04,1,0.0375,0.08,19.695,0
2024-03-29 01:00,7.2,6.67,1,0.0375,0.08,19.602,0
2024-03-29 01:30,7.05,6.29,1,0.0375,0.08,19.508,0
2024-03-29 02:00,6.9,5.92,1,0.0375,0.08,19.414,0
2024-03-29 02:30,6.25,4.94,1,0.0375,0.08,19.316,0
2024-03-29 03:00,5.6,3.97,1,0.0375,0.08,19.214,0
2024-03-29 03:30,5.1,3.65,1,0.0375,0.08,19.108,0
2024-03-29 04:00,4.6,3.33,1,0.0375,0.08,18.999,0
2024-03-29 04:30,4.35,3.38,1,1.2875,0.08,18.973,0
2024-03-29 05:00,4.1,3.42,1,0.0375,0.08,18.862,0
2024-03-29 05:30,3.9,3.76,1,0.0375,0.08,18.75,0
2024-03-29 06:00,3.7,4.11,1,0.0375,0.08,18.637,0
2024-03-29 06:30,4.25,4.26,1,0.0375,0.08,18.53,0
2024-03-29 07:00,4.8,4.42,1,1.1,12.08,19.212,1
2024-03-29 07:30,5.65,4.65,1,1.1,12.08,19.896,1
2024-03-29 08:00,6.5,4.89,1,0.0375,3.514605,20.0,1
2024-03-29 08:30,7.5,5.51,0,0.0375,0.08,19.907,0
2024-03-29 09:00,8.5,6.14,0,0.0375,0.08,19.822,0
2024-03-29 09:30,8.8,6.49,0,0.0375,0.08,19.74,0
2024-03-29 10:00,9.1,6.83,0,0.0375,0.08,19.661,0
2024-03-29 10:30,9.5,6.86,0,0.0375,0.08,19.586,0
2024-03-29 11:00,9.9,6.89,0,0.0375,0.08,19.514,0
2024-03-29 11:30,10.75,6.32,0,0.0375,0.08,19.45,0
2024-03-29 12:00,11.6,5.75,0,0.0375,0.08,19.392,0
2024-03-29 12:30,12.15,5.83,0,0.0375,0.08,19.339,0
2024-03-29 13:00,12.7,5.92,0,0.0375,0.08,19.291,0
2024-03-29 13:30,12.85,6.33,0,0.0375,0.08,19.244,0
2024-03-29 14:00,13.0,6.75,0,0.0375,0.08,19.199,0
2024-03-29 14:30,12.9,6.58,0,0.0375,0.08,19.153,0
2024-03-29 15:00,12.8,6.42,0,0.0375,0.08,19.107,0
2024-03-29 15:30,12.65,6.74,0,0.0375,0.08,19.06,0
2024-03-29 16:00,12.5,7.06,0,0.0375,0.08,19.012,0
2024-03-29 16:30,12.0,6.94,0,0.0375,0.08,18.961,0
2024-03-29 17:00,11.5,6.83,0,0.0375,0.08,18.907,0
2024-03-29 17:30,10.9,6.81,1,0.0375,12.08,19.562,1
2024-03-29 18:00,10.3,6.78,1,4.220833,3.89527,20.0,1
2024-03-29 18:30,9.85,6.17,1,0.870833,0.407419,20.0,1
2024-03-29 19:00,9.4,5.56,1,0.995833,0.324865,20.0,1
2024-03-29 19:30,8.9,5.31,1,0.2875,1.185075,20.0,1
2024-03-29 20:00,8.4,5.06,1,0.975,0.476932,20.0,1
2024-03-29 20:30,8.0,4.92,1,0.975,0.528395,20.0,1
2024-03-29 21:00,7.6,4.78,1,0.0375,1.63323,20.0,1
2024-03-29 21:30,7.3,4.54,1,2.5875,0.08,20.076,0
2024-03-29 22:00,7.0,4.31,1,1.4625,0.08,20.073,0
2024-03-29 22:30,6.55,4.03,1,0.0375,0.543474,20.0,1
2024-03-29 23:00,6.1,3.75,1,0.0375,0.08,19.896,0
2024-03-29 23:30,5.8,3.68,1,0.0375,0.08,19.791,0
2024-03-30 00:00,5.5,3.61,1,0.0375,0.08,19.684,0
2024-03-30 00:30,5.5,3.56,1,0.0375,0.08,19.578,0
2024-03-30 01:00,5.5,3.5,1,0.0375,0.08,19.473,0
2024-03-30 01:30,5.3,3.4,1,0.0375,0.08,19.367,0
2024-03-30 02:00,5.1,3.31,1,0.0375,0.08,19.26,0
2024-03-30 02:30,4.95,3.4,1,2.5375,0.08,19.32,0
2024-03-30 03:00,4.8,3.5,1,0.0375,0.08,19.211,0
2024-03-30 03:30,4.7,3.61,1,0.0375,0.08,19.103,0
2024-03-30 04:00,4.6,3.72,1,0.0375,0.08,18.994,0
2024-03-30 04:30,4.4,3.51,1,0.0375,0.08,18.885,0
2024-03-30 05:00,4.2,3.31,1,0.0375,0.08,18.775,0
2024-03-30 05:30,4.05,3.06,1,0.0375,0.08,18.665,0
2024-03-30 06:00,3.9,2.81,1,0.0375,0.08,18.554,0
2024-03-30 06:30,4.5,3.04,1,0.0375,0.08,18.449,0
2024-03-30 07:00,5.1,3.28,1,0.0375,12.08,19.064,1
2024-03-30 07:30,6.15,3.04,1,0.0375,12.08,19.681,1
2024-03-30 08:00,7.2,2.81,1,0.1625,6.861892,20.0,1
2024-03-30 08:30,8.05,3.11,1,0.0375,0.08,19.911,0
2024-03-30 09:00,8.9,3.42,1,0.0375,0.08,19.829,0
2024-03-30 09:30,9.65,3.53,1,0.0375,0.08,19.754,0
2024-03-30 10:00,10.4,3.64,1,0.0375,0.08,19.685,0
2024-03-30 10:30,10.85,3.69,1,0.0375,0.08,19.62,0
2024-03-30 11:00,11.3,3.75,1,2.225,0.08,19.705,0
2024-03-30 11:30,11.65,3.97,1,0.975,0.08,19.708,0
2024-03-30 12:00,12.0,4.19,1,0.0375,0.08,19.652,0
2024-03-30 12:30,12.2,4.39,1,0.0375,0.08,19.597,0
2024-03-30 13:00,12.4,4.58,1,0.1625,0.08,19.553,0
2024-03-30 13:30,12.7,4.35,1,0.0375,0.08,19.503,0
2024-03-30 14:00,13.0,4.11,1,0.0375,0.08,19.456,0
2024-03-30 14:30,13.1,4.15,1,1.0875,0.08,19.48,0
2024-03-30 15:00,13.2,4.19,1,0.0375,0.08,19.434,0
2024-03-30 15:30,13.15,4.0,1,0.0375,0.08,19.389,0
2024-03-30 16:00,13.1,3.81,1,0.0375,0.08,19.343,0
2024-03-30 16:30,12.8,3.31,1,0.0375,0.08,19.295,0
2024-03-30 17:00,12.5,2.81,1,1.0875,0.08,19.316,0
2024-03-30 17:30,11.5,2.29,1,0.0375,12.08,19.973,1
2024-03-30 18:00,10.5,1.78,1,0.1625,1.574762,20.0,1
2024-03-30 18:30,9.55,2.18,1,0.0375,1.382346,20.0,1
2024-03-30 19:00,8.6,2.58,1,0.0375,1.504571,20.0,1
2024-03-30 19:30,7.85,2.36,1,0.1625,1.460616,20.0,1
2024-03-30 20:00,7.1,2.14,1,0.0375,1.697559,20.0,1
2024-03-30 20:30,6.3,2.49,1,0.1625,1.660036,20.0,1
2024-03-30 21:00,5.5,2.83,1,1.1,0.709592,20.0,1
2024-03-30 21:30,4.95,2.76,1,0.975,0.920804,20.0,1
2024-03-30 22:00,4.4,2.69,1,0.0375,2.044936,20.0,1
2024-03-30 22:30,4.45,2.42,1,0.0375,2.038504,20.0,1
2024-03-30 23:00,4.5,2.14,1,0.0375,0.08,19.884,0
2024-03-30 23:30,4.45,2.24,1,0.0375,0.08,19.768,0
2024-03-31 00:00,4.4,2.33,1,1.2875,0.08,19.737,0
2024-03-31 00:30,4.75,2.39,1,0.0375,0.08,19.624,0
2024-03-31 01:00,5.1,2.44,1,0.0375,0.08,19.516,0
2024-03-31 01:30,4.5,2.11,1,0.0375,0.08,19.403,0
2024-03-31 02:00,3.9,1.78,1,0.0375,0.08,19.287,0
2024-03-31 02:30,3.3,2.12,1,0.0375,0.08,19.167,0
2024-03-31 03:00,2.7,2.47,1,0.0375,0.08,19.044,0
2024-03-31 03:30,2.65,2.32,1,0.0375,0.08,18.921,0
2024-03-31 04:00,2.6,2.17,1,0.0375,0.08,18.798,0
2024-03-31 04:30,2.35,2.22,1,0.0375,0.08,18.675,0
2024-03-31 05:00,2.1,2.28,1,0.0375,0.08,18.551,0
2024-03-31 05:30,1.8,2.44,1,0.0375,0.08,18.425,0
2024-03-31 06:00,1.5,2.61,1,0.0375,0.08,18.298,0
2024-03-31 06:30,2.9,2.12,1,0.0375,0.08,18.183,0
2024-03-31 07:00,4.3,1.64,1,0.0375,12.08,18.793,1
2024-03-31 07:30,5.3,1.82,1,0.0375,12.08,19.406,1
2024-03-31 08:00,6.3,2.0,1,0.0375,11.710801,20.0,1
2024-03-31 08:30,7.5,2.92,1,0.0375,0.08,19.907,0
2024-03-31 09:00,8.7,3.83,1,0.0375,0.08,19.824,0
2024-03-31 09:30,9.8,4.78,1,0.0375,0.08,19.749,0
2024-03-31 10:00,10.9,5.72,1,0.0375,0.08,19.684,0
2024-03-31 10:30,11.4,6.4,1,0.0375,0.08,19.623,0
2024-03-31 11:00,11.9,7.08,1,0.0375,0.08,19.567,0
2024-03-31 11:30,12.1,7.25,1,0.0375,0.08,19.512,0
2024-03-31 12:00,12.3,7.42,1,0.0375,0.08,19.459,0
2024-03-31 12:30,12.15,7.51,1,0.0375,0.08,19.406,0
2024-03-31 13:00,12.0,7.61,1,0.1625,0.08,19.36,0
2024-03-31 13:30,11.8,7.76,1,1.0875,0.08,19.375,0
2024-03-31 14:00,11.6,7.92,1,1.2125,0.08,19.396,0
2024-03-31 14:30,11.15,7.79,1,0.0375,0.08,19.336,0
2024-03-31 15:00,10.7,7.67,1,0.0375,0.08,19.272,0
2024-03-31 15:30,10.25,7.12,1,0.0375,0.08,19.206,0
2024-03-31 16:00,9.8,6.58,1,0.0375,0.08,19.136,0
2024-03-31 16:30,9.3,6.61,1,0.870833,0.08,19.119,0
2024-03-31 17:00,8.8,6.64,1,0.995833,0.08,19.107,0
2024-03-31 17:30,8.35,6.51,1,0.870833,12.08,19.796,1
2024-03-31 18:00,7.9,6.39,1,0.1625,4.849944,20.0,1
2024-03-31 18:30,7.65,6.19,1,0.0375,1.626797,20.0,1
2024-03-31 19:00,7.4,6.0,1,0.0375,1.658961,20.0,1
2024-03-31 19:30,7.3,5.69,1,0.0375,1.671827,20.0,1
2024-03-31 20:00,7.2,5.39,1,2.35,0.08,20.059,0
2024-03-31 20:30,7.15,5.28,1,0.975,0.08,20.025,0
2024-03-31 21:00,7.1,5.17,1,2.225,0.08,20.075,0
2024-03-31 21:30,7.1,5.24,1,1.1,0.08,20.049,0
2024-03-31 22:00,7.1,5.31,1,1.3375,0.08,20.04,0
2024-03-31 22:30,7.1,5.38,1,1.3375,0.08,20.03,0
2024-03-31 23:00,7.1,5.44,1,0.0375,0.08,19.934,0
2024-03-31 23:30,7.05,5.38,1,0.0375,0.08,19.838,0
2024-04-01 00:00,7.0,5.31,1,0.0375,0.08,19.742,0
2024-04-01 00:30,6.95,5.22,1,0.0375,0.08,19.646,0
2024-04-01 01:00,6.9,5.14,1,0.0375,0.08,19.551,0
2024-04-01 01:30,6.85,5.29,1,0.0375,0.08,19.457,0
2024-04-01 02:00,6.8,5.44,1,0.0375,0.08,19.362,0
2024-04-01 02:30,6.7,5.22,1,0.0375,0.08,19.268,0
2024-04-01 03:00,6.6,5.0,1,0.0375,0.08,19.173,0
2024-04-01 03:30,6.55,4.81,1,0.0375,0.08,19.079,0
2024-04-01 04:00,6.5,4.61,1,0.0375,0.08,18.986,0
2024-04-01 04:30,6.5,4.15,1,0.0375,0.08,18.892,0
2024-04-01 05:00,6.5,3.69,1,0.0375,0.08,18.8,0
2024-04-01 05:30,6.5,3.5,1,0.0375,0.08,18.708,0
2024-04-01 06:00,6.5,3.31,1,0.0375,0.08,18.618,0
2024-04-01 06:30,6.5,3.26,1,0.0375,0.08,18.527,0
2024-04-01 07:00,6.5,3.22,1,0.2875,12.08,19.168,1
2024-04-01 07:30,6.7,3.28,1,2.025,12.08,19.922,1
2024-04-01 08:00,6.9,3.33,1,0.975,1.967943,20.0,1
2024-04-01 08:30,7.0,3.35,0,0.0375,0.08,19.903,0
2024-04-01 09:00,7.1,3.36,0,0.0375,0.08,19.808,0
2024-04-01 09:30,7.3,3.56,0,0.0375,0.08,19.714,0
2024-04-01 10:00,7.5,3.75,0,0.0375,0.08,19.623,0
2024-04-01 10:30,8.1,3.47,0,0.0375,0.08,19.538,0
2024-04-01 11:00,8.7,3.19,0,0.0375,0.08,19.457,0
2024-04-01 11:30,8.75,2.42,0,0.0375,0.08,19.378,0
2024-04-01 12:00,8.8,1.64,0,0.0375,0.08,19.299,0
2024-04-01 12:30,8.75,1.07,0,0.0375,0.08,19.221,0
2024-04-01 13:00,8.7,0.5,0,0.0375,0.08,19.143,0
2024-04-01 13:30,9.1,1.1,0,0.0375,0.08,19.069,0
2024-04-01 14:00,9.5,1.69,0,0.0375,0.08,18.998,0
2024-04-01 14:30,9.65,1.82,0,0.0375,0.08,18.929,0
2024-04-01 15:00,9.8,1.94,0,0.0375,0.08,18.861,0
2024-04-01 15:30,9.85,2.04,0,0.0375,0.08,18.795,0
2024-04-01 16:00,9.9,2.14,0,0.0375,0.08,18.729,0
2024-04-01 16:30,10.0,1.65,0,0.0375,0.08,18.665,0
2024-04-01 17:00,10.1,1.17,0,0.0375,0.08,18.602,0
2024-04-01 17:30,9.7,1.22,1,0.0375,12.08,19.25,1
2024-04-01 18:00,9.3,1.28,1,0.0375,12.08,19.891,1
2024-04-01 18:30,8.45,1.62,1,0.0375,3.348639,20.0,1
2024-04-01 19:00,7.6,1.97,1,0.0375,1.63323,20.0,1
2024-04-01 19:30,6.75,2.04,1,0.0375,1.742589,20.0,1
2024-04-01 20:00,5.9,2.11,1,4.233333,0.08,20.175,0
2024-04-01 20:30,5.45,1.96,1,1.933333,0.08,20.192,0
2024-04-01 21:00,5.0,1.81,1,0.995833,0.08,20.142,0
2024-04-01 21:30,5.0,1.92,1,0.1625,0.08,20.037,0
2024-04-01 22:00,5.0,2.03,1,1.2875,0.08,20.008,0
2024-04-01 22:30,4.7,1.97,1,1.2875,0.471736,20.0,1
2024-04-01 23:00,4.4,1.92,1,0.0375,0.08,19.883,0
2024-04-01 23:30,4.2,1.9,1,0.0375,0.08,19.766,0
2024-04-02 00:00,4.0,1.89,1,0.0375,0.08,19.647,0
2024-04-02 00:30,4.75,1.86,1,0.0375,0.08,19.536,0
2024-04-02 01:00,5.5,1.83,1,0.0375,0.08,19.431,0
2024-04-02 01:30,4.95,1.88,1,0.0375,0.08,19.323,0
2024-04-02 02:00,4.4,1.92,1,1.2875,0.08,19.294,0
2024-04-02 02:30,4.3,1.81,1,0.0375,0.08,19.182,0
2024-04-02 03:00,4.2,1.69,1,0.0375,0.08,19.07,0
2024-04-02 03:30,3.45,2.06,1,0.0375,0.08,18.953,0
2024-04-02 04:00,2.7,2.42,1,0.0375,0.08,18.831,0
2024-04-02 04:30,2.3,2.36,1,0.0375,0.08,18.707,0
2024-04-02 05:00,1.9,2.31,1,0.0375,0.08,18.581,0
2024-04-02 05:30,2.0,2.25,1,0.0375,0.08,18.457,0
2024-04-02 06:00,2.1,2.19,1,0.0375,0.08,18.334,0
2024-04-02 06:30,3.35,1.94,1,0.0375,0.08,18.222,0
2024-04-02 07:00,4.6,1.69,1,0.0375,12.08,18.834,1
2024-04-02 07:30,6.05,2.0,1,0.0375,12.08,19.452,1
2024-04-02 08:00,7.5,2.31,1,0.1625,10.640478,20.0,1
2024-04-02 08:30,8.45,2.79,0,0.0375,0.08,19.914,0
2024-04-02 09:00,9.4,3.28,0,0.0375,0.08,19.836,0
2024-04-02 09:30,10.0,3.26,0,0.0375,0.08,19.763,0
2024-04-02 10:00,10.6,3.25,0,0.0375,0.08,19.696,0
2024-04-02 10:30,11.05,3.22,0,0.0375,0.08,19.632,0
2024-04-02 11:00,11.5,3.19,0,0.0375,0.08,19.572,0
2024-04-02 11:30,11.9,3.17,0,0.0375,0.08,19.516,0
2024-04-02 12:00,12.3,3.14,0,0.0375,0.08,19.463,0
2024-04-02 12:30,12.2,3.49,0,0.0375,0.08,19.41,0
2024-04-02 13:00,12.1,3.83,0,0.0375,0.08,19.357,0
2024-04-02 13:30,12.15,3.67,0,0.0375,0.08,19.304,0
2024-04-02 14:00,12.2,3.5,0,0.0375,0.08,19.252,0
2024-04-02 14:30,12.55,3.31,0,0.0375,0.08,19.204,0
2024-04-02 15:00,12.9,3.11,0,0.0375,0.08,19.158,0
2024-04-02 15:30,12.7,2.82,0,0.0375,0.08,19.111,0
2024-04-02 16:00,12.5,2.53,0,0.0375,0.08,19.063,0
2024-04-02 16:30,12.3,2.11,0,0.0375,0.08,19.014,0
2024-04-02 17:00,12.1,1.69,0,0.0375,0.08,18.963,0
2024-04-02 17:30,11.45,1.5,1,0.1625,12.08,19.63,1
2024-04-02 18:00,10.8,1.31,1,0.0375,7.38739,20.0,1
2024-04-02 18:30,10.3,1.78,1,0.1625,1.145402,20.0,1
2024-04-02 19:00,9.8,2.25,1,0.1625,1.209732,20.0,1
2024-04-02 19:30,9.65,2.36,1,0.1625,1.22903,20.0,1
2024-04-02 20:00,9.5,2.47,1,1.3375,0.08,20.009,0
2024-04-02 20:30,9.35,2.79,1,2.5875,0.08,20.1,0
2024-04-02 21:00,9.2,3.11,1,1.0875,0.08,20.09,0
2024-04-02 21:30,9.05,3.31,1,0.995833,0.08,20.072,0
2024-04-02 22:00,8.9,3.5,1,2.120833,0.08,20.128,0
2024-04-02 22:30,8.75,3.62,1,2.858333,0.08,20.232,0
2024-04-02 23:00,8.6,3.75,1,0.975,0.08,20.208,0
2024-04-02 23:30,8.55,3.87,1,0.0375,0.08,20.121,0
2024-04-03 00:00,8.5,4.0,1,0.0375,0.08,20.035,0
2024-04-03 00:30,8.55,4.25,1,0.0375,0.08,19.95,0
2024-04-03 01:00,8.6,4.5,1,0.0375,0.08,19.865,0
2024-04-03 01:30,8.5,4.35,1,0.0375,0.08,19.781,0
2024-04-03 02:00,8.4,4.19,1,1.2875,0.08,19.78,0
2024-04-03 02:30,8.45,4.22,1,0.0375,0.08,19.695,0
2024-04-03 03:00,8.5,4.25,1,0.0375,0.08,19.612,0
2024-04-03 03:30,8.75,4.04,1,0.0375,0.08,19.532,0
2024-04-03 04:00,9.0,3.83,1,0.0375,0.08,19.454,0
2024-04-03 04:30,9.15,3.79,1,0.0375,0.08,19.377,0
2024-04-03 05:00,9.3,3.75,1,0.0375,0.08,19.303,0
2024-04-03 05:30,9.5,4.15,1,1.2875,0.08,19.314,0
2024-04-03 06:00,9.7,4.56,1,0.0375,0.08,19.242,0
2024-04-03 06:30,9.8,4.51,1,0.0375,0.08,19.173,0
2024-04-03 07:00,9.9,4.47,1,1.0875,12.08,19.888,1
2024-04-03 07:30,10.05,4.54,1,0.0375,3.180545,20.0,1
2024-04-03 08:00,10.2,4.61,1,0.0375,1.298718,20.0,1
2024-04-03 08:30,10.35,4.46,0,0.0375,0.08,19.929,0
2024-04-03 09:00,10.5,4.31,0,0.0375,0.08,19.859,0
2024-04-03 09:30,11.1,3.93,0,0.0375,0.08,19.794,0
2024-04-03 10:00,11.7,3.56,0,0.0375,0.08,19.735,0
2024-04-03 10:30,12.05,3.43,0,0.0375,0.08,19.679,0
2024-04-03 11:00,12.4,3.31,0,0.0375,0.08,19.625,0
2024-04-03 11:30,12.55,3.71,0,0.0375,0.08,19.574,0
2024-04-03 12:00,12.7,4.11,0,0.0375,0.08,19.524,0
2024-04-03 12:30,13.3,3.9,0,0.0375,0.08,19.479,0
2024-04-03 13:00,13.9,3.69,0,0.0375,0.08,19.438,0
2024-04-03 13:30,13.6,4.18,0,0.0375,0.08,19.396,0
2024-04-03 14:00,13.3,4.67,0,0.0375,0.08,19.352,0
2024-04-03 14:30,12.65,6.69,0,0.0375,0.08,19.303,0
2024-04-03 15:00,12.0,8.72,0,0.0375,0.08,19.25,0
2024-04-03 15:30,11.45,8.82,0,0.0375,0.08,19.193,0
2024-04-03 16:00,10.9,8.92,0,0.0375,0.08,19.132,0
2024-04-03 16:30,10.5,8.42,0,0.0375,0.08,19.068,0
2024-04-03 17:00,10.1,7.92,0,0.0375,0.08,19.002,0
2024-04-03 17:30,9.8,7.9,1,0.0375,12.08,19.648,1
2024-04-03 18:00,9.5,7.89,1,0.2875,6.979481,20.0,1
2024-04-03 18:30,9.2,8.22,1,0.975,0.374005,20.0,1
2024-04-03 19:00,8.9,8.56,1,0.975,0.412603,20.0,1
2024-04-03 19:30,8.9,8.5,1,0.870833,0.529644,20.0,1
2024-04-03 20:00,8.9,8.44,1,0.870833,0.529644,20.0,1
2024-04-03 20:30,8.8,8.1,1,2.120833,0.08,20.056,0
2024-04-03 21:00,8.7,7.75,1,0.0375,0.556931,20.0,1
2024-04-03 21:30,8.45,6.93,1,0.2875,1.242971,20.0,1
2024-04-03 22:00,8.2,6.11,1,0.2875,1.275136,20.0,1
2024-04-03 22:30,8.05,5.36,1,1.0875,0.395558,20.0,1
2024-04-03 23:00,7.9,4.61,1,0.0375,0.08,19.91,0
2024-04-03 23:30,7.95,4.17,1,0.0375,0.08,19.821,0
2024-04-04 00:00,8.0,3.72,1,0.0375,0.08,19.733,0
2024-04-04 00:30,7.75,3.15,1,0.0375,0.08,19.644,0
2024-04-04 01:00,7.5,2.58,1,0.0375,0.08,19.553,0
2024-04-04 01:30,7.55,2.49,1,0.0375,0.08,19.464,0
2024-04-04 02:00,7.6,2.39,1,0.0375,0.08,19.376,0
2024-04-04 02:30,7.6,2.21,1,0.0375,0.08,19.288,0
2024-04-04 03:00,7.6,2.03,1,0.0375,0.08,19.201,0
2024-04-04 03:30,7.55,2.12,1,1.2875,0.08,19.198,0
2024-04-04 04:00,7.5,2.22,1,0.0375,0.08,19.111,0
2024-04-04 04:30,7.5,1.99,1,0.0375,0.08,19.024,0
2024-04-04 05:00,7.5,1.75,1,0.0375,0.08,18.939,0
2024-04-04 05:30,7.4,1.26,1,1.2875,0.08,18.937,0
2024-04-04 06:00,7.3,0.78,1,0.0375,0.08,18.85,0
2024-04-04 06:30,7.0,1.94,1,0.0375,0.08,18.762,0
2024-04-04 07:00,6.7,3.11,1,0.1625,12.08,19.394,1
2024-04-04 07:30,6.5,2.96,1,0.1625,11.739269,20.0,1
2024-04-04 08:00,6.3,2.81,1,1.0875,0.62071,20.0,1
2024-04-04 08:30,6.6,2.9,0,0.0375,0.08,19.9,0
2024-04-04 09:00,6.9,3.0,0,0.0375,0.08,19.803,0
2024-04-04 09:30,7.55,2.92,0,0.0375,0.08,19.712,0
2024-04-04 10:00,8.2,2.83,0,0.0375,0.08,19.626,0
2024-04-04 10:30,8.6,2.28,0,0.0375,0.08,19.544,0
2024-04-04 11:00,9.0,1.72,0,0.0375,0.08,19.466,0
2024-04-04 11:30,9.3,1.29,0,0.0375,0.08,19.391,0
2024-04-04 12:00,9.6,0.86,0,0.0375,0.08,19.318,0
2024-04-04 12:30,9.35,0.79,0,0.0375,0.08,19.244,0
2024-04-04 13:00,9.1,0.72,0,0.0375,0.08,19.169,0
2024-04-04 13:30,9.45,0.71,0,0.0375,0.08,19.097,0
2024-04-04 14:00,9.8,0.69,0,0.0375,0.08,19.029,0
2024-04-04 14:30,10.0,1.17,0,0.0375,0.08,18.962,0
2024-04-04 15:00,10.2,1.64,0,0.0375,0.08,18.898,0
2024-04-04 15:30,10.35,2.14,0,0.0375,0.08,18.835,0
2024-04-04 16:00,10.5,2.64,0,0.0375,0.08,18.773,0
2024-04-04 16:30,10.25,2.67,0,0.0375,0.08,18.711,0
2024-04-04 17:00,10.0,2.69,0,0.0375,0.08,18.646,0
2024-04-04 17:30,9.95,2.81,1,0.0375,12.08,19.296,1
2024-04-04 18:00,9.9,2.92,1,0.0375,12.08,19.941,1
2024-04-04 18:30,9.6,3.21,1,0.0375,2.362902,20.0,1
2024-04-04 19:00,9.3,3.5,1,0.2875,1.133611,20.0,1
2024-04-04 19:30,8.5,4.64,1,1.0875,0.337662,20.0,1
2024-04-04 20:00,7.7,5.78,1,1.1,0.426543,20.0,1
2024-04-04 20:30,7.35,5.79,1,0.975,0.612023,20.0,1
2024-04-04 21:00,7.0,5.81,1,0.1625,1.569975,20.0,1
2024-04-04 21:30,7.2,5.24,1,0.0375,1.684693,20.0,1
2024-04-04 22:00,7.4,4.67,1,0.0375,1.658961,20.0,1
2024-04-04 22:30,7.75,4.39,1,2.5875,0.08,20.079,0
2024-04-04 23:00,8.1,4.11,1,1.3375,0.08,20.077,0
2024-04-04 23:30,8.55,4.04,1,0.0375,0.08,19.991,0
2024-04-05 00:00,9.0,3.97,1,0.0375,0.08,19.91,0
2024-04-05 00:30,9.55,4.44,1,0.0375,0.08,19.833,0
2024-04-05 01:00,10.1,4.92,1,0.0375,0.08,19.761,0
2024-04-05 01:30,10.55,5.26,1,1.2875,0.08,19.776,0
2024-04-05 02:00,11.0,5.61,1,0.0375,0.08,19.712,0
2024-04-05 02:30,11.4,6.82,1,0.0375,0.08,19.651,0
2024-04-05 03:00,11.8,8.03,1,0.0375,0.08,19.593,0
2024-04-05 03:30,11.9,8.67,1,0.0375,0.08,19.537,0
2024-04-05 04:00,12.0,9.31,1,0.0375,0.08,19.481,0
2024-04-05 04:30,11.8,8.86,1,0.0375,0.08,19.425,0
2024-04-05 05:00,11.6,8.42,1,0.0375,0.08,19.368,0
2024-04-05 05:30,11.6,7.78,1,0.0375,0.08,19.311,0
2024-04-05 06:00,11.6,7.14,1,0.0375,0.08,19.254,0
2024-04-05 06:30,11.55,6.47,1,0.0375,0.08,19.198,0
2024-04-05 07:00,11.5,5.81,1,0.0375,12.08,19.855,1
2024-04-05 07:30,11.9,5.99,1,0.0375,3.493244,20.0,1
2024-04-05 08:00,12.3,6.17,1,0.0375,1.028535,20.0,1
2024-04-05 08:30,12.95,6.9,0,0.0375,0.08,19.949,0
2024-04-05 09:00,13.6,7.64,0,0.0375,0.08,19.902,0
2024-04-05 09:30,14.1,8.0,0,0.0375,0.08,19.861,0
2024-04-05 10:00,14.6,8.36,0,0.0375,0.08,19.823,0
2024-04-05 10:30,14.95,8.76,0,0.0375,0.08,19.788,0
2024-04-05 11:00,15.3,9.17,0,0.0375,0.08,19.756,0
2024-04-05 11:30,15.5,9.07,0,0.0375,0.08,19.726,0
2024-04-05 12:00,15.7,8.97,0,0.0375,0.08,19.698,0
2024-04-05 12:30,15.85,8.21,0,0.0375,0.08,19.671,0
2024-04-05 13:00,16.0,7.44,0,0.0375,0.08,19.645,0
2024-04-05 13:30,16.3,8.0,0,0.0375,0.08,19.622,0
2024-04-05 14:00,16.6,8.56,0,0.0375,0.08,19.602,0
2024-04-05 14:30,16.35,8.31,0,0.0375,0.08,19.579,0
2024-04-05 15:00,16.1,8.06,0,0.0375,0.08,19.555,0
2024-04-05 15:30,16.05,8.22,0,0.0375,0.08,19.531,0
2024-04-05 16:00,16.0,8.39,0,0.0375,0.08,19.506,0
2024-04-05 16:30,15.65,8.17,0,0.0375,0.08,19.479,0
2024-04-05 17:00,15.3,7.94,0,0.0375,0.08,19.45,0
2024-04-05 17:30,14.85,7.25,1,0.1625,9.739414,20.0,1
2024-04-05 18:00,14.4,6.56,1,2.275,0.08,20.109,0
2024-04-05 18:30,13.95,5.76,1,3.65,0.08,20.306,0
2024-04-05 19:00,13.5,4.97,1,1.2875,0.08,20.34,0
2024-04-05 19:30,13.4,5.32,1,0.975,0.08,20.352,0
2024-04-05 20:00,13.3,5.67,1,0.975,0.08,20.363,0
2024-04-05 20:30,13.15,5.0,1,0.2875,0.08,20.327,0
2024-04-05 21:00,13.0,4.33,1,0.0375,0.08,20.274,0
2024-04-05 21:30,12.8,4.53,1,0.1625,0.08,20.227,0
2024-04-05 22:00,12.6,4.72,1,2.1375,0.08,20.312,0
2024-04-05 22:30,12.5,5.01,1,0.1625,0.08,20.263,0
2024-04-05 23:00,12.4,5.31,1,0.0375,0.08,20.205,0
2024-04-05 23:30,12.25,5.81,1,0.0375,0.08,20.147,0
2024-04-06 00:00,12.1,6.31,1,0.0375,0.08,20.088,0
2024-04-06 00:30,12.15,6.32,1,0.0375,0.08,20.03,0
2024-04-06 01:00,12.2,6.33,1,0.0375,0.08,19.972,0
2024-04-06 01:30,12.2,6.29,1,0.0375,0.08,19.915,0
2024-04-06 02:00,12.2,6.25,1,0.0375,0.08,19.859,0
2024-04-06 02:30,12.25,6.1,1,0.0375,0.08,19.803,0
2024-04-06 03:00,12.3,5.94,1,0.0375,0.08,19.748,0
2024-04-06 03:30,12.4,6.0,1,0.0375,0.08,19.694,0
2024-04-06 04:00,12.5,6.06,1,0.0375,0.08,19.642,0
2024-04-06 04:30,12.6,5.93,1,0.0375,0.08,19.59,0
2024-04-06 05:00,12.7,5.81,1,0.0375,0.08,19.54,0
2024-04-06 05:30,13.0,6.15,1,0.0375,0.08,19.492,0
2024-04-06 06:00,13.3,6.5,1,0.0375,0.08,19.448,0
2024-04-06 06:30,13.7,7.07,1,0.0375,0.08,19.406,0
2024-04-06 07:00,14.1,7.64,1,0.0375,10.703731,20.0,1
2024-04-06 07:30,14.95,7.74,1,0.0375,0.68759,20.0,1
2024-04-06 08:00,15.8,7.83,1,0.0375,0.578231,20.0,1
2024-04-06 08:30,16.65,7.43,1,0.0375,0.08,19.977,0
2024-04-06 09:00,17.5,7.03,1,0.0375,0.08,19.96,0
2024-04-06 09:30,17.95,7.72,1,0.0375,0.08,19.948,0
2024-04-06 10:00,18.4,8.42,1,0.0375,0.08,19.938,0
2024-04-06 10:30,18.65,8.38,1,1.0875,0.08,20.001,0
2024-04-06 11:00,18.9,8.33,1,0.0375,0.08,19.995,0
2024-04-06 11:30,19.05,8.65,1,0.0375,0.08,19.99,0
2024-04-06 12:00,19.2,8.97,1,0.0375,0.08,19.987,0
2024-04-06 12:30,18.3,10.17,1,0.0375,0.08,19.976,0
2024-04-06 13:00,17.4,11.36,1,0.0375,0.08,19.959,0
2024-04-06 13:30,17.45,11.18,1,1.0875,0.08,20.013,0
2024-04-06 14:00,17.5,11.0,1,0.2875,0.08,20.013,0
2024-04-06 14:30,17.4,10.96,1,0.0375,0.08,19.995,0
2024-04-06 15:00,17.3,10.92,1,0.2875,0.08,19.994,0
2024-04-06 15:30,16.85,10.71,1,0.0375,0.08,19.972,0
2024-04-06 16:00,16.4,10.5,1,0.0375,0.08,19.947,0
2024-04-06 16:30,16.0,10.08,1,0.0375,0.08,19.92,0
2024-04-06 17:00,15.6,9.67,1,0.0375,0.08,19.889,0
2024-04-06 17:30,15.2,9.51,1,0.0375,2.504726,20.0,1
2024-04-06 18:00,14.8,9.36,1,1.2875,0.08,20.046,0
2024-04-06 18:30,14.25,9.68,1,0.0375,0.08,20.004,0
2024-04-06 19:00,13.7,10.0,1,0.0375,0.774977,20.0,1
2024-04-06 19:30,13.35,10.07,1,0.0375,0.893444,20.0,1
2024-04-06 20:00,13.0,10.14,1,0.0375,0.938474,20.0,1
2024-04-06 20:30,12.95,10.49,1,0.870833,0.08,20.004,0
2024-04-06 21:00,12.9,10.83,1,0.870833,0.08,20.008,0
2024-04-06 21:30,12.65,10.51,1,1.120833,0.08,20.027,0
2024-04-06 22:00,12.4,10.19,1,0.975,0.08,20.033,0
2024-04-06 22:30,12.15,9.5,1,2.225,0.08,20.122,0
2024-04-06 23:00,11.9,8.81,1,0.0375,0.08,20.061,0
2024-04-06 23:30,11.35,8.99,1,1.2875,0.08,20.081,0
2024-04-07 00:00,10.8,9.17,1,0.0375,0.08,20.012,0
2024-04-07 00:30,10.5,9.56,1,0.0375,0.08,19.942,0
2024-04-07 01:00,10.2,9.94,1,0.0375,0.08,19.87,0
2024-04-07 01:30,9.95,9.78,1,0.0375,0.08,19.797,0
2024-04-07 02:00,9.7,9.61,1,0.0375,0.08,19.722,0
2024-04-07 02:30,9.5,9.17,1,0.0375,0.08,19.646,0
2024-04-07 03:00,9.3,8.72,1,0.0375,0.08,19.569,0
2024-04-07 03:30,9.15,8.38,1,0.0375,0.08,19.492,0
2024-04-07 04:00,9.0,8.03,1,0.0375,0.08,19.414,0
2024-04-07 04:30,9.0,8.19,1,0.0375,0.08,19.337,0
2024-04-07 05:00,9.0,8.36,1,0.0375,0.08,19.26,0
2024-04-07 05:30,9.15,9.14,1,0.0375,0.08,19.186,0
2024-04-07 06:00,9.3,9.92,1,0.0375,0.08,19.112,0
2024-04-07 06:30,9.9,10.19,1,0.0375,0.08,19.044,0
2024-04-07 07:00,10.5,10.47,1,0.0375,12.08,19.695,1
2024-04-07 07:30,11.0,9.58,1,0.0375,6.27617,20.0,1
2024-04-07 08:00,11.5,8.69,1,0.0375,1.131462,20.0,1
2024-04-07 08:30,12.25,9.44,1,1.4125,0.08,20.035,0
2024-04-07 09:00,13.0,10.19,1,2.3375,0.08,20.138,0
2024-04-07 09:30,13.4,10.29,1,0.1625,0.08,20.097,0
2024-04-07 10:00,13.8,10.39,1,0.0375,0.08,20.051,0
2024-04-07 10:30,14.3,10.58,1,0.0375,0.08,20.01,0
2024-04-07 11:00,14.8,10.78,1,0.1625,0.08,19.981,0
2024-04-07 11:30,14.95,10.86,1,0.975,0.08,20.007,0
2024-04-07 12:00,15.1,10.94,1,0.975,0.08,20.035,0
2024-04-07 12:30,15.05,10.31,1,0.0375,0.08,19.999,0
2024-04-07 13:00,15.0,9.67,1,0.0375,0.08,19.963,0
2024-04-07 13:30,14.95,10.5,1,0.0375,0.08,19.928,0
2024-04-07 14:00,14.9,11.33,1,1.2875,0.08,19.975,0
2024-04-07 14:30,14.75,10.57,1,0.1625,0.08,19.946,0
2024-04-07 15:00,14.6,9.81,1,0.0375,0.08,19.908,0
2024-04-07 15:30,14.2,9.38,1,0.0375,0.08,19.866,0
2024-04-07 16:00,13.8,8.94,1,1.0875,0.08,19.893,0
2024-04-07 16:30,13.6,8.82,1,0.0375,0.08,19.847,0
2024-04-07 17:00,13.4,8.69,1,0.0375,0.08,19.8,0
2024-04-07 17:30,13.1,8.44,1,0.0375,4.258255,20.0,1
2024-04-07 18:00,12.8,8.19,1,0.0375,0.964206,20.0,1
2024-04-07 18:30,12.5,8.08,1,0.0375,1.002803,20.0,1
2024-04-07 19:00,12.2,7.97,1,0.1625,0.900951,20.0,1
2024-04-07 19:30,12.15,7.64,1,0.0375,1.047834,20.0,1
2024-04-07 20:00,12.1,7.31,1,0.0375,1.054267,20.0,1
2024-04-07 20:30,11.85,6.97,1,0.0375,1.086431,20.0,1
2024-04-07 21:00,11.6,6.64,1,0.1625,0.978146,20.0,1
2024-04-07 21:30,11.6,6.33,1,0.975,0.08,20.001,0
2024-04-07 22:00,11.6,6.03,1,1.808333,0.08,20.057,0
2024-04-07 22:30,11.45,5.36,1,0.870833,0.08,20.05,0
2024-04-07 23:00,11.3,4.69,1,0.870833,0.08,20.041,0
2024-04-07 23:30,10.75,3.67,1,0.0375,0.08,19.972,0
2024-04-08 00:00,10.2,2.64,1,0.0375,0.08,19.9,0
2024-04-08 00:30,9.95,2.58,1,0.0375,0.08,19.826,0
2024-04-08 01:00,9.7,2.53,1,0.0375,0.08,19.751,0
2024-04-08 01:30,9.85,2.53,1,1.2875,0.08,19.762,0
2024-04-08 02:00,10.0,2.53,1,0.0375,0.08,19.69,0
2024-04-08 02:30,9.85,2.57,1,0.0375,0.08,19.617,0
2024-04-08 03:00,9.7,2.61,1,0.0375,0.08,19.543,0
2024-04-08 03:30,9.95,2.57,1,0.0375,0.08,19.472,0
2024-04-08 04:00,10.2,2.53,1,0.0375,0.08,19.404,0
2024-04-08 04:30,10.3,3.11,1,0.0375,0.08,19.337,0
2024-04-08 05:00,10.4,3.69,1,0.0375,0.08,19.271,0
2024-04-08 05:30,10.5,4.19,1,0.0375,0.08,19.206,0
2024-04-08 06:00,10.6,4.69,1,0.0375,0.08,19.143,0
2024-04-08 06:30,10.75,4.9,1,0.0375,0.08,19.081,0
2024-04-08 07:00,10.9,5.11,1,0.1625,12.08,19.743,1
2024-04-08 07:30,11.25,5.06,1,1.0875,4.26594,20.0,1
2024-04-08 08:00,11.6,5.0,1,1.0875,0.08,20.008,0
2024-04-08 08:30,11.85,4.9,0,0.0375,0.08,19.948,0
2024-04-08 09:00,12.1,4.81,0,0.0375,0.08,19.891,0
2024-04-08 09:30,12.1,4.81,0,0.0375,0.08,19.834,0
2024-04-08 10:00,12.1,4.81,0,0.0375,0.08,19.777,0
2024-04-08 10:30,12.25,4.78,0,0.0375,0.08,19.722,0
2024-04-08 11:00,12.4,4.75,0,0.0375,0.08,19.668,0
2024-04-08 11:30,12.5,4.89,0,0.0375,0.08,19.616,0
2024-04-08 12:00,12.6,5.03,0,0.0375,0.08,19.565,0
2024-04-08 12:30,13.45,5.53,0,0.0375,0.08,19.521,0
2024-04-08 13:00,14.3,6.03,0,0.0375,0.08,19.483,0
2024-04-08 13:30,14.35,5.92,0,0.0375,0.08,19.446,0
2024-04-08 14:00,14.4,5.81,0,0.0375,0.08,19.41,0
2024-04-08 14:30,14.1,4.82,0,0.0375,0.08,19.372,0
2024-04-08 15:00,13.8,3.83,0,0.0375,0.08,19.332,0
2024-04-08 15:30,13.65,3.19,0,0.0375,0.08,19.291,0
2024-04-08 16:00,13.5,2.56,0,0.0375,0.08,19.249,0
2024-04-08 16:30,13.35,2.99,0,0.0375,0.08,19.206,0
2024-04-08 17:00,13.2,3.42,0,0.0375,0.08,19.163,0
2024-04-08 17:30,13.25,3.71,1,0.2875,12.08,19.851,1
2024-04-08 18:00,13.3,4.0,1,1.2875,1.982553,20.0,1
2024-04-08 18:30,13.0,4.01,1,0.0375,0.938474,20.0,1
2024-04-08 19:00,12.7,4.03,1,0.0375,0.977072,20.0,1
2024-04-08 19:30,12.65,4.4,1,2.4,0.08,20.104,0
2024-04-08 20:00,12.6,4.78,1,2.275,0.08,20.199,0
2024-04-08 20:30,12.15,4.65,1,0.0375,0.08,20.14,0
2024-04-08 21:00,11.7,4.53,1,0.0375,0.08,20.078,0
2024-04-08 21:30,11.45,4.32,1,2.225,0.08,20.16,0
2024-04-08 22:00,11.2,4.11,1,1.225,0.08,20.174,0
2024-04-08 22:30,11.15,4.12,1,0.0375,0.08,20.107,0
2024-04-08 23:00,11.1,4.14,1,0.0375,0.08,20.041,0
2024-04-08 23:30,11.3,4.72,1,0.0375,0.08,19.976,0
2024-04-09 00:00,11.5,5.31,1,0.0375,0.08,19.914,0
2024-04-09 00:30,11.25,5.06,1,0.0375,0.08,19.85,0
2024-04-09 01:00,11.0,4.81,1,0.0375,0.08,19.785,0
2024-04-09 01:30,10.4,5.0,1,0.0375,0.08,19.715,0
2024-04-09 02:00,9.8,5.19,1,0.0375,0.08,19.642,0
2024-04-09 02:30,9.15,4.75,1,0.0375,0.08,19.564,0
2024-04-09 03:00,8.5,4.31,1,0.0375,0.08,19.482,0
2024-04-09 03:30,7.8,2.96,1,0.0375,0.08,19.395,0
2024-04-09 04:00,7.1,1.61,1,0.0375,0.08,19.304,0
2024-04-09 04:30,7.35,1.07,1,1.2875,0.08,19.298,0
2024-04-09 05:00,7.6,0.53,1,0.0375,0.08,19.211,0
2024-04-09 05:30,7.8,0.96,1,0.0375,0.08,19.126,0
2024-04-09 06:00,8.0,1.39,1,0.0375,0.08,19.044,0
2024-04-09 06:30,8.05,1.46,1,0.0375,0.08,18.962,0
2024-04-09 07:00,8.1,1.53,1,0.0375,12.08,19.595,1
2024-04-09 07:30,8.45,1.01,1,0.1625,8.134445,20.0,1
2024-04-09 08:00,8.8,0.5,1,2.225,0.08,20.063,0
2024-04-09 08:30,9.45,2.28,0,0.975,0.08,20.047,0
2024-04-09 09:00,10.1,4.06,0,0.0375,0.08,19.973,0
2024-04-09 09:30,10.5,4.61,0,0.0375,0.08,19.903,0
2024-04-09 10:00,10.9,5.17,0,0.0375,0.08,19.837,0
2024-04-09 10:30,10.15,7.39,0,0.0375,0.08,19.765,0
2024-04-09 11:00,9.4,9.61,0,0.0375,0.08,19.688,0
2024-04-09 11:30,8.5,9.9,0,0.0375,0.08,19.605,0
2024-04-09 12:00,7.6,10.19,0,0.0375,0.08,19.516,0
2024-04-09 12:30,8.1,9.51,0,0.0375,0.08,19.431,0
2024-04-09 13:00,8.6,8.83,0,0.0375,0.08,19.351,0
2024-04-09 13:30,8.95,9.35,0,0.0375,0.08,19.274,0
2024-04-09 14:00,9.3,9.86,0,0.0375,0.08,19.2,0
2024-04-09 14:30,9.35,10.47,0,0.0375,0.08,19.127,0
2024-04-09 15:00,9.4,11.08,0,0.0375,0.08,19.055,0
2024-04-09 15:30,9.35,11.32,0,0.0375,0.08,18.983,0
2024-04-09 16:00,9.3,11.56,0,0.0375,0.08,18.912,0
2024-04-09 16:30,9.35,10.96,0,0.0375,0.08,18.841,0
2024-04-09 17:00,9.4,10.36,0,0.0375,0.08,18.771,0
2024-04-09 17:30,9.15,10.68,1,0.0375,12.08,19.414,1
2024-04-09 18:00,8.9,11.0,1,0.1625,11.102822,20.0,1
2024-04-09 18:30,8.6,10.49,1,0.1625,1.364122,20.0,1
2024-04-09 19:00,8.3,9.97,1,0.0375,1.543169,20.0,1
2024-04-09 19:30,8.0,9.67,1,0.1625,1.441317,20.0,1
2024-04-09 20:00,7.7,9.36,1,1.920833,0.08,20.034,0
2024-04-09 20:30,7.4,9.1,1,1.920833,0.08,20.066,0
2024-04-09 21:00,7.1,8.83,1,0.995833,0.08,20.033,0
2024-04-09 21:30,6.95,8.35,1,0.1625,1.021475,20.0,1
2024-04-09 22:00,6.8,7.86,1,0.0375,1.736156,20.0,1
2024-04-09 22:30,6.65,7.44,1,1.2875,0.350961,20.0,1
2024-04-09 23:00,6.5,7.03,1,0.0375,0.08,19.899,0
2024-04-09 23:30,6.45,6.51,1,0.0375,0.08,19.799,0
2024-04-10 00:00,6.4,6.0,1,0.0375,0.08,19.699,0
2024-04-10 00:30,6.05,4.65,1,1.2875,0.08,19.68,0
2024-04-10 01:00,5.7,3.31,1,0.0375,0.08,19.576,0
2024-04-10 01:30,5.05,2.68,1,0.0375,0.08,19.467,0
2024-04-10 02:00,4.4,2.06,1,0.0375,0.08,19.354,0
2024-04-10 02:30,3.9,2.11,1,0.0375,0.08,19.239,0
2024-04-10 03:00,3.4,2.17,1,0.0375,0.08,19.12,0
2024-04-10 03:30,3.55,2.08,1,0.0375,0.08,19.003,0
2024-04-10 04:00,3.7,2.0,1,0.0375,0.08,18.888,0
2024-04-10 04:30,3.7,2.61,1,0.0375,0.08,18.775,0
2024-04-10 05:00,3.7,3.22,1,0.0375,0.08,18.662,0
2024-04-10 05:30,4.05,3.82,1,0.0375,0.08,18.553,0
2024-04-10 06:00,4.4,4.42,1,0.0375,0.08,18.447,0
2024-04-10 06:30,5.0,4.83,1,0.0375,0.08,18.346,0
2024-04-10 07:00,5.6,5.25,1,0.0375,12.08,18.965,1
2024-04-10 07:30,6.45,5.03,1,0.0375,12.08,19.586,1
2024-04-10 08:00,7.3,4.81,1,0.0375,8.581456,20.0,1
2024-04-10 08:30,8.0,5.21,0,0.0375,0.08,19.911,0
2024-04-10 09:00,8.7,5.61,0,0.0375,0.08,19.827,0
2024-04-10 09:30,8.85,5.72,0,0.0375,0.08,19.746,0
2024-04-10 10:00,9.0,5.83,0,0.0375,0.08,19.666,0
2024-04-10 10:30,9.4,6.92,0,0.0375,0.08,19.59,0
2024-04-10 11:00,9.8,8.0,0,0.0375,0.08,19.518,0
2024-04-10 11:30,9.7,7.75,0,0.0375,0.08,19.445,0
2024-04-10 12:00,9.6,7.5,0,0.0375,0.08,19.372,0
2024-04-10 12:30,10.25,8.61,0,0.0375,0.08,19.305,0
2024-04-10 13:00,10.9,9.72,0,0.0375,0.08,19.243,0
2024-04-10 13:30,10.9,8.72,0,0.0375,0.08,19.182,0
2024-04-10 14:00,10.9,7.72,0,0.0375,0.08,19.121,0
2024-04-10 14:30,11.4,7.79,0,0.0375,0.08,19.064,0
2024-04-10 15:00,11.9,7.86,0,0.0375,0.08,19.012,0
2024-04-10 15:30,12.0,7.21,0,0.0375,0.08,18.961,0
2024-04-10 16:00,12.1,6.56,0,0.0375,0.08,18.911,0
2024-04-10 16:30,12.55,6.88,0,0.0375,0.08,18.864,0
2024-04-10 17:00,13.0,7.19,0,0.0375,0.08,18.822,0
2024-04-10 17:30,13.05,7.51,1,0.0375,12.08,19.494,1
2024-04-10 18:00,13.1,7.83,1,1.2125,8.04027,20.0,1
2024-04-10 18:30,13.15,8.0,1,0.1625,0.778726,20.0,1
2024-04-10 19:00,13.2,8.17,1,1.2125,0.08,20.029,0
2024-04-10 19:30,13.35,8.12,1,0.995833,0.08,20.044,0
2024-04-10 20:00,13.5,8.08,1,2.170833,0.08,20.139,0
2024-04-10 20:30,13.45,7.58,1,2.420833,0.08,20.25,0
2024-04-10 21:00,13.4,7.08,1,0.975,0.08,20.263,0
2024-04-10 21:30,13.55,6.49,1,0.975,0.08,20.277,0
2024-04-10 22:00,13.7,5.89,1,1.2875,0.08,20.312,0
2024-04-10 22:30,13.7,5.9,1,0.0375,0.08,20.264,0
2024-04-10 23:00,13.7,5.92,1,1.2875,0.08,20.3,0
2024-04-10 23:30,13.6,6.04,1,0.0375,0.08,20.251,0
2024-04-11 00:00,13.5,6.17,1,0.0375,0.08,20.202,0
2024-04-11 00:30,13.35,6.42,1,0.0375,0.08,20.152,0
2024-04-11 01:00,13.2,6.67,1,0.0375,0.08,20.101,0
2024-04-11 01:30,13.25,6.56,1,0.0375,0.08,20.052,0
2024-04-11 02:00,13.3,6.44,1,1.2875,0.08,20.086,0
2024-04-11 02:30,13.15,5.96,1,1.2875,0.08,20.119,0
2024-04-11 03:00,13.0,5.47,1,0.0375,0.08,20.067,0
2024-04-11 03:30,12.95,5.58,1,0.0375,0.08,20.015,0
2024-04-11 04:00,12.9,5.69,1,0.0375,0.08,19.963,0
2024-04-11 04:30,12.65,5.47,1,0.0375,0.08,19.91,0
2024-04-11 05:00,12.4,5.25,1,1.2875,0.08,19.938,0
2024-04-11 05:30,12.4,5.08,1,0.0375,0.08,19.883,0
2024-04-11 06:00,12.4,4.92,1,0.0375,0.08,19.828,0
2024-04-11 06:30,12.75,5.1,1,0.0375,0.08,19.776,0
2024-04-11 07:00,13.1,5.28,1,1.2125,3.333903,20.0,1
2024-04-11 07:30,13.55,5.31,1,1.3375,0.08,20.04,0
2024-04-11 08:00,14.0,5.33,1,1.3375,0.08,20.083,0
2024-04-11 08:30,14.25,5.38,0,0.0375,0.08,20.041,0
2024-04-11 09:00,14.5,5.42,0,0.0375,0.08,20.001,0
2024-04-11 09:30,15.05,4.97,0,0.0375,0.08,19.966,0
2024-04-11 10:00,15.6,4.53,0,0.0375,0.08,19.935,0
2024-04-11 10:30,16.3,5.08,0,0.0375,0.08,19.91,0
2024-04-11 11:00,17.0,5.64,0,0.0375,0.08,19.89,0
2024-04-11 11:30,17.2,5.32,0,0.0375,0.08,19.872,0
2024-04-11 12:00,17.4,5.0,0,0.0375,0.08,19.855,0
2024-04-11 12:30,17.9,4.9,0,0.0375,0.08,19.843,0
2024-04-11 13:00,18.4,4.81,0,0.0375,0.08,19.834,0
2024-04-11 13:30,18.65,5.14,0,0.0375,0.08,19.828,0
2024-04-11 14:00,18.9,5.47,0,0.0375,0.08,19.823,0
2024-04-11 14:30,18.55,5.64,0,0.0375,0.08,19.816,0
2024-04-11 15:00,18.2,5.81,0,0.0375,0.08,19.806,0
2024-04-11 15:30,17.95,5.39,0,0.0375,0.08,19.794,0
2024-04-11 16:00,17.7,4.97,0,0.0375,0.08,19.781,0
2024-04-11 16:30,17.25,4.4,0,0.0375,0.08,19.764,0
2024-04-11 17:00,16.8,3.83,0,0.0375,0.08,19.744,0
2024-04-11 17:30,16.2,3.53,1,1.1,3.606873,20.0,1
2024-04-11 18:00,15.6,3.22,1,0.975,0.08,20.031,0
2024-04-11 18:30,15.25,3.96,1,0.0375,0.123636,20.0,1
2024-04-11 19:00,14.9,4.69,1,0.0375,0.694023,20.0,1
2024-04-11 19:30,14.8,5.39,1,0.0375,0.706889,20.0,1
2024-04-11 20:00,14.7,6.08,1,1.920833,0.08,20.088,0
2024-04-11 20:30,14.75,6.11,1,0.870833,0.08,20.105,0
2024-04-11 21:00,14.8,6.14,1,0.870833,0.08,20.123,0
2024-04-11 21:30,14.7,5.89,1,0.2875,0.08,20.101,0
2024-04-11 22:00,14.6,5.64,1,0.0375,0.08,20.061,0
2024-04-11 22:30,14.45,5.85,1,0.2875,0.08,20.037,0
2024-04-11 23:00,14.3,6.06,1,0.0375,0.08,19.996,0
2024-04-11 23:30,14.05,6.08,1,0.0375,0.08,19.953,0
2024-04-12 00:00,13.8,6.11,1,0.0375,0.08,19.908,0
2024-04-12 00:30,14.0,6.06,1,0.0375,0.08,19.865,0
2024-04-12 01:00,14.2,6.0,1,0.0375,0.08,19.825,0
2024-04-12 01:30,13.5,5.25,1,0.0375,0.08,19.779,0
2024-04-12 02:00,12.8,4.5,1,0.0375,0.08,19.728,0
2024-04-12 02:30,12.25,3.74,1,0.0375,0.08,19.673,0
2024-04-12 03:00,11.7,2.97,1,0.0375,0.08,19.615,0
2024-04-12 03:30,11.75,2.96,1,0.0375,0.08,19.557,0
2024-04-12 04:00,11.8,2.94,1,0.0375,0.08,19.5,0
2024-04-12 04:30,11.55,3.29,1,0.0375,0.08,19.442,0
2024-04-12 05:00,11.3,3.64,1,1.2875,0.08,19.465,0
2024-04-12 05:30,11.15,3.58,1,1.2875,0.08,19.488,0
2024-04-12 06:00,11.0,3.53,1,0.0375,0.08,19.425,0
2024-04-12 06:30,11.4,3.75,1,0.0375,0.08,19.366,0
2024-04-12 07:00,11.8,3.97,1,0.0375,11.661078,20.0,1
2024-04-12 07:30,12.2,3.82,1,0.0375,1.041401,20.0,1
2024-04-12 08:00,12.6,3.67,1,1.0875,0.08,20.016,0
2024-04-12 08:30,12.75,4.11,0,0.0375,0.08,19.963,0
2024-04-12 09:00,12.9,4.56,0,0.0375,0.08,19.911,0
2024-04-12 09:30,13.35,4.85,0,0.0375,0.08,19.864,0
2024-04-12 10:00,13.8,5.14,0,0.0375,0.08,19.82,0
2024-04-12 10:30,14.35,5.32,0,0.0375,0.08,19.78,0
2024-04-12 11:00,14.9,5.5,0,0.0375,0.08,19.746,0
2024-04-12 11:30,15.25,5.42,0,0.0375,0.08,19.714,0
2024-04-12 12:00,15.6,5.33,0,0.0375,0.08,19.685,0
2024-04-12 12:30,16.0,5.28,0,0.0375,0.08,19.659,0
2024-04-12 13:00,16.4,5.22,0,0.0375,0.08,19.637,0
2024-04-12 13:30,16.5,5.13,0,0.0375,0.08,19.615,0
2024-04-12 14:00,16.6,5.03,0,0.0375,0.08,19.594,0
2024-04-12 14:30,16.6,4.99,0,0.0375,0.08,19.574,0
2024-04-12 15:00,16.6,4.94,0,0.0375,0.08,19.554,0
2024-04-12 15:30,16.65,4.74,0,0.0375,0.08,19.534,0
2024-04-12 16:00,16.7,4.53,0,0.0375,0.08,19.515,0
2024-04-12 16:30,16.55,4.12,0,0.0375,0.08,19.495,0
2024-04-12 17:00,16.4,3.72,0,0.0375,0.08,19.474,0
2024-04-12 17:30,16.0,3.75,1,0.1625,9.193765,20.0,1
2024-04-12 18:00,15.6,3.78,1,2.058333,0.08,20.104,0
2024-04-12 18:30,14.8,3.72,1,1.808333,0.08,20.184,0
2024-04-12 19:00,14.0,3.67,1,0.870833,0.08,20.195,0
2024-04-12 19:30,13.55,3.54,1,2.275,0.08,20.296,0
2024-04-12 20:00,13.1,3.42,1,2.275,0.08,20.393,0
2024-04-12 20:30,12.9,3.87,1,1.4125,0.08,20.43,0
2024-04-12 21:00,12.7,4.33,1,0.1625,0.08,20.382,0
2024-04-12 21:30,12.5,4.15,1,0.0375,0.08,20.324,0
2024-04-12 22:00,12.3,3.97,1,0.1625,0.08,20.274,0
2024-04-12 22:30,12.1,3.76,1,1.0875,0.08,20.284,0
2024-04-12 23:00,11.9,3.56,1,0.0375,0.08,20.222,0
2024-04-12 23:30,11.9,3.47,1,0.0375,0.08,20.161,0
2024-04-13 00:00,11.9,3.39,1,0.0375,0.08,20.1,0
2024-04-13 00:30,11.6,2.79,1,0.0375,0.08,20.038,0
2024-04-13 01:00,11.3,2.19,1,0.0375,0.08,19.973,0
2024-04-13 01:30,11.35,2.31,1,0.0375,0.08,19.91,0
2024-04-13 02:00,11.4,2.42,1,0.0375,0.08,19.847,0
2024-04-13 02:30,11.45,2.44,1,0.0375,0.08,19.785,0
2024-04-13 03:00,11.5,2.47,1,0.0375,0.08,19.724,0
2024-04-13 03:30,11.55,2.5,1,0.0375,0.08,19.664,0
2024-04-13 04:00,11.6,2.53,1,0.0375,0.08,19.605,0
2024-04-13 04:30,11.55,2.57,1,0.0375,0.08,19.546,0
2024-04-13 05:00,11.5,2.61,1,0.0375,0.08,19.487,0
2024-04-13 05:30,11.65,2.74,1,0.0375,0.08,19.429,0
2024-04-13 06:00,11.8,2.86,1,1.2875,0.08,19.457,0
2024-04-13 06:30,11.95,3.1,1,0.0375,0.08,19.402,0
2024-04-13 07:00,12.1,3.33,1,0.0375,11.025897,20.0,1
2024-04-13 07:30,12.4,3.96,1,0.0375,1.015669,20.0,1
2024-04-13 08:00,12.7,4.58,1,1.2875,0.08,20.03,0
2024-04-13 08:30,13.05,5.1,1,0.975,0.08,20.042,0
2024-04-13 09:00,13.4,5.61,1,0.975,0.08,20.056,0
2024-04-13 09:30,13.5,5.58,1,0.1625,0.08,20.017,0
2024-04-13 10:00,13.6,5.56,1,0.0375,0.08,19.97,0
2024-04-13 10:30,13.65,5.64,1,0.0375,0.08,19.924,0
2024-04-13 11:00,13.7,5.72,1,0.0375,0.08,19.879,0
2024-04-13 11:30,14.2,6.82,1,0.0375,0.08,19.838,0
2024-04-13 12:00,14.7,7.92,1,0.0375,0.08,19.802,0
2024-04-13 12:30,14.3,7.46,1,0.0375,0.08,19.762,0
2024-04-13 13:00,13.9,7.0,1,0.0375,0.08,19.72,0
2024-04-13 13:30,14.55,7.92,1,0.1625,0.08,19.691,0
2024-04-13 14:00,15.2,8.83,1,1.0875,0.08,19.729,0
2024-04-13 14:30,15.0,8.74,1,0.0375,0.08,19.696,0
2024-04-13 15:00,14.8,8.64,1,0.1625,0.08,19.669,0
2024-04-13 15:30,14.75,8.82,1,0.0375,0.08,19.634,0
2024-04-13 16:00,14.7,9.0,1,0.0375,0.08,19.598,0
2024-04-13 16:30,13.9,9.07,1,0.0375,0.08,19.557,0
2024-04-13 17:00,13.1,9.14,1,0.0375,0.08,19.51,0
2024-04-13 17:30,12.35,8.62,1,1.3375,7.727017,20.0,1
2024-04-13 18:00,11.6,8.11,1,0.0375,1.118596,20.0,1
2024-04-13 18:30,11.2,8.29,1,0.0375,1.170059,20.0,1
2024-04-13 19:00,10.8,8.47,1,0.0375,1.221523,20.0,1
2024-04-13 19:30,10.2,8.06,1,0.0375,1.298718,20.0,1
2024-04-13 20:00,9.6,7.64,1,0.0375,1.375913,20.0,1
2024-04-13 20:30,9.25,7.29,1,0.0375,1.420943,20.0,1
2024-04-13 21:00,8.9,6.94,1,0.1625,1.325524,20.0,1
2024-04-13 21:30,8.65,6.62,1,0.0375,1.498138,20.0,1
2024-04-13 22:00,8.4,6.31,1,1.2875,0.125808,20.0,1
2024-04-13 22:30,8.2,6.06,1,0.870833,0.619705,20.0,1
2024-04-13 23:00,8.0,5.81,1,0.870833,0.08,19.966,0
2024-04-13 23:30,7.8,5.11,1,0.870833,0.08,19.931,0
2024-04-14 00:00,7.6,4.42,1,0.0375,0.08,19.84,0
2024-04-14 00:30,7.45,3.76,1,0.0375,0.08,19.747,0
2024-04-14 01:00,7.3,3.11,1,0.0375,0.08,19.654,0
2024-04-14 01:30,6.9,2.79,1,0.0375,0.08,19.559,0
2024-04-14 02:00,6.5,2.47,1,0.0375,0.08,19.462,0
2024-04-14 02:30,6.55,2.76,1,0.0375,0.08,19.366,0
2024-04-14 03:00,6.6,3.06,1,0.0375,0.08,19.27,0
2024-04-14 03:30,6.5,3.31,1,0.0375,0.08,19.175,0
2024-04-14 04:00,6.4,3.56,1,0.0375,0.08,19.08,0
2024-04-14 04:30,6.3,3.5,1,0.0375,0.08,18.985,0
2024-04-14 05:00,6.2,3.44,1,1.2875,0.08,18.973,0
2024-04-14 05:30,6.35,3.57,1,0.0375,0.08,18.879,0
2024-04-14 06:00,6.5,3.69,1,0.0375,0.08,18.786,0
2024-04-14 06:30,7.2,4.04,1,0.0375,0.08,18.7,0
2024-04-14 07:00,7.9,4.39,1,0.0375,12.08,19.334,1
2024-04-14 07:30,8.5,4.94,1,0.0375,12.08,19.967,1
2024-04-14 08:00,9.1,5.5,1,0.0375,1.982964,20.0,1
2024-04-14 08:30,9.65,5.46,1,0.1625,0.08,19.932,0
2024-04-14 09:00,10.2,5.42,1,0.0375,0.08,19.86,0
2024-04-14 09:30,10.6,5.44,1,0.1625,0.08,19.8,0
2024-04-14 10:00,11.0,5.47,1,0.0375,0.08,19.735,0
2024-04-14 10:30,11.0,5.54,1,0.0375,0.08,19.67,0
2024-04-14 11:00,11.0,5.61,1,0.0375,0.08,19.607,0
2024-04-14 11:30,11.15,5.68,1,0.0375,0.08,19.544,0
2024-04-14 12:00,11.3,5.75,1,1.4125,0.08,19.576,0
2024-04-14 12:30,11.55,5.85,1,0.0375,0.08,19.517,0
2024-04-14 13:00,11.8,5.94,1,0.0375,0.08,19.46,0
2024-04-14 13:30,11.95,6.01,1,1.2875,0.08,19.489,0
2024-04-14 14:00,12.1,6.08,1,1.1,0.08,19.506,0
2024-04-14 14:30,11.95,6.11,1,0.975,0.08,19.513,0
2024-04-14 15:00,11.8,6.14,1,1.0875,0.08,19.527,0
2024-04-14 15:30,11.55,6.25,1,1.920833,0.08,19.594,0
2024-04-14 16:00,11.3,6.36,1,0.870833,0.08,19.589,0
2024-04-14 16:30,10.95,6.15,1,0.870833,0.08,19.581,0
2024-04-14 17:00,10.6,5.94,1,0.0375,0.08,19.515,0
2024-04-14 17:30,10.25,5.24,1,0.2875,9.106713,20.0,1
2024-04-14 18:00,9.9,4.53,1,0.0375,1.337315,20.0,1
2024-04-14 18:30,9.45,4.64,1,0.0375,1.395211,20.0,1
2024-04-14 19:00,9.0,4.75,1,0.0375,1.453108,20.0,1
2024-04-14 19:30,8.45,4.78,1,0.0375,1.52387,20.0,1
2024-04-14 20:00,7.9,4.81,1,0.0375,1.594632,20.0,1
2024-04-14 20:30,8.15,5.07,1,0.0375,1.562467,20.0,1
2024-04-14 21:00,8.4,5.33,1,0.0375,1.530303,20.0,1
2024-04-14 21:30,8.05,5.47,1,0.0375,1.575333,20.0,1
2024-04-14 22:00,7.7,5.61,1,0.0375,1.620364,20.0,1
2024-04-14 22:30,8.0,6.12,1,0.975,0.528395,20.0,1
2024-04-14 23:00,8.3,6.64,1,0.975,0.08,19.976,0
2024-04-14 23:30,8.45,6.89,1,0.0375,0.08,19.89,0
2024-04-15 00:00,8.6,7.14,1,0.0375,0.08,19.806,0
2024-04-15 00:30,8.6,7.36,1,0.0375,0.08,19.723,0
2024-04-15 01:00,8.6,7.58,1,0.0375,0.08,19.64,0
2024-04-15 01:30,8.45,7.18,1,0.0375,0.08,19.557,0
2024-04-15 02:00,8.3,6.78,1,1.2875,0.08,19.557,0
2024-04-15 02:30,8.45,6.93,1,0.0375,0.08,19.474,0
2024-04-15 03:00,8.6,7.08,1,0.0375,0.08,19.394,0
2024-04-15 03:30,8.4,7.19,1,0.0375,0.08,19.312,0
2024-04-15 04:00,8.2,7.31,1,0.0375,0.08,19.229,0
2024-04-15 04:30,7.9,7.71,1,0.0375,0.08,19.145,0
2024-04-15 05:00,7.6,8.11,1,0.0375,0.08,19.059,0
2024-04-15 05:30,7.25,9.07,1,0.0375,0.08,18.971,0
2024-04-15 06:00,6.9,10.03,1,0.0375,0.08,18.882,0
2024-04-15 06:30,6.6,9.24,1,0.0375,0.08,18.79,0
2024-04-15 07:00,6.3,8.44,1,1.0875,12.08,19.481,1
2024-04-15 07:30,6.2,8.81,1,0.0375,10.468877,20.0,1
2024-04-15 08:00,6.1,9.17,1,0.0375,1.826217,20.0,1
2024-04-15 08:30,6.25,9.65,0,0.0375,0.08,19.897,0
2024-04-15 09:00,6.4,10.14,0,0.0375,0.08,19.796,0
2024-04-15 09:30,6.8,9.96,0,0.0375,0.08,19.699,0
2024-04-15 10:00,7.2,9.78,0,0.0375,0.08,19.606,0
2024-04-15 10:30,7.7,10.69,0,0.0375,0.08,19.518,0
2024-04-15 11:00,8.2,11.61,0,0.0375,0.08,19.434,0
2024-04-15 11:30,8.45,11.69,0,0.0375,0.08,19.352,0
2024-04-15 12:00,8.7,11.78,0,0.0375,0.08,19.273,0
2024-04-15 12:30,8.55,11.74,0,0.0375,0.08,19.193,0
2024-04-15 13:00,8.4,11.69,0,0.0375,0.08,19.113,0
2024-04-15 13:30,8.65,11.75,0,0.0375,0.08,19.036,0
2024-04-15 14:00,8.9,11.81,0,0.0375,0.08,18.961,0
2024-04-15 14:30,8.8,11.76,0,0.0375,0.08,18.885,0
2024-04-15 15:00,8.7,11.72,0,0.0375,0.08,18.81,0
2024-04-15 15:30,8.4,11.69,0,0.0375,0.08,18.733,0
2024-04-15 16:00,8.1,11.67,0,0.0375,0.08,18.654,0
2024-04-15 16:30,8.1,11.5,0,0.0375,0.08,18.576,0
2024-04-15 17:00,8.1,11.33,0,0.0375,0.08,18.498,0
2024-04-15 17:30,7.85,11.12,1,2.4625,12.08,19.295,1
2024-04-15 18:00,7.6,10.92,1,2.275,10.879705,20.0,1
2024-04-15 18:30,7.05,10.96,1,2.4,0.08,20.061,0
2024-04-15 19:00,6.5,11.0,1,0.0375,0.752139,20.0,1
2024-04-15 19:30,6.25,10.19,1,0.1625,1.666469,20.0,1
2024-04-15 20:00,6.0,9.39,1,0.1625,1.698634,20.0,1
2024-04-15 20:30,6.1,8.94,1,2.225,0.08,20.042,0
2024-04-15 21:00,6.2,8.5,1,0.975,0.08,20.002,0
2024-04-15 21:30,5.95,8.5,1,0.0375,1.819496,20.0,1
2024-04-15 22:00,5.7,8.5,1,0.0375,1.877681,20.0,1
2024-04-15 22:30,5.7,8.01,1,0.2875,1.596782,20.0,1
2024-04-15 23:00,5.7,7.53,1,0.0375,0.08,19.893,0
2024-04-15 23:30,5.8,7.53,1,0.0375,0.08,19.788,0
2024-04-16 00:00,5.9,7.53,1,0.0375,0.08,19.684,0
2024-04-16 00:30,6.4,7.67,1,0.0375,0.08,19.585,0
2024-04-16 01:00,6.9,7.81,1,0.0375,0.08,19.49,0
2024-04-16 01:30,6.85,7.57,1,0.0375,0.08,19.396,0
2024-04-16 02:00,6.8,7.33,1,1.2875,0.08,19.386,0
2024-04-16 02:30,6.8,7.04,1,0.0375,0.08,19.292,0
2024-04-16 03:00,6.8,6.75,1,0.0375,0.08,19.199,0
2024-04-16 03:30,6.7,6.62,1,0.0375,0.08,19.105,0
2024-04-16 04:00,6.6,6.5,1,1.2875,0.08,19.096,0
2024-04-16 04:30,6.6,6.35,1,0.0375,0.08,19.003,0
2024-04-16 05:00,6.6,6.19,1,0.0375,0.08,18.91,0
2024-04-16 05:30,6.75,6.1,1,0.0375,0.08,18.82,0
2024-04-16 06:00,6.9,6.0,1,0.0375,0.08,18.731,0
2024-04-16 06:30,7.4,6.58,1,1.2875,0.08,18.73,0
2024-04-16 07:00,7.9,7.17,1,1.225,12.08,19.443,1
2024-04-16 07:30,8.2,6.97,1,1.1,9.650312,20.0,1
2024-04-16 08:00,8.5,6.78,1,0.0375,1.517437,20.0,1
2024-04-16 08:30,9.1,7.15,0,0.0375,0.08,19.919,0
2024-04-16 09:00,9.7,7.53,0,0.0375,0.08,19.843,0
2024-04-16 09:30,9.95,7.42,0,0.0375,0.08,19.77,0
2024-04-16 10:00,10.2,7.31,0,0.0375,0.08,19.699,0
2024-04-16 10:30,10.45,7.43,0,0.0375,0.08,19.631,0
2024-04-16 11:00,10.7,7.56,0,0.0375,0.08,19.565,0
2024-04-16 11:30,10.7,7.78,0,0.0375,0.08,19.5,0
2024-04-16 12:00,10.7,8.0,0,0.0375,0.08,19.435,0
2024-04-16 12:30,10.75,7.42,0,0.0375,0.08,19.371,0
2024-04-16 13:00,10.8,6.83,0,0.0375,0.08,19.308,0
2024-04-16 13:30,10.6,6.47,0,0.0375,0.08,19.244,0
2024-04-16 14:00,10.4,6.11,0,0.0375,0.08,19.179,0
2024-04-16 14:30,10.5,5.92,0,0.0375,0.08,19.115,0
2024-04-16 15:00,10.6,5.72,0,0.0375,0.08,19.052,0
2024-04-16 15:30,10.7,5.42,0,0.0375,0.08,18.991,0
2024-04-16 16:00,10.8,5.11,0,0.0375,0.08,18.93,0
2024-04-16 16:30,10.4,4.42,0,0.0375,0.08,18.868,0
2024-04-16 17:00,10.0,3.72,0,0.0375,0.08,18.802,0
2024-04-16 17:30,9.6,2.26,1,0.0375,12.08,19.448,1
2024-04-16 18:00,9.2,0.81,1,1.1,9.436303,20.0,1
2024-04-16 18:30,8.3,1.53,1,0.975,0.489798,20.0,1
2024-04-16 19:00,7.4,2.25,1,0.0375,1.658961,20.0,1
2024-04-16 19:30,6.95,2.32,1,0.0375,1.716858,20.0,1
2024-04-16 20:00,6.5,2.39,1,1.3375,0.31408,20.0,1
2024-04-16 20:30,6.35,3.1,1,2.5125,0.08,20.063,0
2024-04-16 21:00,6.2,3.81,1,0.0375,0.754671,20.0,1
2024-04-16 21:30,6.05,4.32,1,0.1625,1.692201,20.0,1
2024-04-16 22:00,5.9,4.83,1,0.0375,1.851949,20.0,1
2024-04-16 22:30,5.6,4.75,1,1.0875,0.710771,20.0,1
2024-04-16 23:00,5.3,4.67,1,0.0375,0.08,19.89,0
2024-04-16 23:30,5.2,4.74,1,0.0375,0.08,19.78,0
2024-04-17 00:00,5.1,4.81,1,0.0375,0.08,19.67,0
2024-04-17 00:30,4.9,4.92,1,0.0375,0.08,19.56,0
2024-04-17 01:00,4.7,5.03,1,0.0375,0.08,19.448,0
2024-04-17 01:30,4.45,5.0,1,0.0375,0.08,19.336,0
2024-04-17 02:00,4.2,4.97,1,0.0375,0.08,19.223,0
2024-04-17 02:30,4.1,4.81,1,0.0375,0.08,19.11,0
2024-04-17 03:00,4.0,4.64,1,0.0375,0.08,18.996,0
2024-04-17 03:30,3.7,4.44,1,0.0375,0.08,18.882,0
2024-04-17 04:00,3.4,4.25,1,0.0375,0.08,18.766,0
2024-04-17 04:30,3.2,4.29,1,0.0375,0.08,18.649,0
2024-04-17 05:00,3.0,4.33,1,0.0375,0.08,18.532,0
2024-04-17 05:30,3.2,4.51,1,0.0375,0.08,18.417,0
2024-04-17 06:00,3.4,4.69,1,1.2875,0.08,18.388,0
2024-04-17 06:30,4.1,4.79,1,0.0375,0.08,18.281,0
2024-04-17 07:00,4.8,4.89,1,0.2875,12.08,18.911,1
2024-04-17 07:30,5.45,5.19,1,1.0875,12.08,19.595,1
2024-04-17 08:00,6.1,5.5,1,0.1625,8.444155,20.0,1
2024-04-17 08:30,6.85,5.65,0,0.0375,0.08,19.902,0
2024-04-17 09:00,7.6,5.81,0,0.0375,0.08,19.81,0
2024-04-17 09:30,8.1,6.28,0,0.0375,0.08,19.723,0
2024-04-17 10:00,8.6,6.75,0,0.0375,0.08,19.64,0
2024-04-17 10:30,8.9,7.01,0,0.0375,0.08,19.561,0
2024-04-17 11:00,9.2,7.28,0,0.0375,0.08,19.484,0
2024-04-17 11:30,9.6,7.25,0,0.0375,0.08,19.411,0
2024-04-17 12:00,10.0,7.22,0,0.0375,0.08,19.341,0
2024-04-17 12:30,9.8,6.96,0,0.0375,0.08,19.271,0
2024-04-17 13:00,9.6,6.69,0,0.0375,0.08,19.199,0
2024-04-17 13:30,9.7,6.71,0,0.0375,0.08,19.129,0
2024-04-17 14:00,9.8,6.72,0,0.0375,0.08,19.06,0
2024-04-17 14:30,9.45,7.19,0,0.0375,0.08,18.989,0
2024-04-17 15:00,9.1,7.67,0,0.0375,0.08,18.916,0
2024-04-17 15:30,8.8,6.96,0,0.0375,0.08,18.841,0
2024-04-17 16:00,8.5,6.25,0,0.0375,0.08,18.764,0
2024-04-17 16:30,8.25,6.61,0,0.0375,0.08,18.686,0
2024-04-17 17:00,8.0,6.97,0,0.0375,0.08,18.607,0
2024-04-17 17:30,7.7,6.46,1,0.1625,12.08,19.248,1
2024-04-17 18:00,7.4,5.94,1,0.0375,12.08,19.874,1
2024-04-17 18:30,6.8,5.75,1,1.2875,2.4321,20.0,1
2024-04-17 19:00,6.2,5.56,1,0.0375,1.813351,20.0,1
2024-04-17 19:30,5.75,5.25,1,1.1,0.677427,20.0,1
2024-04-17 20:00,5.3,4.94,1,2.025,0.08,20.023,0
2024-04-17 20:30,4.95,4.69,1,1.2875,0.188617,20.0,1
2024-04-17 21:00,4.6,4.44,1,0.0375,2.019205,20.0,1
2024-04-17 21:30,4.4,4.0,1,0.1625,1.904487,20.0,1
2024-04-17 22:00,4.2,3.56,1,0.0375,2.070668,20.0,1
2024-04-17 22:30,3.75,3.15,1,0.0375,2.128564,20.0,1
2024-04-17 23:00,3.3,2.75,1,0.0375,0.08,19.875,0
2024-04-17 23:30,3.1,2.72,1,0.0375,0.08,19.749,0
2024-04-18 00:00,2.9,2.69,1,0.0375,0.08,19.622,0
2024-04-18 00:30,2.7,2.51,1,0.0375,0.08,19.495,0
2024-04-18 01:00,2.5,2.33,1,0.0375,0.08,19.368,0
2024-04-18 01:30,2.25,2.38,1,1.2875,0.08,19.323,0
2024-04-18 02:00,2.0,2.42,1,0.0375,0.08,19.193,0
2024-04-18 02:30,1.8,2.51,1,0.0375,0.08,19.062,0
2024-04-18 03:00,1.6,2.61,1,0.0375,0.08,18.931,0
2024-04-18 03:30,1.35,2.33,1,0.0375,0.08,18.799,0
2024-04-18 04:00,1.1,2.06,1,0.0375,0.08,18.666,0
2024-04-18 04:30,1.05,2.08,1,0.0375,0.08,18.534,0
2024-04-18 05:00,1.0,2.11,1,0.0375,0.08,18.402,0
2024-04-18 05:30,1.75,2.36,1,0.0375,0.08,18.277,0
2024-04-18 06:00,2.5,2.61,1,0.0375,0.08,18.159,0
2024-04-18 06:30,3.7,2.64,1,0.0375,0.08,18.051,0
2024-04-18 07:00,4.9,2.67,1,1.2875,12.08,18.75,1
2024-04-18 07:30,5.95,3.14,1,1.0875,12.08,19.438,1
2024-04-18 08:00,7.0,3.61,1,1.0875,9.897481,20.0,1
2024-04-18 08:30,7.8,3.75,0,0.0375,0.08,19.909,0
2024-04-18 09:00,8.6,3.89,0,0.0375,0.08,19.825,0
2024-04-18 09:30,9.3,4.0,0,0.0375,0.08,19.747,0
2024-04-18 10:00,10.0,4.11,0,0.0375,0.08,19.675,0
2024-04-18 10:30,10.3,4.69,0,0.0375,0.08,19.606,0
2024-04-18 11:00,10.6,5.28,0,0.0375,0.08,19.539,0
2024-04-18 11:30,10.25,6.07,0,0.0375,0.08,19.471,0
2024-04-18 12:00,9.9,6.86,0,0.0375,0.08,19.4,0
2024-04-18 12:30,9.55,7.08,0,0.0375,0.08,19.327,0
2024-04-18 13:00,9.2,7.31,0,0.0375,0.08,19.252,0
2024-04-18 13:30,9.15,6.43,0,0.0375,0.08,19.177,0
2024-04-18 14:00,9.1,5.56,0,0.0375,0.08,19.103,0
2024-04-18 14:30,9.0,5.76,0,0.0375,0.08,19.028,0
2024-04-18 15:00,8.9,5.97,0,0.0375,0.08,18.953,0
2024-04-18 15:30,8.5,6.15,0,0.0375,0.08,18.875,0
2024-04-18 16:00,8.1,6.33,0,0.0375,0.08,18.795,0
2024-04-18 16:30,8.05,6.58,0,0.0375,0.08,18.716,0
2024-04-18 17:00,8.0,6.83,0,0.0375,0.08,18.636,0
2024-04-18 17:30,8.25,7.08,1,0.0375,12.08,19.273,1
2024-04-18 18:00,8.5,7.33,1,0.0375,12.08,19.907,1
2024-04-18 18:30,8.65,8.53,1,0.0375,3.051354,20.0,1
2024-04-18 19:00,8.8,9.72,1,0.0375,1.478839,20.0,1
2024-04-18 19:30,9.0,9.47,1,1.225,0.118838,20.0,1
2024-04-18 20:00,9.2,9.22,1,1.225,0.093106,20.0,1
2024-04-18 20:30,9.35,8.92,1,0.0375,1.408077,20.0,1
2024-04-18 21:00,9.5,8.61,1,0.0375,1.388779,20.0,1
2024-04-18 21:30,9.55,8.4,1,0.1625,1.241896,20.0,1
2024-04-18 22:00,9.6,8.19,1,0.1625,1.235463,20.0,1
2024-04-18 22:30,9.65,7.89,1,0.0375,1.36948,20.0,1
2024-04-18 23:00,9.7,7.58,1,1.2875,0.08,20.007,0
2024-04-18 23:30,9.7,7.51,1,0.0375,0.08,19.931,0
2024-04-19 00:00,9.7,7.44,1,0.0375,0.08,19.855,0
2024-04-19 00:30,9.65,7.82,1,0.0375,0.08,19.779,0
2024-04-19 01:00,9.6,8.19,1,0.0375,0.08,19.704,0
2024-04-19 01:30,9.45,8.4,1,0.0375,0.08,19.628,0
2024-04-19 02:00,9.3,8.61,1,0.0375,0.08,19.552,0
2024-04-19 02:30,9.1,8.43,1,0.0375,0.08,19.474,0
2024-04-19 03:00,8.9,8.25,1,0.0375,0.08,19.396,0
2024-04-19 03:30,8.95,8.1,1,0.0375,0.08,19.318,0
2024-04-19 04:00,9.0,7.94,1,0.0375,0.08,19.242,0
2024-04-19 04:30,8.95,7.89,1,1.2875,0.08,19.249,0
2024-04-19 05:00,8.9,7.83,1,0.0375,0.08,19.172,0
2024-04-19 05:30,9.0,7.9,1,0.0375,0.08,19.097,0
2024-04-19 06:00,9.1,7.97,1,0.0375,0.08,19.023,0
2024-04-19 06:30,9.1,7.86,1,0.0375,0.08,18.949,0
2024-04-19 07:00,9.1,7.75,1,2.245833,12.08,19.738,1
2024-04-19 07:30,9.2,7.49,1,1.808333,3.806622,20.0,1
2024-04-19 08:00,9.3,7.22,1,2.858333,0.08,20.109,0
2024-04-19 08:30,10.05,7.33,0,0.0375,0.08,20.035,0
2024-04-19 09:00,10.8,7.44,0,0.0375,0.08,19.967,0
2024-04-19 09:30,10.2,7.08,0,0.0375,0.08,19.894,0
2024-04-19 10:00,9.6,6.72,0,0.0375,0.08,19.818,0
2024-04-19 10:30,10.5,6.36,0,0.0375,0.08,19.749,0
2024-04-19 11:00,11.4,6.0,0,0.0375,0.08,19.688,0
2024-04-19 11:30,10.65,5.86,0,0.0375,0.08,19.621,0
2024-04-19 12:00,9.9,5.72,0,0.0375,0.08,19.549,0
2024-04-19 12:30,10.2,5.62,0,0.0375,0.08,19.48,0
2024-04-19 13:00,10.5,5.53,0,0.0375,0.08,19.414,0
2024-04-19 13:30,10.6,5.71,0,0.0375,0.08,19.349,0
2024-04-19 14:00,10.7,5.89,0,0.0375,0.08,19.285,0
2024-04-19 14:30,10.75,5.51,0,0.0375,0.08,19.222,0
2024-04-19 15:00,10.8,5.14,0,0.0375,0.08,19.16,0
2024-04-19 15:30,10.9,5.28,0,0.0375,0.08,19.1,0
2024-04-19 16:00,11.0,5.42,0,0.0375,0.08,19.04,0
2024-04-19 16:30,10.55,5.56,0,0.0375,0.08,18.978,0
2024-04-19 17:00,10.1,5.69,0,0.0375,0.08,18.912,0
2024-04-19 17:30,9.1,5.39,1,0.1625,12.08,19.562,1
2024-04-19 18:00,8.1,5.08,1,0.0375,8.874952,20.0,1
2024-04-19 18:30,7.55,4.4,1,0.1625,1.499213,20.0,1
2024-04-19 19:00,7.0,3.72,1,0.0375,1.710425,20.0,1
2024-04-19 19:30,6.35,3.83,1,0.0375,1.794053,20.0,1
2024-04-19 20:00,5.7,3.94,1,0.0375,1.877681,20.0,1
2024-04-19 20:30,5.15,3.89,1,1.4125,0.403499,20.0,1
2024-04-19 21:00,4.6,3.83,1,0.1625,1.878755,20.0,1
2024-04-19 21:30,4.25,3.57,1,0.1625,1.923786,20.0,1
2024-04-19 22:00,3.9,3.31,1,0.0375,2.109266,20.0,1
2024-04-19 22:30,3.55,3.08,1,1.0875,0.974521,20.0,1
2024-04-19 23:00,3.2,2.86,1,0.0375,0.08,19.874,0
2024-04-19 23:30,2.95,2.92,1,0.0375,0.08,19.747,0
2024-04-20 00:00,2.7,2.97,1,0.0375,0.08,19.619,0
2024-04-20 00:30,2.65,3.22,1,0.0375,0.08,19.492,0
2024-04-20 01:00,2.6,3.47,1,0.0375,0.08,19.365,0
2024-04-20 01:30,2.5,3.5,1,0.0375,0.08,19.238,0
2024-04-20 02:00,2.4,3.53,1,0.0375,0.08,19.112,0
2024-04-20 02:30,2.35,3.5,1,0.0375,0.08,18.986,0
2024-04-20 03:00,2.3,3.47,1,0.0375,0.08,18.861,0
2024-04-20 03:30,2.15,3.43,1,0.0375,0.08,18.735,0
2024-04-20 04:00,2.0,3.39,1,0.0375,0.08,18.61,0
2024-04-20 04:30,2.0,3.46,1,0.0375,0.08,18.485,0
2024-04-20 05:00,2.0,3.53,1,0.0375,0.08,18.362,0
2024-04-20 05:30,2.45,3.75,1,0.0375,0.08,18.242,0
2024-04-20 06:00,2.9,3.97,1,0.0375,0.08,18.127,0
2024-04-20 06:30,4.0,4.03,1,0.0375,0.08,18.022,0
2024-04-20 07:00,5.1,4.08,1,0.0375,12.08,18.639,1
2024-04-20 07:30,5.8,4.31,1,0.0375,12.08,19.257,1
2024-04-20 08:00,6.5,4.53,1,0.0375,12.08,19.876,1
2024-04-20 08:30,7.05,4.64,1,0.0375,0.08,19.78,0
2024-04-20 09:00,7.6,4.75,1,0.0375,0.08,19.69,0
2024-04-20 09:30,8.2,5.44,1,0.1625,0.08,19.613,0
2024-04-20 10:00,8.8,6.14,1,0.0375,0.08,19.532,0
2024-04-20 10:30,8.85,5.89,1,1.0875,0.08,19.523,0
2024-04-20 11:00,8.9,5.64,1,1.2875,0.08,19.528,0
2024-04-20 11:30,9.2,5.42,1,0.0375,0.08,19.451,0
2024-04-20 12:00,9.5,5.19,1,0.0375,0.08,19.378,0
2024-04-20 12:30,9.6,4.71,1,0.0375,0.08,19.305,0
2024-04-20 13:00,9.7,4.22,1,0.975,0.08,19.297,0
2024-04-20 13:30,9.9,3.72,1,0.975,0.08,19.29,0
2024-04-20 14:00,10.1,3.22,1,0.0375,0.08,19.223,0
2024-04-20 14:30,10.3,3.0,1,0.0375,0.08,19.157,0
2024-04-20 15:00,10.5,2.78,1,0.0375,0.08,19.093,0
2024-04-20 15:30,10.35,2.79,1,0.0375,0.08,19.029,0
2024-04-20 16:00,10.2,2.81,1,0.0375,0.08,18.964,0
2024-04-20 16:30,10.05,2.15,1,0.1625,0.08,18.906,0
2024-04-20 17:00,9.9,1.5,1,0.1625,0.08,18.848,0
2024-04-20 17:30,9.7,1.6,1,0.0375,12.08,19.494,1
2024-04-20 18:00,9.5,1.69,1,0.0375,9.820909,20.0,1
2024-04-20 18:30,8.95,2.29,1,0.1625,1.319091,20.0,1
2024-04-20 19:00,8.4,2.89,1,1.2125,0.210078,20.0,1
2024-04-20 19:30,7.95,2.65,1,0.0375,1.588199,20.0,1
2024-04-20 20:00,7.5,2.42,1,2.5375,0.08,20.074,0
2024-04-20 20:30,7.3,2.44,1,0.975,0.08,20.041,0
2024-04-20 21:00,7.1,2.47,1,1.1,0.08,20.016,0
2024-04-20 21:30,6.9,2.14,1,0.0375,1.459459,20.0,1
2024-04-20 22:00,6.7,1.81,1,0.0375,1.749022,20.0,1
2024-04-20 22:30,6.55,1.58,1,0.870833,0.831991,20.0,1
2024-04-20 23:00,6.4,1.36,1,0.870833,0.08,19.954,0
2024-04-20 23:30,6.3,1.9,1,0.870833,0.08,19.908,0
2024-04-21 00:00,6.2,2.44,1,0.0375,0.08,19.805,0
2024-04-21 00:30,5.75,2.38,1,0.0375,0.08,19.7,0
2024-04-21 01:00,5.3,2.31,1,1.2875,0.08,19.676,0
2024-04-21 01:30,5.2,2.51,1,0.0375,0.08,19.568,0
2024-04-21 02:00,5.1,2.72,1,0.0375,0.08,19.46,0
2024-04-21 02:30,5.1,2.76,1,0.0375,0.08,19.352,0
2024-04-21 03:00,5.1,2.81,1,0.0375,0.08,19.246,0
2024-04-21 03:30,4.9,2.75,1,1.2875,0.08,19.222,0
2024-04-21 04:00,4.7,2.69,1,0.0375,0.08,19.113,0
2024-04-21 04:30,4.4,2.5,1,0.0375,0.08,19.003,0
2024-04-21 05:00,4.1,2.31,1,0.0375,0.08,18.892,0
2024-04-21 05:30,4.45,2.61,1,0.0375,0.08,18.784,0
2024-04-21 06:00,4.8,2.92,1,0.0375,0.08,18.679,0
2024-04-21 06:30,5.25,3.03,1,0.0375,0.08,18.579,0
2024-04-21 07:00,5.7,3.14,1,0.0375,12.08,19.197,1
2024-04-21 07:30,6.15,3.46,1,0.0375,12.08,19.813,1
2024-04-21 08:00,6.6,3.78,1,0.1625,4.7384,20.0,1
2024-04-21 08:30,6.7,4.15,1,0.1625,0.08,19.909,0
2024-04-21 09:00,6.8,4.53,1,0.0375,0.08,19.811,0
2024-04-21 09:30,7.1,4.39,1,0.0375,0.08,19.716,0
2024-04-21 10:00,7.4,4.25,1,1.225,0.08,19.704,0
2024-04-21 10:30,8.15,4.39,1,3.275,0.08,19.835,0
2024-04-21 11:00,8.9,4.53,1,0.1625,0.08,19.762,0
2024-04-21 11:30,9.25,4.54,1,0.0375,0.08,19.684,0
2024-04-21 12:00,9.6,4.56,1,0.975,0.08,19.672,0
2024-04-21 12:30,9.65,4.12,1,0.975,0.08,19.66,0
2024-04-21 13:00,9.7,3.69,1,0.1625,0.08,19.595,0
2024-04-21 13:30,10.05,3.71,1,0.0375,0.08,19.524,0
2024-04-21 14:00,10.4,3.72,1,0.0375,0.08,19.457,0
2024-04-21 14:30,10.45,3.81,1,0.0375,0.08,19.391,0
2024-04-21 15:00,10.5,3.89,1,0.0375,0.08,19.325,0
2024-04-21 15:30,10.45,3.93,1,0.0375,0.08,19.26,0
2024-04-21 16:00,10.4,3.97,1,0.0375,0.08,19.194,0
2024-04-21 16:30,10.1,3.79,1,0.870833,0.08,19.183,0
2024-04-21 17:00,9.8,3.61,1,0.870833,0.08,19.169,0
2024-04-21 17:30,9.35,3.11,1,0.870833,12.08,19.866,1
2024-04-21 18:00,8.9,2.61,1,0.0375,3.69781,20.0,1
2024-04-21 18:30,8.3,2.14,1,0.0375,1.543169,20.0,1
2024-04-21 19:00,7.7,1.67,1,0.0375,1.620364,20.0,1
2024-04-21 19:30,7.4,1.76,1,0.0375,1.658961,20.0,1
2024-04-21 20:00,7.1,1.86,1,1.0875,0.517783,20.0,1
2024-04-21 20:30,7.0,2.0,1,0.0375,1.710425,20.0,1
2024-04-21 21:00,6.9,2.14,1,0.0375,1.72329,20.0,1
2024-04-21 21:30,6.65,1.9,1,0.0375,1.755455,20.0,1
2024-04-21 22:00,6.4,1.67,1,0.0375,1.78762,20.0,1
2024-04-21 22:30,6.25,1.29,1,0.0375,1.806918,20.0,1
2024-04-21 23:00,6.1,0.92,1,0.0375,0.08,19.896,0
2024-04-21 23:30,6.0,0.64,1,0.0375,0.08,19.792,0
2024-04-22 00:00,5.9,0.36,1,0.0375,0.08,19.688,0
2024-04-22 00:30,5.8,0.36,1,0.0375,0.08,19.585,0
2024-04-22 01:00,5.7,0.36,1,0.0375,0.08,19.481,0
2024-04-22 01:30,5.7,0.61,1,0.0375,0.08,19.378,0
2024-04-22 02:00,5.7,0.86,1,0.0375,0.08,19.276,0
2024-04-22 02:30,5.65,0.99,1,0.0375,0.08,19.174,0
2024-04-22 03:00,5.6,1.11,1,1.2875,0.08,19.156,0
2024-04-22 03:30,5.65,0.65,1,0.0375,0.08,19.055,0
2024-04-22 04:00,5.7,0.19,1,0.0375,0.08,18.955,0
2024-04-22 04:30,5.65,0.62,1,0.0375,0.08,18.856,0
2024-04-22 05:00,5.6,1.06,1,0.0375,0.08,18.757,0
2024-04-22 05:30,5.55,1.61,1,0.0375,0.08,18.659,0
2024-04-22 06:00,5.5,2.17,1,0.0375,0.08,18.56,0
2024-04-22 06:30,5.55,2.5,1,0.0375,0.08,18.463,0
2024-04-22 07:00,5.6,2.83,1,0.1625,12.08,19.09,1
2024-04-22 07:30,5.55,3.0,1,0.1625,12.08,19.711,1
2024-04-22 08:00,5.5,3.17,1,0.0375,6.727804,20.0,1
2024-04-22 08:30,5.55,3.29,0,0.0375,0.08,19.892,0
2024-04-22 09:00,5.6,3.42,0,0.0375,0.08,19.785,0
2024-04-22 09:30,5.7,3.47,0,0.0375,0.08,19.68,0
2024-04-22 10:00,5.8,3.53,0,0.0375,0.08,19.576,0
2024-04-22 10:30,6.05,3.54,0,0.0375,0.08,19.475,0
2024-04-22 11:00,6.3,3.56,0,0.0375,0.08,19.377,0
2024-04-22 11:30,6.35,3.26,0,0.0375,0.08,19.279,0
2024-04-22 12:00,6.4,2.97,0,0.0375,0.08,19.183,0
2024-04-22 12:30,6.8,2.51,0,0.0375,0.08,19.091,0
2024-04-22 13:00,7.2,2.06,0,0.0375,0.08,19.003,0
2024-04-22 13:30,7.3,1.61,0,0.0375,0.08,18.915,0
2024-04-22 14:00,7.4,1.17,0,0.0375,0.08,18.83,0
2024-04-22 14:30,7.45,1.06,0,0.0375,0.08,18.745,0
2024-04-22 15:00,7.5,0.94,0,0.0375,0.08,18.662,0
2024-04-22 15:30,7.65,0.72,0,0.0375,0.08,18.58,0
2024-04-22 16:00,7.8,0.5,0,0.0375,0.08,18.5,0
2024-04-22 16:30,7.9,0.57,0,0.0375,0.08,18.421,0
2024-04-22 17:00,8.0,0.64,0,0.0375,0.08,18.344,0
2024-04-22 17:30,8.0,0.81,1,0.0375,12.08,18.981,1
2024-04-22 18:00,8.0,0.97,1,0.0375,12.08,19.614,1
2024-04-22 18:30,7.85,0.83,1,0.1625,7.905461,20.0,1
2024-04-22 19:00,7.7,0.69,1,0.1625,1.479914,20.0,1
2024-04-22 19:30,7.6,1.06,1,2.3375,0.08,20.061,0
2024-04-22 20:00,7.5,1.42,1,2.025,0.08,20.101,0
2024-04-22 20:30,7.65,1.97,1,1.225,0.08,20.087,0
2024-04-22 21:00,7.8,2.53,1,0.0375,0.153974,20.0,1
2024-04-22 21:30,8.05,2.94,1,0.0375,1.575333,20.0,1
2024-04-22 22:00,8.3,3.36,1,1.2875,0.138674,20.0,1
2024-04-22 22:30,8.3,4.1,1,0.0375,1.543169,20.0,1
2024-04-22 23:00,8.3,4.83,1,0.0375,0.08,19.913,0
2024-04-22 23:30,7.75,4.61,1,0.0375,0.08,19.822,0
2024-04-23 00:00,7.2,4.39,1,0.0375,0.08,19.728,0
2024-04-23 00:30,7.15,4.46,1,0.0375,0.08,19.634,0
2024-04-23 01:00,7.1,4.53,1,0.0375,0.08,19.541,0
2024-04-23 01:30,6.75,4.39,1,0.0375,0.08,19.446,0
2024-04-23 02:00,6.4,4.25,1,0.0375,0.08,19.348,0
2024-04-23 02:30,6.1,4.21,1,0.0375,0.08,19.249,0
2024-04-23 03:00,5.8,4.17,1,0.0375,0.08,19.149,0
2024-04-23 03:30,5.35,4.1,1,0.0375,0.08,19.046,0
2024-04-23 04:00,4.9,4.03,1,0.0375,0.08,18.94,0
2024-04-23 04:30,4.6,4.11,1,0.0375,0.08,18.833,0
2024-04-23 05:00,4.3,4.19,1,1.2875,0.08,18.808,0
2024-04-23 05:30,4.9,3.96,1,0.0375,0.08,18.704,0
2024-04-23 06:00,5.5,3.72,1,0.0375,0.08,18.605,0
2024-04-23 06:30,6.05,4.01,1,0.0375,0.08,18.512,0
2024-04-23 07:00,6.6,4.31,1,1.0875,12.08,19.207,1
2024-04-23 07:30,6.65,5.18,1,0.1625,12.08,19.836,1
2024-04-23 08:00,6.7,6.06,1,0.5375,3.928645,20.0,1
2024-04-23 08:30,6.95,6.53,0,0.0375,0.08,19.903,0
2024-04-23 09:00,7.2,7.0,0,0.0375,0.08,19.808,0
2024-04-23 09:30,7.6,6.69,0,0.0375,0.08,19.717,0
2024-04-23 10:00,8.0,6.39,0,0.0375,0.08,19.63,0
2024-04-23 10:30,8.05,6.35,0,0.0375,0.08,19.544,0
2024-04-23 11:00,8.1,6.31,0,0.0375,0.08,19.459,0
2024-04-23 11:30,8.05,6.36,0,0.0375,0.08,19.374,0
2024-04-23 12:00,8.0,6.42,0,0.0375,0.08,19.289,0
2024-04-23 12:30,8.4,6.61,0,0.0375,0.08,19.208,0
2024-04-23 13:00,8.8,6.81,0,0.0375,0.08,19.131,0
2024-04-23 13:30,8.9,6.56,0,0.0375,0.08,19.055,0
2024-04-23 14:00,9.0,6.31,0,0.0375,0.08,18.981,0
2024-04-23 14:30,9.25,6.21,0,0.0375,0.08,18.909,0
2024-04-23 15:00,9.5,6.11,0,0.0375,0.08,18.839,0
2024-04-23 15:30,9.3,5.61,0,0.0375,0.08,18.769,0
2024-04-23 16:00,9.1,5.11,0,0.0375,0.08,18.697,0
2024-04-23 16:30,9.05,5.06,0,0.0375,0.08,18.626,0
2024-04-23 17:00,9.0,5.0,0,0.0375,0.08,18.555,0
2024-04-23 17:30,8.7,4.31,1,0.870833,12.08,19.252,1
2024-04-23 18:00,8.4,3.61,1,1.808333,12.023772,20.0,1
2024-04-23 18:30,8.15,3.15,1,1.933333,0.08,20.039,0
2024-04-23 19:00,7.9,2.69,1,0.0375,0.951907,20.0,1
2024-04-23 19:30,7.6,2.51,1,2.3375,0.08,20.061,0
2024-04-23 20:00,7.3,2.33,1,0.0375,0.648679,20.0,1
2024-04-23 20:30,7.2,2.15,1,0.0375,1.684693,20.0,1
2024-04-23 21:00,7.1,1.97,1,0.0375,1.697559,20.0,1
2024-04-23 21:30,6.7,2.08,1,0.0375,1.749022,20.0,1
2024-04-23 22:00,6.3,2.19,1,1.2875,0.395991,20.0,1
2024-04-23 22:30,6.4,3.06,1,0.0375,1.78762,20.0,1
2024-04-23 23:00,6.5,3.92,1,0.0375,0.08,19.899,0
2024-04-23 23:30,6.35,3.89,1,0.0375,0.08,19.798,0
2024-04-24 00:00,6.2,3.86,1,0.0375,0.08,19.696,0
2024-04-24 00:30,6.2,3.82,1,0.0375,0.08,19.596,0
2024-04-24 01:00,6.2,3.78,1,0.0375,0.08,19.496,0
2024-04-24 01:30,5.8,3.65,1,1.2875,0.08,19.477,0
2024-04-24 02:00,5.4,3.53,1,0.0375,0.08,19.372,0
2024-04-24 02:30,4.9,3.78,1,0.0375,0.08,19.263,0
2024-04-24 03:00,4.4,4.03,1,1.2875,0.08,19.236,0
2024-04-24 03:30,3.85,3.92,1,0.0375,0.08,19.12,0
2024-04-24 04:00,3.3,3.81,1,0.0375,0.08,19.002,0
2024-04-24 04:30,3.1,3.86,1,0.0375,0.08,18.883,0
2024-04-24 05:00,2.9,3.92,1,0.0375,0.08,18.763,0
2024-04-24 05:30,3.3,3.93,1,0.0375,0.08,18.647,0
2024-04-24 06:00,3.7,3.94,1,0.0375,0.08,18.535,0
2024-04-24 06:30,4.45,4.4,1,0.0375,0.08,18.43,0
2024-04-24 07:00,5.2,4.86,1,0.0375,12.08,19.045,1
2024-04-24 07:30,5.65,5.74,1,0.0375,12.08,19.659,1
2024-04-24 08:00,6.1,6.61,1,0.1625,7.37843,20.0,1
2024-04-24 08:30,6.3,6.4,0,0.0375,0.08,19.898,0
2024-04-24 09:00,6.5,6.19,0,0.0375,0.08,19.798,0
2024-04-24 09:30,6.6,6.15,0,0.0375,0.08,19.699,0
2024-04-24 10:00,6.7,6.11,0,0.0375,0.08,19.602,0
2024-04-24 10:30,7.05,5.87,0,0.0375,0.08,19.509,0
2024-04-24 11:00,7.4,5.64,0,0.0375,0.08,19.418,0
2024-04-24 11:30,7.6,5.64,0,0.0375,0.08,19.33,0
2024-04-24 12:00,7.8,5.64,0,0.0375,0.08,19.245,0
2024-04-24 12:30,7.9,5.68,0,0.0375,0.08,19.16,0
2024-04-24 13:00,8.0,5.72,0,0.0375,0.08,19.077,0
2024-04-24 13:30,8.0,5.53,0,0.0375,0.08,18.995,0
2024-04-24 14:00,8.0,5.33,0,0.0375,0.08,18.913,0
2024-04-24 14:30,8.0,5.0,0,0.0375,0.08,18.832,0
2024-04-24 15:00,8.0,4.67,0,0.0375,0.08,18.752,0
2024-04-24 15:30,8.0,4.25,0,0.0375,0.08,18.672,0
2024-04-24 16:00,8.0,3.83,0,0.0375,0.08,18.593,0
2024-04-24 16:30,8.05,3.62,0,0.0375,0.08,18.515,0
2024-04-24 17:00,8.1,3.42,0,0.0375,0.08,18.438,0
2024-04-24 17:30,7.95,2.76,1,1.3375,12.08,19.161,1
2024-04-24 18:00,7.8,2.11,1,1.3375,12.08,19.877,1
2024-04-24 18:30,7.05,1.72,1,0.975,2.701231,20.0,1
2024-04-24 19:00,6.3,1.33,1,1.1,0.606665,20.0,1
2024-04-24 19:30,5.45,1.6,1,0.995833,0.833066,20.0,1
2024-04-24 20:00,4.6,1.86,1,4.033333,0.08,20.152,0
2024-04-24 20:30,4.85,1.49,1,3.183333,0.08,20.247,0
2024-04-24 21:00,5.1,1.11,1,0.0375,0.08,20.134,0
2024-04-24 21:30,4.6,1.22,1,0.0375,0.08,20.018,0
2024-04-24 22:00,4.1,1.33,1,0.1625,1.649915,20.0,1
2024-04-24 22:30,4.0,1.74,1,0.0375,2.0964,20.0,1
2024-04-24 23:00,3.9,2.14,1,0.0375,0.08,19.879,0
2024-04-24 23:30,3.6,2.43,1,0.0375,0.08,19.757,0
2024-04-25 00:00,3.3,2.72,1,0.0375,0.08,19.634,0
2024-04-25 00:30,3.3,3.11,1,0.0375,0.08,19.511,0
2024-04-25 01:00,3.3,3.5,1,0.0375,0.08,19.39,0
2024-04-25 01:30,3.3,3.58,1,0.0375,0.08,19.269,0
2024-04-25 02:00,3.3,3.67,1,0.0375,0.08,19.149,0
2024-04-25 02:30,3.25,3.58,1,0.0375,0.08,19.03,0
2024-04-25 03:00,3.2,3.5,1,1.2875,0.08,18.995,0
2024-04-25 03:30,3.25,3.44,1,1.2875,0.08,18.961,0
2024-04-25 04:00,3.3,3.39,1,0.0375,0.08,18.843,0
2024-04-25 04:30,3.6,3.58,1,0.0375,0.08,18.729,0
2024-04-25 05:00,3.9,3.78,1,0.0375,0.08,18.618,0
2024-04-25 05:30,4.4,4.12,1,0.0375,0.08,18.512,0
2024-04-25 06:00,4.9,4.47,1,0.0375,0.08,18.41,0
2024-04-25 06:30,5.35,4.62,1,0.0375,0.08,18.313,0
2024-04-25 07:00,5.8,4.78,1,0.0375,12.08,18.933,1
2024-04-25 07:30,6.0,4.54,1,0.0375,12.08,19.551,1
2024-04-25 08:00,6.2,4.31,1,1.1,8.115771,20.0,1
2024-04-25 08:30,6.9,4.4,0,0.975,0.08,19.965,0
2024-04-25 09:00,7.6,4.5,0,0.0375,0.08,19.873,0
2024-04-25 09:30,7.25,4.81,0,0.0375,0.08,19.779,0
2024-04-25 10:00,6.9,5.11,0,0.0375,0.08,19.683,0
2024-04-25 10:30,6.75,4.61,0,0.0375,0.08,19.586,0
2024-04-25 11:00,6.6,4.11,0,0.0375,0.08,19.489,0
2024-04-25 11:30,6.65,3.68,0,0.0375,0.08,19.393,0
2024-04-25 12:00,6.7,3.25,0,0.0375,0.08,19.299,0
2024-04-25 12:30,7.2,2.68,0,0.0375,0.08,19.209,0
2024-04-25 13:00,7.7,2.11,0,0.0375,0.08,19.123,0
2024-04-25 13:30,8.0,2.31,0,0.0375,0.08,19.04,0
2024-04-25 14:00,8.3,2.5,0,0.0375,0.08,18.961,0
2024-04-25 14:30,8.35,2.76,0,0.0375,0.08,18.882,0
2024-04-25 15:00,8.4,3.03,0,0.0375,0.08,18.804,0
2024-04-25 15:30,8.5,3.43,0,0.0375,0.08,18.728,0
2024-04-25 16:00,8.6,3.83,0,0.0375,0.08,18.653,0
2024-04-25 16:30,8.25,3.74,0,0.0375,0.08,18.576,0
2024-04-25 17:00,7.9,3.64,0,0.0375,0.08,18.497,0
2024-04-25 17:30,7.65,3.58,1,0.0375,12.08,19.13,1
2024-04-25 18:00,7.4,3.53,1,0.0375,12.08,19.757,1
2024-04-25 18:30,6.65,3.33,1,0.0375,5.814435,20.0,1
2024-04-25 19:00,5.9,3.14,1,0.0375,1.851949,20.0,1
2024-04-25 19:30,5.0,2.72,1,2.025,0.08,20.021,0
2024-04-25 20:00,4.1,2.31,1,1.808333,0.08,20.02,0
2024-04-25 20:30,3.5,2.22,1,0.995833,0.757541,20.0,1
2024-04-25 21:00,2.9,2.14,1,2.420833,0.08,20.031,0
2024-04-25 21:30,2.5,2.06,1,1.4625,0.172265,20.0,1
2024-04-25 22:00,2.1,1.97,1,0.1625,2.200401,20.0,1
2024-04-25 22:30,1.85,2.0,1,2.3375,0.08,20.017,0
2024-04-25 23:00,1.6,2.03,1,0.0375,0.08,19.879,0
2024-04-25 23:30,1.5,2.04,1,0.0375,0.08,19.741,0
2024-04-26 00:00,1.4,2.06,1,0.0375,0.08,19.603,0
2024-04-26 00:30,1.5,2.12,1,0.0375,0.08,19.467,0
2024-04-26 01:00,1.6,2.19,1,0.0375,0.08,19.333,0
2024-04-26 01:30,1.6,2.31,1,0.0375,0.08,19.199,0
2024-04-26 02:00,1.6,2.42,1,0.0375,0.08,19.067,0
2024-04-26 02:30,1.45,2.46,1,0.0375,0.08,18.935,0
2024-04-26 03:00,1.3,2.5,1,0.0375,0.08,18.802,0
2024-04-26 03:30,1.2,2.53,1,0.0375,0.08,18.67,0
2024-04-26 04:00,1.1,2.56,1,1.2875,0.08,18.622,0
2024-04-26 04:30,1.05,2.57,1,0.0375,0.08,18.49,0
2024-04-26 05:00,1.0,2.58,1,0.0375,0.08,18.358,0
2024-04-26 05:30,1.7,3.0,1,0.0375,0.08,18.233,0
2024-04-26 06:00,2.4,3.42,1,1.2875,0.08,18.198,0
2024-04-26 06:30,3.35,3.61,1,0.0375,0.08,18.087,0
2024-04-26 07:00,4.3,3.81,1,0.0375,12.08,18.698,1
2024-04-26 07:30,5.05,3.72,1,1.0875,12.08,19.38,1
2024-04-26 08:00,5.8,3.64,1,0.0375,12.08,19.993,1
2024-04-26 08:30,6.45,3.57,0,0.0375,0.08,19.891,0
2024-04-26 09:00,7.1,3.5,0,0.0375,0.08,19.796,0
2024-04-26 09:30,7.4,3.53,0,0.0375,0.08,19.704,0
2024-04-26 10:00,7.7,3.56,0,0.0375,0.08,19.614,0
2024-04-26 10:30,7.95,3.44,0,0.0375,0.08,19.527,0
2024-04-26 11:00,8.2,3.33,0,0.0375,0.08,19.443,0
2024-04-26 11:30,8.5,3.4,0,0.0375,0.08,19.362,0
2024-04-26 12:00,8.8,3.47,0,0.0375,0.08,19.284,0
2024-04-26 12:30,8.45,3.46,0,0.0375,0.08,19.203,0
2024-04-26 13:00,8.1,3.44,0,0.0375,0.08,19.121,0
2024-04-26 13:30,8.75,3.32,0,0.0375,0.08,19.044,0
2024-04-26 14:00,9.4,3.19,0,0.0375,0.08,18.973,0
2024-04-26 14:30,9.05,3.39,0,0.0375,0.08,18.899,0
2024-04-26 15:00,8.7,3.58,0,0.0375,0.08,18.824,0
2024-04-26 15:30,8.45,3.72,0,0.0375,0.08,18.747,0
2024-04-26 16:00,8.2,3.86,0,0.0375,0.08,18.668,0
2024-04-26 16:30,8.25,3.82,0,0.0375,0.08,18.591,0
2024-04-26 17:00,8.3,3.78,0,0.0375,0.08,18.515,0
2024-04-26 17:30,7.6,3.81,1,0.2875,12.08,19.165,1
2024-04-26 18:00,6.9,3.83,1,1.1,12.08,19.858,1
2024-04-26 18:30,6.55,2.97,1,3.2875,0.483618,20.0,1
2024-04-26 19:00,6.2,2.11,1,3.45,0.08,20.125,0
2024-04-26 19:30,5.9,2.07,1,1.3375,0.08,20.106,0
2024-04-26 20:00,5.6,2.03,1,0.0375,0.130559,20.0,1
2024-04-26 20:30,5.15,1.85,1,0.0375,1.948443,20.0,1
2024-04-26 21:00,4.7,1.67,1,0.870833,1.070009,20.0,1
2024-04-26 21:30,4.35,1.6,1,0.870833,1.11504,20.0,1
2024-04-26 22:00,4.0,1.53,1,0.995833,1.019621,20.0,1
2024-04-26 22:30,3.9,1.5,1,0.0375,2.109266,20.0,1
2024-04-26 23:00,3.8,1.47,1,0.0375,0.08,19.879,0
2024-04-26 23:30,3.2,1.65,1,0.0375,0.08,19.753,0
2024-04-27 00:00,2.6,1.83,1,0.0375,0.08,19.625,0
2024-04-27 00:30,2.8,1.71,1,0.0375,0.08,19.498,0
2024-04-27 01:00,3.0,1.58,1,0.0375,0.08,19.375,0
2024-04-27 01:30,2.7,1.67,1,0.0375,0.08,19.249,0
2024-04-27 02:00,2.4,1.75,1,0.0375,0.08,19.123,0
2024-04-27 02:30,1.95,1.88,1,0.0375,0.08,18.994,0
2024-04-27 03:00,1.5,2.0,1,0.0375,0.08,18.863,0
2024-04-27 03:30,1.6,1.82,1,0.0375,0.08,18.733,0
2024-04-27 04:00,1.7,1.64,1,0.0375,0.08,18.605,0
2024-04-27 04:30,1.85,1.83,1,0.0375,0.08,18.479,0
2024-04-27 05:00,2.0,2.03,1,0.0375,0.08,18.356,0
2024-04-27 05:30,2.55,2.42,1,0.0375,0.08,18.237,0
2024-04-27 06:00,3.1,2.81,1,0.0375,0.08,18.124,0
2024-04-27 06:30,3.8,2.57,1,0.0375,0.08,18.017,0
2024-04-27 07:00,4.5,2.33,1,0.0375,12.08,18.63,1
2024-04-27 07:30,5.4,2.64,1,0.0375,12.08,19.245,1
2024-04-27 08:00,6.3,2.94,1,0.2875,12.08,19.879,1
2024-04-27 08:30,7.05,3.44,1,0.0375,0.08,19.783,0
2024-04-27 09:00,7.8,3.94,1,0.0375,0.08,19.694,0
2024-04-27 09:30,8.15,4.12,1,1.2875,0.08,19.692,0
2024-04-27 10:00,8.5,4.31,1,0.0375,0.08,19.609,0
2024-04-27 10:30,8.9,4.47,1,0.0375,0.08,19.529,0
2024-04-27 11:00,9.3,4.64,1,0.1625,0.08,19.462,0
2024-04-27 11:30,9.6,4.72,1,0.975,0.08,19.451,0
2024-04-27 12:00,9.9,4.81,1,1.1,0.08,19.452,0
2024-04-27 12:30,10.0,4.92,1,0.975,0.08,19.445,0
2024-04-27 13:00,10.1,5.03,1,2.275,0.08,19.525,0
2024-04-27 13:30,10.25,5.17,1,1.3375,0.08,19.544,0
2024-04-27 14:00,10.4,5.31,1,0.0375,0.08,19.476,0
2024-04-27 14:30,10.35,5.15,1,0.0375,0.08,19.409,0
2024-04-27 15:00,10.3,5.0,1,0.0375,0.08,19.342,0
2024-04-27 15:30,10.0,5.19,1,1.2875,0.08,19.356,0
2024-04-27 16:00,9.7,5.39,1,0.0375,0.08,19.285,0
2024-04-27 16:30,9.45,5.17,1,0.0375,0.08,19.212,0
2024-04-27 17:00,9.2,4.94,1,0.1625,0.08,19.146,0
2024-04-27 17:30,8.95,4.88,1,0.0375,12.08,19.785,1
2024-04-27 18:00,8.7,4.81,1,0.0375,5.085817,20.0,1
2024-04-27 18:30,8.25,4.35,1,0.0375,1.549602,20.0,1
2024-04-27 19:00,7.8,3.89,1,0.0375,1.607498,20.0,1
2024-04-27 19:30,7.3,3.68,1,0.0375,1.671827,20.0,1
2024-04-27 20:00,6.8,3.47,1,0.0375,1.736156,20.0,1
2024-04-27 20:30,6.5,3.4,1,0.0375,1.774754,20.0,1
2024-04-27 21:00,6.2,3.33,1,0.0375,1.813351,20.0,1
2024-04-27 21:30,5.95,3.21,1,1.0875,0.665741,20.0,1
2024-04-27 22:00,5.7,3.08,1,1.4125,0.332737,20.0,1
2024-04-27 22:30,5.5,3.21,1,1.0875,0.723637,20.0,1
2024-04-27 23:00,5.3,3.33,1,0.0375,0.08,19.89,0
2024-04-27 23:30,5.15,3.33,1,0.0375,0.08,19.78,0
2024-04-28 00:00,5.0,3.33,1,0.0375,0.08,19.669,0
2024-04-28 00:30,4.9,3.97,1,0.0375,0.08,19.559,0
2024-04-28 01:00,4.8,4.61,1,0.0375,0.08,19.448,0
2024-04-28 01:30,4.9,4.51,1,0.0375,0.08,19.339,0
2024-04-28 02:00,5.0,4.42,1,0.0375,0.08,19.232,0
2024-04-28 02:30,5.05,4.71,1,0.0375,0.08,19.126,0
2024-04-28 03:00,5.1,5.0,1,0.0375,0.08,19.021,0
2024-04-28 03:30,5.1,5.21,1,0.0375,0.08,18.917,0
2024-04-28 04:00,5.1,5.42,1,0.0375,0.08,18.814,0
2024-04-28 04:30,5.2,5.43,1,0.0375,0.08,18.712,0
2024-04-28 05:00,5.3,5.44,1,0.0375,0.08,18.612,0
2024-04-28 05:30,5.35,5.75,1,0.0375,0.08,18.513,0
2024-04-28 06:00,5.4,6.06,1,0.0375,0.08,18.415,0
2024-04-28 06:30,5.6,6.03,1,0.0375,0.08,18.319,0
2024-04-28 07:00,5.8,6.0,1,0.0375,12.08,18.94,1
2024-04-28 07:30,5.9,6.12,1,0.0375,12.08,19.557,1
2024-04-28 08:00,6.0,6.25,1,0.0375,9.234004,20.0,1
2024-04-28 08:30,5.6,6.5,1,0.0375,0.08,19.892,0
2024-04-28 09:00,5.2,6.75,1,0.0375,0.08,19.782,0
2024-04-28 09:30,4.95,6.49,1,0.0375,0.08,19.671,0
2024-04-28 10:00,4.7,6.22,1,0.870833,0.08,19.615,0
2024-04-28 10:30,4.8,6.61,1,0.870833,0.08,19.56,0
2024-04-28 11:00,4.9,7.0,1,0.870833,0.08,19.506,0
2024-04-28 11:30,5.55,6.4,1,0.0375,0.08,19.401,0
2024-04-28 12:00,6.2,5.81,1,0.0375,0.08,19.303,0
2024-04-28 12:30,7.6,5.65,1,0.975,0.08,19.278,0
2024-04-28 13:00,9.0,5.5,1,0.975,0.08,19.265,0
2024-04-28 13:30,9.45,6.15,1,0.0375,0.08,19.192,0
2024-04-28 14:00,9.9,6.81,1,0.0375,0.08,19.124,0
2024-04-28 14:30,10.15,7.03,1,0.1625,0.08,19.066,0
2024-04-28 15:00,10.4,7.25,1,1.0875,0.08,19.072,0
2024-04-28 15:30,10.5,7.14,1,2.6625,0.08,19.185,0
2024-04-28 16:00,10.6,7.03,1,0.2875,0.08,19.138,0
2024-04-28 16:30,10.25,6.57,1,0.0375,0.08,19.073,0
2024-04-28 17:00,9.9,6.11,1,1.0875,0.08,19.075,0
2024-04-28 17:30,9.65,5.56,1,0.0375,12.08,19.719,1
2024-04-28 18:00,9.4,5.0,1,0.0375,6.082137,20.0,1
2024-04-28 18:30,8.65,4.43,1,0.0375,1.498138,20.0,1
2024-04-28 19:00,7.9,3.86,1,0.0375,1.594632,20.0,1
2024-04-28 19:30,7.0,3.31,1,0.0375,1.710425,20.0,1
2024-04-28 20:00,6.1,2.75,1,0.1625,1.685768,20.0,1
2024-04-28 20:30,5.5,2.61,1,1.2875,0.498918,20.0,1
2024-04-28 21:00,4.9,2.47,1,0.0375,1.980607,20.0,1
2024-04-28 21:30,4.85,2.81,1,0.0375,1.98704,20.0,1
2024-04-28 22:00,4.8,3.14,1,0.1625,1.853024,20.0,1
2024-04-28 22:30,5.05,3.35,1,0.0375,1.961309,20.0,1
2024-04-28 23:00,5.3,3.56,1,0.0375,0.08,19.89,0
2024-04-28 23:30,5.45,3.9,1,0.0375,0.08,19.782,0
2024-04-29 00:00,5.6,4.25,1,1.2875,0.08,19.759,0
2024-04-29 00:30,5.65,4.22,1,0.0375,0.08,19.654,0
2024-04-29 01:00,5.7,4.19,1,0.0375,0.08,19.55,0
2024-04-29 01:30,5.55,4.33,1,0.0375,0.08,19.445,0
2024-04-29 02:00,5.4,4.47,1,0.0375,0.08,19.34,0
2024-04-29 02:30,5.45,4.53,1,0.0375,0.08,19.236,0
2024-04-29 03:00,5.5,4.58,1,0.0375,0.08,19.134,0
2024-04-29 03:30,5.65,4.88,1,0.0375,0.08,19.033,0
2024-04-29 04:00,5.8,5.17,1,0.0375,0.08,18.934,0
2024-04-29 04:30,5.9,5.49,1,0.0375,0.08,18.837,0
2024-04-29 05:00,6.0,5.81,1,0.0375,0.08,18.741,0
2024-04-29 05:30,6.55,6.12,1,0.0375,0.08,18.65,0
2024-04-29 06:00,7.1,6.44,1,1.2875,0.08,18.648,0
2024-04-29 06:30,7.9,6.6,1,0.0375,0.08,18.568,0
2024-04-29 07:00,8.7,6.75,1,0.0375,12.08,19.209,1
2024-04-29 07:30,9.45,7.39,1,0.2875,12.08,19.868,1
2024-04-29 08:00,10.2,8.03,1,0.0375,3.508639,20.0,1
2024-04-29 08:30,10.8,8.0,0,0.0375,0.08,19.932,0
2024-04-29 09:00,11.4,7.97,0,0.0375,0.08,19.869,0
2024-04-29 09:30,12.0,8.44,0,0.0375,0.08,19.812,0
2024-04-29 10:00,12.6,8.92,0,0.0375,0.08,19.759,0
2024-04-29 10:30,12.85,9.08,0,0.0375,0.08,19.708,0
2024-04-29 11:00,13.1,9.25,0,0.0375,0.08,19.66,0
2024-04-29 11:30,13.35,9.32,0,0.0375,0.08,19.615,0
2024-04-29 12:00,13.6,9.39,0,0.0375,0.08,19.571,0
2024-04-29 12:30,13.7,9.51,0,0.0375,0.08,19.529,0
2024-04-29 13:00,13.8,9.64,0,0.0375,0.08,19.487,0
2024-04-29 13:30,13.75,9.57,0,0.0375,0.08,19.446,0
2024-04-29 14:00,13.7,9.5,0,0.0375,0.08,19.404,0
2024-04-29 14:30,13.6,9.06,0,0.0375,0.08,19.363,0
2024-04-29 15:00,13.5,8.61,0,0.0375,0.08,19.32,0
2024-04-29 15:30,13.5,9.03,0,0.0375,0.08,19.278,0
2024-04-29 16:00,13.5,9.44,0,0.0375,0.08,19.236,0
2024-04-29 16:30,12.6,8.35,0,0.0375,0.08,19.188,0
2024-04-29 17:00,11.7,7.25,0,0.0375,0.08,19.133,0
2024-04-29 17:30,11.95,7.31,1,0.0375,12.08,19.795,1
2024-04-29 18:00,12.2,7.36,1,0.0375,4.465453,20.0,1
2024-04-29 18:30,12.1,7.24,1,1.0875,0.08,20.012,0
2024-04-29 19:00,12.0,7.11,1,0.0375,0.863197,20.0,1
2024-04-29 19:30,11.8,7.26,1,1.1,0.08,20.011,0
2024-04-29 20:00,11.6,7.42,1,2.025,0.08,20.082,0
2024-04-29 20:30,11.45,7.4,1,0.870833,0.08,20.074,0
2024-04-29 21:00,11.3,7.39,1,1.245833,0.08,20.09,0
2024-04-29 21:30,11.1,7.1,1,0.870833,0.08,20.079,0
2024-04-29 22:00,10.9,6.81,1,0.0375,0.08,20.012,0
2024-04-29 22:30,10.75,6.76,1,1.2875,0.08,20.027,0
2024-04-29 23:00,10.6,6.72,1,0.0375,0.08,19.957,0
2024-04-29 23:30,10.35,6.44,1,0.0375,0.08,19.886,0
2024-04-30 00:00,10.1,6.17,1,0.0375,0.08,19.814,0
2024-04-30 00:30,10.0,6.12,1,0.0375,0.08,19.741,0
2024-04-30 01:00,9.9,6.08,1,0.0375,0.08,19.668,0
2024-04-30 01:30,9.8,5.99,1,0.0375,0.08,19.595,0
2024-04-30 02:00,9.7,5.89,1,0.0375,0.08,19.522,0
2024-04-30 02:30,9.3,5.62,1,0.0375,0.08,19.446,0
2024-04-30 03:00,8.9,5.36,1,0.0375,0.08,19.368,0
2024-04-30 03:30,8.65,5.43,1,0.0375,0.08,19.289,0
2024-04-30 04:00,8.4,5.5,1,0.0375,0.08,19.208,0
2024-04-30 04:30,8.25,5.56,1,0.0375,0.08,19.126,0
2024-04-30 05:00,8.1,5.61,1,0.0375,0.08,19.044,0
2024-04-30 05:30,8.45,5.64,1,0.0375,0.08,18.966,0
2024-04-30 06:00,8.8,5.67,1,0.0375,0.08,18.891,0
2024-04-30 06:30,9.4,5.35,1,0.0375,0.08,18.82,0
2024-04-30 07:00,10.0,5.03,1,0.0375,12.08,19.469,1
2024-04-30 07:30,10.7,5.51,1,0.870833,9.149209,20.0,1
2024-04-30 08:00,11.4,6.0,1,0.870833,0.207998,20.0,1
2024-04-30 08:30,12.1,6.44,0,0.870833,0.08,19.998,0
2024-04-30 09:00,12.8,6.89,0,0.0375,0.08,19.945,0
2024-04-30 09:30,13.5,7.14,0,0.0375,0.08,19.898,0
2024-04-30 10:00,14.2,7.39,0,0.0375,0.08,19.857,0
2024-04-30 10:30,14.7,7.58,0,0.0375,0.08,19.82,0
2024-04-30 11:00,15.2,7.78,0,0.0375,0.08,19.787,0
2024-04-30 11:30,15.7,8.0,0,0.0375,0.08,19.759,0
2024-04-30 12:00,16.2,8.22,0,0.0375,0.08,19.734,0
2024-04-30 12:30,16.75,7.85,0,0.0375,0.08,19.714,0
2024-04-30 13:00,17.3,7.47,0,0.0375,0.08,19.698,0
2024-04-30 13:30,17.5,7.57,0,0.0375,0.08,19.683,0
2024-04-30 14:00,17.7,7.67,0,0.0375,0.08,19.671,0
2024-04-30 14:30,17.6,7.93,0,0.0375,0.08,19.657,0
2024-04-30 15:00,17.5,8.19,0,0.0375,0.08,19.643,0
2024-04-30 15:30,17.25,7.86,0,0.0375,0.08,19.627,0
2024-04-30 16:00,17.0,7.53,0,0.0375,0.08,19.61,0
2024-04-30 16:30,16.85,6.81,0,0.0375,0.08,19.591,0
2024-04-30 17:00,16.7,6.08,0,0.0375,0.08,19.572,0
2024-04-30 17:30,16.2,5.87,1,1.0875,6.4929,20.0,1
2024-04-30 18:00,15.7,5.67,1,0.1625,0.450647,20.0,1
2024-04-30 18:30,15.05,5.49,1,0.0375,0.674724,20.0,1
2024-04-30 19:00,14.4,5.31,1,1.4125,0.08,20.052,0
2024-04-30 19:30,13.65,5.1,1,1.9125,0.08,20.13,0
2024-04-30 20:00,12.9,4.89,1,1.9125,0.08,20.203,0
2024-04-30 20:30,12.3,4.53,1,1.2125,0.08,20.223,0
2024-04-30 21:00,11.7,4.17,1,1.4125,0.08,20.253,0
2024-04-30 21:30,11.3,3.96,1,1.2875,0.08,20.27,0
2024-04-30 22:00,10.9,3.75,1,0.0375,0.08,20.201,0
2024-04-30 22:30,10.5,3.61,1,0.2875,0.08,20.146,0
2024-04-30 23:00,10.1,3.47,1,0.0375,0.08,20.072,0
2024-04-30 23:30,9.7,3.03,1,0.0375,0.08,19.995,0
2024-05-01 00:00,9.3,2.58,1,0.0375,0.08,19.915,0
2024-05-01 00:30,9.1,2.46,1,0.0375,0.08,19.835,0
2024-05-01 01:00,8.9,2.33,1,0.0375,0.08,19.754,0
2024-05-01 01:30,8.8,2.33,1,0.0375,0.08,19.673,0
2024-05-01 02:00,8.7,2.33,1,0.0375,0.08,19.591,0
2024-05-01 02:30,8.5,2.15,1,0.0375,0.08,19.509,0
2024-05-01 03:00,8.3,1.97,1,1.2875,0.08,19.509,0
2024-05-01 03:30,8.45,1.75,1,0.0375,0.08,19.427,0
2024-05-01 04:00,8.6,1.53,1,0.0375,0.08,19.346,0
2024-05-01 04:30,9.0,1.82,1,1.2875,0.08,19.353,0
2024-05-01 05:00,9.4,2.11,1,0.0375,0.08,19.28,0
2024-05-01 05:30,9.8,2.1,1,0.0375,0.08,19.21,0
2024-05-01 06:00,10.2,2.08,1,0.0375,0.08,19.143,0
2024-05-01 06:30,10.6,1.89,1,0.0375,0.08,19.08,0
2024-05-01 07:00,11.0,1.69,1,0.0375,0.08,19.021,0
2024-05-01 07:30,11.3,1.65,1,0.1625,0.08,18.973,0
2024-05-01 08:00,11.6,1.61,1,1.1,0.08,18.99,0
2024-05-01 08:30,11.95,1.92,0,0.975,0.08,19.001,0
2024-05-01 09:00,12.3,2.22,0,0.0375,0.08,18.952,0
2024-05-01 09:30,13.0,1.86,0,0.0375,0.08,18.909,0
2024-05-01 10:00,13.7,1.5,0,0.0375,0.08,18.872,0
2024-05-01 10:30,14.3,1.28,0,0.0375,0.08,18.839,0
2024-05-01 11:00,14.9,1.06,0,0.0375,0.08,18.812,0
2024-05-01 11:30,15.55,1.0,0,0.0375,0.08,18.789,0
2024-05-01 12:00,16.2,0.94,0,0.0375,0.08,18.772,0
2024-05-01 12:30,16.25,2.11,0,0.0375,0.08,18.755,0
2024-05-01 13:00,16.3,3.28,0,0.0375,0.08,18.739,0
2024-05-01 13:30,16.65,3.03,0,0.0375,0.08,18.725,0
2024-05-01 14:00,17.0,2.78,0,0.0375,0.08,18.715,0
2024-05-01 14:30,17.25,2.81,0,0.0375,0.08,18.706,0
2024-05-01 15:00,17.5,2.83,0,0.0375,0.08,18.699,0
2024-05-01 15:30,17.05,3.35,0,0.0375,0.08,18.689,0
2024-05-01 16:00,16.6,3.86,0,0.0375,0.08,18.676,0
2024-05-01 16:30,16.8,4.12,0,0.0375,0.08,18.664,0
2024-05-01 17:00,17.0,4.39,0,0.0375,0.08,18.654,0
2024-05-01 17:30,16.5,4.29,1,1.0875,0.08,18.71,0
2024-05-01 18:00,16.0,4.19,1,0.0375,0.08,18.692,0
2024-05-01 18:30,15.3,3.62,1,0.0375,0.08,18.668,0
2024-05-01 19:00,14.6,3.06,1,0.0375,0.08,18.639,0
2024-05-01 19:30,13.75,2.97,1,0.0375,0.08,18.605,0
2024-05-01 20:00,12.9,2.89,1,1.0875,0.08,18.634,0
2024-05-01 20:30,12.45,3.25,1,0.0375,0.08,18.589,0
2024-05-01 21:00,12.0,3.61,1,0.1625,0.08,18.549,0
2024-05-01 21:30,11.55,3.56,1,1.2875,0.08,18.582,0
2024-05-01 22:00,11.1,3.5,1,0.2875,0.08,18.544,0
2024-05-01 22:30,10.5,3.69,1,0.1625,0.08,18.493,0
2024-05-01 23:00,9.9,3.89,1,0.0375,0.08,18.43,0
2024-05-01 23:30,9.5,4.04,1,0.0375,0.08,18.364,0
2024-05-02 00:00,9.1,4.19,1,0.0375,0.08,18.295,0
2024-05-02 00:30,8.95,4.5,1,0.0375,0.08,18.226,0
2024-05-02 01:00,8.8,4.81,1,0.0375,0.08,18.157,0
2024-05-02 01:30,8.65,4.75,1,0.0375,0.08,18.086,0
2024-05-02 02:00,8.5,4.69,1,0.0375,0.08,18.016,0
2024-05-02 02:30,8.55,4.81,1,0.0375,0.08,17.946,0
2024-05-02 03:00,8.6,4.92,1,0.0375,0.08,17.877,0
2024-05-02 03:30,8.65,5.19,1,0.0375,0.08,17.809,0
2024-05-02 04:00,8.7,5.47,1,0.0375,0.08,17.741,0
2024-05-02 04:30,8.8,5.39,1,0.0375,0.08,17.675,0
2024-05-02 05:00,8.9,5.31,1,1.2875,0.08,17.694,0
2024-05-02 05:30,9.3,5.25,1,0.0375,0.08,17.633,0
2024-05-02 06:00,9.7,5.19,1,0.0375,0.08,17.574,0
2024-05-02 06:30,10.35,5.19,1,0.0375,0.08,17.522,0
2024-05-02 07:00,11.0,5.19,1,1.2875,0.08,17.558,0
2024-05-02 07:30,11.75,5.15,1,0.0375,0.08,17.516,0
2024-05-02 08:00,12.5,5.11,1,0.1625,0.08,17.488,0
2024-05-02 08:30,13.45,5.75,0,0.0375,0.08,17.46,0
2024-05-02 09:00,14.4,6.39,0,0.0375,0.08,17.439,0
2024-05-02 09:30,15.05,6.26,0,0.0375,0.08,17.423,0
2024-05-02 10:00,15.7,6.14,0,0.0375,0.08,17.412,0
2024-05-02 10:30,16.35,6.38,0,0.0375,0.08,17.407,0
2024-05-02 11:00,17.0,6.61,0,0.0375,0.08,17.406,0
2024-05-02 11:30,17.15,6.32,0,0.0375,0.08,17.407,0
2024-05-02 12:00,17.3,6.03,0,0.0375,0.08,17.408,0
2024-05-02 12:30,17.6,6.1,0,0.0375,0.08,17.6,0
2024-05-02 13:00,17.9,6.17,0,0.0375,0.08,17.9,0
2024-05-02 13:30,17.95,6.06,0,0.0375,0.08,17.95,0
2024-05-02 14:00,18.0,5.94,0,0.0375,0.08,18.0,0
2024-05-02 14:30,17.75,5.9,0,0.0375,0.08,18.001,0
2024-05-02 15:00,17.5,5.86,0,0.0375,0.08,17.999,0
2024-05-02 15:30,17.2,5.87,0,0.0375,0.08,17.996,0
2024-05-02 16:00,16.9,5.89,0,0.0375,0.08,17.99,0
2024-05-02 16:30,16.5,5.68,0,0.0375,0.08,17.981,0
2024-05-02 17:00,16.1,5.47,0,0.0375,0.08,17.969,0
2024-05-02 17:30,15.45,5.15,1,0.0375,0.08,17.952,0
2024-05-02 18:00,14.8,4.83,1,1.0875,0.08,18.001,0
2024-05-02 18:30,14.15,4.5,1,0.975,0.08,18.036,0
2024-05-02 19:00,13.5,4.17,1,0.975,0.08,18.067,0
2024-05-02 19:30,12.8,4.26,1,0.1625,0.08,18.037,0
2024-05-02 20:00,12.1,4.36,1,1.2875,0.08,18.078,0
2024-05-02 20:30,11.35,4.49,1,0.0375,0.08,18.029,0
2024-05-02 21:00,10.6,4.61,1,0.0375,0.08,17.975,0
2024-05-02 21:30,10.1,4.46,1,0.1625,0.08,17.925,0
2024-05-02 22:00,9.6,4.31,1,0.4125,0.08,17.889,0
2024-05-02 22:30,9.2,4.38,1,1.920833,0.08,17.951,0
2024-05-02 23:00,8.8,4.44,1,0.870833,0.08,17.939,0
2024-05-02 23:30,8.55,4.35,1,0.870833,0.08,17.926,0
2024-05-03 00:00,8.3,4.25,1,0.0375,0.08,17.854,0
2024-05-03 00:30,8.2,4.08,1,0.0375,0.08,17.783,0
2024-05-03 01:00,8.1,3.92,1,0.0375,0.08,17.711,0
2024-05-03 01:30,8.1,3.78,1,0.0375,0.08,17.64,0
2024-05-03 02:00,8.1,3.64,1,0.0375,0.08,17.57,0
2024-05-03 02:30,8.05,3.46,1,0.0375,0.08,17.499,0
2024-05-03 03:00,8.0,3.28,1,0.0375,0.08,17.429,0
2024-05-03 03:30,8.55,3.47,1,0.0375,0.08,17.364,0
2024-05-03 04:00,9.1,3.67,1,0.0375,0.08,17.303,0
2024-05-03 04:30,9.2,3.67,1,0.0375,0.08,17.244,0
2024-05-03 05:00,9.3,3.67,1,0.0375,0.08,17.185,0
2024-05-03 05:30,9.55,3.46,1,0.0375,0.08,17.129,0
2024-05-03 06:00,9.8,3.25,1,0.0375,0.08,17.076,0
2024-05-03 06:30,10.2,3.68,1,0.0375,0.08,17.026,0
2024-05-03 07:00,10.6,4.11,1,1.4125,0.08,17.071,0
2024-05-03 07:30,11.4,4.08,1,0.0375,0.08,17.03,0
2024-05-03 08:00,12.2,4.06,1,1.2875,0.08,17.079,0
2024-05-03 08:30,12.8,4.22,0,0.0375,0.08,17.049,0
2024-05-03 09:00,13.4,4.39,0,0.0375,0.08,17.023,0
2024-05-03 09:30,13.8,4.35,0,0.0375,0.08,17.001,0
2024-05-03 10:00,14.2,4.31,0,0.0375,0.08,16.982,0
2024-05-03 10:30,14.5,4.28,0,0.0375,0.08,16.966,0
2024-05-03 11:00,14.8,4.25,0,0.0375,0.08,16.952,0
2024-05-03 11:30,14.9,3.78,0,0.0375,0.08,16.939,0
2024-05-03 12:00,15.0,3.31,0,0.0375,0.08,16.926,0
2024-05-03 12:30,14.75,3.96,0,0.0375,0.08,16.912,0
2024-05-03 13:00,14.5,4.61,0,0.0375,0.08,16.896,0
2024-05-03 13:30,14.3,4.07,0,0.0375,0.08,16.879,0
2024-05-03 14:00,14.1,3.53,0,0.0375,0.08,16.86,0
2024-05-03 14:30,14.25,3.65,0,0.0375,0.08,16.842,0
2024-05-03 15:00,14.4,3.78,0,0.0375,0.08,16.826,0
2024-05-03 15:30,14.5,4.25,0,0.0375,0.08,16.811,0
2024-05-03 16:00,14.6,4.72,0,0.0375,0.08,16.797,0
2024-05-03 16:30,14.35,4.85,0,0.0375,0.08,16.78,0
2024-05-03 17:00,14.1,4.97,0,0.0375,0.08,16.762,0
2024-05-03 17:30,13.8,4.86,1,0.975,0.08,16.805,0
2024-05-03 18:00,13.5,4.75,1,2.025,0.08,16.915,0
2024-05-03 18:30,13.15,4.92,1,0.1625,0.08,16.897,0
2024-05-03 19:00,12.8,5.08,1,1.4125,0.08,16.96,0
2024-05-03 19:30,12.45,5.08,1,0.1625,0.08,16.936,0
2024-05-03 20:00,12.1,5.08,1,0.1625,0.08,16.91,0
2024-05-03 20:30,11.85,4.69,1,0.0375,0.08,16.874,0
2024-05-03 21:00,11.6,4.31,1,0.870833,0.08,16.892,0
2024-05-03 21:30,11.45,4.21,1,0.870833,0.08,16.908,0
2024-05-03 22:00,11.3,4.11,1,0.995833,0.08,16.932,0
2024-05-03 22:30,11.3,3.25,1,1.0875,0.08,16.962,0
2024-05-03 23:00,11.3,2.39,1,0.0375,0.08,16.921,0
2024-05-03 23:30,11.3,2.17,1,0.0375,0.08,16.88,0
2024-05-04 00:00,11.3,1.94,1,0.0375,0.08,16.84,0
2024-05-04 00:30,11.3,2.15,1,0.0375,0.08,16.8,0
2024-05-04 01:00,11.3,2.36,1,0.0375,0.08,16.761,0
2024-05-04 01:30,11.1,2.46,1,0.0375,0.08,16.72,0
2024-05-04 02:00,10.9,2.56,1,0.0375,0.08,16.678,0
2024-05-04 02:30,10.75,2.49,1,0.0375,0.08,16.635,0
2024-05-04 03:00,10.6,2.42,1,0.0375,0.08,16.591,0
2024-05-04 03:30,10.45,2.06,1,0.0375,0.08,16.547,0
2024-05-04 04:00,10.3,1.69,1,0.0375,0.08,16.501,0
2024-05-04 04:30,10.3,2.25,1,0.0375,0.08,16.456,0
2024-05-04 05:00,10.3,2.81,1,0.0375,0.08,16.412,0
2024-05-04 05:30,10.45,3.22,1,0.0375,0.08,16.369,0
2024-05-04 06:00,10.6,3.64,1,0.0375,0.08,16.327,0
2024-05-04 06:30,10.8,3.83,1,0.0375,0.08,16.287,0
2024-05-04 07:00,11.0,4.03,1,0.0375,0.08,16.249,0
2024-05-04 07:30,11.15,3.99,1,0.0375,0.08,16.213,0
2024-05-04 08:00,11.3,3.94,1,0.0375,0.08,16.178,0
2024-05-04 08:30,11.6,4.0,1,0.0375,0.08,16.145,0
2024-05-04 09:00,11.9,4.06,1,0.870833,0.08,16.171,0
2024-05-04 09:30,12.1,3.97,1,0.870833,0.08,16.198,0
2024-05-04 10:00,12.3,3.89,1,0.870833,0.08,16.226,0
2024-05-04 10:30,12.7,4.1,1,0.0375,0.08,16.202,0
2024-05-04 11:00,13.1,4.31,1,0.0375,0.08,16.181,0
2024-05-04 11:30,13.35,4.43,1,1.2875,0.08,16.245,0
2024-05-04 12:00,13.6,4.56,1,2.275,0.08,16.377,0
2024-05-04 12:30,13.9,4.53,1,2.275,0.08,16.51,0
2024-05-04 13:00,14.2,4.5,1,0.0375,0.08,16.495,0
2024-05-04 13:30,14.15,4.49,1,0.0375,0.08,16.479,0
2024-05-04 14:00,14.1,4.47,1,0.1625,0.08,16.472,0
2024-05-04 14:30,14.15,4.22,1,0.1625,0.08,16.465,0
2024-05-04 15:00,14.2,3.97,1,1.0875,0.08,16.52,0
2024-05-04 15:30,14.25,3.69,1,0.975,0.08,16.568,0
2024-05-04 16:00,14.3,3.42,1,0.975,0.08,16.616,0
2024-05-04 16:30,14.25,3.06,1,0.0375,0.08,16.6,0
2024-05-04 17:00,14.2,2.69,1,0.0375,0.08,16.584,0
2024-05-04 17:30,14.05,2.36,1,0.1625,0.08,16.576,0
2024-05-04 18:00,13.9,2.03,1,0.0375,0.08,16.558,0
2024-05-04 18:30,13.5,1.57,1,0.0375,0.08,16.537,0
2024-05-04 19:00,13.1,1.11,1,0.1625,0.08,16.522,0
2024-05-04 19:30,12.5,1.24,1,0.0375,0.08,16.493,0
2024-05-04 20:00,11.9,1.36,1,1.2875,0.08,16.544,0
2024-05-04 20:30,11.8,1.25,1,0.1625,0.08,16.519,0
2024-05-04 21:00,11.7,1.14,1,0.1625,0.08,16.493,0
2024-05-04 21:30,11.45,1.33,1,1.0875,0.08,16.527,0
2024-05-04 22:00,11.2,1.53,1,0.0375,0.08,16.489,0
2024-05-04 22:30,11.55,1.01,1,1.2875,0.08,16.537,0
2024-05-04 23:00,11.9,0.5,1,0.0375,0.08,16.504,0
2024-05-04 23:30,11.55,0.6,1,0.0375,0.08,16.468,0
2024-05-05 00:00,11.2,0.69,1,0.0375,0.08,16.431,0
2024-05-05 00:30,9.7,0.99,1,1.2875,0.08,16.465,0
2024-05-05 01:00,8.2,1.28,1,0.0375,0.08,16.404,0
2024-05-05 01:30,7.7,1.24,1,0.0375,0.08,16.34,0
2024-05-05 02:00,7.2,1.19,1,0.0375,0.08,16.273,0
2024-05-05 02:30,6.9,1.15,1,0.0375,0.08,16.204,0
2024-05-05 03:00,6.6,1.11,1,0.0375,0.08,16.133,0
2024-05-05 03:30,6.25,1.04,1,0.0375,0.08,16.06,0
2024-05-05 04:00,5.9,0.97,1,0.0375,0.08,15.984,0
2024-05-05 04:30,6.0,0.92,1,1.2875,0.08,15.994,0
2024-05-05 05:00,6.1,0.86,1,0.0375,0.08,15.921,0
2024-05-05 05:30,6.85,0.68,1,0.0375,0.08,15.854,0
2024-05-05 06:00,7.6,0.5,1,0.0375,0.08,15.793,0
2024-05-05 06:30,9.2,0.39,1,0.0375,0.08,15.745,0
2024-05-05 07:00,10.8,0.28,1,0.0375,0.08,15.71,0
2024-05-05 07:30,11.95,0.51,1,0.0375,0.08,15.684,0
2024-05-05 08:00,13.1,0.75,1,0.0375,0.08,15.666,0
2024-05-05 08:30,13.85,0.93,1,0.0375,0.08,15.655,0
2024-05-05 09:00,14.6,1.11,1,0.0375,0.08,15.649,0
2024-05-05 09:30,15.25,1.39,1,0.1625,0.08,15.657,0
2024-05-05 10:00,15.9,1.67,1,0.0375,0.08,15.9,0
2024-05-05 10:30,16.45,1.96,1,1.0875,0.08,16.45,0
2024-05-05 11:00,17.0,2.25,1,2.3375,0.08,17.0,0
2024-05-05 11:30,17.2,2.21,1,0.0375,0.08,17.2,0
2024-05-05 12:00,17.4,2.17,1,0.0375,0.08,17.4,0
2024-05-05 12:30,17.55,2.17,1,0.0375,0.08,17.55,0
2024-05-05 13:00,17.7,2.17,1,0.0375,0.08,17.7,0
2024-05-05 13:30,17.75,2.04,1,0.0375,0.08,17.75,0
2024-05-05 14:00,17.8,1.92,1,0.1625,0.08,17.8,0
2024-05-05 14:30,17.85,1.51,1,0.1625,0.08,17.85,0
2024-05-05 15:00,17.9,1.11,1,0.0375,0.08,17.9,0
2024-05-05 15:30,18.1,0.96,1,0.0375,0.08,18.1,0
2024-05-05 16:00,18.3,0.81,1,0.0375,0.08,18.3,0
2024-05-05 16:30,18.1,1.12,1,0.0375,0.08,18.301,0
2024-05-05 17:00,17.9,1.44,1,0.0375,0.08,18.3,0
2024-05-05 17:30,17.3,1.54,1,0.0375,0.08,18.295,0
2024-05-05 18:00,16.7,1.64,1,1.1,0.08,18.357,0
2024-05-05 18:30,15.65,1.76,1,0.975,0.08,18.401,0
2024-05-05 19:00,14.6,1.89,1,0.975,0.08,18.437,0
2024-05-05 19:30,13.8,2.0,1,1.808333,0.08,18.523,0
2024-05-05 20:00,13.0,2.11,1,0.995833,0.08,18.547,0
2024-05-05 20:30,12.2,1.85,1,0.870833,0.08,18.556,0
2024-05-05 21:00,11.4,1.58,1,0.0375,0.08,18.504,0
2024-05-05 21:30,10.6,1.89,1,0.0375,0.08,18.446,0
2024-05-05 22:00,9.8,2.19,1,0.1625,0.08,18.391,0
2024-05-05 22:30,9.55,1.79,1,0.0375,0.08,18.326,0
2024-05-05 23:00,9.3,1.39,1,0.0375,0.08,18.259,0
2024-05-05 23:30,9.0,1.51,1,0.0375,0.08,18.191,0
2024-05-06 00:00,8.7,1.64,1,0.0375,0.08,18.121,0
2024-05-06 00:30,8.7,1.68,1,0.0375,0.08,18.051,0
2024-05-06 01:00,8.7,1.72,1,0.0375,0.08,17.982,0
2024-05-06 01:30,8.55,1.75,1,0.0375,0.08,17.912,0
2024-05-06 02:00,8.4,1.78,1,0.0375,0.08,17.842,0
2024-05-06 02:30,8.3,1.81,1,1.2875,0.08,17.855,0
2024-05-06 03:00,8.2,1.83,1,0.0375,0.08,17.784,0
2024-05-06 03:30,7.8,1.97,1,0.0375,0.08,17.71,0
2024-05-06 04:00,7.4,2.11,1,0.0375,0.08,17.633,0
2024-05-06 04:30,7.45,1.94,1,0.0375,0.08,17.558,0
2024-05-06 05:00,7.5,1.78,1,0.0375,0.08,17.483,0
2024-05-06 05:30,8.4,1.6,1,0.0375,0.08,17.416,0
2024-05-06 06:00,9.3,1.42,1,0.0375,0.08,17.357,0
2024-05-06 06:30,10.3,1.33,1,0.0375,0.08,17.305,0
2024-05-06 07:00,11.3,1.25,1,1.0875,0.08,17.332,0
2024-05-06 07:30,12.4,1.03,1,1.1,0.08,17.368,0
2024-05-06 08:00,13.5,0.81,1,0.975,0.08,17.403,0
2024-05-06 08:30,14.4,0.81,0,0.0375,0.08,17.383,0
2024-05-06 09:00,15.3,0.81,0,0.0375,0.08,17.369,0
2024-05-06 09:30,15.95,0.78,0,0.0375,0.08,17.361,0
2024-05-06 10:00,16.6,0.75,0,0.0375,0.08,17.358,0
2024-05-06 10:30,17.05,0.83,0,0.0375,0.08,17.358,0
2024-05-06 11:00,17.5,0.92,0,0.0375,0.08,17.5,0
2024-05-06 11:30,17.75,0.78,0,0.0375,0.08,17.75,0
2024-05-06 12:00,18.0,0.64,0,0.0375,0.08,18.0,0
2024-05-06 12:30,18.15,0.54,0,0.0375,0.08,18.15,0
2024-05-06 13:00,18.3,0.44,0,0.0375,0.08,18.3,0
2024-05-06 13:30,18.45,0.38,0,0.0375,0.08,18.45,0
2024-05-06 14:00,18.6,0.31,0,0.0375,0.08,18.6,0
2024-05-06 14:30,18.25,0.64,0,0.0375,0.08,18.6,0
2024-05-06 15:00,17.9,0.97,0,0.0375,0.08,18.597,0
2024-05-06 15:30,17.15,1.14,0,0.0375,0.08,18.588,0
2024-05-06 16:00,16.4,1.31,0,0.0375,0.08,18.574,0
2024-05-06 16:30,15.4,1.24,0,0.0375,0.08,18.552,0
2024-05-06 17:00,14.4,1.17,0,0.0375,0.08,18.523,0
2024-05-06 17:30,14.35,1.51,1,0.0375,0.08,18.494,0
2024-05-06 18:00,14.3,1.86,1,1.2125,0.08,18.543,0
2024-05-06 18:30,14.25,1.24,1,0.0375,0.08,18.512,0
2024-05-06 19:00,14.2,0.61,1,0.0375,0.08,18.482,0
2024-05-06 19:30,13.35,1.08,1,0.1625,0.08,18.453,0
2024-05-06 20:00,12.5,1.56,1,1.4125,0.08,18.502,0
2024-05-06 20:30,12.1,1.76,1,0.0375,0.08,18.456,0
2024-05-06 21:00,11.7,1.97,1,0.0375,0.08,18.407,0
2024-05-06 21:30,11.5,2.15,1,1.1,0.08,18.427,0
2024-05-06 22:00,11.3,2.33,1,1.1,0.08,18.446,0
2024-05-06 22:30,11.05,2.58,1,1.2875,0.08,18.476,0
2024-05-06 23:00,10.8,2.83,1,0.0375,0.08,18.419,0
2024-05-06 23:30,10.55,2.56,1,0.0375,0.08,18.362,0
2024-05-07 00:00,10.3,2.28,1,0.0375,0.08,18.302,0
2024-05-07 00:30,10.7,2.43,1,0.0375,0.08,18.247,0
2024-05-07 01:00,11.1,2.58,1,0.0375,0.08,18.195,0
2024-05-07 01:30,10.95,2.75,1,0.0375,0.08,18.142,0
2024-05-07 02:00,10.8,2.92,1,0.0375,0.08,18.088,0
2024-05-07 02:30,10.55,2.69,1,0.0375,0.08,18.033,0
2024-05-07 03:00,10.3,2.47,1,0.0375,0.08,17.976,0
2024-05-07 03:30,9.85,2.54,1,0.0375,0.08,17.916,0
2024-05-07 04:00,9.4,2.61,1,1.2875,0.08,17.937,0
2024-05-07 04:30,9.25,2.65,1,0.0375,0.08,17.873,0
2024-05-07 05:00,9.1,2.69,1,0.0375,0.08,17.809,0
2024-05-07 05:30,9.55,3.33,1,1.2875,0.08,17.831,0
2024-05-07 06:00,10.0,3.97,1,0.0375,0.08,17.774,0
2024-05-07 06:30,10.3,3.74,1,0.0375,0.08,17.719,0
2024-05-07 07:00,10.6,3.5,1,0.0375,0.08,17.667,0
2024-05-07 07:30,11.1,3.43,1,0.975,0.08,17.682,0
2024-05-07 08:00,11.6,3.36,1,2.275,0.08,17.788,0
2024-05-07 08:30,12.0,3.22,0,1.3375,0.08,17.833,0
2024-05-07 09:00,12.4,3.08,0,0.0375,0.08,17.794,0
2024-05-07 09:30,13.0,3.11,0,0.0375,0.08,17.76,0
2024-05-07 10:00,13.6,3.14,0,0.0375,0.08,17.73,0
2024-05-07 10:30,14.15,3.11,0,0.0375,0.08,17.705,0
2024-05-07 11:00,14.7,3.08,0,0.0375,0.08,17.685,0
2024-05-07 11:30,15.35,3.01,0,0.0375,0.08,17.67,0
2024-05-07 12:00,16.0,2.94,0,0.0375,0.08,17.659,0
2024-05-07 12:30,15.6,2.71,0,0.0375,0.08,17.646,0
2024-05-07 13:00,15.2,2.47,0,0.0375,0.08,17.63,0
2024-05-07 13:30,15.7,2.32,0,0.0375,0.08,17.617,0
2024-05-07 14:00,16.2,2.17,0,0.0375,0.08,17.609,0
2024-05-07 14:30,16.2,2.32,0,0.0375,0.08,17.601,0
2024-05-07 15:00,16.2,2.47,0,0.0375,0.08,17.593,0
2024-05-07 15:30,16.15,2.28,0,0.0375,0.08,17.584,0
2024-05-07 16:00,16.1,2.08,0,0.0375,0.08,17.575,0
2024-05-07 16:30,16.05,1.89,0,0.0375,0.08,17.566,0
2024-05-07 17:00,16.0,1.69,0,0.0375,0.08,17.557,0
2024-05-07 17:30,15.95,1.61,1,0.995833,0.08,17.611,0
2024-05-07 18:00,15.9,1.53,1,2.045833,0.08,17.735,0
2024-05-07 18:30,14.85,1.76,1,0.995833,0.08,17.779,0
2024-05-07 19:00,13.8,2.0,1,0.0375,0.08,17.751,0
2024-05-07 19:30,12.95,2.39,1,0.0375,0.08,17.717,0
2024-05-07 20:00,12.1,2.78,1,0.0375,0.08,17.676,0
2024-05-07 20:30,11.35,3.06,1,1.0875,0.08,17.701,0
2024-05-07 21:00,10.6,3.33,1,0.1625,0.08,17.657,0
2024-05-07 21:30,10.0,2.99,1,0.0375,0.08,17.601,0
2024-05-07 22:00,9.4,2.64,1,1.1,0.08,17.612,0
2024-05-07 22:30,9.0,2.33,1,2.35,0.08,17.703,0
2024-05-07 23:00,8.6,2.03,1,0.0375,0.08,17.636,0
2024-05-07 23:30,8.45,2.11,1,0.0375,0.08,17.568,0
2024-05-08 00:00,8.3,2.19,1,1.2875,0.08,17.583,0
2024-05-08 00:30,8.2,2.28,1,0.0375,0.08,17.514,0
2024-05-08 01:00,8.1,2.36,1,0.0375,0.08,17.444,0
2024-05-08 01:30,7.9,2.46,1,0.0375,0.08,17.374,0
2024-05-08 02:00,7.7,2.56,1,0.0375,0.08,17.302,0
2024-05-08 02:30,7.55,2.42,1,0.0375,0.08,17.23,0
2024-05-08 03:00,7.4,2.28,1,0.0375,0.08,17.157,0
2024-05-08 03:30,7.4,2.39,1,1.2875,0.08,17.169,0
2024-05-08 04:00,7.4,2.5,1,0.0375,0.08,17.096,0
2024-05-08 04:30,7.65,2.57,1,0.0375,0.08,17.027,0
2024-05-08 05:00,7.9,2.64,1,0.0375,0.08,16.959,0
2024-05-08 05:30,8.65,2.54,1,0.0375,0.08,16.898,0
2024-05-08 06:00,9.4,2.44,1,0.0375,0.08,16.843,0
2024-05-08 06:30,10.15,2.47,1,0.0375,0.08,16.795,0
2024-05-08 07:00,10.9,2.5,1,0.0375,0.08,16.752,0
2024-05-08 07:30,11.75,2.65,1,0.1625,0.08,16.725,0
2024-05-08 08:00,12.6,2.81,1,0.0375,0.08,16.695,0
2024-05-08 08:30,13.4,3.12,0,0.0375,0.08,16.673,0
2024-05-08 09:00,14.2,3.44,0,0.0375,0.08,16.656,0
2024-05-08 09:30,15.05,3.82,0,0.0375,0.08,16.647,0
2024-05-08 10:00,15.9,4.19,0,0.0375,0.08,16.643,0
2024-05-08 10:30,16.65,4.5,0,0.0375,0.08,16.65,0
2024-05-08 11:00,17.4,4.81,0,0.0375,0.08,17.4,0
2024-05-08 11:30,18.0,4.93,0,0.0375,0.08,18.0,0
2024-05-08 12:00,18.6,5.06,0,0.0375,0.08,18.6,0
2024-05-08 12:30,18.7,4.99,0,0.0375,0.08,18.7,0
2024-05-08 13:00,18.8,4.92,0,0.0375,0.08,18.8,0
2024-05-08 13:30,18.95,4.89,0,0.0375,0.08,18.95,0
2024-05-08 14:00,19.1,4.86,0,0.0375,0.08,19.1,0
2024-05-08 14:30,19.2,4.85,0,0.0375,0.08,19.2,0
2024-05-08 15:00,19.3,4.83,0,0.0375,0.08,19.3,0
2024-05-08 15:30,19.3,4.57,0,0.0375,0.08,19.303,0
2024-05-08 16:00,19.3,4.31,0,0.0375,0.08,19.305,0
2024-05-08 16:30,18.95,4.22,0,0.0375,0.08,19.305,0
2024-05-08 17:00,18.6,4.14,0,0.0375,0.08,19.302,0
2024-05-08 17:30,18.05,3.65,1,0.975,0.08,19.357,0
2024-05-08 18:00,17.5,3.17,1,0.975,0.08,19.408,0
2024-05-08 18:30,16.8,2.54,1,0.0375,0.08,19.391,0
2024-05-08 19:00,16.1,1.92,1,1.5375,0.08,19.469,0
2024-05-08 19:30,14.9,2.17,1,0.0375,0.08,19.436,0
2024-05-08 20:00,13.7,2.42,1,1.2125,0.08,19.473,0
2024-05-08 20:30,13.1,2.51,1,0.0375,0.08,19.427,0
2024-05-08 21:00,12.5,2.61,1,0.0375,0.08,19.376,0
2024-05-08 21:30,12.2,2.4,1,1.0875,0.08,19.394,0
2024-05-08 22:00,11.9,2.19,1,0.1625,0.08,19.348,0
2024-05-08 22:30,11.8,2.01,1,0.1625,0.08,19.301,0
2024-05-08 23:00,11.7,1.83,1,0.0375,0.08,19.245,0
2024-05-08 23:30,11.55,1.64,1,0.0375,0.08,19.189,0
2024-05-09 00:00,11.4,1.44,1,0.0375,0.08,19.132,0
2024-05-09 00:30,11.55,1.31,1,0.0375,0.08,19.076,0
2024-05-09 01:00,11.7,1.17,1,0.0375,0.08,19.022,0
2024-05-09 01:30,11.7,1.19,1,0.0375,0.08,18.969,0
2024-05-09 02:00,11.7,1.22,1,0.0375,0.08,18.916,0
2024-05-09 02:30,11.4,1.44,1,0.0375,0.08,18.86,0
2024-05-09 03:00,11.1,1.67,1,0.0375,0.08,18.804,0
2024-05-09 03:30,10.55,1.89,1,0.0375,0.08,18.743,0
2024-05-09 04:00,10.0,2.11,1,0.0375,0.08,18.679,0
2024-05-09 04:30,10.05,1.76,1,0.0375,0.08,18.615,0
2024-05-09 05:00,10.1,1.42,1,0.0375,0.08,18.552,0
2024-05-09 05:30,10.85,1.76,1,0.0375,0.08,18.496,0
2024-05-09 06:00,11.6,2.11,1,0.0375,0.08,18.446,0
2024-05-09 06:30,12.25,2.21,1,0.0375,0.08,18.401,0
2024-05-09 07:00,12.9,2.31,1,0.0375,0.08,18.361,0
2024-05-09 07:30,13.55,2.26,1,0.1625,0.08,18.335,0
2024-05-09 08:00,14.2,2.22,1,0.0375,0.08,18.306,0
2024-05-09 08:30,15.05,2.4,0,0.0375,0.08,18.284,0
2024-05-09 09:00,15.9,2.58,0,0.0375,0.08,18.268,0
2024-05-09 09:30,16.7,2.4,0,0.0375,0.08,18.258,0
2024-05-09 10:00,17.5,2.22,0,0.0375,0.08,18.255,0
2024-05-09 10:30,18.15,2.19,0,0.0375,0.08,18.257,0
2024-05-09 11:00,18.8,2.17,0,0.0375,0.08,18.8,0
2024-05-09 11:30,19.05,2.22,0,0.0375,0.08,19.05,0
2024-05-09 12:00,19.3,2.28,0,0.0375,0.08,19.3,0
2024-05-09 12:30,19.7,2.22,0,0.0375,0.08,19.7,0
2024-05-09 13:00,20.1,2.17,0,0.0375,0.08,20.1,0
2024-05-09 13:30,20.15,2.44,0,0.0375,0.08,20.15,0
2024-05-09 14:00,20.2,2.72,0,0.0375,0.08,20.2,0
2024-05-09 14:30,20.05,3.03,0,0.0375,0.08,20.201,0
2024-05-09 15:00,19.9,3.33,0,0.0375,0.08,20.202,0
2024-05-09 15:30,19.85,3.36,0,0.0375,0.08,20.201,0
2024-05-09 16:00,19.8,3.39,0,0.0375,0.08,20.201,0
2024-05-09 16:30,19.75,3.15,0,0.0375,0.08,20.2,0
2024-05-09 17:00,19.7,2.92,0,0.0375,0.08,20.199,0
2024-05-09 17:30,19.25,2.92,1,1.2875,0.08,20.277,0
2024-05-09 18:00,18.8,2.92,1,1.3375,0.08,20.355,0
2024-05-09 18:30,17.9,2.6,1,0.0375,0.08,20.339,0
2024-05-09 19:00,17.0,2.28,1,0.975,0.08,20.379,0
2024-05-09 19:30,15.9,2.14,1,0.975,0.08,20.41,0
2024-05-09 20:00,14.8,2.0,1,0.0375,0.08,20.369,0
2024-05-09 20:30,14.3,2.01,1,1.2125,0.08,20.404,0
2024-05-09 21:00,13.8,2.03,1,2.225,0.08,20.502,0
2024-05-09 21:30,13.25,1.96,1,1.1,0.08,20.52,0
2024-05-09 22:00,12.7,1.89,1,0.1625,0.08,20.471,0
2024-05-09 22:30,12.35,1.81,1,1.2875,0.08,20.495,0
2024-05-09 23:00,12.0,1.72,1,0.0375,0.08,20.432,0
2024-05-09 23:30,11.6,1.51,1,0.0375,0.08,20.367,0
2024-05-10 00:00,11.2,1.31,1,0.0375,0.08,20.3,0
2024-05-10 00:30,11.35,1.31,1,0.0375,0.08,20.234,0
2024-05-10 01:00,11.5,1.31,1,0.0375,0.08,20.169,0
2024-05-10 01:30,12.15,1.21,1,0.0375,0.08,20.11,0
2024-05-10 02:00,12.8,1.11,1,0.0375,0.08,20.057,0
2024-05-10 02:30,12.6,0.56,1,2.5375,0.08,20.17,0
2024-05-10 03:00,12.4,0.0,1,0.0375,0.08,20.113,0
2024-05-10 03:30,11.95,0.49,1,1.2875,0.08,20.136,0
2024-05-10 04:00,11.5,0.97,1,0.0375,0.08,20.073,0
2024-05-10 04:30,11.2,1.04,1,0.0375,0.08,20.007,0
2024-05-10 05:00,10.9,1.11,1,0.0375,0.08,19.94,0
2024-05-10 05:30,11.7,1.08,1,0.0375,0.08,19.879,0
2024-05-10 06:00,12.5,1.06,1,0.0375,0.08,19.825,0
2024-05-10 06:30,13.45,0.97,1,0.0375,0.08,19.779,0
2024-05-10 07:00,14.4,0.89,1,0.2875,0.08,19.757,0
2024-05-10 07:30,15.25,1.15,1,0.0375,0.08,19.725,0
2024-05-10 08:00,16.1,1.42,1,1.5875,0.08,19.804,0
2024-05-10 08:30,16.95,1.83,0,1.3375,0.08,19.871,0
2024-05-10 09:00,17.8,2.25,0,0.0375,0.08,19.858,0
2024-05-10 09:30,18.45,2.62,0,0.0375,0.08,19.85,0
2024-05-10 10:00,19.1,3.0,0,0.0375,0.08,19.846,0
2024-05-10 10:30,19.55,3.08,0,0.0375,0.08,19.847,0
2024-05-10 11:00,20.0,3.17,0,0.0375,0.08,20.0,0
2024-05-10 11:30,20.35,3.12,0,0.0375,0.08,20.35,0
2024-05-10 12:00,20.7,3.08,0,0.0375,0.08,20.7,0
2024-05-10 12:30,21.0,2.82,0,0.0375,0.08,21.0,0
2024-05-10 13:00,21.3,2.56,0,0.0375,0.08,21.3,0
2024-05-10 13:30,21.5,2.51,0,0.0375,0.08,21.5,0
2024-05-10 14:00,21.7,2.47,0,0.0375,0.08,21.7,0
2024-05-10 14:30,21.75,2.71,0,0.0375,0.08,21.75,0
2024-05-10 15:00,21.8,2.94,0,0.0375,0.08,21.8,0
2024-05-10 15:30,21.45,2.99,0,0.0375,0.08,21.8,0
2024-05-10 16:00,21.1,3.03,0,0.0375,0.08,21.797,0
2024-05-10 16:30,20.9,2.76,0,0.0375,0.08,21.793,0
2024-05-10 17:00,20.7,2.5,0,0.0375,0.08,21.787,0
2024-05-10 17:30,20.5,2.21,1,0.1625,0.08,21.788,0
2024-05-10 18:00,20.3,1.92,1,1.2125,0.08,21.857,0
2024-05-10 18:30,19.5,2.31,1,0.870833,0.08,21.898,0
2024-05-10 19:00,18.7,2.69,1,0.870833,0.08,21.931,0
2024-05-10 19:30,17.75,3.26,1,2.745833,0.08,22.083,0
2024-05-10 20:00,16.8,3.83,1,1.9125,0.08,22.17,0
2024-05-10 20:30,16.1,3.65,1,0.0375,0.08,22.126,0
2024-05-10 21:00,15.4,3.47,1,0.0375,0.08,22.077,0
2024-05-10 21:30,14.65,2.94,1,0.0375,0.08,22.023,0
2024-05-10 22:00,13.9,2.42,1,0.0375,0.08,21.963,0
2024-05-10 22:30,13.35,2.15,1,1.0875,0.08,21.97,0
2024-05-10 23:00,12.8,1.89,1,0.0375,0.08,21.902,0
2024-05-10 23:30,12.4,1.83,1,0.0375,0.08,21.832,0
2024-05-11 00:00,12.0,1.78,1,0.0375,0.08,21.759,0
2024-05-11 00:30,11.85,1.96,1,0.0375,0.08,21.686,0
2024-05-11 01:00,11.7,2.14,1,0.0375,0.08,21.612,0
2024-05-11 01:30,11.5,2.12,1,0.0375,0.08,21.537,0
2024-05-11 02:00,11.3,2.11,1,0.0375,0.08,21.461,0
2024-05-11 02:30,11.1,2.11,1,0.0375,0.08,21.385,0
2024-05-11 03:00,10.9,2.11,1,0.0375,0.08,21.307,0
2024-05-11 03:30,10.7,2.08,1,0.0375,0.08,21.228,0
2024-05-11 04:00,10.5,2.06,1,0.0375,0.08,21.149,0
2024-05-11 04:30,10.5,2.19,1,0.0375,0.08,21.07,0
2024-05-11 05:00,10.5,2.33,1,0.0375,0.08,20.991,0
2024-05-11 05:30,11.15,2.33,1,0.0375,0.08,20.918,0
2024-05-11 06:00,11.8,2.33,1,0.0375,0.08,20.851,0
2024-05-11 06:30,12.55,2.33,1,0.0375,0.08,20.79,0
2024-05-11 07:00,13.3,2.33,1,0.0375,0.08,20.735,0
2024-05-11 07:30,14.15,2.44,1,0.0375,0.08,20.687,0
2024-05-11 08:00,15.0,2.56,1,0.0375,0.08,20.646,0
2024-05-11 08:30,15.75,2.69,1,1.3375,0.08,20.698,0
2024-05-11 09:00,16.5,2.83,1,1.4625,0.08,20.764,0
2024-05-11 09:30,17.1,3.01,1,0.975,0.08,20.801,0
2024-05-11 10:00,17.7,3.19,1,0.975,0.08,20.842,0
2024-05-11 10:30,18.2,3.38,1,0.0375,0.08,20.825,0
2024-05-11 11:00,18.7,3.56,1,0.0375,0.08,20.811,0
2024-05-11 11:30,19.1,3.67,1,1.4125,0.08,20.892,0
2024-05-11 12:00,19.5,3.78,1,1.2875,0.08,20.968,0
2024-05-11 12:30,19.85,4.15,1,0.1625,0.08,20.97,0
2024-05-11 13:00,20.2,4.53,1,0.1625,0.08,20.975,0
2024-05-11 13:30,20.4,4.56,1,0.0375,0.08,20.973,0
2024-05-11 14:00,20.6,4.58,1,0.0375,0.08,20.973,0
2024-05-11 14:30,20.6,4.5,1,0.0375,0.08,20.972,0
2024-05-11 15:00,20.6,4.42,1,0.0375,0.08,20.972,0
2024-05-11 15:30,20.45,4.42,1,0.1625,0.08,20.979,0
2024-05-11 16:00,20.3,4.42,1,2.1375,0.08,21.117,0
2024-05-11 16:30,20.15,4.04,1,0.0375,0.08,21.112,0
2024-05-11 17:00,20.0,3.67,1,0.0375,0.08,21.106,0
2024-05-11 17:30,19.4,4.1,1,0.0375,0.08,21.095,0
2024-05-11 18:00,18.8,4.53,1,0.0375,0.08,21.08,0
2024-05-11 18:30,17.7,4.72,1,0.0375,0.08,21.057,0
2024-05-11 19:00,16.6,4.92,1,0.0375,0.08,21.025,0
2024-05-11 19:30,15.5,4.43,1,1.2875,0.08,21.069,0
2024-05-11 20:00,14.4,3.94,1,0.0375,0.08,21.02,0
2024-05-11 20:30,13.75,3.5,1,0.0375,0.08,20.967,0
2024-05-11 21:00,13.1,3.06,1,0.0375,0.08,20.91,0
2024-05-11 21:30,12.75,2.71,1,0.975,0.08,20.912,0
2024-05-11 22:00,12.4,2.36,1,1.1,0.08,20.921,0
2024-05-11 22:30,11.95,2.06,1,0.0375,0.08,20.854,0
2024-05-11 23:00,11.5,1.75,1,0.0375,0.08,20.785,0
2024-05-11 23:30,11.1,1.76,1,0.0375,0.08,20.714,0
2024-05-12 00:00,10.7,1.78,1,0.0375,0.08,20.64,0
2024-05-12 00:30,10.4,1.69,1,0.0375,0.08,20.564,0
2024-05-12 01:00,10.1,1.61,1,0.0375,0.08,20.486,0
2024-05-12 01:30,9.75,1.51,1,0.0375,0.08,20.406,0
2024-05-12 02:00,9.4,1.42,1,0.0375,0.08,20.325,0
2024-05-12 02:30,9.25,1.43,1,0.0375,0.08,20.242,0
2024-05-12 03:00,9.1,1.44,1,0.0375,0.08,20.16,0
2024-05-12 03:30,8.8,1.44,1,0.0375,0.08,20.075,0
2024-05-12 04:00,8.5,1.44,1,0.0375,0.08,19.989,0
2024-05-12 04:30,8.8,1.36,1,0.0375,0.08,19.906,0
2024-05-12 05:00,9.1,1.28,1,1.2875,0.08,19.909,0
2024-05-12 05:30,9.85,1.36,1,0.0375,0.08,19.835,0
2024-05-12 06:00,10.6,1.44,1,0.0375,0.08,19.767,0
2024-05-12 06:30,11.3,1.38,1,0.0375,0.08,19.704,0
2024-05-12 07:00,12.0,1.31,1,0.0375,0.08,19.648,0
2024-05-12 07:30,12.95,1.36,1,0.0375,0.08,19.599,0
2024-05-12 08:00,13.9,1.42,1,0.0375,0.08,19.558,0
2024-05-12 08:30,14.9,1.71,1,0.0375,0.08,19.525,0
2024-05-12 09:00,15.9,2.0,1,0.0375,0.08,19.5,0
2024-05-12 09:30,16.8,2.31,1,0.0375,0.08,19.482,0
2024-05-12 10:00,17.7,2.61,1,0.0375,0.08,19.47,0
2024-05-12 10:30,18.6,2.88,1,0.0375,0.08,19.466,0
2024-05-12 11:00,19.5,3.14,1,2.5875,0.08,19.639,0
2024-05-12 11:30,20.25,3.53,1,1.4625,0.08,20.25,0
2024-05-12 12:00,21.0,3.92,1,0.1625,0.08,21.0,0
2024-05-12 12:30,21.5,4.32,1,0.1625,0.08,21.5,0
2024-05-12 13:00,22.0,4.72,1,0.0375,0.08,22.0,0
2024-05-12 13:30,21.9,4.85,1,0.975,0.08,22.064,0
2024-05-12 14:00,21.8,4.97,1,2.025,0.08,22.198,0
2024-05-12 14:30,21.8,4.96,1,0.0375,0.08,22.197,0
2024-05-12 15:00,21.8,4.94,1,0.975,0.08,22.259,0
2024-05-12 15:30,21.75,4.99,1,0.975,0.08,22.321,0
2024-05-12 16:00,21.7,5.03,1,0.1625,0.08,22.327,0
2024-05-12 16:30,21.7,4.93,1,0.0375,0.08,22.324,0
2024-05-12 17:00,21.7,4.83,1,0.0375,0.08,22.322,0
2024-05-12 17:30,21.25,4.72,1,1.0875,0.08,22.387,0
2024-05-12 18:00,20.8,4.61,1,0.1625,0.08,22.385,0
2024-05-12 18:30,19.85,4.47,1,0.0375,0.08,22.368,0
2024-05-12 19:00,18.9,4.33,1,0.0375,0.08,22.344,0
2024-05-12 19:30,18.4,4.39,1,0.0375,0.08,22.317,0
2024-05-12 20:00,17.9,4.44,1,0.0375,0.08,22.285,0
2024-05-12 20:30,17.6,4.31,1,0.0375,0.08,22.252,0
2024-05-12 21:00,17.3,4.17,1,0.1625,0.08,22.225,0
2024-05-12 21:30,16.7,3.82,1,0.0375,0.08,22.185,0
2024-05-12 22:00,16.1,3.47,1,0.0375,0.08,22.141,0
2024-05-12 22:30,15.4,3.04,1,0.0375,0.08,22.092,0
2024-05-12 23:00,14.7,2.61,1,0.0375,0.08,22.038,0
2024-05-12 23:30,14.15,2.33,1,1.2875,0.08,22.064,0
2024-05-13 00:00,13.6,2.06,1,0.0375,0.08,22.001,0
2024-05-13 00:30,13.5,2.01,1,0.0375,0.08,21.939,0
2024-05-13 01:00,13.4,1.97,1,0.0375,0.08,21.876,0
2024-05-13 01:30,12.8,1.76,1,0.0375,0.08,21.809,0
2024-05-13 02:00,12.2,1.56,1,0.0375,0.08,21.738,0
2024-05-13 02:30,12.0,1.72,1,0.0375,0.08,21.666,0
2024-05-13 03:00,11.8,1.89,1,0.0375,0.08,21.593,0
2024-05-13 03:30,11.7,1.85,1,0.0375,0.08,21.52,0
2024-05-13 04:00,11.6,1.81,1,0.0375,0.08,21.446,0
2024-05-13 04:30,12.25,2.01,1,0.0375,0.08,21.378,0
2024-05-13 05:00,12.9,2.22,1,0.0375,0.08,21.316,0
2024-05-13 05:30,13.7,2.75,1,0.0375,0.08,21.26,0
2024-05-13 06:00,14.5,3.28,1,0.0375,0.08,21.211,0
2024-05-13 06:30,14.7,3.1,1,0.0375,0.08,21.164,0
2024-05-13 07:00,14.9,2.92,1,0.0375,0.08,21.118,0
2024-05-13 07:30,15.3,3.38,1,0.1625,0.08,21.085,0
2024-05-13 08:00,15.7,3.83,1,0.1625,0.08,21.054,0
2024-05-13 08:30,16.35,4.4,0,0.0375,0.08,21.021,0
2024-05-13 09:00,17.0,4.97,0,0.0375,0.08,20.992,0
2024-05-13 09:30,17.45,5.18,0,0.0375,0.08,20.968,0
2024-05-13 10:00,17.9,5.39,0,0.0375,0.08,20.947,0
2024-05-13 10:30,17.9,5.9,0,0.0375,0.08,20.926,0
2024-05-13 11:00,17.9,6.42,0,0.0375,0.08,20.905,0
2024-05-13 11:30,19.15,7.11,0,0.0375,0.08,20.895,0
2024-05-13 12:00,20.4,7.81,0,0.0375,0.08,20.893,0
2024-05-13 12:30,19.95,7.82,0,0.0375,0.08,20.889,0
2024-05-13 13:00,19.5,7.83,0,0.0375,0.08,20.88,0
2024-05-13 13:30,19.35,7.51,0,0.0375,0.08,20.871,0
2024-05-13 14:00,19.2,7.19,0,0.0375,0.08,20.861,0
2024-05-13 14:30,19.3,7.43,0,0.0375,0.08,20.851,0
2024-05-13 15:00,19.4,7.67,0,0.0375,0.08,20.843,0
2024-05-13 15:30,19.1,7.64,0,0.0375,0.08,20.832,0
2024-05-13 16:00,18.8,7.61,0,0.0375,0.08,20.819,0
2024-05-13 16:30,19.0,7.15,0,0.0375,0.08,20.808,0
2024-05-13 17:00,19.2,6.69,0,0.0375,0.08,20.798,0
2024-05-13 17:30,18.8,6.33,1,0.1625,0.08,20.793,0
2024-05-13 18:00,18.4,5.97,1,2.225,0.08,20.924,0
2024-05-13 18:30,18.0,5.94,1,1.808333,0.08,21.022,0
2024-05-13 19:00,17.6,5.92,1,0.995833,0.08,21.063,0
2024-05-13 19:30,16.95,5.67,1,1.920833,0.08,21.16,0
2024-05-13 20:00,16.3,5.42,1,0.1625,0.08,21.133,0
2024-05-13 20:30,15.9,5.15,1,0.0375,0.08,21.096,0
2024-05-13 21:00,15.5,4.89,1,1.4125,0.08,21.147,0
2024-05-13 21:30,15.35,4.85,1,0.0375,0.08,21.105,0
2024-05-13 22:00,15.2,4.81,1,0.0375,0.08,21.063,0
2024-05-13 22:30,15.3,4.75,1,1.0875,0.08,21.091,0
2024-05-13 23:00,15.4,4.69,1,1.2875,0.08,21.134,0
2024-05-13 23:30,15.1,4.44,1,0.0375,0.08,21.09,0
2024-05-14 00:00,14.8,4.19,1,0.0375,0.08,21.044,0
2024-05-14 00:30,14.45,4.21,1,0.0375,0.08,20.996,0
2024-05-14 01:00,14.1,4.22,1,0.0375,0.08,20.946,0
2024-05-14 01:30,13.85,4.31,1,0.0375,0.08,20.894,0
2024-05-14 02:00,13.6,4.39,1,0.0375,0.08,20.841,0
2024-05-14 02:30,13.6,4.22,1,0.0375,0.08,20.788,0
2024-05-14 03:00,13.6,4.06,1,0.0375,0.08,20.736,0
2024-05-14 03:30,13.7,4.12,1,0.0375,0.08,20.684,0
2024-05-14 04:00,13.8,4.19,1,0.0375,0.08,20.634,0
2024-05-14 04:30,13.95,3.96,1,0.0375,0.08,20.585,0
2024-05-14 05:00,14.1,3.72,1,0.0375,0.08,20.538,0
2024-05-14 05:30,14.2,3.85,1,1.2875,0.08,20.576,0
2024-05-14 06:00,14.3,3.97,1,0.0375,0.08,20.53,0
2024-05-14 06:30,14.5,3.87,1,0.0375,0.08,20.487,0
2024-05-14 07:00,14.7,3.78,1,0.1625,0.08,20.453,0
2024-05-14 07:30,14.9,3.9,1,1.0875,0.08,20.483,0
2024-05-14 08:00,15.1,4.03,1,0.0375,0.08,20.445,0
2024-05-14 08:30,15.45,4.06,0,0.0375,0.08,20.409,0
2024-05-14 09:00,15.8,4.08,0,0.0375,0.08,20.376,0
2024-05-14 09:30,15.7,4.46,0,0.0375,0.08,20.343,0
2024-05-14 10:00,15.6,4.83,0,0.0375,0.08,20.309,0
2024-05-14 10:30,15.7,5.03,0,0.0375,0.08,20.276,0
2024-05-14 11:00,15.8,5.22,0,0.0375,0.08,20.245,0
2024-05-14 11:30,15.85,5.06,0,0.0375,0.08,20.214,0
2024-05-14 12:00,15.9,4.89,0,0.0375,0.08,20.183,0
2024-05-14 12:30,15.95,4.65,0,0.0375,0.08,20.153,0
2024-05-14 13:00,16.0,4.42,0,0.0375,0.08,20.124,0
2024-05-14 13:30,16.4,4.6,0,0.0375,0.08,20.098,0
2024-05-14 14:00,16.8,4.78,0,0.0375,0.08,20.075,0
2024-05-14 14:30,16.5,4.83,0,0.0375,0.08,20.05,0
2024-05-14 15:00,16.2,4.89,0,0.0375,0.08,20.023,0
2024-05-14 15:30,16.3,4.93,0,0.0375,0.08,19.997,0
2024-05-14 16:00,16.4,4.97,0,0.0375,0.08,19.972,0
2024-05-14 16:30,16.15,4.9,0,0.0375,0.08,19.946,0
2024-05-14 17:00,15.9,4.83,0,0.0375,0.08,19.917,0
2024-05-14 17:30,15.7,4.51,1,0.0375,0.08,19.887,0
2024-05-14 18:00,15.5,4.19,1,1.2875,0.08,19.94,0
2024-05-14 18:30,15.2,3.9,1,0.1625,0.08,19.914,0
2024-05-14 19:00,14.9,3.61,1,0.0375,0.08,19.878,0
2024-05-14 19:30,14.65,3.58,1,0.0375,0.08,19.841,0
2024-05-14 20:00,14.4,3.56,1,0.0375,0.08,19.802,0
2024-05-14 20:30,14.2,3.61,1,0.4125,0.08,19.787,0
2024-05-14 21:00,14.0,3.67,1,1.3375,0.08,19.832,0
2024-05-14 21:30,13.9,3.71,1,2.275,0.08,19.938,0
2024-05-14 22:00,13.8,3.75,1,2.15,0.08,20.035,0
2024-05-14 22:30,13.65,3.86,1,1.2875,0.08,20.072,0
2024-05-14 23:00,13.5,3.97,1,0.0375,0.08,20.024,0
2024-05-14 23:30,13.4,3.58,1,0.0375,0.08,19.976,0
2024-05-15 00:00,13.3,3.19,1,0.0375,0.08,19.928,0
2024-05-15 00:30,12.85,2.9,1,0.0375,0.08,19.876,0
2024-05-15 01:00,12.4,2.61,1,0.0375,0.08,19.821,0
2024-05-15 01:30,12.35,2.31,1,0.0375,0.08,19.767,0
2024-05-15 02:00,12.3,2.0,1,0.0375,0.08,19.712,0
2024-05-15 02:30,12.3,2.21,1,0.0375,0.08,19.658,0
2024-05-15 03:00,12.3,2.42,1,0.0375,0.08,19.604,0
2024-05-15 03:30,12.25,2.6,1,0.0375,0.08,19.55,0
2024-05-15 04:00,12.2,2.78,1,0.0375,0.08,19.496,0
2024-05-15 04:30,12.25,3.06,1,0.0375,0.08,19.443,0
2024-05-15 05:00,12.3,3.33,1,0.0375,0.08,19.391,0
2024-05-15 05:30,12.7,3.54,1,1.2875,0.08,19.426,0
2024-05-15 06:00,13.1,3.75,1,0.0375,0.08,19.38,0
2024-05-15 06:30,13.3,3.72,1,0.0375,0.08,19.336,0
2024-05-15 07:00,13.5,3.69,1,0.0375,0.08,19.294,0
2024-05-15 07:30,13.9,3.57,1,0.975,0.08,19.318,0
2024-05-15 08:00,14.3,3.44,1,2.35,0.08,19.437,0
2024-05-15 08:30,14.65,3.56,0,0.0375,0.08,19.402,0
2024-05-15 09:00,15.0,3.67,0,0.0375,0.08,19.371,0
2024-05-15 09:30,14.9,3.61,0,0.0375,0.08,19.339,0
2024-05-15 10:00,14.8,3.56,0,0.0375,0.08,19.307,0
2024-05-15 10:30,15.25,3.51,0,0.0375,0.08,19.279,0
2024-05-15 11:00,15.7,3.47,0,0.0375,0.08,19.254,0
2024-05-15 11:30,15.35,3.42,0,0.0375,0.08,19.226,0
2024-05-15 12:00,15.0,3.36,0,0.0375,0.08,19.197,0
2024-05-15 12:30,15.9,3.18,0,0.0375,0.08,19.174,0
2024-05-15 13:00,16.8,3.0,0,0.0375,0.08,19.158,0
2024-05-15 13:30,17.1,3.03,0,0.0375,0.08,19.145,0
2024-05-15 14:00,17.4,3.06,0,0.0375,0.08,19.134,0
2024-05-15 14:30,17.55,3.06,0,0.0375,0.08,19.125,0
2024-05-15 15:00,17.7,3.06,0,0.0375,0.08,19.116,0
2024-05-15 15:30,17.05,3.57,0,0.0375,0.08,19.103,0
2024-05-15 16:00,16.4,4.08,0,0.0375,0.08,19.085,0
2024-05-15 16:30,15.85,3.03,0,0.0375,0.08,19.062,0
2024-05-15 17:00,15.3,1.97,0,0.0375,0.08,19.036,0
2024-05-15 17:30,15.7,2.12,1,1.920833,0.08,19.139,0
2024-05-15 18:00,16.1,2.28,1,0.995833,0.08,19.182,0
2024-05-15 18:30,15.5,2.19,1,2.120833,0.08,19.296,0
2024-05-15 19:00,14.9,2.11,1,0.975,0.08,19.327,0
2024-05-15 19:30,14.35,1.74,1,1.1,0.08,19.363,0
2024-05-15 20:00,13.8,1.36,1,0.0375,0.08,19.323,0
2024-05-15 20:30,13.55,1.58,1,0.0375,0.08,19.281,0
2024-05-15 21:00,13.3,1.81,1,0.0375,0.08,19.238,0
2024-05-15 21:30,13.15,1.6,1,1.3375,0.08,19.281,0
2024-05-15 22:00,13.0,1.39,1,0.0375,0.08,19.235,0
2024-05-15 22:30,12.9,1.56,1,0.1625,0.08,19.197,0
2024-05-15 23:00,12.8,1.72,1,0.0375,0.08,19.151,0
2024-05-15 23:30,12.25,1.54,1,0.0375,0.08,19.101,0
2024-05-16 00:00,11.7,1.36,1,0.0375,0.08,19.046,0
2024-05-16 00:30,11.7,1.25,1,0.0375,0.08,18.993,0
2024-05-16 01:00,11.7,1.14,1,0.0375,0.08,18.939,0
2024-05-16 01:30,11.65,1.53,1,1.2875,0.08,18.97,0
2024-05-16 02:00,11.6,1.92,1,0.0375,0.08,18.916,0
2024-05-16 02:30,11.5,1.61,1,0.0375,0.08,18.862,0
2024-05-16 03:00,11.4,1.31,1,0.0375,0.08,18.807,0
2024-05-16 03:30,11.3,1.14,1,0.0375,0.08,18.752,0
2024-05-16 04:00,11.2,0.97,1,0.0375,0.08,18.697,0
2024-05-16 04:30,11.25,1.38,1,0.0375,0.08,18.642,0
2024-05-16 05:00,11.3,1.78,1,0.0375,0.08,18.589,0
2024-05-16 05:30,11.65,2.03,1,0.0375,0.08,18.538,0
2024-05-16 06:00,12.0,2.28,1,0.0375,0.08,18.49,0
2024-05-16 06:30,12.4,2.24,1,0.0375,0.08,18.446,0
2024-05-16 07:00,12.8,2.19,1,0.1625,0.08,18.414,0
2024-05-16 07:30,13.1,2.31,1,0.0375,0.08,18.376,0
2024-05-16 08:00,13.4,2.42,1,0.0375,0.08,18.34,0
2024-05-16 08:30,13.95,2.51,0,0.0375,0.08,18.309,0
2024-05-16 09:00,14.5,2.61,0,0.0375,0.08,18.282,0
2024-05-16 09:30,14.85,2.71,0,0.0375,0.08,18.259,0
2024-05-16 10:00,15.2,2.81,0,0.0375,0.08,18.238,0
2024-05-16 10:30,15.5,2.96,0,0.0375,0.08,18.219,0
2024-05-16 11:00,15.8,3.11,0,0.0375,0.08,18.203,0
2024-05-16 11:30,15.8,3.1,0,0.0375,0.08,18.187,0
2024-05-16 12:00,15.8,3.08,0,0.0375,0.08,18.172,0
2024-05-16 12:30,16.1,3.79,0,0.0375,0.08,18.158,0
2024-05-16 13:00,16.4,4.5,0,0.0375,0.08,18.147,0
2024-05-16 13:30,16.6,4.0,0,0.0375,0.08,18.138,0
2024-05-16 14:00,16.8,3.5,0,0.0375,0.08,18.13,0
2024-05-16 14:30,17.15,4.06,0,0.0375,0.08,18.125,0
2024-05-16 15:00,17.5,4.61,0,0.0375,0.08,18.123,0
2024-05-16 15:30,17.3,5.07,0,0.0375,0.08,18.119,0
2024-05-16 16:00,17.1,5.53,0,0.0375,0.08,18.114,0
2024-05-16 16:30,16.95,5.1,0,0.0375,0.08,18.107,0
2024-05-16 17:00,16.8,4.67,0,0.0375,0.08,18.1,0
2024-05-16 17:30,16.6,4.65,1,0.0375,0.08,18.091,0
2024-05-16 18:00,16.4,4.64,1,1.2125,0.08,18.159,0
2024-05-16 18:30,15.9,4.19,1,1.0875,0.08,18.215,0
2024-05-16 19:00,15.4,3.75,1,0.0375,0.08,18.195,0
2024-05-16 19:30,14.7,3.4,1,0.1625,0.08,18.18,0
2024-05-16 20:00,14.0,3.06,1,0.0375,0.08,18.15,0
2024-05-16 20:30,13.7,3.01,1,1.2875,0.08,18.202,0
2024-05-16 21:00,13.4,2.97,1,1.2875,0.08,18.251,0
2024-05-16 21:30,13.2,2.94,1,0.2875,0.08,18.232,0
2024-05-16 22:00,13.0,2.92,1,0.975,0.08,18.257,0
2024-05-16 22:30,12.65,2.67,1,1.1,0.08,18.288,0
2024-05-16 23:00,12.3,2.42,1,0.0375,0.08,18.244,0
2024-05-16 23:30,12.05,2.15,1,0.0375,0.08,18.199,0
2024-05-17 00:00,11.8,1.89,1,0.0375,0.08,18.153,0
2024-05-17 00:30,11.8,1.83,1,0.0375,0.08,18.107,0
2024-05-17 01:00,11.8,1.78,1,0.0375,0.08,18.061,0
2024-05-17 01:30,11.65,1.56,1,0.0375,0.08,18.015,0
2024-05-17 02:00,11.5,1.33,1,0.0375,0.08,17.967,0
2024-05-17 02:30,11.5,1.17,1,0.0375,0.08,17.92,0
2024-05-17 03:00,11.5,1.0,1,0.0375,0.08,17.874,0
2024-05-17 03:30,11.55,0.83,1,0.0375,0.08,17.828,0
2024-05-17 04:00,11.6,0.67,1,0.0375,0.08,17.783,0
2024-05-17 04:30,11.7,0.49,1,0.0375,0.08,17.738,0
2024-05-17 05:00,11.8,0.31,1,0.0375,0.08,17.696,0
2024-05-17 05:30,12.0,0.4,1,0.0375,0.08,17.654,0
2024-05-17 06:00,12.2,0.5,1,0.0375,0.08,17.615,0
2024-05-17 06:30,12.6,0.71,1,0.0375,0.08,17.579,0
2024-05-17 07:00,13.0,0.92,1,1.0875,0.08,17.617,0
2024-05-17 07:30,13.35,1.17,1,1.3375,0.08,17.674,0
2024-05-17 08:00,13.7,1.42,1,1.3375,0.08,17.733,0
2024-05-17 08:30,14.4,1.22,0,0.0375,0.08,17.71,0
2024-05-17 09:00,15.1,1.03,0,0.0375,0.08,17.692,0
2024-05-17 09:30,15.55,0.96,0,0.0375,0.08,17.678,0
2024-05-17 10:00,16.0,0.89,0,0.0375,0.08,17.668,0
2024-05-17 10:30,16.65,0.82,0,0.0375,0.08,17.663,0
2024-05-17 11:00,17.3,0.75,0,0.0375,0.08,17.662,0
2024-05-17 11:30,17.95,0.78,0,0.0375,0.08,17.95,0
2024-05-17 12:00,18.6,0.81,0,0.0375,0.08,18.6,0
2024-05-17 12:30,18.7,1.01,0,0.0375,0.08,18.7,0
2024-05-17 13:00,18.8,1.22,0,0.0375,0.08,18.8,0
2024-05-17 13:30,18.95,1.43,0,0.0375,0.08,18.95,0
2024-05-17 14:00,19.1,1.64,0,0.0375,0.08,19.1,0
2024-05-17 14:30,19.25,1.28,0,0.0375,0.08,19.25,0
2024-05-17 15:00,19.4,0.92,0,0.0375,0.08,19.4,0
2024-05-17 15:30,19.3,1.1,0,0.0375,0.08,19.402,0
2024-05-17 16:00,19.2,1.28,0,0.0375,0.08,19.403,0
2024-05-17 16:30,18.95,1.46,0,0.0375,0.08,19.402,0
2024-05-17 17:00,18.7,1.64,0,0.0375,0.08,19.399,0
2024-05-17 17:30,18.4,1.89,1,0.0375,0.08,19.394,0
2024-05-17 18:00,18.1,2.14,1,1.920833,0.08,19.512,0
2024-05-17 18:30,17.65,1.97,1,0.995833,0.08,19.565,0
2024-05-17 19:00,17.2,1.81,1,2.245833,0.08,19.697,0
2024-05-17 19:30,16.25,1.72,1,0.1625,0.08,19.681,0
2024-05-17 20:00,15.3,1.64,1,0.2875,0.08,19.667,0
2024-05-17 20:30,14.6,2.12,1,0.0375,0.08,19.63,0
2024-05-17 21:00,13.9,2.61,1,1.2875,0.08,19.673,0
2024-05-17 21:30,13.05,2.01,1,0.0375,0.08,19.624,0
2024-05-17 22:00,12.2,1.42,1,0.975,0.08,19.633,0
2024-05-17 22:30,11.65,1.46,1,1.1,0.08,19.645,0
2024-05-17 23:00,11.1,1.5,1,1.2875,0.08,19.666,0
2024-05-17 23:30,11.4,1.72,1,0.0375,0.08,19.605,0
2024-05-18 00:00,11.7,1.94,1,0.0375,0.08,19.547,0
2024-05-18 00:30,11.9,1.68,1,0.0375,0.08,19.491,0
2024-05-18 01:00,12.1,1.42,1,1.2875,0.08,19.521,0
2024-05-18 01:30,12.25,2.08,1,0.0375,0.08,19.467,0
2024-05-18 02:00,12.4,2.75,1,0.0375,0.08,19.416,0
2024-05-18 02:30,12.45,2.78,1,0.0375,0.08,19.365,0
2024-05-18 03:00,12.5,2.81,1,0.0375,0.08,19.315,0
2024-05-18 03:30,12.2,3.11,1,0.0375,0.08,19.263,0
2024-05-18 04:00,11.9,3.42,1,0.0375,0.08,19.209,0
2024-05-18 04:30,11.85,3.67,1,0.0375,0.08,19.155,0
2024-05-18 05:00,11.8,3.92,1,0.0375,0.08,19.102,0
2024-05-18 05:30,12.0,3.99,1,0.0375,0.08,19.05,0
2024-05-18 06:00,12.2,4.06,1,0.0375,0.08,19.0,0
2024-05-18 06:30,12.55,4.18,1,0.0375,0.08,18.953,0
2024-05-18 07:00,12.9,4.31,1,0.0375,0.08,18.909,0
2024-05-18 07:30,13.45,4.17,1,0.0375,0.08,18.87,0
2024-05-18 08:00,14.0,4.03,1,0.0375,0.08,18.835,0
2024-05-18 08:30,14.7,3.86,1,0.0375,0.08,18.806,0
2024-05-18 09:00,15.4,3.69,1,0.0375,0.08,18.782,0
2024-05-18 09:30,16.05,3.71,1,0.0375,0.08,18.764,0
2024-05-18 10:00,16.7,3.72,1,0.1625,0.08,18.759,0
2024-05-18 10:30,17.35,3.58,1,0.0375,0.08,18.751,0
2024-05-18 11:00,18.0,3.44,1,0.1625,0.08,18.756,0
2024-05-18 11:30,19.0,3.53,1,0.0375,0.08,19.0,0
2024-05-18 12:00,20.0,3.61,1,0.0375,0.08,20.0,0
2024-05-18 12:30,20.0,3.22,1,0.0375,0.08,20.003,0
2024-05-18 13:00,20.0,2.83,1,0.0375,0.08,20.005,0
2024-05-18 13:30,20.4,3.17,1,0.0375,0.08,20.4,0
2024-05-18 14:00,20.8,3.5,1,0.870833,0.08,20.8,0
2024-05-18 14:30,20.8,3.5,1,0.870833,0.08,20.858,0
2024-05-18 15:00,20.8,3.5,1,2.120833,0.08,21.0,0
2024-05-18 15:30,20.75,3.46,1,1.0875,0.08,21.07,0
2024-05-18 16:00,20.7,3.42,1,0.0375,0.08,21.07,0
2024-05-18 16:30,20.5,3.38,1,0.1625,0.08,21.076,0
2024-05-18 17:00,20.3,3.33,1,0.0375,0.08,21.073,0
2024-05-18 17:30,19.85,3.4,1,1.0875,0.08,21.136,0
2024-05-18 18:00,19.4,3.47,1,0.0375,0.08,21.126,0
2024-05-18 18:30,18.35,3.69,1,1.1,0.08,21.178,0
2024-05-18 19:00,17.3,3.92,1,1.1,0.08,21.222,0
2024-05-18 19:30,16.1,3.56,1,1.2875,0.08,21.269,0
2024-05-18 20:00,14.9,3.19,1,0.0375,0.08,21.222,0
2024-05-18 20:30,14.0,2.83,1,0.0375,0.08,21.17,0
2024-05-18 21:00,13.1,2.47,1,0.0375,0.08,21.11,0
2024-05-18 21:30,12.25,2.24,1,0.1625,0.08,21.053,0
2024-05-18 22:00,11.4,2.0,1,0.0375,0.08,20.982,0
2024-05-18 22:30,10.95,2.12,1,0.0375,0.08,20.908,0
2024-05-18 23:00,10.5,2.25,1,0.0375,0.08,20.831,0
2024-05-18 23:30,10.25,2.56,1,0.0375,0.08,20.752,0
2024-05-19 00:00,10.0,2.86,1,0.0375,0.08,20.672,0
2024-05-19 00:30,9.9,2.93,1,0.0375,0.08,20.592,0
2024-05-19 01:00,9.8,3.0,1,0.0375,0.08,20.512,0
2024-05-19 01:30,9.55,3.0,1,0.0375,0.08,20.431,0
2024-05-19 02:00,9.3,3.0,1,0.0375,0.08,20.348,0
2024-05-19 02:30,9.1,3.0,1,0.0375,0.08,20.265,0
2024-05-19 03:00,8.9,3.0,1,0.0375,0.08,20.18,0
2024-05-19 03:30,8.7,3.0,1,0.0375,0.08,20.095,0
2024-05-19 04:00,8.5,3.0,1,0.0375,0.08,20.008,0
2024-05-19 04:30,8.65,3.04,1,0.0375,0.08,19.924,0
2024-05-19 05:00,8.8,3.08,1,0.0375,0.08,19.841,0
2024-05-19 05:30,9.35,3.0,1,0.0375,0.08,19.764,0
2024-05-19 06:00,9.9,2.92,1,0.0375,0.08,19.691,0
2024-05-19 06:30,10.7,2.99,1,0.0375,0.08,19.624,0
2024-05-19 07:00,11.5,3.06,1,0.0375,0.08,19.565,0
2024-05-19 07:30,12.35,3.21,1,0.0375,0.08,19.512,0
2024-05-19 08:00,13.2,3.36,1,0.0375,0.08,19.466,0
2024-05-19 08:30,14.05,3.43,1,1.0875,0.08,19.497,0
2024-05-19 09:00,14.9,3.5,1,0.0375,0.08,19.465,0
2024-05-19 09:30,15.65,3.56,1,0.0375,0.08,19.438,0
2024-05-19 10:00,16.4,3.61,1,0.0375,0.08,19.417,0
2024-05-19 10:30,17.0,3.61,1,0.0375,0.08,19.401,0
2024-05-19 11:00,17.6,3.61,1,0.0375,0.08,19.39,0
2024-05-19 11:30,18.2,3.61,1,0.0375,0.08,19.383,0
2024-05-19 12:00,18.8,3.61,1,0.0375,0.08,19.381,0
2024-05-19 12:30,18.75,3.36,1,1.4125,0.08,19.471,0
2024-05-19 13:00,18.7,3.11,1,0.1625,0.08,19.476,0
2024-05-19 13:30,18.95,3.1,1,0.0375,0.08,19.474,0
2024-05-19 14:00,19.2,3.08,1,0.0375,0.08,19.475,0
2024-05-19 14:30,19.3,3.11,1,0.0375,0.08,19.476,0
2024-05-19 15:00,19.4,3.14,1,0.1625,0.08,19.486,0
2024-05-19 15:30,19.25,3.19,1,0.0375,0.08,19.487,0
2024-05-19 16:00,19.1,3.25,1,0.0375,0.08,19.487,0
2024-05-19 16:30,18.75,3.29,1,0.0375,0.08,19.483,0
2024-05-19 17:00,18.4,3.33,1,0.1625,0.08,19.486,0
2024-05-19 17:30,17.95,3.42,1,0.1625,0.08,19.485,0
2024-05-19 18:00,17.5,3.5,1,1.2875,0.08,19.556,0
2024-05-19 18:30,16.65,3.54,1,0.0375,0.08,19.536,0
2024-05-19 19:00,15.8,3.58,1,2.245833,0.08,19.658,0
2024-05-19 19:30,14.85,3.18,1,0.870833,0.08,19.679,0
2024-05-19 20:00,13.9,2.78,1,0.870833,0.08,19.693,0
2024-05-19 20:30,13.2,2.62,1,0.0375,0.08,19.646,0
2024-05-19 21:00,12.5,2.47,1,0.0375,0.08,19.594,0
2024-05-19 21:30,12.1,2.26,1,2.025,0.08,19.672,0
2024-05-19 22:00,11.7,2.06,1,0.975,0.08,19.676,0
2024-05-19 22:30,11.5,1.99,1,0.0375,0.08,19.616,0
2024-05-19 23:00,11.3,1.92,1,0.0375,0.08,19.555,0
2024-05-19 23:30,11.25,2.15,1,0.0375,0.08,19.494,0
2024-05-20 00:00,11.2,2.39,1,0.0375,0.08,19.433,0
2024-05-20 00:30,11.1,2.72,1,0.0375,0.08,19.371,0
2024-05-20 01:00,11.0,3.06,1,0.0375,0.08,19.31,0
2024-05-20 01:30,11.0,3.12,1,0.0375,0.08,19.249,0
2024-05-20 02:00,11.0,3.19,1,0.0375,0.08,19.188,0
2024-05-20 02:30,11.1,3.18,1,0.0375,0.08,19.129,0
2024-05-20 03:00,11.2,3.17,1,0.0375,0.08,19.07,0
2024-05-20 03:30,11.35,3.24,1,0.0375,0.08,19.014,0
2024-05-20 04:00,11.5,3.31,1,0.0375,0.08,18.959,0
2024-05-20 04:30,11.6,3.4,1,0.0375,0.08,18.905,0
2024-05-20 05:00,11.7,3.5,1,0.0375,0.08,18.852,0
2024-05-20 05:30,11.75,3.62,1,0.0375,0.08,18.801,0
2024-05-20 06:00,11.8,3.75,1,0.0375,0.08,18.749,0
2024-05-20 06:30,11.9,3.72,1,0.0375,0.08,18.7,0
2024-05-20 07:00,12.0,3.69,1,0.0375,0.08,18.651,0
2024-05-20 07:30,12.1,3.62,1,0.0375,0.08,18.603,0
2024-05-20 08:00,12.2,3.56,1,0.0375,0.08,18.557,0
2024-05-20 08:30,12.45,3.53,0,0.0375,0.08,18.512,0
2024-05-20 09:00,12.7,3.5,0,0.0375,0.08,18.47,0
2024-05-20 09:30,13.2,3.42,0,0.0375,0.08,18.433,0
2024-05-20 10:00,13.7,3.33,0,0.0375,0.08,18.399,0
2024-05-20 10:30,14.05,3.26,0,0.0375,0.08,18.368,0
2024-05-20 11:00,14.4,3.19,0,0.0375,0.08,18.34,0
2024-05-20 11:30,14.8,3.15,0,0.0375,0.08,18.316,0
2024-05-20 12:00,15.2,3.11,0,0.0375,0.08,18.294,0
2024-05-20 12:30,14.95,3.11,0,0.0375,0.08,18.271,0
2024-05-20 13:00,14.7,3.11,0,0.0375,0.08,18.246,0
2024-05-20 13:30,15.0,3.04,0,0.0375,0.08,18.224,0
2024-05-20 14:00,15.3,2.97,0,0.0375,0.08,18.204,0
2024-05-20 14:30,15.45,3.03,0,0.0375,0.08,18.186,0
2024-05-20 15:00,15.6,3.08,0,0.0375,0.08,18.168,0
2024-05-20 15:30,15.65,3.18,0,0.0375,0.08,18.152,0
2024-05-20 16:00,15.7,3.28,0,0.0375,0.08,18.135,0
2024-05-20 16:30,15.8,3.36,0,0.0375,0.08,18.12,0
2024-05-20 17:00,15.9,3.44,0,0.0375,0.08,18.105,0
2024-05-20 17:30,15.65,3.54,1,0.2875,0.08,18.106,0
2024-05-20 18:00,15.4,3.64,1,0.1625,0.08,18.096,0
2024-05-20 18:30,14.9,3.46,1,0.0375,0.08,18.074,0
2024-05-20 19:00,14.4,3.28,1,2.6625,0.08,18.224,0
2024-05-20 19:30,13.3,2.75,1,2.025,0.08,18.322,0
2024-05-20 20:00,12.2,2.22,1,1.1,0.08,18.348,0
2024-05-20 20:30,11.5,2.03,1,0.0375,0.08,18.298,0
2024-05-20 21:00,10.8,1.83,1,1.1,0.08,18.314,0
2024-05-20 21:30,10.2,1.71,1,1.808333,0.08,18.373,0
2024-05-20 22:00,9.6,1.58,1,2.120833,0.08,18.448,0
2024-05-20 22:30,9.1,1.57,1,1.920833,0.08,18.505,0
2024-05-20 23:00,8.6,1.56,1,0.0375,0.08,18.431,0
2024-05-20 23:30,8.5,1.62,1,0.0375,0.08,18.358,0
2024-05-21 00:00,8.4,1.69,1,0.0375,0.08,18.284,0
2024-05-21 00:30,8.65,1.6,1,1.2875,0.08,18.297,0
2024-05-21 01:00,8.9,1.5,1,0.0375,0.08,18.227,0
2024-05-21 01:30,8.65,1.88,1,0.0375,0.08,18.156,0
2024-05-21 02:00,8.4,2.25,1,0.0375,0.08,18.084,0
2024-05-21 02:30,8.15,2.33,1,1.2875,0.08,18.094,0
2024-05-21 03:00,7.9,2.42,1,0.0375,0.08,18.019,0
2024-05-21 03:30,7.65,2.39,1,0.0375,0.08,17.942,0
2024-05-21 04:00,7.4,2.36,1,0.0375,0.08,17.864,0
2024-05-21 04:30,7.7,2.44,1,0.0375,0.08,17.788,0
2024-05-21 05:00,8.0,2.53,1,0.0375,0.08,17.716,0
2024-05-21 05:30,8.6,2.53,1,0.0375,0.08,17.649,0
2024-05-21 06:00,9.2,2.53,1,0.0375,0.08,17.586,0
2024-05-21 06:30,9.75,2.93,1,0.0375,0.08,17.529,0
2024-05-21 07:00,10.3,3.33,1,0.975,0.08,17.539,0
2024-05-21 07:30,10.95,3.01,1,1.225,0.08,17.57,0
2024-05-21 08:00,11.6,2.69,1,0.1625,0.08,17.535,0
2024-05-21 08:30,12.4,2.79,0,0.0375,0.08,17.499,0
2024-05-21 09:00,13.2,2.89,0,0.0375,0.08,17.468,0
2024-05-21 09:30,13.95,3.06,0,0.0375,0.08,17.444,0
2024-05-21 10:00,14.7,3.22,0,0.0375,0.08,17.425,0
2024-05-21 10:30,15.2,2.89,0,0.0375,0.08,17.411,0
2024-05-21 11:00,15.7,2.56,0,0.0375,0.08,17.4,0
2024-05-21 11:30,16.15,2.28,0,0.0375,0.08,17.393,0
2024-05-21 12:00,16.6,2.0,0,0.0375,0.08,17.39,0
2024-05-21 12:30,16.45,1.9,0,0.0375,0.08,17.385,0
2024-05-21 13:00,16.3,1.81,0,0.0375,0.08,17.379,0
2024-05-21 13:30,16.4,1.61,0,0.0375,0.08,17.374,0
2024-05-21 14:00,16.5,1.42,0,0.0375,0.08,17.37,0
2024-05-21 14:30,16.8,1.61,0,0.0375,0.08,17.368,0
2024-05-21 15:00,17.1,1.81,0,0.0375,0.08,17.369,0
2024-05-21 15:30,17.3,2.04,0,0.0375,0.08,17.371,0
2024-05-21 16:00,17.5,2.28,0,0.0375,0.08,17.5,0
2024-05-21 16:30,17.55,2.44,0,0.0375,0.08,17.55,0
2024-05-21 17:00,17.6,2.61,0,0.0375,0.08,17.6,0
2024-05-21 17:30,17.15,2.46,1,0.0375,0.08,17.599,0
2024-05-21 18:00,16.7,2.31,1,0.0375,0.08,17.595,0
2024-05-21 18:30,16.1,2.0,1,1.0875,0.08,17.656,0
2024-05-21 19:00,15.5,1.69,1,1.0875,0.08,17.712,0
2024-05-21 19:30,15.05,1.49,1,1.4625,0.08,17.79,0
2024-05-21 20:00,14.6,1.28,1,2.7125,0.08,17.946,0
2024-05-21 20:30,14.3,1.11,1,0.0375,0.08,17.921,0
2024-05-21 21:00,14.0,0.94,1,0.0375,0.08,17.894,0
2024-05-21 21:30,14.05,1.42,1,0.0375,0.08,17.867,0
2024-05-21 22:00,14.1,1.89,1,0.1625,0.08,17.849,0
2024-05-21 22:30,14.0,2.04,1,0.870833,0.08,17.877,0
2024-05-21 23:00,13.9,2.19,1,0.870833,0.08,17.905,0
2024-05-21 23:30,13.8,2.15,1,0.870833,0.08,17.932,0
2024-05-22 00:00,13.7,2.11,1,0.0375,0.08,17.902,0
2024-05-22 00:30,13.4,2.51,1,0.0375,0.08,17.87,0
2024-05-22 01:00,13.1,2.92,1,0.0375,0.08,17.836,0
2024-05-22 01:30,12.8,3.12,1,0.0375,0.08,17.8,0
2024-05-22 02:00,12.5,3.33,1,0.0375,0.08,17.762,0
2024-05-22 02:30,12.3,3.53,1,0.0375,0.08,17.723,0
2024-05-22 03:00,12.1,3.72,1,0.0375,0.08,17.682,0
2024-05-22 03:30,12.05,3.87,1,0.0375,0.08,17.642,0
2024-05-22 04:00,12.0,4.03,1,0.0375,0.08,17.601,0
2024-05-22 04:30,12.05,4.12,1,0.0375,0.08,17.561,0
2024-05-22 05:00,12.1,4.22,1,0.0375,0.08,17.522,0
2024-05-22 05:30,12.2,4.15,1,0.0375,0.08,17.483,0
2024-05-22 06:00,12.3,4.08,1,0.0375,0.08,17.446,0
2024-05-22 06:30,12.4,4.12,1,1.2875,0.08,17.494,0
2024-05-22 07:00,12.5,4.17,1,0.0375,0.08,17.458,0
2024-05-22 07:30,12.7,4.35,1,1.245833,0.08,17.505,0
2024-05-22 08:00,12.9,4.53,1,0.870833,0.08,17.528,0
2024-05-22 08:30,13.0,4.61,0,0.870833,0.08,17.551,0
2024-05-22 09:00,13.1,4.69,0,0.0375,0.08,17.52,0
2024-05-22 09:30,13.3,4.97,0,0.0375,0.08,17.49,0
2024-05-22 10:00,13.5,5.25,0,0.0375,0.08,17.462,0
2024-05-22 10:30,13.6,5.32,0,0.0375,0.08,17.435,0
2024-05-22 11:00,13.7,5.39,0,0.0375,0.08,17.409,0
2024-05-22 11:30,13.85,4.89,0,0.0375,0.08,17.384,0
2024-05-22 12:00,14.0,4.39,0,0.0375,0.08,17.361,0
2024-05-22 12:30,14.0,5.19,0,0.0375,0.08,17.337,0
2024-05-22 13:00,14.0,6.0,0,0.0375,0.08,17.314,0
2024-05-22 13:30,14.0,6.32,0,0.0375,0.08,17.292,0
2024-05-22 14:00,14.0,6.64,0,0.0375,0.08,17.269,0
2024-05-22 14:30,14.05,6.78,0,0.0375,0.08,17.247,0
2024-05-22 15:00,14.1,6.92,0,0.0375,0.08,17.225,0
2024-05-22 15:30,14.15,7.08,0,0.0375,0.08,17.204,0
2024-05-22 16:00,14.2,7.25,0,0.0375,0.08,17.184,0
2024-05-22 16:30,14.1,7.57,0,0.0375,0.08,17.163,0
2024-05-22 17:00,14.0,7.89,0,0.0375,0.08,17.141,0
2024-05-22 17:30,14.0,7.79,1,0.0375,0.08,17.119,0
2024-05-22 18:00,14.0,7.69,1,1.2125,0.08,17.176,0
2024-05-22 18:30,13.95,7.25,1,1.4125,0.08,17.246,0
2024-05-22 19:00,13.9,6.81,1,0.975,0.08,17.286,0
2024-05-22 19:30,13.65,6.85,1,0.975,0.08,17.323,0
2024-05-22 20:00,13.4,6.89,1,0.0375,0.08,17.296,0
2024-05-22 20:30,13.2,7.26,1,0.1625,0.08,17.275,0
2024-05-22 21:00,13.0,7.64,1,1.0875,0.08,17.315,0
2024-05-22 21:30,13.05,8.17,1,0.0375,0.08,17.285,0
2024-05-22 22:00,13.1,8.69,1,0.0375,0.08,17.255,0
2024-05-22 22:30,13.1,8.67,1,1.2875,0.08,17.31,0
2024-05-22 23:00,13.1,8.64,1,0.0375,0.08,17.28,0
2024-05-22 23:30,13.0,8.68,1,0.0375,0.08,17.25,0
2024-05-23 00:00,12.9,8.72,1,0.0375,0.08,17.219,0
2024-05-23 00:30,12.75,8.06,1,0.0375,0.08,17.187,0
2024-05-23 01:00,12.6,7.39,1,0.0375,0.08,17.155,0
2024-05-23 01:30,12.5,7.36,1,0.0375,0.08,17.121,0
2024-05-23 02:00,12.4,7.33,1,0.0375,0.08,17.088,0
2024-05-23 02:30,12.25,7.39,1,0.0375,0.08,17.053,0
2024-05-23 03:00,12.1,7.44,1,0.0375,0.08,17.018,0
2024-05-23 03:30,11.9,7.4,1,0.0375,0.08,16.981,0
2024-05-23 04:00,11.7,7.36,1,0.0375,0.08,16.943,0
2024-05-23 04:30,11.6,7.42,1,0.0375,0.08,16.905,0
2024-05-23 05:00,11.5,7.47,1,0.0375,0.08,16.866,0
2024-05-23 05:30,11.7,7.46,1,0.0375,0.08,16.829,0
2024-05-23 06:00,11.9,7.44,1,2.5375,0.08,16.961,0
2024-05-23 06:30,12.1,7.51,1,0.0375,0.08,16.926,0
2024-05-23 07:00,12.3,7.58,1,1.0875,0.08,16.964,0
2024-05-23 07:30,12.6,8.29,1,0.0375,0.08,16.933,0
2024-05-23 08:00,12.9,9.0,1,0.995833,0.08,16.968,0
2024-05-23 08:30,13.2,9.06,0,0.870833,0.08,16.998,0
2024-05-23 09:00,13.5,9.11,0,0.870833,0.08,17.029,0
2024-05-23 09:30,13.85,9.01,0,0.0375,0.08,17.007,0
2024-05-23 10:00,14.2,8.92,0,0.0375,0.08,16.988,0
2024-05-23 10:30,14.25,8.62,0,0.0375,0.08,16.97,0
2024-05-23 11:00,14.3,8.33,0,0.0375,0.08,16.952,0
2024-05-23 11:30,14.65,8.43,0,0.0375,0.08,16.937,0
2024-05-23 12:00,15.0,8.53,0,0.0375,0.08,16.925,0
2024-05-23 12:30,14.9,8.64,0,0.0375,0.08,16.912,0
2024-05-23 13:00,14.8,8.75,0,0.0375,0.08,16.898,0
2024-05-23 13:30,14.7,8.5,0,0.0375,0.08,16.884,0
2024-05-23 14:00,14.6,8.25,0,0.0375,0.08,16.869,0
2024-05-23 14:30,14.45,8.07,0,0.0375,0.08,16.853,0
2024-05-23 15:00,14.3,7.89,0,0.0375,0.08,16.836,0
2024-05-23 15:30,14.25,7.83,0,0.0375,0.08,16.818,0
2024-05-23 16:00,14.2,7.78,0,0.0375,0.08,16.801,0
2024-05-23 16:30,13.9,7.46,0,0.0375,0.08,16.781,0
2024-05-23 17:00,13.6,7.14,0,0.0375,0.08,16.759,0
2024-05-23 17:30,13.1,6.92,1,0.0375,0.08,16.734,0
2024-05-23 18:00,12.6,6.69,1,0.1625,0.08,16.713,0
2024-05-23 18:30,12.45,6.24,1,0.975,0.08,16.745,0
2024-05-23 19:00,12.3,5.78,1,0.975,0.08,16.777,0
2024-05-23 19:30,12.1,5.62,1,0.1625,0.08,16.752,0
2024-05-23 20:00,11.9,5.47,1,0.1625,0.08,16.725,0
2024-05-23 20:30,11.9,5.56,1,1.4125,0.08,16.783,0
2024-05-23 21:00,11.9,5.64,1,0.0375,0.08,16.748,0
2024-05-23 21:30,11.8,5.53,1,0.0375,0.08,16.713,0
2024-05-23 22:00,11.7,5.42,1,1.0875,0.08,16.747,0
2024-05-23 22:30,11.8,5.22,1,0.1625,0.08,16.72,0
2024-05-23 23:00,11.9,5.03,1,0.0375,0.08,16.686,0
2024-05-23 23:30,11.9,4.58,1,0.0375,0.08,16.651,0
2024-05-24 00:00,11.9,4.14,1,0.0375,0.08,16.618,0
2024-05-24 00:30,11.4,3.61,1,0.0375,0.08,16.58,0
2024-05-24 01:00,10.9,3.08,1,0.0375,0.08,16.539,0
2024-05-24 01:30,10.85,2.93,1,1.2875,0.08,16.582,0
2024-05-24 02:00,10.8,2.78,1,0.0375,0.08,16.54,0
2024-05-24 02:30,10.8,2.88,1,0.0375,0.08,16.499,0
2024-05-24 03:00,10.8,2.97,1,0.0375,0.08,16.457,0
2024-05-24 03:30,10.8,3.06,1,0.0375,0.08,16.417,0
2024-05-24 04:00,10.8,3.14,1,0.0375,0.08,16.376,0
2024-05-24 04:30,10.85,3.03,1,0.0375,0.08,16.336,0
2024-05-24 05:00,10.9,2.92,1,0.0375,0.08,16.297,0
2024-05-24 05:30,11.05,2.82,1,0.0375,0.08,16.26,0
2024-05-24 06:00,11.2,2.72,1,0.0375,0.08,16.223,0
2024-05-24 06:30,11.4,2.82,1,0.0375,0.08,16.189,0
2024-05-24 07:00,11.6,2.92,1,0.870833,0.08,16.212,0
2024-05-24 07:30,11.75,2.93,1,2.120833,0.08,16.32,0
2024-05-24 08:00,11.9,2.94,1,0.995833,0.08,16.352,0
2024-05-24 08:30,12.1,2.71,0,0.0375,0.08,16.322,0
2024-05-24 09:00,12.3,2.47,0,0.0375,0.08,16.294,0
2024-05-24 09:30,12.6,2.44,0,0.0375,0.08,16.268,0
2024-05-24 10:00,12.9,2.42,0,0.0375,0.08,16.245,0
2024-05-24 10:30,13.3,2.6,0,0.0375,0.08,16.225,0
2024-05-24 11:00,13.7,2.78,0,0.0375,0.08,16.208,0
2024-05-24 11:30,13.9,2.81,0,0.0375,0.08,16.193,0
2024-05-24 12:00,14.1,2.83,0,0.0375,0.08,16.18,0
2024-05-24 12:30,14.1,2.65,0,0.0375,0.08,16.166,0
2024-05-24 13:00,14.1,2.47,0,0.0375,0.08,16.153,0
2024-05-24 13:30,14.4,2.38,0,0.0375,0.08,16.142,0
2024-05-24 14:00,14.7,2.28,0,0.0375,0.08,16.133,0
2024-05-24 14:30,14.8,2.33,0,0.0375,0.08,16.126,0
2024-05-24 15:00,14.9,2.39,0,0.0375,0.08,16.119,0
2024-05-24 15:30,14.8,2.56,0,0.0375,0.08,16.111,0
2024-05-24 16:00,14.7,2.72,0,0.0375,0.08,16.103,0
2024-05-24 16:30,14.6,2.62,0,0.0375,0.08,16.094,0
2024-05-24 17:00,14.5,2.53,0,0.0375,0.08,16.084,0
2024-05-24 17:30,14.35,2.33,1,0.1625,0.08,16.082,0
2024-05-24 18:00,14.2,2.14,1,1.1,0.08,16.141,0
2024-05-24 18:30,14.05,1.68,1,0.975,0.08,16.19,0
2024-05-24 19:00,13.9,1.22,1,3.5125,0.08,16.407,0
2024-05-24 19:30,13.5,1.21,1,0.1625,0.08,16.396,0
2024-05-24 20:00,13.1,1.19,1,0.0375,0.08,16.373,0
2024-05-24 20:30,12.8,1.19,1,0.0375,0.08,16.348,0
2024-05-24 21:00,12.5,1.19,1,0.0375,0.08,16.321,0
2024-05-24 21:30,12.15,1.22,1,0.0375,0.08,16.292,0
2024-05-24 22:00,11.8,1.25,1,0.1625,0.08,16.269,0
2024-05-24 22:30,11.35,1.28,1,0.0375,0.08,16.233,0
2024-05-24 23:00,10.9,1.31,1,0.0375,0.08,16.195,0
2024-05-24 23:30,10.6,1.38,1,0.0375,0.08,16.155,0
2024-05-25 00:00,10.3,1.44,1,0.0375,0.08,16.112,0
2024-05-25 00:30,10.25,1.44,1,0.0375,0.08,16.07,0
2024-05-25 01:00,10.2,1.44,1,0.0375,0.08,16.028,0
2024-05-25 01:30,9.15,1.92,1,0.0375,0.08,15.978,0
2024-05-25 02:00,8.1,2.39,1,0.0375,0.08,15.92,0
2024-05-25 02:30,7.7,2.47,1,0.0375,0.08,15.859,0
2024-05-25 03:00,7.3,2.56,1,0.0375,0.08,15.796,0
2024-05-25 03:30,7.25,2.33,1,0.0375,0.08,15.733,0
2024-05-25 04:00,7.2,2.11,1,0.0375,0.08,15.671,0
2024-05-25 04:30,7.8,1.47,1,0.0375,0.08,15.613,0
2024-05-25 05:00,8.4,0.83,1,1.2875,0.08,15.644,0
2024-05-25 05:30,9.35,0.89,1,0.0375,0.08,15.598,0
2024-05-25 06:00,10.3,0.94,1,0.0375,0.08,15.56,0
2024-05-25 06:30,11.25,0.9,1,0.0375,0.08,15.53,0
2024-05-25 07:00,12.2,0.86,1,0.0375,0.08,15.507,0
2024-05-25 07:30,13.0,0.81,1,0.0375,0.08,15.49,0
2024-05-25 08:00,13.8,0.75,1,0.0375,0.08,15.479,0
2024-05-25 08:30,14.5,1.18,1,0.1625,0.08,15.483,0
2024-05-25 09:00,15.2,1.61,1,0.1625,0.08,15.491,0
2024-05-25 09:30,15.75,2.11,1,0.0375,0.08,15.75,0
2024-05-25 10:00,16.3,2.61,1,0.0375,0.08,16.3,0
2024-05-25 10:30,16.25,3.15,1,0.0375,0.08,16.302,0
2024-05-25 11:00,16.2,3.69,1,0.0375,0.08,16.304,0
2024-05-25 11:30,16.1,3.86,1,0.1625,0.08,16.313,0
2024-05-25 12:00,16.0,4.03,1,1.808333,0.08,16.432,0
2024-05-25 12:30,15.5,4.24,1,1.808333,0.08,16.545,0
2024-05-25 13:00,15.0,4.44,1,0.870833,0.08,16.592,0
2024-05-25 13:30,14.8,4.03,1,0.0375,0.08,16.581,0
2024-05-25 14:00,14.6,3.61,1,0.1625,0.08,16.576,0
2024-05-25 14:30,14.45,3.69,1,0.975,0.08,16.625,0
2024-05-25 15:00,14.3,3.78,1,0.975,0.08,16.673,0
2024-05-25 15:30,14.25,4.19,1,0.1625,0.08,16.665,0
2024-05-25 16:00,14.2,4.61,1,0.0375,0.08,16.648,0
2024-05-25 16:30,13.95,4.38,1,0.0375,0.08,16.63,0
2024-05-25 17:00,13.7,4.14,1,0.0375,0.08,16.61,0
2024-05-25 17:30,13.5,3.72,1,0.1625,0.08,16.597,0
2024-05-25 18:00,13.3,3.31,1,0.0375,0.08,16.575,0
2024-05-25 18:30,13.25,3.28,1,0.0375,0.08,16.552,0
2024-05-25 19:00,13.2,3.25,1,2.3375,0.08,16.682,0
2024-05-25 19:30,13.1,2.97,1,0.0375,0.08,16.657,0
2024-05-25 20:00,13.0,2.69,1,0.0375,0.08,16.632,0
2024-05-25 20:30,12.9,2.6,1,0.0375,0.08,16.606,0
2024-05-25 21:00,12.8,2.5,1,1.0875,0.08,16.649,0
2024-05-25 21:30,12.75,2.31,1,1.2875,0.08,16.706,0
2024-05-25 22:00,12.7,2.11,1,0.0375,0.08,16.678,0
2024-05-25 22:30,12.65,1.71,1,0.0375,0.08,16.649,0
2024-05-25 23:00,12.6,1.31,1,0.0375,0.08,16.621,0
2024-05-25 23:30,12.45,1.38,1,0.0375,0.08,16.591,0
2024-05-26 00:00,12.3,1.44,1,1.2875,0.08,16.645,0
2024-05-26 00:30,12.15,1.25,1,0.0375,0.08,16.613,0
2024-05-26 01:00,12.0,1.06,1,0.0375,0.08,16.58,0
2024-05-26 01:30,11.65,1.1,1,0.0375,0.08,16.545,0
2024-05-26 02:00,11.3,1.14,1,0.0375,0.08,16.507,0
2024-05-26 02:30,11.3,1.21,1,0.0375,0.08,16.47,0
2024-05-26 03:00,11.3,1.28,1,0.0375,0.08,16.433,0
2024-05-26 03:30,11.35,1.56,1,0.0375,0.08,16.396,0
2024-05-26 04:00,11.4,1.83,1,0.0375,0.08,16.36,0
2024-05-26 04:30,11.55,2.08,1,0.0375,0.08,16.326,0
2024-05-26 05:00,11.7,2.33,1,0.0375,0.08,16.293,0
2024-05-26 05:30,11.65,2.07,1,1.2875,0.08,16.344,0
2024-05-26 06:00,11.6,1.81,1,0.0375,0.08,16.31,0
2024-05-26 06:30,12.05,2.15,1,0.0375,0.08,16.28,0
2024-05-26 07:00,12.5,2.5,1,0.0375,0.08,16.253,0
2024-05-26 07:30,12.5,2.6,1,0.0375,0.08,16.227,0
2024-05-26 08:00,12.5,2.69,1,0.0375,0.08,16.201,0
2024-05-26 08:30,12.5,2.97,1,0.0375,0.08,16.175,0
2024-05-26 09:00,12.5,3.25,1,0.0375,0.08,16.15,0
2024-05-26 09:30,12.7,3.6,1,0.0375,0.08,16.126,0
2024-05-26 10:00,12.9,3.94,1,0.0375,0.08,16.104,0
2024-05-26 10:30,13.7,3.9,1,0.0375,0.08,16.088,0
2024-05-26 11:00,14.5,3.86,1,0.0375,0.08,16.078,0
2024-05-26 11:30,15.1,4.06,1,0.0375,0.08,16.073,0
2024-05-26 12:00,15.7,4.25,1,0.0375,0.08,16.073,0
2024-05-26 12:30,14.85,3.81,1,1.0875,0.08,16.136,0
2024-05-26 13:00,14.0,3.36,1,0.0375,0.08,16.122,0
2024-05-26 13:30,15.15,2.93,1,0.1625,0.08,16.126,0
2024-05-26 14:00,16.3,2.5,1,0.0375,0.08,16.3,0
2024-05-26 14:30,16.7,2.67,1,0.995833,0.08,16.7,0
2024-05-26 15:00,17.1,2.83,1,0.870833,0.08,17.1,0
2024-05-26 15:30,16.8,3.12,1,2.120833,0.08,17.239,0
2024-05-26 16:00,16.5,3.42,1,0.975,0.08,17.299,0
2024-05-26 16:30,16.65,3.33,1,1.1,0.08,17.368,0
2024-05-26 17:00,16.8,3.25,1,1.2125,0.08,17.444,0
2024-05-26 17:30,16.65,3.12,1,0.0375,0.08,17.441,0
2024-05-26 18:00,16.5,3.0,1,0.0375,0.08,17.436,0
2024-05-26 18:30,15.8,2.86,1,0.0375,0.08,17.426,0
2024-05-26 19:00,15.1,2.72,1,0.0375,0.08,17.411,0
2024-05-26 19:30,14.05,2.24,1,0.0375,0.08,17.387,0
2024-05-26 20:00,13.0,1.75,1,0.1625,0.08,17.365,0
2024-05-26 20:30,12.15,1.76,1,0.1625,0.08,17.336,0
2024-05-26 21:00,11.3,1.78,1,0.0375,0.08,17.292,0
2024-05-26 21:30,11.25,1.85,1,0.0375,0.08,17.248,0
2024-05-26 22:00,11.2,1.92,1,0.0375,0.08,17.204,0
2024-05-26 22:30,11.0,2.11,1,0.0375,0.08,17.159,0
2024-05-26 23:00,10.8,2.31,1,0.0375,0.08,17.113,0
2024-05-26 23:30,10.65,2.71,1,0.0375,0.08,17.066,0
2024-05-27 00:00,10.5,3.11,1,0.0375,0.08,17.019,0
2024-05-27 00:30,10.6,3.39,1,1.2875,0.08,17.056,0
2024-05-27 01:00,10.7,3.67,1,0.0375,0.08,17.009,0
2024-05-27 01:30,10.3,3.14,1,0.0375,0.08,16.961,0
2024-05-27 02:00,9.9,2.61,1,0.0375,0.08,16.909,0
2024-05-27 02:30,9.75,2.56,1,0.0375,0.08,16.857,0
2024-05-27 03:00,9.6,2.5,1,0.0375,0.08,16.804,0
2024-05-27 03:30,9.75,2.64,1,1.2875,0.08,16.836,0
2024-05-27 04:00,9.9,2.78,1,0.0375,0.08,16.785,0
2024-05-27 04:30,10.2,3.14,1,0.0375,0.08,16.737,0
2024-05-27 05:00,10.5,3.5,1,0.0375,0.08,16.692,0
2024-05-27 05:30,11.1,3.68,1,0.0375,0.08,16.652,0
2024-05-27 06:00,11.7,3.86,1,0.0375,0.08,16.616,0
2024-05-27 06:30,12.15,4.25,1,1.2875,0.08,16.668,0
2024-05-27 07:00,12.6,4.64,1,0.1625,0.08,16.648,0
2024-05-27 07:30,12.95,4.67,1,0.1625,0.08,16.631,0
2024-05-27 08:00,13.3,4.69,1,0.975,0.08,16.67,0
2024-05-27 08:30,13.45,4.61,0,0.975,0.08,16.711,0
2024-05-27 09:00,13.6,4.53,0,0.0375,0.08,16.689,0
2024-05-27 09:30,13.7,4.57,0,0.0375,0.08,16.669,0
2024-05-27 10:00,13.8,4.61,0,0.0375,0.08,16.65,0
2024-05-27 10:30,14.3,4.61,0,0.0375,0.08,16.634,0
2024-05-27 11:00,14.8,4.61,0,0.0375,0.08,16.623,0
2024-05-27 11:30,14.45,4.93,0,0.0375,0.08,16.608,0
2024-05-27 12:00,14.1,5.25,0,0.0375,0.08,16.592,0
2024-05-27 12:30,14.35,4.86,0,0.0375,0.08,16.577,0
2024-05-27 13:00,14.6,4.47,0,0.0375,0.08,16.564,0
2024-05-27 13:30,15.15,4.32,0,0.0375,0.08,16.556,0
2024-05-27 14:00,15.7,4.17,0,0.0375,0.08,16.552,0
2024-05-27 14:30,15.8,4.36,0,0.0375,0.08,16.549,0
2024-05-27 15:00,15.9,4.56,0,0.0375,0.08,16.546,0
2024-05-27 15:30,15.6,4.24,0,0.0375,0.08,16.542,0
2024-05-27 16:00,15.3,3.92,0,0.0375,0.08,16.535,0
2024-05-27 16:30,14.9,3.69,0,0.0375,0.08,16.525,0
2024-05-27 17:00,14.5,3.47,0,0.0375,0.08,16.512,0
2024-05-27 17:30,14.5,3.25,1,0.0375,0.08,16.499,0
2024-05-27 18:00,14.5,3.03,1,0.0375,0.08,16.486,0
2024-05-27 18:30,14.1,2.64,1,0.0375,0.08,16.47,0
2024-05-27 19:00,13.7,2.25,1,1.2125,0.08,16.53,0
2024-05-27 19:30,12.7,1.96,1,0.0375,0.08,16.503,0
2024-05-27 20:00,11.7,1.67,1,0.2875,0.08,16.486,0
2024-05-27 20:30,10.85,1.78,1,0.0375,0.08,16.445,0
2024-05-27 21:00,10.0,1.89,1,0.975,0.08,16.461,0
2024-05-27 21:30,9.5,1.81,1,1.1,0.08,16.481,0
2024-05-27 22:00,9.0,1.72,1,1.0875,0.08,16.497,0
2024-05-27 22:30,8.5,1.71,1,0.870833,0.08,16.494,0
2024-05-27 23:00,8.0,1.69,1,0.870833,0.08,16.487,0
2024-05-27 23:30,7.95,1.76,1,0.870833,0.08,16.48,0
2024-05-28 00:00,7.9,1.83,1,0.0375,0.08,16.417,0
2024-05-28 00:30,8.3,2.12,1,0.0375,0.08,16.357,0
2024-05-28 01:00,8.7,2.42,1,0.0375,0.08,16.301,0
2024-05-28 01:30,8.5,2.38,1,0.0375,0.08,16.244,0
2024-05-28 02:00,8.3,2.33,1,0.0375,0.08,16.185,0
2024-05-28 02:30,8.35,2.42,1,0.0375,0.08,16.128,0
2024-05-28 03:00,8.4,2.5,1,0.0375,0.08,16.071,0
2024-05-28 03:30,8.45,2.72,1,0.0375,0.08,16.015,0
2024-05-28 04:00,8.5,2.94,1,0.0375,0.08,15.96,0
2024-05-28 04:30,9.1,3.18,1,0.0375,0.08,15.91,0
2024-05-28 05:00,9.7,3.42,1,0.0375,0.08,15.865,0
2024-05-28 05:30,10.2,3.46,1,0.0375,0.08,15.824,0
2024-05-28 06:00,10.7,3.5,1,0.0375,0.08,15.788,0
2024-05-28 06:30,11.3,3.9,1,0.0375,0.08,15.756,0
2024-05-28 07:00,11.9,4.31,1,0.2875,0.08,15.746,0
2024-05-28 07:30,12.5,5.32,1,3.5875,0.08,15.961,0
2024-05-28 08:00,13.1,6.33,1,0.0375,0.08,15.941,0
2024-05-28 08:30,12.95,6.18,0,0.0375,0.08,15.921,0
2024-05-28 09:00,12.8,6.03,0,0.0375,0.08,15.899,0
2024-05-28 09:30,13.0,5.44,0,0.0375,0.08,15.88,0
2024-05-28 10:00,13.2,4.86,0,0.0375,0.08,15.862,0
2024-05-28 10:30,13.25,4.85,0,0.0375,0.08,15.844,0
2024-05-28 11:00,13.3,4.83,0,0.0375,0.08,15.827,0
2024-05-28 11:30,13.85,5.53,0,0.0375,0.08,15.815,0
2024-05-28 12:00,14.4,6.22,0,0.0375,0.08,15.806,0
2024-05-28 12:30,14.85,6.42,0,0.0375,0.08,15.802,0
2024-05-28 13:00,15.3,6.61,0,0.0375,0.08,15.8,0
2024-05-28 13:30,16.0,6.01,0,0.0375,0.08,16.0,0
2024-05-28 14:00,16.7,5.42,0,0.0375,0.08,16.7,0
2024-05-28 14:30,17.6,5.19,0,0.0375,0.08,17.6,0
2024-05-28 15:00,18.5,4.97,0,0.0375,0.08,18.5,0
2024-05-28 15:30,17.95,4.97,0,0.0375,0.08,18.498,0
2024-05-28 16:00,17.4,4.97,0,0.0375,0.08,18.492,0
2024-05-28 16:30,17.7,4.32,0,0.0375,0.08,18.489,0
2024-05-28 17:00,18.0,3.67,0,0.0375,0.08,18.488,0
2024-05-28 17:30,17.1,3.86,1,0.0375,0.08,18.479,0
2024-05-28 18:00,16.2,4.06,1,0.4125,0.08,18.49,0
2024-05-28 18:30,16.15,3.54,1,0.0375,0.08,18.474,0
2024-05-28 19:00,16.1,3.03,1,0.0375,0.08,18.459,0
2024-05-28 19:30,15.6,2.97,1,3.4,0.08,18.664,0
2024-05-28 20:00,15.1,2.92,1,0.975,0.08,18.702,0
2024-05-28 20:30,14.6,3.25,1,0.0375,0.08,18.673,0
2024-05-28 21:00,14.1,3.58,1,0.0375,0.08,18.64,0
2024-05-28 21:30,13.95,3.65,1,0.975,0.08,18.67,0
2024-05-28 22:00,13.8,3.72,1,0.975,0.08,18.698,0
2024-05-28 22:30,13.5,4.28,1,0.0375,0.08,18.66,0
2024-05-28 23:00,13.2,4.83,1,0.0375,0.08,18.621,0
2024-05-28 23:30,13.15,4.76,1,0.0375,0.08,18.582,0
2024-05-29 00:00,13.1,4.69,1,0.0375,0.08,18.542,0
2024-05-29 00:30,12.95,5.06,1,0.0375,0.08,18.502,0
2024-05-29 01:00,12.8,5.42,1,0.0375,0.08,18.461,0
2024-05-29 01:30,12.55,5.33,1,0.0375,0.08,18.418,0
2024-05-29 02:00,12.3,5.25,1,1.2875,0.08,18.457,0
2024-05-29 02:30,12.25,5.11,1,0.0375,0.08,18.412,0
2024-05-29 03:00,12.2,4.97,1,0.0375,0.08,18.367,0
2024-05-29 03:30,12.15,5.0,1,0.0375,0.08,18.322,0
2024-05-29 04:00,12.1,5.03,1,0.0375,0.08,18.277,0
2024-05-29 04:30,12.25,5.07,1,0.0375,0.08,18.233,0
2024-05-29 05:00,12.4,5.11,1,0.0375,0.08,18.191,0
2024-05-29 05:30,12.55,5.54,1,0.0375,0.08,18.151,0
2024-05-29 06:00,12.7,5.97,1,0.0375,0.08,18.111,0
2024-05-29 06:30,13.15,6.33,1,0.0375,0.08,18.076,0
2024-05-29 07:00,13.6,6.69,1,0.0375,0.08,18.044,0
2024-05-29 07:30,14.2,6.75,1,0.1625,0.08,18.026,0
2024-05-29 08:00,14.8,6.81,1,0.975,0.08,18.066,0
2024-05-29 08:30,15.2,6.69,0,0.975,0.08,18.109,0
2024-05-29 09:00,15.6,6.58,0,0.0375,0.08,18.093,0
2024-05-29 09:30,15.95,6.49,0,0.0375,0.08,18.079,0
2024-05-29 10:00,16.3,6.39,0,0.0375,0.08,18.068,0
2024-05-29 10:30,16.55,6.38,0,0.0375,0.08,18.059,0
2024-05-29 11:00,16.8,6.36,0,0.0375,0.08,18.051,0
2024-05-29 11:30,16.75,6.6,0,0.0375,0.08,18.044,0
2024-05-29 12:00,16.7,6.83,0,0.0375,0.08,18.036,0
2024-05-29 12:30,16.55,7.22,0,0.0375,0.08,18.027,0
2024-05-29 13:00,16.4,7.61,0,0.0375,0.08,18.017,0
2024-05-29 13:30,16.45,7.71,0,0.0375,0.08,18.008,0
2024-05-29 14:00,16.5,7.81,0,0.0375,0.08,17.999,0
2024-05-29 14:30,16.25,7.97,0,0.0375,0.08,17.988,0
2024-05-29 15:00,16.0,8.14,0,0.0375,0.08,17.975,0
2024-05-29 15:30,15.9,8.17,0,0.0375,0.08,17.962,0
2024-05-29 16:00,15.8,8.19,0,0.0375,0.08,17.948,0
2024-05-29 16:30,15.55,7.89,0,0.0375,0.08,17.932,0
2024-05-29 17:00,15.3,7.58,0,0.0375,0.08,17.914,0
2024-05-29 17:30,14.85,7.47,1,1.2125,0.08,17.972,0
2024-05-29 18:00,14.4,7.36,1,0.1625,0.08,17.955,0
2024-05-29 18:30,14.15,7.06,1,1.2875,0.08,18.012,0
2024-05-29 19:00,13.9,6.75,1,0.0375,0.08,17.983,0
2024-05-29 19:30,13.6,6.64,1,0.0375,0.08,17.952,0
2024-05-29 20:00,13.3,6.53,1,0.0375,0.08,17.919,0
2024-05-29 20:30,13.0,6.62,1,1.1,0.08,17.955,0
2024-05-29 21:00,12.7,6.72,1,1.933333,0.08,18.044,0
2024-05-29 21:30,12.5,6.56,1,0.870833,0.08,18.06,0
2024-05-29 22:00,12.3,6.39,1,2.170833,0.08,18.161,0
2024-05-29 22:30,12.05,6.54,1,2.5125,0.08,18.282,0
2024-05-29 23:00,11.8,6.69,1,0.0375,0.08,18.235,0
2024-05-29 23:30,11.55,6.54,1,1.2875,0.08,18.27,0
2024-05-30 00:00,11.3,6.39,1,0.0375,0.08,18.219,0
2024-05-30 00:30,11.25,6.38,1,0.0375,0.08,18.168,0
2024-05-30 01:00,11.2,6.36,1,0.0375,0.08,18.117,0
2024-05-30 01:30,11.2,6.35,1,0.0375,0.08,18.067,0
2024-05-30 02:00,11.2,6.33,1,0.0375,0.08,18.017,0
2024-05-30 02:30,11.0,6.28,1,0.0375,0.08,17.966,0
2024-05-30 03:00,10.8,6.22,1,0.0375,0.08,17.913,0
2024-05-30 03:30,10.8,6.04,1,0.0375,0.08,17.861,0
2024-05-30 04:00,10.8,5.86,1,0.0375,0.08,17.81,0
2024-05-30 04:30,11.05,5.61,1,0.0375,0.08,17.761,0
2024-05-30 05:00,11.3,5.36,1,0.0375,0.08,17.714,0
2024-05-30 05:30,11.6,5.1,1,0.0375,0.08,17.669,0
2024-05-30 06:00,11.9,4.83,1,0.0375,0.08,17.628,0
2024-05-30 06:30,12.05,4.58,1,0.0375,0.08,17.588,0
2024-05-30 07:00,12.2,4.33,1,0.0375,0.08,17.549,0
2024-05-30 07:30,12.75,4.9,1,0.975,0.08,17.577,0
2024-05-30 08:00,13.3,5.47,1,1.1,0.08,17.618,0
2024-05-30 08:30,14.2,5.82,0,0.0375,0.08,17.594,0
2024-05-30 09:00,15.1,6.17,0,0.0375,0.08,17.578,0
2024-05-30 09:30,15.65,6.39,0,0.0375,0.08,17.566,0
2024-05-30 10:00,16.2,6.61,0,0.0375,0.08,17.558,0
2024-05-30 10:30,16.45,6.56,0,0.0375,0.08,17.552,0
2024-05-30 11:00,16.7,6.5,0,0.0375,0.08,17.548,0
2024-05-30 11:30,16.65,6.93,0,0.0375,0.08,17.543,0
2024-05-30 12:00,16.6,7.36,0,0.0375,0.08,17.539,0
2024-05-30 12:30,15.55,6.69,0,0.0375,0.08,17.526,0
2024-05-30 13:00,14.5,6.03,0,0.0375,0.08,17.505,0
2024-05-30 13:30,14.85,6.0,0,0.0375,0.08,17.487,0
2024-05-30 14:00,15.2,5.97,0,0.0375,0.08,17.472,0
2024-05-30 14:30,15.15,6.04,0,0.0375,0.08,17.457,0
2024-05-30 15:00,15.1,6.11,0,0.0375,0.08,17.442,0
2024-05-30 15:30,14.9,5.81,0,0.0375,0.08,17.425,0
2024-05-30 16:00,14.7,5.5,0,0.0375,0.08,17.406,0
2024-05-30 16:30,14.55,5.76,0,0.0375,0.08,17.387,0
2024-05-30 17:00,14.4,6.03,0,0.0375,0.08,17.367,0
2024-05-30 17:30,14.15,6.03,1,0.2875,0.08,17.361,0
2024-05-30 18:00,13.9,6.03,1,1.0875,0.08,17.407,0
2024-05-30 18:30,13.75,5.68,1,1.4125,0.08,17.474,0
2024-05-30 19:00,13.6,5.33,1,0.0375,0.08,17.447,0
2024-05-30 19:30,13.45,5.25,1,0.1625,0.08,17.427,0
2024-05-30 20:00,13.3,5.17,1,0.1625,0.08,17.406,0
2024-05-30 20:30,13.2,5.35,1,1.2875,0.08,17.46,0
2024-05-30 21:00,13.1,5.53,1,2.025,0.08,17.562,0
2024-05-30 21:30,12.7,5.67,1,0.975,0.08,17.59,0
2024-05-30 22:00,12.3,5.81,1,0.0375,0.08,17.552,0
2024-05-30 22:30,12.05,5.92,1,1.3375,0.08,17.599,0
2024-05-30 23:00,11.8,6.03,1,1.3375,0.08,17.644,0
2024-05-30 23:30,11.6,6.26,1,1.2875,0.08,17.684,0
2024-05-31 00:00,11.4,6.5,1,0.0375,0.08,17.639,0
2024-05-31 00:30,11.35,6.76,1,0.0375,0.08,17.593,0
2024-05-31 01:00,11.3,7.03,1,0.0375,0.08,17.547,0
2024-05-31 01:30,11.15,6.9,1,0.0375,0.08,17.501,0
2024-05-31 02:00,11.0,6.78,1,1.2875,0.08,17.537,0
2024-05-31 02:30,10.85,6.74,1,0.0375,0.08,17.488,0
2024-05-31 03:00,10.7,6.69,1,0.0375,0.08,17.439,0
2024-05-31 03:30,10.6,6.82,1,0.0375,0.08,17.389,0
2024-05-31 04:00,10.5,6.94,1,0.0375,0.08,17.339,0
2024-05-31 04:30,10.5,6.96,1,0.0375,0.08,17.289,0
2024-05-31 05:00,10.5,6.97,1,0.0375,0.08,17.24,0
2024-05-31 05:30,10.75,6.78,1,0.0375,0.08,17.192,0
2024-05-31 06:00,11.0,6.58,1,0.0375,0.08,17.148,0
2024-05-31 06:30,11.55,7.75,1,0.0375,0.08,17.107,0
2024-05-31 07:00,12.1,8.92,1,0.0375,0.08,17.071,0
2024-05-31 07:30,12.45,8.76,1,0.975,0.08,17.101,0
2024-05-31 08:00,12.8,8.61,1,0.975,0.08,17.133,0
2024-05-31 08:30,12.95,8.4,0,0.0375,0.08,17.104,0
2024-05-31 09:00,13.1,8.19,0,0.0375,0.08,17.076,0
2024-05-31 09:30,13.3,7.79,0,0.0375,0.08,17.049,0
2024-05-31 10:00,13.5,7.39,0,0.0375,0.08,17.025,0
2024-05-31 10:30,13.8,7.33,0,0.0375,0.08,17.003,0
2024-05-31 11:00,14.1,7.28,0,0.0375,0.08,16.983,0
2024-05-31 11:30,14.35,6.93,0,0.0375,0.08,16.965,0
2024-05-31 12:00,14.6,6.58,0,0.0375,0.08,16.95,0
2024-05-31 12:30,14.3,6.35,0,0.0375,0.08,16.932,0
2024-05-31 13:00,14.0,6.11,0,0.0375,0.08,16.912,0
2024-05-31 13:30,14.35,6.21,0,0.0375,0.08,16.895,0
2024-05-31 14:00,14.7,6.31,0,0.0375,0.08,16.881,0
2024-05-31 14:30,14.6,6.46,0,0.0375,0.08,16.866,0
2024-05-31 15:00,14.5,6.61,0,0.0375,0.08,16.85,0
2024-05-31 15:30,14.75,6.5,0,0.0375,0.08,16.836,0
2024-05-31 16:00,15.0,6.39,0,0.0375,0.08,16.825,0
2024-05-31 16:30,14.8,6.14,0,0.0375,0.08,16.812,0
2024-05-31 17:00,14.6,5.89,0,0.0375,0.08,16.797,0
2024-05-31 17:30,14.35,5.9,1,0.0375,0.08,16.781,0
2024-05-31 18:00,14.1,5.92,1,0.1625,0.08,16.772,0
2024-05-31 18:30,13.65,4.92,1,0.1625,0.08,16.759,0
2024-05-31 19:00,13.2,3.92,1,0.1625,0.08,16.742,0
2024-05-31 19:30,12.45,3.35,1,0.0375,0.08,16.712,0
2024-05-31 20:00,11.7,2.78,1,0.0375,0.08,16.676,0
2024-05-31 20:30,11.0,2.53,1,1.4125,0.08,16.727,0
2024-05-31 21:00,10.3,2.28,1,2.4625,0.08,16.842,0
2024-05-31 21:30,10.05,2.42,1,1.2125,0.08,16.871,0
2024-05-31 22:00,9.8,2.56,1,0.0375,0.08,16.82,0
2024-05-31 22:30,9.65,2.69,1,1.808333,0.08,16.886,0
2024-05-31 23:00,9.5,2.83,1,1.808333,0.08,16.95,0
2024-05-31 23:30,9.25,2.89,1,0.870833,0.08,16.949,0
2024-06-01 00:00,9.0,2.94,1,0.04125,0.08,16.891,0
2024-06-01 00:30,9.0,3.17,1,0.04125,0.08,16.834,0
2024-06-01 01:00,9.0,3.39,1,0.04125,0.08,16.776,0
2024-06-01 01:30,9.0,3.53,1,0.04125,0.08,16.72,0
2024-06-01 02:00,9.0,3.67,1,0.04125,0.08,16.663,0
2024-06-01 02:30,9.0,3.51,1,0.04125,0.08,16.607,0
2024-06-01 03:00,9.0,3.36,1,0.04125,0.08,16.552,0
2024-06-01 03:30,8.95,3.31,1,0.04125,0.08,16.497,0
2024-06-01 04:00,8.9,3.25,1,0.04125,0.08,16.441,0
2024-06-01 04:30,9.4,3.6,1,1.29125,0.08,16.474,0
2024-06-01 05:00,9.9,3.94,1,0.04125,0.08,16.426,0
2024-06-01 05:30,10.6,4.35,1,0.04125,0.08,16.384,0
2024-06-01 06:00,11.3,4.75,1,0.04125,0.08,16.348,0
2024-06-01 06:30,11.8,5.61,1,0.04125,0.08,16.316,0
2024-06-01 07:00,12.3,6.47,1,0.04125,0.08,16.288,0
2024-06-01 07:30,12.75,6.49,1,0.04125,0.08,16.264,0
2024-06-01 08:00,13.2,6.5,1,2.34125,0.08,16.397,0
2024-06-01 08:30,13.6,6.61,1,0.04125,0.08,16.378,0
2024-06-01 09:00,14.0,6.72,1,0.04125,0.08,16.363,0
2024-06-01 09:30,14.05,6.67,1,0.04125,0.08,16.348,0
2024-06-01 10:00,14.1,6.61,1,0.04125,0.08,16.333,0
2024-06-01 10:30,14.3,6.61,1,0.04125,0.08,16.32,0
2024-06-01 11:00,14.5,6.61,1,0.97875,0.08,16.372,0
2024-06-01 11:30,14.65,6.31,1,2.15375,0.08,16.503,0
2024-06-01 12:00,14.8,6.0,1,0.04125,0.08,16.492,0
2024-06-01 12:30,14.9,5.83,1,0.04125,0.08,16.483,0
2024-06-01 13:00,15.0,5.67,1,0.04125,0.08,16.474,0
2024-06-01 13:30,15.25,5.54,1,0.04125,0.08,16.468,0
2024-06-01 14:00,15.5,5.42,1,0.04125,0.08,16.463,0
2024-06-01 14:30,15.6,5.26,1,0.16625,0.08,16.468,0
2024-06-01 15:00,15.7,5.11,1,0.04125,0.08,16.465,0
2024-06-01 15:30,15.8,5.01,1,0.04125,0.08,16.462,0
2024-06-01 16:00,15.9,4.92,1,0.16625,0.08,16.469,0
2024-06-01 16:30,15.8,4.93,1,0.04125,0.08,16.467,0
2024-06-01 17:00,15.7,4.94,1,0.16625,0.08,16.472,0
2024-06-01 17:30,15.45,4.58,1,0.04125,0.08,16.467,0
2024-06-01 18:00,15.2,4.22,1,0.04125,0.08,16.46,0
2024-06-01 18:30,14.65,3.67,1,0.04125,0.08,16.449,0
2024-06-01 19:00,14.1,3.11,1,0.04125,0.08,16.434,0
2024-06-01 19:30,13.05,2.56,1,0.04125,0.08,16.41,0
2024-06-01 20:00,12.0,2.0,1,1.41625,0.08,16.471,0
2024-06-01 20:30,10.95,1.99,1,0.04125,0.08,16.432,0
2024-06-01 21:00,9.9,1.97,1,1.46625,0.08,16.48,0
2024-06-01 21:30,9.75,1.92,1,1.34125,0.08,16.518,0
2024-06-01 22:00,9.6,1.86,1,0.04125,0.08,16.468,0
2024-06-01 22:30,9.3,1.86,1,0.04125,0.08,16.416,0
2024-06-01 23:00,9.0,1.86,1,0.04125,0.08,16.362,0
2024-06-01 23:30,8.65,1.89,1,0.04125,0.08,16.305,0
2024-06-02 00:00,8.3,1.92,1,0.04125,0.08,16.247,0
2024-06-02 00:30,7.9,1.76,1,0.04125,0.08,16.186,0
2024-06-02 01:00,7.5,1.61,1,0.04125,0.08,16.122,0
2024-06-02 01:30,7.3,1.56,1,0.04125,0.08,16.057,0
2024-06-02 02:00,7.1,1.5,1,0.04125,0.08,15.991,0
2024-06-02 02:30,6.8,1.75,1,0.04125,0.08,15.924,0
2024-06-02 03:00,6.5,2.0,1,0.04125,0.08,15.855,0
2024-06-02 03:30,6.45,1.9,1,1.29125,0.08,15.869,0
2024-06-02 04:00,6.4,1.81,1,0.04125,0.08,15.799,0
2024-06-02 04:30,7.45,1.97,1,0.04125,0.08,15.738,0
2024-06-02 05:00,8.5,2.14,1,0.04125,0.08,15.685,0
2024-06-02 05:30,9.85,2.21,1,0.04125,0.08,15.643,0
2024-06-02 06:00,11.2,2.28,1,0.04125,0.08,15.612,0
2024-06-02 06:30,12.25,1.93,1,0.04125,0.08,15.589,0
2024-06-02 07:00,13.3,1.58,1,0.04125,0.08,15.574,0
2024-06-02 07:30,14.35,1.94,1,0.04125,0.08,15.568,0
2024-06-02 08:00,15.4,2.31,1,0.04125,0.08,15.569,0
2024-06-02 08:30,16.1,2.99,1,0.04125,0.08,16.1,0
2024-06-02 09:00,16.8,3.67,1,0.04125,0.08,16.8,0
2024-06-02 09:30,17.1,3.86,1,0.16625,0.08,17.1,0
2024-06-02 10:00,17.4,4.06,1,0.16625,0.08,17.4,0
2024-06-02 10:30,17.75,4.18,1,0.16625,0.08,17.75,0
2024-06-02 11:00,18.1,4.31,1,0.04125,0.08,18.1,0
2024-06-02 11:30,18.15,4.68,1,0.04125,0.08,18.15,0
2024-06-02 12:00,18.2,5.06,1,1.09125,0.08,18.223,0
2024-06-02 12:30,18.1,5.38,1,0.04125,0.08,18.225,0
2024-06-02 13:00,18.0,5.69,1,0.04125,0.08,18.226,0
2024-06-02 13:30,18.7,5.57,1,0.04125,0.08,18.7,0
2024-06-02 14:00,19.4,5.44,1,0.04125,0.08,19.4,0
2024-06-02 14:30,19.3,5.97,1,1.29125,0.08,19.486,0
2024-06-02 15:00,19.2,6.5,1,0.97875,0.08,19.549,0
2024-06-02 15:30,18.7,6.61,1,1.10375,0.08,19.616,0
2024-06-02 16:00,18.2,6.72,1,0.04125,0.08,19.608,0
2024-06-02 16:30,17.8,6.53,1,0.04125,0.08,19.597,0
2024-06-02 17:00,17.4,6.33,1,0.04125,0.08,19.583,0
2024-06-02 17:30,17.05,6.54,1,1.34125,0.08,19.653,0
2024-06-02 18:00,16.7,6.75,1,1.34125,0.08,19.72,0
2024-06-02 18:30,16.15,6.49,1,1.10375,0.08,19.767,0
2024-06-02 19:00,15.6,6.22,1,0.97875,0.08,19.8,0
2024-06-02 19:30,15.0,5.87,1,0.04125,0.08,19.766,0
2024-06-02 20:00,14.4,5.53,1,0.04125,0.08,19.728,0
2024-06-02 20:30,13.95,5.39,1,1.09125,0.08,19.757,0
2024-06-02 21:00,13.5,5.25,1,0.16625,0.08,19.72,0
2024-06-02 21:30,13.55,5.12,1,0.04125,0.08,19.675,0
2024-06-02 22:00,13.6,5.0,1,0.04125,0.08,19.632,0
2024-06-02 22:30,13.5,4.89,1,0.04125,0.08,19.587,0
2024-06-02 23:00,13.4,4.78,1,1.29125,0.08,19.626,0
2024-06-02 23:30,13.1,4.64,1,0.04125,0.08,19.579,0
2024-06-03 00:00,12.8,4.5,1,0.04125,0.08,19.53,0
2024-06-03 00:30,12.8,4.49,1,0.04125,0.08,19.481,0
2024-06-03 01:00,12.8,4.47,1,0.04125,0.08,19.433,0
2024-06-03 01:30,12.55,4.17,1,0.04125,0.08,19.383,0
2024-06-03 02:00,12.3,3.86,1,0.04125,0.08,19.332,0
2024-06-03 02:30,12.2,3.96,1,0.04125,0.08,19.28,0
2024-06-03 03:00,12.1,4.06,1,0.04125,0.08,19.227,0
2024-06-03 03:30,12.05,3.99,1,0.04125,0.08,19.175,0
2024-06-03 04:00,12.0,3.92,1,1.29125,0.08,19.207,0
2024-06-03 04:30,12.5,4.17,1,1.29125,0.08,19.242,0
2024-06-03 05:00,13.0,4.42,1,0.04125,0.08,19.197,0
2024-06-03 05:30,13.6,4.78,1,0.04125,0.08,19.157,0
2024-06-03 06:00,14.2,5.14,1,0.04125,0.08,19.121,0
2024-06-03 06:30,14.35,5.43,1,0.04125,0.08,19.088,0
2024-06-03 07:00,14.5,5.72,1,0.04125,0.08,19.055,0
2024-06-03 07:30,14.9,5.9,1,1.21625,0.08,19.105,0
2024-06-03 08:00,15.3,6.08,1,0.04125,0.08,19.078,0
2024-06-03 08:30,15.6,5.76,0,0.04125,0.08,19.055,0
2024-06-03 09:00,15.9,5.44,0,0.04125,0.08,19.033,0
2024-06-03 09:30,16.6,5.46,0,0.04125,0.08,19.017,0
2024-06-03 10:00,17.3,5.47,0,0.04125,0.08,19.007,0
2024-06-03 10:30,17.45,5.47,0,0.04125,0.08,18.998,0
2024-06-03 11:00,17.6,5.47,0,0.04125,0.08,18.99,0
2024-06-03 11:30,17.75,5.56,0,0.04125,0.08,18.983,0
2024-06-03 12:00,17.9,5.64,0,0.04125,0.08,18.978,0
2024-06-03 12:30,17.8,5.81,0,0.04125,0.08,18.971,0
2024-06-03 13:00,17.7,5.97,0,0.04125,0.08,18.964,0
2024-06-03 13:30,17.7,6.08,0,0.04125,0.08,18.957,0
2024-06-03 14:00,17.7,6.19,0,0.04125,0.08,18.951,0
2024-06-03 14:30,17.65,6.33,0,0.04125,0.08,18.943,0
2024-06-03 15:00,17.6,6.47,0,0.04125,0.08,18.936,0
2024-06-03 15:30,17.4,6.5,0,0.04125,0.08,18.927,0
2024-06-03 16:00,17.2,6.53,0,0.04125,0.08,18.916,0
2024-06-03 16:30,16.9,6.43,0,0.04125,0.08,18.904,0
2024-06-03 17:00,16.6,6.33,0,0.04125,0.08,18.889,0
2024-06-03 17:30,16.3,6.03,1,0.04125,0.08,18.872,0
2024-06-03 18:00,16.0,5.72,1,0.04125,0.08,18.853,0
2024-06-03 18:30,15.8,5.24,1,0.04125,0.08,18.832,0
2024-06-03 19:00,15.6,4.75,1,1.10375,0.08,18.881,0
2024-06-03 19:30,14.95,4.22,1,1.10375,0.08,18.925,0
2024-06-03 20:00,14.3,3.69,1,0.29125,0.08,18.909,0
2024-06-03 20:30,13.7,3.69,1,0.04125,0.08,18.872,0
2024-06-03 21:00,13.1,3.69,1,1.09125,0.08,18.9,0
2024-06-03 21:30,12.75,3.65,1,1.41625,0.08,18.948,0
2024-06-03 22:00,12.4,3.61,1,0.04125,0.08,18.901,0
2024-06-03 22:30,12.15,3.38,1,0.04125,0.08,18.852,0
2024-06-03 23:00,11.9,3.14,1,0.04125,0.08,18.801,0
2024-06-03 23:30,11.7,2.9,1,0.04125,0.08,18.75,0
2024-06-04 00:00,11.5,2.67,1,0.04125,0.08,18.697,0
2024-06-04 00:30,11.75,2.68,1,0.04125,0.08,18.646,0
2024-06-04 01:00,12.0,2.69,1,0.04125,0.08,18.598,0
2024-06-04 01:30,12.05,2.42,1,0.04125,0.08,18.551,0
2024-06-04 02:00,12.1,2.14,1,0.04125,0.08,18.504,0
2024-06-04 02:30,12.3,2.35,1,0.04125,0.08,18.46,0
2024-06-04 03:00,12.5,2.56,1,0.04125,0.08,18.417,0
2024-06-04 03:30,12.65,2.69,1,0.04125,0.08,18.375,0
2024-06-04 04:00,12.8,2.83,1,0.04125,0.08,18.336,0
2024-06-04 04:30,13.05,2.99,1,0.04125,0.08,18.298,0
2024-06-04 05:00,13.3,3.14,1,0.04125,0.08,18.262,0
2024-06-04 05:30,13.85,3.6,1,0.04125,0.08,18.231,0
2024-06-04 06:00,14.4,4.06,1,0.04125,0.08,18.205,0
2024-06-04 06:30,14.8,4.08,1,0.04125,0.08,18.181,0
2024-06-04 07:00,15.2,4.11,1,1.09125,0.08,18.232,0
2024-06-04 07:30,15.55,4.97,1,0.97875,0.08,18.276,0
2024-06-04 08:00,15.9,5.83,1,2.22875,0.08,18.407,0
2024-06-04 08:30,16.0,5.82,0,0.04125,0.08,18.392,0
2024-06-04 09:00,16.1,5.81,0,0.04125,0.08,18.377,0
2024-06-04 09:30,16.05,6.22,0,0.04125,0.08,18.362,0
2024-06-04 10:00,16.0,6.64,0,0.04125,0.08,18.346,0
2024-06-04 10:30,15.95,6.83,0,0.04125,0.08,18.331,0
2024-06-04 11:00,15.9,7.03,0,0.04125,0.08,18.315,0
2024-06-04 11:30,15.75,6.64,0,0.04125,0.08,18.298,0
2024-06-04 12:00,15.6,6.25,0,0.04125,0.08,18.28,0
2024-06-04 12:30,15.65,6.38,0,0.04125,0.08,18.263,0
2024-06-04 13:00,15.7,6.5,0,0.04125,0.08,18.246,0
2024-06-04 13:30,16.0,7.17,0,0.04125,0.08,18.232,0
2024-06-04 14:00,16.3,7.83,0,0.04125,0.08,18.22,0
2024-06-04 14:30,16.25,7.42,0,0.04125,0.08,18.207,0
2024-06-04 15:00,16.2,7.0,0,0.04125,0.08,18.195,0
2024-06-04 15:30,14.85,7.51,0,0.04125,0.08,18.172,0
2024-06-04 16:00,13.5,8.03,0,0.04125,0.08,18.139,0
2024-06-04 16:30,12.85,7.44,0,0.04125,0.08,18.101,0
2024-06-04 17:00,12.2,6.86,0,0.04125,0.08,18.059,0
2024-06-04 17:30,11.85,6.53,1,0.04125,0.08,18.014,0
2024-06-04 18:00,11.5,6.19,1,2.22875,0.08,18.113,0
2024-06-04 18:30,11.4,6.47,1,2.02875,0.08,18.197,0
2024-06-04 19:00,11.3,6.75,1,1.41625,0.08,18.239,0
2024-06-04 19:30,10.7,6.6,1,0.16625,0.08,18.192,0
2024-06-04 20:00,10.1,6.44,1,0.04125,0.08,18.133,0
2024-06-04 20:30,9.7,6.06,1,0.16625,0.08,18.08,0
2024-06-04 21:00,9.3,5.67,1,0.16625,0.08,18.024,0
2024-06-04 21:30,8.95,5.32,1,0.16625,0.08,17.965,0
2024-06-04 22:00,8.6,4.97,1,0.874583,0.08,17.952,0
2024-06-04 22:30,8.35,5.0,1,0.999583,0.08,17.946,0
2024-06-04 23:00,8.1,5.03,1,0.874583,0.08,17.929,0
2024-06-04 23:30,7.95,5.01,1,0.04125,0.08,17.855,0
2024-06-05 00:00,7.8,5.0,1,0.04125,0.08,17.781,0
2024-06-05 00:30,7.75,5.01,1,0.04125,0.08,17.707,0
2024-06-05 01:00,7.7,5.03,1,0.04125,0.08,17.633,0
2024-06-05 01:30,7.6,4.76,1,0.04125,0.08,17.559,0
2024-06-05 02:00,7.5,4.5,1,0.04125,0.08,17.485,0
2024-06-05 02:30,7.35,4.31,1,0.04125,0.08,17.41,0
2024-06-05 03:00,7.2,4.11,1,0.04125,0.08,17.334,0
2024-06-05 03:30,7.2,4.31,1,0.04125,0.08,17.26,0
2024-06-05 04:00,7.2,4.5,1,0.04125,0.08,17.185,0
2024-06-05 04:30,7.65,4.75,1,0.04125,0.08,17.115,0
2024-06-05 05:00,8.1,5.0,1,0.04125,0.08,17.049,0
2024-06-05 05:30,8.6,5.11,1,0.04125,0.08,16.987,0
2024-06-05 06:00,9.1,5.22,1,0.04125,0.08,16.929,0
2024-06-05 06:30,9.5,5.39,1,0.04125,0.08,16.875,0
2024-06-05 07:00,9.9,5.56,1,1.41625,0.08,16.917,0
2024-06-05 07:30,10.25,5.78,1,0.04125,0.08,16.868,0
2024-06-05 08:00,10.6,6.0,1,1.09125,0.08,16.893,0
2024-06-05 08:30,10.6,6.51,0,0.04125,0.08,16.848,0
2024-06-05 09:00,10.6,7.03,0,0.04125,0.08,16.803,0
2024-06-05 09:30,11.0,7.28,0,0.04125,0.08,16.761,0
2024-06-05 10:00,11.4,7.53,0,0.04125,0.08,16.723,0
2024-06-05 10:30,11.85,7.51,0,0.04125,0.08,16.688,0
2024-06-05 11:00,12.3,7.5,0,0.04125,0.08,16.658,0
2024-06-05 11:30,12.6,7.82,0,0.04125,0.08,16.629,0
2024-06-05 12:00,12.9,8.14,0,0.04125,0.08,16.603,0
2024-06-05 12:30,12.9,8.17,0,0.04125,0.08,16.578,0
2024-06-05 13:00,12.9,8.19,0,0.04125,0.08,16.552,0
2024-06-05 13:30,12.95,8.29,0,0.04125,0.08,16.528,0
2024-06-05 14:00,13.0,8.39,0,0.04125,0.08,16.503,0
2024-06-05 14:30,13.3,8.25,0,0.04125,0.08,16.482,0
2024-06-05 15:00,13.6,8.11,0,0.04125,0.08,16.462,0
2024-06-05 15:30,13.2,7.9,0,0.04125,0.08,16.44,0
2024-06-05 16:00,12.8,7.69,0,0.04125,0.08,16.415,0
2024-06-05 16:30,12.75,7.81,0,0.04125,0.08,16.39,0
2024-06-05 17:00,12.7,7.92,0,0.04125,0.08,16.364,0
2024-06-05 17:30,12.2,7.49,1,0.04125,0.08,16.335,0
2024-06-05 18:00,11.7,7.06,1,2.27875,0.08,16.452,0
2024-06-05 18:30,11.45,6.24,1,2.40375,0.08,16.574,0
2024-06-05 19:00,11.2,5.42,1,1.29125,0.08,16.62,0
2024-06-05 19:30,10.85,4.88,1,0.04125,0.08,16.578,0
2024-06-05 20:00,10.5,4.33,1,1.41625,0.08,16.626,0
2024-06-05 20:30,10.2,4.06,1,0.04125,0.08,16.58,0
2024-06-05 21:00,9.9,3.78,1,0.16625,0.08,16.54,0
2024-06-05 21:30,9.55,3.58,1,1.09125,0.08,16.559,0
2024-06-05 22:00,9.2,3.39,1,0.29125,0.08,16.522,0
2024-06-05 22:30,9.15,3.58,1,0.04125,0.08,16.469,0
2024-06-05 23:00,9.1,3.78,1,0.04125,0.08,16.415,0
2024-06-05 23:30,9.05,3.75,1,0.04125,0.08,16.361,0
2024-06-06 00:00,9.0,3.72,1,0.04125,0.08,16.308,0
2024-06-06 00:30,9.15,4.04,1,0.04125,0.08,16.256,0
2024-06-06 01:00,9.3,4.36,1,0.04125,0.08,16.205,0
2024-06-06 01:30,9.15,4.24,1,0.04125,0.08,16.154,0
2024-06-06 02:00,9.0,4.11,1,0.04125,0.08,16.102,0
2024-06-06 02:30,8.9,3.97,1,0.04125,0.08,16.05,0
2024-06-06 03:00,8.8,3.83,1,0.04125,0.08,15.997,0
2024-06-06 03:30,8.95,3.97,1,0.04125,0.08,15.946,0
2024-06-06 04:00,9.1,4.11,1,0.04125,0.08,15.896,0
2024-06-06 04:30,9.15,4.25,1,0.04125,0.08,15.847,0
2024-06-06 05:00,9.2,4.39,1,0.04125,0.08,15.799,0
2024-06-06 05:30,9.5,4.54,1,0.04125,0.08,15.754,0
2024-06-06 06:00,9.8,4.69,1,0.04125,0.08,15.711,0
2024-06-06 06:30,10.3,4.67,1,0.04125,0.08,15.672,0
2024-06-06 07:00,10.8,4.64,1,1.34125,0.08,15.725,0
2024-06-06 07:30,11.25,4.75,1,0.04125,0.08,15.693,0
2024-06-06 08:00,11.7,4.86,1,0.04125,0.08,15.665,0
2024-06-06 08:30,12.1,4.9,0,0.04125,0.08,15.641,0
2024-06-06 09:00,12.5,4.94,0,0.04125,0.08,15.62,0
2024-06-06 09:30,12.9,4.97,0,0.04125,0.08,15.601,0
2024-06-06 10:00,13.3,5.0,0,0.04125,0.08,15.587,0
2024-06-06 10:30,13.75,5.1,0,0.04125,0.08,15.575,0
2024-06-06 11:00,14.2,5.19,0,0.04125,0.08,15.568,0
2024-06-06 11:30,14.55,5.38,0,0.04125,0.08,15.562,0
2024-06-06 12:00,14.9,5.56,0,0.04125,0.08,15.56,0
2024-06-06 12:30,15.25,5.78,0,0.04125,0.08,15.561,0
2024-06-06 13:00,15.6,6.0,0,0.04125,0.08,15.6,0
2024-06-06 13:30,15.55,6.25,0,0.04125,0.08,15.602,0
2024-06-06 14:00,15.5,6.5,0,0.04125,0.08,15.604,0
2024-06-06 14:30,15.1,6.6,0,0.04125,0.08,15.603,0
2024-06-06 15:00,14.7,6.69,0,0.04125,0.08,15.599,0
2024-06-06 15:30,14.65,6.5,0,0.04125,0.08,15.595,0
2024-06-06 16:00,14.6,6.31,0,0.04125,0.08,15.59,0
2024-06-06 16:30,14.2,6.26,0,0.04125,0.08,15.582,0
2024-06-06 17:00,13.8,6.22,0,0.04125,0.08,15.571,0
2024-06-06 17:30,13.5,5.97,1,0.16625,0.08,15.566,0
2024-06-06 18:00,13.2,5.72,1,0.04125,0.08,15.551,0
2024-06-06 18:30,12.75,5.22,1,1.41625,0.08,15.624,0
2024-06-06 19:00,12.3,4.72,1,1.54125,0.08,15.702,0
2024-06-06 19:30,11.65,4.42,1,0.04125,0.08,15.673,0
2024-06-06 20:00,11.0,4.11,1,0.04125,0.08,15.64,0
2024-06-06 20:30,10.6,4.26,1,1.09125,0.08,15.675,0
2024-06-06 21:00,10.2,4.42,1,0.97875,0.08,15.698,0
2024-06-06 21:30,10.05,4.92,1,1.91625,0.08,15.783,0
2024-06-06 22:00,9.9,5.42,1,0.97875,0.08,15.804,0
2024-06-06 22:30,9.75,5.46,1,0.04125,0.08,15.76,0
2024-06-06 23:00,9.6,5.5,1,1.29125,0.08,15.799,0
2024-06-06 23:30,9.45,5.13,1,0.04125,0.08,15.753,0
2024-06-07 00:00,9.3,4.75,1,0.04125,0.08,15.707,0
2024-06-07 00:30,9.4,4.49,1,0.04125,0.08,15.661,0
2024-06-07 01:00,9.5,4.22,1,0.04125,0.08,15.617,0
2024-06-07 01:30,9.3,4.08,1,0.04125,0.08,15.571,0
2024-06-07 02:00,9.1,3.94,1,0.04125,0.08,15.524,0
2024-06-07 02:30,8.95,3.81,1,0.04125,0.08,15.477,0
2024-06-07 03:00,8.8,3.67,1,0.04125,0.08,15.428,0
2024-06-07 03:30,8.7,3.64,1,0.04125,0.08,15.38,0
2024-06-07 04:00,8.6,3.61,1,1.29125,0.08,15.414,0
2024-06-07 04:30,9.05,3.57,1,0.04125,0.08,15.368,0
2024-06-07 05:00,9.5,3.53,1,0.04125,0.08,15.326,0
2024-06-07 05:30,10.15,3.6,1,0.04125,0.08,15.289,0
2024-06-07 06:00,10.8,3.67,1,0.04125,0.08,15.258,0
2024-06-07 06:30,11.2,4.0,1,0.04125,0.08,15.229,0
2024-06-07 07:00,11.6,4.33,1,0.874583,0.08,15.26,0
2024-06-07 07:30,12.0,4.51,1,0.874583,0.08,15.293,0
2024-06-07 08:00,12.4,4.69,1,0.874583,0.08,15.33,0
2024-06-07 08:30,12.95,5.44,0,0.04125,0.08,15.314,0
2024-06-07 09:00,13.5,6.19,0,0.04125,0.08,15.303,0
2024-06-07 09:30,13.75,6.78,0,0.04125,0.08,15.294,0
2024-06-07 10:00,14.0,7.36,0,0.04125,0.08,15.287,0
2024-06-07 10:30,13.95,7.4,0,0.04125,0.08,15.279,0
2024-06-07 11:00,13.9,7.44,0,0.04125,0.08,15.272,0
2024-06-07 11:30,14.4,7.44,0,0.04125,0.08,15.268,0
2024-06-07 12:00,14.9,7.44,0,0.04125,0.08,15.268,0
2024-06-07 12:30,15.15,7.14,0,0.04125,0.08,15.27,0
2024-06-07 13:00,15.4,6.83,0,0.04125,0.08,15.4,0
2024-06-07 13:30,15.75,6.93,0,0.04125,0.08,15.75,0
2024-06-07 14:00,16.1,7.03,0,0.04125,0.08,16.1,0
2024-06-07 14:30,16.1,6.62,0,0.04125,0.08,16.103,0
2024-06-07 15:00,16.1,6.22,0,0.04125,0.08,16.105,0
2024-06-07 15:30,16.35,6.62,0,0.04125,0.08,16.35,0
2024-06-07 16:00,16.6,7.03,0,0.04125,0.08,16.6,0
2024-06-07 16:30,15.85,6.53,0,0.04125,0.08,16.597,0
2024-06-07 17:00,15.1,6.03,0,0.04125,0.08,16.588,0
2024-06-07 17:30,15.05,5.6,1,1.29125,0.08,16.663,0
2024-06-07 18:00,15.0,5.17,1,0.16625,0.08,16.661,0
2024-06-07 18:30,14.85,4.71,1,0.16625,0.08,16.658,0
2024-06-07 19:00,14.7,4.25,1,1.29125,0.08,16.73,0
2024-06-07 19:30,14.4,4.29,1,0.16625,0.08,16.723,0
2024-06-07 20:00,14.1,4.33,1,0.04125,0.08,16.706,0
2024-06-07 20:30,13.8,4.69,1,0.04125,0.08,16.686,0
2024-06-07 21:00,13.5,5.06,1,1.21625,0.08,16.743,0
2024-06-07 21:30,13.35,5.26,1,1.09125,0.08,16.79,0
2024-06-07 22:00,13.2,5.47,1,0.16625,0.08,16.774,0
2024-06-07 22:30,13.0,5.47,1,1.10375,0.08,16.819,0
2024-06-07 23:00,12.8,5.47,1,0.97875,0.08,16.853,0
2024-06-07 23:30,12.45,5.11,1,0.04125,0.08,16.822,0
2024-06-08 00:00,12.1,4.75,1,0.04125,0.08,16.789,0
2024-06-08 00:30,12.05,4.4,1,0.04125,0.08,16.756,0
2024-06-08 01:00,12.0,4.06,1,1.29125,0.08,16.805,0
2024-06-08 01:30,11.9,3.6,1,0.04125,0.08,16.771,0
2024-06-08 02:00,11.8,3.14,1,0.04125,0.08,16.735,0
2024-06-08 02:30,11.75,3.06,1,0.04125,0.08,16.7,0
2024-06-08 03:00,11.7,2.97,1,0.04125,0.08,16.664,0
2024-06-08 03:30,11.6,3.25,1,0.04125,0.08,16.628,0
2024-06-08 04:00,11.5,3.53,1,0.04125,0.08,16.592,0
2024-06-08 04:30,11.4,3.47,1,0.04125,0.08,16.555,0
2024-06-08 05:00,11.3,3.42,1,0.04125,0.08,16.517,0
2024-06-08 05:30,11.3,3.72,1,1.29125,0.08,16.564,0
2024-06-08 06:00,11.3,4.03,1,0.04125,0.08,16.526,0
2024-06-08 06:30,11.3,4.03,1,0.04125,0.08,16.489,0
2024-06-08 07:00,11.3,4.03,1,0.04125,0.08,16.452,0
2024-06-08 07:30,11.2,4.35,1,0.04125,0.08,16.415,0
2024-06-08 08:00,11.1,4.67,1,0.04125,0.08,16.377,0
2024-06-08 08:30,11.5,5.33,1,0.04125,0.08,16.342,0
2024-06-08 09:00,11.9,6.0,1,0.04125,0.08,16.311,0
2024-06-08 09:30,12.65,6.47,1,0.04125,0.08,16.286,0
2024-06-08 10:00,13.4,6.94,1,0.04125,0.08,16.266,0
2024-06-08 10:30,13.55,7.07,1,0.16625,0.08,16.257,0
2024-06-08 11:00,13.7,7.19,1,0.16625,0.08,16.248,0
2024-06-08 11:30,14.15,7.14,1,0.04125,0.08,16.235,0
2024-06-08 12:00,14.6,7.08,1,0.04125,0.08,16.225,0
2024-06-08 12:30,14.8,7.56,1,0.04125,0.08,16.217,0
2024-06-08 13:00,15.0,8.03,1,0.04125,0.08,16.21,0
2024-06-08 13:30,15.15,8.31,1,0.04125,0.08,16.205,0
2024-06-08 14:00,15.3,8.58,1,2.22875,0.08,16.347,0
2024-06-08 14:30,14.9,8.67,1,0.97875,0.08,16.401,0
2024-06-08 15:00,14.5,8.75,1,0.04125,0.08,16.39,0
2024-06-08 15:30,14.4,8.38,1,0.04125,0.08,16.377,0
2024-06-08 16:00,14.3,8.0,1,0.16625,0.08,16.372,0
2024-06-08 16:30,14.15,7.99,1,0.04125,0.08,16.358,0
2024-06-08 17:00,14.0,7.97,1,0.04125,0.08,16.343,0
2024-06-08 17:30,13.55,8.03,1,0.04125,0.08,16.324,0
2024-06-08 18:00,13.1,8.08,1,0.16625,0.08,16.311,0
2024-06-08 18:30,12.7,7.78,1,0.04125,0.08,16.286,0
2024-06-08 19:00,12.3,7.47,1,1.09125,0.08,16.328,0
2024-06-08 19:30,11.75,6.96,1,0.97875,0.08,16.359,0
2024-06-08 20:00,11.2,6.44,1,0.97875,0.08,16.385,0
2024-06-08 20:30,10.8,6.12,1,0.04125,0.08,16.345,0
2024-06-08 21:00,10.4,5.81,1,0.29125,0.08,16.319,0
2024-06-08 21:30,10.15,5.61,1,0.04125,0.08,16.274,0
2024-06-08 22:00,9.9,5.42,1,0.04125,0.08,16.228,0
2024-06-08 22:30,9.7,5.15,1,1.09125,0.08,16.251,0
2024-06-08 23:00,9.5,4.89,1,0.04125,0.08,16.202,0
2024-06-08 23:30,9.3,4.9,1,0.04125,0.08,16.152,0
2024-06-09 00:00,9.1,4.92,1,0.04125,0.08,16.101,0
2024-06-09 00:30,9.3,5.35,1,0.04125,0.08,16.052,0
2024-06-09 01:00,9.5,5.78,1,1.29125,0.08,16.088,0
2024-06-09 01:30,9.6,5.75,1,0.04125,0.08,16.041,0
2024-06-09 02:00,9.7,5.72,1,0.04125,0.08,15.995,0
2024-06-09 02:30,9.65,6.17,1,0.04125,0.08,15.949,0
2024-06-09 03:00,9.6,6.61,1,0.04125,0.08,15.903,0
2024-06-09 03:30,9.55,6.86,1,0.04125,0.08,15.858,0
2024-06-09 04:00,9.5,7.11,1,0.04125,0.08,15.812,0
2024-06-09 04:30,9.7,7.07,1,0.04125,0.08,15.768,0
2024-06-09 05:00,9.9,7.03,1,0.04125,0.08,15.725,0
2024-06-09 05:30,10.4,6.69,1,0.04125,0.08,15.687,0
2024-06-09 06:00,10.9,6.36,1,0.04125,0.08,15.654,0
2024-06-09 06:30,11.15,6.68,1,0.04125,0.08,15.622,0
2024-06-09 07:00,11.4,7.0,1,0.04125,0.08,15.592,0
2024-06-09 07:30,11.5,6.89,1,1.29125,0.08,15.647,0
2024-06-09 08:00,11.6,6.78,1,1.10375,0.08,15.69,0
2024-06-09 08:30,11.75,6.75,1,0.97875,0.08,15.725,0
2024-06-09 09:00,11.9,6.72,1,1.29125,0.08,15.782,0
2024-06-09 09:30,12.1,6.94,1,1.21625,0.08,15.835,0
2024-06-09 10:00,12.3,7.17,1,1.09125,0.08,15.881,0
2024-06-09 10:30,12.75,7.17,1,0.04125,0.08,15.86,0
2024-06-09 11:00,13.2,7.17,1,0.04125,0.08,15.843,0
2024-06-09 11:30,13.1,7.44,1,0.04125,0.08,15.824,0
2024-06-09 12:00,13.0,7.72,1,0.16625,0.08,15.814,0
2024-06-09 12:30,13.5,7.6,1,0.97875,0.08,15.862,0
2024-06-09 13:00,14.0,7.47,1,1.10375,0.08,15.921,0
2024-06-09 13:30,13.65,7.62,1,0.04125,0.08,15.906,0
2024-06-09 14:00,13.3,7.78,1,0.04125,0.08,15.889,0
2024-06-09 14:30,13.55,7.71,1,0.16625,0.08,15.882,0
2024-06-09 15:00,13.8,7.64,1,0.04125,0.08,15.869,0
2024-06-09 15:30,14.05,7.62,1,0.04125,0.08,15.858,0
2024-06-09 16:00,14.3,7.61,1,0.04125,0.08,15.849,0
2024-06-09 16:30,14.0,7.19,1,0.04125,0.08,15.838,0
2024-06-09 17:00,13.7,6.78,1,0.16625,0.08,15.832,0
2024-06-09 17:30,13.25,6.29,1,0.04125,0.08,15.815,0
2024-06-09 18:00,12.8,5.81,1,0.04125,0.08,15.795,0
2024-06-09 18:30,12.55,5.0,1,0.04125,0.08,15.773,0
2024-06-09 19:00,12.3,4.19,1,0.04125,0.08,15.749,0
2024-06-09 19:30,11.95,3.15,1,0.04125,0.08,15.723,0
2024-06-09 20:00,11.6,2.11,1,0.04125,0.08,15.694,0
2024-06-09 20:30,11.5,1.39,1,0.04125,0.08,15.665,0
2024-06-09 21:00,11.4,0.67,1,1.34125,0.08,15.722,0
2024-06-09 21:30,11.15,1.04,1,1.34125,0.08,15.776,0
2024-06-09 22:00,10.9,1.42,1,0.04125,0.08,15.742,0
2024-06-09 22:30,10.75,1.81,1,0.04125,0.08,15.706,0
2024-06-09 23:00,10.6,2.19,1,0.04125,0.08,15.67,0
2024-06-09 23:30,10.1,4.08,1,0.04125,0.08,15.63,0
2024-06-10 00:00,9.6,5.97,1,0.04125,0.08,15.587,0
2024-06-10 00:30,9.05,5.29,1,0.04125,0.08,15.539,0
2024-06-10 01:00,8.5,4.61,1,0.04125,0.08,15.488,0
2024-06-10 01:30,8.4,4.15,1,0.04125,0.08,15.437,0
2024-06-10 02:00,8.3,3.69,1,0.04125,0.08,15.385,0
2024-06-10 02:30,8.3,4.11,1,0.04125,0.08,15.333,0
2024-06-10 03:00,8.3,4.53,1,0.04125,0.08,15.282,0
2024-06-10 03:30,8.3,4.46,1,0.04125,0.08,15.232,0
2024-06-10 04:00,8.3,4.39,1,0.04125,0.08,15.181,0
2024-06-10 04:30,8.5,4.61,1,0.04125,0.08,15.133,0
2024-06-10 05:00,8.7,4.83,1,0.04125,0.08,15.086,0
2024-06-10 05:30,8.7,5.87,1,0.04125,0.08,15.04,0
2024-06-10 06:00,8.7,6.92,1,0.04125,0.08,14.995,0
2024-06-10 06:30,9.15,6.62,1,0.04125,0.08,14.953,0
2024-06-10 07:00,9.6,6.33,1,0.04125,0.08,14.914,0
2024-06-10 07:30,10.1,6.75,1,1.29125,0.08,14.964,0
2024-06-10 08:00,10.6,7.17,1,0.97875,0.08,14.996,0
2024-06-10 08:30,11.1,6.93,0,0.97875,0.08,15.031,0
2024-06-10 09:00,11.6,6.69,0,0.04125,0.08,15.008,0
2024-06-10 09:30,12.05,6.74,0,0.04125,0.08,14.988,0
2024-06-10 10:00,12.5,6.78,0,0.04125,0.08,14.972,0
2024-06-10 10:30,12.95,6.62,0,0.04125,0.08,14.959,0
2024-06-10 11:00,13.4,6.47,0,0.04125,0.08,14.95,0
2024-06-10 11:30,13.6,6.14,0,0.04125,0.08,14.942,0
2024-06-10 12:00,13.8,5.81,0,0.04125,0.08,14.936,0
2024-06-10 12:30,13.6,5.71,0,0.04125,0.08,14.929,0
2024-06-10 13:00,13.4,5.61,0,0.04125,0.08,14.92,0
2024-06-10 13:30,13.45,5.61,0,0.04125,0.08,14.911,0
2024-06-10 14:00,13.5,5.61,0,0.04125,0.08,14.903,0
2024-06-10 14:30,13.5,5.28,0,0.04125,0.08,14.895,0
2024-06-10 15:00,13.5,4.94,0,0.04125,0.08,14.887,0
2024-06-10 15:30,13.8,4.61,0,0.04125,0.08,14.882,0
2024-06-10 16:00,14.1,4.28,0,0.04125,0.08,14.879,0
2024-06-10 16:30,13.95,4.35,0,0.04125,0.08,14.874,0
2024-06-10 17:00,13.8,4.42,0,0.04125,0.08,14.869,0
2024-06-10 17:30,13.7,4.67,1,0.04125,0.08,14.863,0
2024-06-10 18:00,13.6,4.92,1,2.249583,0.08,15.003,0
2024-06-10 18:30,12.9,5.24,1,2.124583,0.08,15.129,0
2024-06-10 19:00,12.2,5.56,1,0.874583,0.08,15.165,0
2024-06-10 19:30,11.35,4.22,1,0.04125,0.08,15.139,0
2024-06-10 20:00,10.5,2.89,1,0.16625,0.08,15.115,0
2024-06-10 20:30,9.6,2.25,1,0.16625,0.08,15.083,0
2024-06-10 21:00,8.7,1.61,1,1.09125,0.08,15.108,0
2024-06-10 21:30,8.4,2.07,1,1.21625,0.08,15.137,0
2024-06-10 22:00,8.1,2.53,1,0.16625,0.08,15.095,0
2024-06-10 22:30,8.2,2.36,1,0.16625,0.08,15.053,0
2024-06-10 23:00,8.3,2.19,1,0.04125,0.08,15.004,0
2024-06-10 23:30,7.8,2.12,1,0.04125,0.08,14.952,0
2024-06-11 00:00,7.3,2.06,1,0.04125,0.08,14.896,0
2024-06-11 00:30,7.45,2.32,1,0.04125,0.08,14.842,0
2024-06-11 01:00,7.6,2.58,1,0.04125,0.08,14.789,0
2024-06-11 01:30,7.7,2.74,1,0.04125,0.08,14.738,0
2024-06-11 02:00,7.8,2.89,1,0.04125,0.08,14.687,0
2024-06-11 02:30,7.95,2.94,1,0.04125,0.08,14.638,0
2024-06-11 03:00,8.1,3.0,1,1.29125,0.08,14.675,0
2024-06-11 03:30,8.25,3.0,1,0.04125,0.08,14.628,0
2024-06-11 04:00,8.4,3.0,1,0.04125,0.08,14.583,0
2024-06-11 04:30,8.55,3.03,1,0.04125,0.08,14.54,0
2024-06-11 05:00,8.7,3.06,1,0.04125,0.08,14.498,0
2024-06-11 05:30,9.05,3.03,1,0.04125,0.08,14.459,0
2024-06-11 06:00,9.4,3.0,1,0.04125,0.08,14.423,0
2024-06-11 06:30,9.9,3.24,1,0.04125,0.08,14.391,0
2024-06-11 07:00,10.4,3.47,1,0.04125,0.08,14.363,0
2024-06-11 07:30,10.85,3.38,1,0.16625,0.08,14.348,0
2024-06-11 08:00,11.3,3.28,1,0.04125,0.08,14.327,0
2024-06-11 08:30,11.6,3.32,0,0.04125,0.08,14.309,0
2024-06-11 09:00,11.9,3.36,0,0.04125,0.08,14.293,0
2024-06-11 09:30,12.15,3.51,0,0.04125,0.08,14.28,0
2024-06-11 10:00,12.4,3.67,0,0.04125,0.08,14.268,0
2024-06-11 10:30,13.0,3.78,0,0.04125,0.08,14.261,0
2024-06-11 11:00,13.6,3.89,0,0.04125,0.08,14.259,0
2024-06-11 11:30,13.7,3.97,0,0.04125,0.08,14.257,0
2024-06-11 12:00,13.8,4.06,0,0.04125,0.08,14.256,0
2024-06-11 12:30,13.5,3.82,0,0.04125,0.08,14.253,0
2024-06-11 13:00,13.2,3.58,0,0.04125,0.08,14.248,0
2024-06-11 13:30,13.5,3.47,0,0.04125,0.08,14.245,0
2024-06-11 14:00,13.8,3.36,0,0.04125,0.08,14.244,0
2024-06-11 14:30,13.85,3.35,0,0.04125,0.08,14.244,0
2024-06-11 15:00,13.9,3.33,0,0.04125,0.08,14.244,0
2024-06-11 15:30,13.5,3.33,0,0.04125,0.08,14.241,0
2024-06-11 16:00,13.1,3.33,0,0.04125,0.08,14.235,0
2024-06-11 16:30,12.6,3.39,0,0.04125,0.08,14.226,0
2024-06-11 17:00,12.1,3.44,0,0.04125,0.08,14.212,0
2024-06-11 17:30,12.1,3.11,1,0.04125,0.08,14.199,0
2024-06-11 18:00,12.1,2.78,1,1.29125,0.08,14.269,0
2024-06-11 18:30,11.95,2.31,1,1.54125,0.08,14.354,0
2024-06-11 19:00,11.8,1.83,1,0.16625,0.08,14.346,0
2024-06-11 19:30,11.35,1.42,1,2.02875,0.08,14.459,0
2024-06-11 20:00,10.9,1.0,1,1.812083,0.08,14.552,0
2024-06-11 20:30,10.45,1.21,1,0.874583,0.08,14.579,0
2024-06-11 21:00,10.0,1.42,1,1.812083,0.08,14.666,0
2024-06-11 21:30,9.75,1.33,1,1.10375,0.08,14.702,0
2024-06-11 22:00,9.5,1.25,1,1.09125,0.08,14.735,0
2024-06-11 22:30,9.55,1.06,1,0.16625,0.08,14.706,0
2024-06-11 23:00,9.6,0.86,1,0.04125,0.08,14.67,0
2024-06-11 23:30,9.7,0.75,1,0.04125,0.08,14.635,0
2024-06-12 00:00,9.8,0.64,1,0.04125,0.08,14.6,0
2024-06-12 00:30,9.15,1.14,1,0.04125,0.08,14.561,0
2024-06-12 01:00,8.5,1.64,1,0.04125,0.08,14.518,0
2024-06-12 01:30,8.4,1.46,1,0.04125,0.08,14.474,0
2024-06-12 02:00,8.3,1.28,1,0.04125,0.08,14.429,0
2024-06-12 02:30,7.75,1.42,1,0.04125,0.08,14.381,0
2024-06-12 03:00,7.2,1.56,1,0.04125,0.08,14.329,0
2024-06-12 03:30,6.7,1.69,1,0.04125,0.08,14.273,0
2024-06-12 04:00,6.2,1.83,1,0.04125,0.08,14.214,0
2024-06-12 04:30,6.95,1.82,1,0.04125,0.08,14.161,0
2024-06-12 05:00,7.7,1.81,1,0.04125,0.08,14.114,0
2024-06-12 05:30,8.55,1.62,1,0.04125,0.08,14.075,0
2024-06-12 06:00,9.4,1.44,1,0.04125,0.08,14.042,0
2024-06-12 06:30,10.25,1.81,1,0.04125,0.08,14.015,0
2024-06-12 07:00,11.1,2.17,1,1.29125,0.08,14.079,0
2024-06-12 07:30,11.65,2.44,1,0.04125,0.08,14.063,0
2024-06-12 08:00,12.2,2.72,1,1.34125,0.08,14.139,0
2024-06-12 08:30,12.85,2.78,0,1.34125,0.08,14.219,0
2024-06-12 09:00,13.5,2.83,0,0.04125,0.08,14.216,0
2024-06-12 09:30,13.3,3.19,0,0.04125,0.08,14.212,0
2024-06-12 10:00,13.1,3.56,0,0.04125,0.08,14.206,0
2024-06-12 10:30,13.3,3.69,0,0.04125,0.08,14.202,0
2024-06-12 11:00,13.5,3.83,0,0.04125,0.08,14.199,0
2024-06-12 11:30,14.05,4.07,0,0.04125,0.08,14.201,0
2024-06-12 12:00,14.6,4.31,0,0.04125,0.08,14.6,0
2024-06-12 12:30,14.75,4.83,0,0.04125,0.08,14.75,0
2024-06-12 13:00,14.9,5.36,0,0.04125,0.08,14.9,0
2024-06-12 13:30,14.65,5.36,0,0.04125,0.08,14.901,0
2024-06-12 14:00,14.4,5.36,0,0.04125,0.08,14.9,0
2024-06-12 14:30,14.0,5.18,0,0.04125,0.08,14.896,0
2024-06-12 15:00,13.6,5.0,0,0.04125,0.08,14.888,0
2024-06-12 15:30,13.6,4.96,0,0.04125,0.08,14.881,0
2024-06-12 16:00,13.6,4.92,0,0.04125,0.08,14.874,0
2024-06-12 16:30,13.35,4.76,0,0.04125,0.08,14.865,0
2024-06-12 17:00,13.1,4.61,0,0.04125,0.08,14.855,0
2024-06-12 17:30,12.95,4.74,1,0.04125,0.08,14.843,0
2024-06-12 18:00,12.8,4.86,1,1.29125,0.08,14.914,0
2024-06-12 18:30,12.5,4.11,1,0.04125,0.08,14.898,0
2024-06-12 19:00,12.2,3.36,1,0.16625,0.08,14.888,0
2024-06-12 19:30,11.35,2.88,1,1.29125,0.08,14.947,0
2024-06-12 20:00,10.5,2.39,1,0.97875,0.08,14.979,0
2024-06-12 20:30,9.6,2.14,1,1.10375,0.08,15.011,0
2024-06-12 21:00,8.7,1.89,1,1.10375,0.08,15.037,0
2024-06-12 21:30,8.1,1.78,1,2.987083,0.08,15.184,0
2024-06-12 22:00,7.5,1.67,1,2.049583,0.08,15.262,0
2024-06-12 22:30,7.15,1.79,1,0.999583,0.08,15.266,0
2024-06-12 23:00,6.8,1.92,1,0.04125,0.08,15.204,0
2024-06-12 23:30,6.3,1.82,1,0.04125,0.08,15.139,0
2024-06-13 00:00,5.8,1.72,1,0.04125,0.08,15.07,0
2024-06-13 00:30,5.7,1.75,1,0.04125,0.08,15.001,0
2024-06-13 01:00,5.6,1.78,1,0.04125,0.08,14.932,0
2024-06-13 01:30,5.35,1.72,1,0.04125,0.08,14.862,0
2024-06-13 02:00,5.1,1.67,1,0.04125,0.08,14.79,0
2024-06-13 02:30,4.95,1.58,1,0.04125,0.08,14.717,0
2024-06-13 03:00,4.8,1.5,1,0.04125,0.08,14.644,0
2024-06-13 03:30,4.75,1.47,1,1.29125,0.08,14.654,0
2024-06-13 04:00,4.7,1.44,1,0.04125,0.08,14.581,0
2024-06-13 04:30,5.6,1.72,1,0.04125,0.08,14.515,0
2024-06-13 05:00,6.5,2.0,1,0.04125,0.08,14.456,0
2024-06-13 05:30,7.6,1.89,1,0.04125,0.08,14.407,0
2024-06-13 06:00,8.7,1.78,1,1.29125,0.08,14.449,0
2024-06-13 06:30,9.65,2.06,1,0.04125,0.08,14.415,0
2024-06-13 07:00,10.6,2.33,1,0.29125,0.08,14.406,0
2024-06-13 07:30,11.4,2.92,1,0.04125,0.08,14.385,0
2024-06-13 08:00,12.2,3.5,1,1.41625,0.08,14.463,0
2024-06-13 08:30,13.1,4.14,0,0.04125,0.08,14.456,0
2024-06-13 09:00,14.0,4.78,0,0.04125,0.08,14.455,0
2024-06-13 09:30,14.2,5.04,0,0.04125,0.08,14.456,0
2024-06-13 10:00,14.4,5.31,0,0.04125,0.08,14.458,0
2024-06-13 10:30,14.6,5.35,0,0.04125,0.08,14.6,0
2024-06-13 11:00,14.8,5.39,0,0.04125,0.08,14.8,0
2024-06-13 11:30,14.95,5.87,0,0.04125,0.08,14.95,0
2024-06-13 12:00,15.1,6.36,0,0.04125,0.08,15.1,0
2024-06-13 12:30,15.0,6.14,0,0.04125,0.08,15.102,0
2024-06-13 13:00,14.9,5.92,0,0.04125,0.08,15.103,0
2024-06-13 13:30,14.6,5.87,0,0.04125,0.08,15.102,0
2024-06-13 14:00,14.3,5.83,0,0.04125,0.08,15.099,0
2024-06-13 14:30,14.2,5.62,0,0.04125,0.08,15.095,0
2024-06-13 15:00,14.1,5.42,0,0.04125,0.08,15.09,0
2024-06-13 15:30,13.9,5.54,0,0.04125,0.08,15.083,0
2024-06-13 16:00,13.7,5.67,0,0.04125,0.08,15.076,0
2024-06-13 16:30,13.4,6.14,0,0.04125,0.08,15.066,0
2024-06-13 17:00,13.1,6.61,0,0.04125,0.08,15.053,0
2024-06-13 17:30,12.75,6.96,1,0.97875,0.08,15.101,0
2024-06-13 18:00,12.4,7.31,1,2.749583,0.08,15.264,0
2024-06-13 18:30,12.0,7.57,1,1.937083,0.08,15.369,0
2024-06-13 19:00,11.6,7.83,1,0.874583,0.08,15.398,0
2024-06-13 19:30,11.45,7.96,1,0.04125,0.08,15.371,0
2024-06-13 20:00,11.3,8.08,1,1.34125,0.08,15.429,0
2024-06-13 20:30,11.2,7.86,1,1.34125,0.08,15.487,0
2024-06-13 21:00,11.1,7.64,1,0.29125,0.08,15.472,0
2024-06-13 21:30,11.1,7.43,1,1.09125,0.08,15.512,0
2024-06-13 22:00,11.1,7.22,1,1.09125,0.08,15.551,0
2024-06-13 22:30,11.25,7.12,1,0.04125,0.08,15.521,0
2024-06-13 23:00,11.4,7.03,1,0.04125,0.08,15.492,0
2024-06-13 23:30,11.5,6.61,1,0.04125,0.08,15.464,0
2024-06-14 00:00,11.6,6.19,1,0.04125,0.08,15.438,0
2024-06-14 00:30,11.65,5.99,1,0.04125,0.08,15.411,0
2024-06-14 01:00,11.7,5.78,1,0.04125,0.08,15.386,0
2024-06-14 01:30,11.5,5.47,1,0.04125,0.08,15.359,0
2024-06-14 02:00,11.3,5.17,1,1.29125,0.08,15.414,0
2024-06-14 02:30,11.25,5.03,1,0.04125,0.08,15.385,0
2024-06-14 03:00,11.2,4.89,1,0.04125,0.08,15.356,0
2024-06-14 03:30,11.2,4.85,1,0.04125,0.08,15.326,0
2024-06-14 04:00,11.2,4.81,1,0.04125,0.08,15.298,0
2024-06-14 04:30,11.5,4.64,1,0.04125,0.08,15.271,0
2024-06-14 05:00,11.8,4.47,1,0.04125,0.08,15.248,0
2024-06-14 05:30,12.35,4.72,1,0.04125,0.08,15.228,0
2024-06-14 06:00,12.9,4.97,1,0.04125,0.08,15.213,0
2024-06-14 06:30,13.3,5.04,1,0.04125,0.08,15.201,0
2024-06-14 07:00,13.7,5.11,1,0.874583,0.08,15.248,0
2024-06-14 07:30,14.15,4.97,1,0.874583,0.08,15.298,0
2024-06-14 08:00,14.6,4.83,1,3.499583,0.08,15.527,0
2024-06-14 08:30,14.7,5.11,0,0.04125,0.08,15.523,0
2024-06-14 09:00,14.8,5.39,0,0.04125,0.08,15.52,0
2024-06-14 09:30,15.15,5.11,0,0.04125,0.08,15.52,0
2024-06-14 10:00,15.5,4.83,0,0.04125,0.08,15.523,0
2024-06-14 10:30,15.65,5.01,0,0.04125,0.08,15.65,0
2024-06-14 11:00,15.8,5.19,0,0.04125,0.08,15.8,0
2024-06-14 11:30,16.1,5.46,0,0.04125,0.08,16.1,0
2024-06-14 12:00,16.4,5.72,0,0.04125,0.08,16.4,0
2024-06-14 12:30,15.5,5.42,0,0.04125,0.08,16.396,0
2024-06-14 13:00,14.6,5.11,0,0.04125,0.08,16.385,0
2024-06-14 13:30,14.9,4.5,0,0.04125,0.08,16.376,0
2024-06-14 14:00,15.2,3.89,0,0.04125,0.08,16.37,0
2024-06-14 14:30,15.8,3.78,0,0.04125,0.08,16.368,0
2024-06-14 15:00,16.4,3.67,0,0.04125,0.08,16.4,0
2024-06-14 15:30,16.75,3.71,0,0.04125,0.08,16.75,0
2024-06-14 16:00,17.1,3.75,0,0.04125,0.08,17.1,0
2024-06-14 16:30,16.9,3.44,0,0.04125,0.08,17.101,0
2024-06-14 17:00,16.7,3.14,0,0.04125,0.08,17.101,0
2024-06-14 17:30,16.5,2.54,1,0.04125,0.08,17.099,0
2024-06-14 18:00,16.3,1.94,1,0.16625,0.08,17.104,0
2024-06-14 18:30,15.9,1.32,1,0.04125,0.08,17.098,0
2024-06-14 19:00,15.5,0.69,1,0.04125,0.08,17.088,0
2024-06-14 19:30,14.45,1.29,1,0.04125,0.08,17.071,0
2024-06-14 20:00,13.4,1.89,1,0.16625,0.08,17.054,0
2024-06-14 20:30,12.9,1.75,1,0.04125,0.08,17.025,0
2024-06-14 21:00,12.4,1.61,1,1.21625,0.08,17.071,0
2024-06-14 21:30,11.6,1.72,1,1.21625,0.08,17.11,0
2024-06-14 22:00,10.8,1.83,1,0.97875,0.08,17.127,0
2024-06-14 22:30,10.65,1.56,1,1.10375,0.08,17.151,0
2024-06-14 23:00,10.5,1.28,1,0.04125,0.08,17.103,0
2024-06-14 23:30,10.05,1.35,1,0.04125,0.08,17.052,0
2024-06-15 00:00,9.6,1.42,1,0.04125,0.08,16.998,0
2024-06-15 00:30,9.85,1.43,1,0.04125,0.08,16.946,0
2024-06-15 01:00,10.1,1.44,1,0.04125,0.08,16.896,0
2024-06-15 01:30,9.6,1.54,1,0.04125,0.08,16.843,0
2024-06-15 02:00,9.1,1.64,1,0.04125,0.08,16.786,0
2024-06-15 02:30,9.55,1.93,1,0.04125,0.08,16.734,0
2024-06-15 03:00,10.0,2.22,1,0.04125,0.08,16.685,0
2024-06-15 03:30,9.8,2.43,1,0.04125,0.08,16.635,0
2024-06-15 04:00,9.6,2.64,1,0.04125,0.08,16.584,0
2024-06-15 04:30,9.85,2.62,1,0.04125,0.08,16.535,0
2024-06-15 05:00,10.1,2.61,1,0.04125,0.08,16.489,0
2024-06-15 05:30,10.55,2.62,1,0.04125,0.08,16.446,0
2024-06-15 06:00,11.0,2.64,1,0.04125,0.08,16.407,0
2024-06-15 06:30,11.55,2.6,1,0.04125,0.08,16.373,0
2024-06-15 07:00,12.1,2.56,1,0.04125,0.08,16.343,0
2024-06-15 07:30,12.55,2.24,1,0.04125,0.08,16.316,0
2024-06-15 08:00,13.0,1.92,1,0.04125,0.08,16.294,0
2024-06-15 08:30,13.3,1.54,1,0.04125,0.08,16.274,0
2024-06-15 09:00,13.6,1.17,1,1.29125,0.08,16.34,0
2024-06-15 09:30,13.45,1.5,1,0.97875,0.08,16.383,0
2024-06-15 10:00,13.3,1.83,1,0.97875,0.08,16.425,0
2024-06-15 10:30,13.55,2.17,1,0.04125,0.08,16.405,0
2024-06-15 11:00,13.8,2.5,1,0.04125,0.08,16.388,0
2024-06-15 11:30,13.6,2.56,1,0.04125,0.08,16.37,0
2024-06-15 12:00,13.4,2.61,1,0.04125,0.08,16.35,0
2024-06-15 12:30,12.55,3.47,1,0.04125,0.08,16.323,0
2024-06-15 13:00,11.7,4.33,1,1.09125,0.08,16.361,0
2024-06-15 13:30,12.1,4.03,1,0.04125,0.08,16.331,0
2024-06-15 14:00,12.5,3.72,1,0.04125,0.08,16.305,0
2024-06-15 14:30,13.15,3.86,1,1.09125,0.08,16.353,0
2024-06-15 15:00,13.8,4.0,1,0.04125,0.08,16.337,0
2024-06-15 15:30,12.7,4.97,1,0.04125,0.08,16.311,0
2024-06-15 16:00,11.6,5.94,1,0.04125,0.08,16.278,0
2024-06-15 16:30,11.65,4.97,1,0.29125,0.08,16.262,0
2024-06-15 17:00,11.7,4.0,1,0.04125,0.08,16.23,0
2024-06-15 17:30,12.15,4.06,1,0.04125,0.08,16.202,0
2024-06-15 18:00,12.6,4.11,1,0.04125,0.08,16.177,0
2024-06-15 18:30,12.45,3.86,1,0.04125,0.08,16.151,0
2024-06-15 19:00,12.3,3.61,1,0.16625,0.08,16.133,0
2024-06-15 19:30,11.75,3.29,1,0.16625,0.08,16.11,0
2024-06-15 20:00,11.2,2.97,1,1.29125,0.08,16.159,0
2024-06-15 20:30,10.25,2.54,1,1.29125,0.08,16.2,0
2024-06-15 21:00,9.3,2.11,1,0.04125,0.08,16.15,0
2024-06-15 21:30,8.8,2.04,1,0.29125,0.08,16.113,0
2024-06-15 22:00,8.3,1.97,1,0.04125,0.08,16.056,0
2024-06-15 22:30,7.85,1.88,1,0.04125,0.08,15.996,0
2024-06-15 23:00,7.4,1.78,1,0.04125,0.08,15.933,0
2024-06-15 23:30,6.95,1.71,1,0.04125,0.08,15.867,0
2024-06-16 00:00,6.5,1.64,1,0.04125,0.08,15.798,0
2024-06-16 00:30,6.85,1.49,1,0.04125,0.08,15.732,0
2024-06-16 01:00,7.2,1.33,1,0.04125,0.08,15.67,0
2024-06-16 01:30,7.05,1.51,1,0.04125,0.08,15.607,0
2024-06-16 02:00,6.9,1.69,1,0.04125,0.08,15.543,0
2024-06-16 02:30,7.0,1.54,1,0.04125,0.08,15.48,0
2024-06-16 03:00,7.1,1.39,1,0.04125,0.08,15.419,0
2024-06-16 03:30,7.0,1.4,1,0.04125,0.08,15.357,0
2024-06-16 04:00,6.9,1.42,1,0.04125,0.08,15.295,0
2024-06-16 04:30,7.8,2.11,1,0.04125,0.08,15.24,0
2024-06-16 05:00,8.7,2.81,1,0.04125,0.08,15.193,0
2024-06-16 05:30,9.6,3.22,1,0.04125,0.08,15.153,0
2024-06-16 06:00,10.5,3.64,1,0.04125,0.08,15.12,0
2024-06-16 06:30,11.3,4.18,1,0.04125,0.08,15.094,0
2024-06-16 07:00,12.1,4.72,1,0.04125,0.08,15.074,0
2024-06-16 07:30,12.8,5.04,1,0.04125,0.08,15.059,0
2024-06-16 08:00,13.5,5.36,1,0.04125,0.08,15.05,0
2024-06-16 08:30,14.1,4.92,1,0.04125,0.08,15.045,0
2024-06-16 09:00,14.7,4.47,1,0.16625,0.08,15.054,0
2024-06-16 09:30,14.9,5.04,1,0.04125,0.08,15.055,0
2024-06-16 10:00,15.1,5.61,1,0.16625,0.08,15.1,0
2024-06-16 10:30,15.35,5.53,1,0.04125,0.08,15.35,0
2024-06-16 11:00,15.6,5.44,1,0.04125,0.08,15.6,0
2024-06-16 11:30,15.55,6.04,1,0.04125,0.08,15.602,0
2024-06-16 12:00,15.5,6.64,1,0.04125,0.08,15.604,0
2024-06-16 12:30,15.9,6.39,1,0.04125,0.08,15.9,0
2024-06-16 13:00,16.3,6.14,1,0.04125,0.08,16.3,0
2024-06-16 13:30,16.4,6.47,1,0.16625,0.08,16.4,0
2024-06-16 14:00,16.5,6.81,1,1.10375,0.08,16.5,0
2024-06-16 14:30,16.65,6.82,1,0.97875,0.08,16.65,0
2024-06-16 15:00,16.8,6.83,1,2.54125,0.08,16.821,0
2024-06-16 15:30,16.7,6.76,1,0.04125,0.08,16.823,0
2024-06-16 16:00,16.6,6.69,1,0.97875,0.08,16.887,0
2024-06-16 16:30,16.4,6.53,1,0.97875,0.08,16.948,0
2024-06-16 17:00,16.2,6.36,1,0.04125,0.08,16.945,0
2024-06-16 17:30,15.8,5.85,1,0.04125,0.08,16.939,0
2024-06-16 18:00,15.4,5.33,1,0.04125,0.08,16.93,0
2024-06-16 18:30,15.0,4.49,1,1.09125,0.08,16.988,0
2024-06-16 19:00,14.6,3.64,1,0.04125,0.08,16.973,0
2024-06-16 19:30,13.9,3.28,1,0.04125,0.08,16.952,0
2024-06-16 20:00,13.2,2.92,1,1.21625,0.08,17.005,0
2024-06-16 20:30,12.8,2.62,1,0.04125,0.08,16.975,0
2024-06-16 21:00,12.4,2.33,1,0.04125,0.08,16.943,0
2024-06-16 21:30,12.35,2.4,1,0.04125,0.08,16.911,0
2024-06-16 22:00,12.3,2.47,1,0.16625,0.08,16.886,0
2024-06-16 22:30,12.25,2.85,1,1.29125,0.08,16.937,0
2024-06-16 23:00,12.2,3.22,1,0.04125,0.08,16.904,0
2024-06-16 23:30,12.15,4.0,1,0.04125,0.08,16.87,0
2024-06-17 00:00,12.1,4.78,1,0.04125,0.08,16.836,0
2024-06-17 00:30,12.25,4.76,1,0.04125,0.08,16.804,0
2024-06-17 01:00,12.4,4.75,1,0.04125,0.08,16.773,0
2024-06-17 01:30,12.3,4.81,1,0.04125,0.08,16.742,0
2024-06-17 02:00,12.2,4.86,1,0.04125,0.08,16.71,0
2024-06-17 02:30,12.0,4.65,1,0.04125,0.08,16.676,0
2024-06-17 03:00,11.8,4.44,1,0.04125,0.08,16.642,0
2024-06-17 03:30,11.85,4.17,1,0.04125,0.08,16.608,0
2024-06-17 04:00,11.9,3.89,1,0.04125,0.08,16.575,0
2024-06-17 04:30,12.1,3.71,1,0.04125,0.08,16.543,0
2024-06-17 05:00,12.3,3.53,1,0.04125,0.08,16.513,0
2024-06-17 05:30,12.7,3.64,1,0.04125,0.08,16.487,0
2024-06-17 06:00,13.1,3.75,1,0.04125,0.08,16.464,0
2024-06-17 06:30,13.55,3.97,1,0.04125,0.08,16.444,0
2024-06-17 07:00,14.0,4.19,1,0.04125,0.08,16.428,0
2024-06-17 07:30,14.35,4.4,1,0.16625,0.08,16.423,0
2024-06-17 08:00,14.7,4.61,1,1.09125,0.08,16.483,0
2024-06-17 08:30,15.2,5.06,0,0.04125,0.08,16.476,0
2024-06-17 09:00,15.7,5.5,0,0.04125,0.08,16.473,0
2024-06-17 09:30,15.95,5.46,0,0.04125,0.08,16.472,0
2024-06-17 10:00,16.2,5.42,0,0.04125,0.08,16.472,0
2024-06-17 10:30,16.2,5.47,0,0.04125,0.08,16.473,0
2024-06-17 11:00,16.2,5.53,0,0.04125,0.08,16.474,0
2024-06-17 11:30,16.45,5.42,0,0.04125,0.08,16.476,0
2024-06-17 12:00,16.7,5.31,0,0.04125,0.08,16.7,0
2024-06-17 12:30,16.8,5.26,0,0.04125,0.08,16.8,0
2024-06-17 13:00,16.9,5.22,0,0.04125,0.08,16.9,0
2024-06-17 13:30,16.75,5.43,0,0.04125,0.08,16.902,0
2024-06-17 14:00,16.6,5.64,0,0.04125,0.08,16.902,0
2024-06-17 14:30,16.55,5.33,0,0.04125,0.08,16.902,0
2024-06-17 15:00,16.5,5.03,0,0.04125,0.08,16.902,0
2024-06-17 15:30,17.05,5.03,0,0.04125,0.08,17.05,0
2024-06-17 16:00,17.6,5.03,0,0.04125,0.08,17.6,0
2024-06-17 16:30,17.5,5.21,0,0.04125,0.08,17.602,0
2024-06-17 17:00,17.4,5.39,0,0.04125,0.08,17.603,0
2024-06-17 17:30,17.05,5.28,1,0.04125,0.08,17.602,0
2024-06-17 18:00,16.7,5.17,1,0.16625,0.08,17.606,0
2024-06-17 18:30,16.2,4.71,1,0.16625,0.08,17.606,0
2024-06-17 19:00,15.7,4.25,1,0.04125,0.08,17.594,0
2024-06-17 19:30,14.85,4.0,1,1.10375,0.08,17.647,0
2024-06-17 20:00,14.0,3.75,1,4.112083,0.08,17.894,0
2024-06-17 20:30,13.25,3.86,1,0.874583,0.08,17.917,0
2024-06-17 21:00,12.5,3.97,1,0.874583,0.08,17.934,0
2024-06-17 21:30,12.1,3.9,1,0.04125,0.08,17.892,0
2024-06-17 22:00,11.7,3.83,1,2.79125,0.08,18.031,0
2024-06-17 22:30,11.45,3.83,1,0.04125,0.08,17.984,0
2024-06-17 23:00,11.2,3.83,1,0.04125,0.08,17.935,0
2024-06-17 23:30,11.0,3.99,1,0.04125,0.08,17.884,0
2024-06-18 00:00,10.8,4.14,1,0.04125,0.08,17.833,0
2024-06-18 00:30,10.55,4.18,1,1.29125,0.08,17.863,0
2024-06-18 01:00,10.3,4.22,1,0.04125,0.08,17.808,0
2024-06-18 01:30,10.35,4.36,1,0.04125,0.08,17.754,0
2024-06-18 02:00,10.4,4.5,1,1.29125,0.08,17.784,0
2024-06-18 02:30,10.3,4.5,1,0.04125,0.08,17.729,0
2024-06-18 03:00,10.2,4.5,1,0.04125,0.08,17.675,0
2024-06-18 03:30,10.3,4.38,1,0.04125,0.08,17.621,0
2024-06-18 04:00,10.4,4.25,1,0.04125,0.08,17.568,0
2024-06-18 04:30,10.75,4.06,1,0.04125,0.08,17.519,0
2024-06-18 05:00,11.1,3.86,1,0.04125,0.08,17.473,0
2024-06-18 05:30,11.7,3.76,1,0.04125,0.08,17.431,0
2024-06-18 06:00,12.3,3.67,1,0.04125,0.08,17.395,0
2024-06-18 06:30,12.9,3.5,1,0.04125,0.08,17.363,0
2024-06-18 07:00,13.5,3.33,1,2.71625,0.08,17.515,0
2024-06-18 07:30,14.05,3.19,1,1.34125,0.08,17.578,0
2024-06-18 08:00,14.6,3.06,1,1.09125,0.08,17.628,0
2024-06-18 08:30,14.95,2.85,0,0.04125,0.08,17.61,0
2024-06-18 09:00,15.3,2.64,0,0.04125,0.08,17.596,0
2024-06-18 09:30,15.65,2.83,0,0.04125,0.08,17.583,0
2024-06-18 10:00,16.0,3.03,0,0.04125,0.08,17.574,0
2024-06-18 10:30,16.35,2.75,0,0.04125,0.08,17.567,0
2024-06-18 11:00,16.7,2.47,0,0.04125,0.08,17.564,0
2024-06-18 11:30,17.2,2.64,0,0.04125,0.08,17.564,0
2024-06-18 12:00,17.7,2.81,0,0.04125,0.08,17.7,0
2024-06-18 12:30,17.45,2.62,0,0.04125,0.08,17.701,0
2024-06-18 13:00,17.2,2.44,0,0.04125,0.08,17.7,0
2024-06-18 13:30,17.4,2.22,0,0.04125,0.08,17.7,0
2024-06-18 14:00,17.6,2.0,0,0.04125,0.08,17.702,0
2024-06-18 14:30,17.7,2.43,0,0.04125,0.08,17.705,0
2024-06-18 15:00,17.8,2.86,0,0.04125,0.08,17.8,0
2024-06-18 15:30,16.2,3.22,0,0.04125,0.08,17.791,0
2024-06-18 16:00,14.6,3.58,0,0.04125,0.08,17.769,0
2024-06-18 16:30,14.75,3.54,0,0.04125,0.08,17.748,0
2024-06-18 17:00,14.9,3.5,0,0.04125,0.08,17.729,0
2024-06-18 17:30,14.95,2.82,1,0.04125,0.08,17.711,0
2024-06-18 18:00,15.0,2.14,1,0.04125,0.08,17.693,0
2024-06-18 18:30,14.5,2.35,1,1.21625,0.08,17.75,0
2024-06-18 19:00,14.0,2.56,1,0.04125,0.08,17.724,0
2024-06-18 19:30,13.75,2.24,1,0.16625,0.08,17.705,0
2024-06-18 20:00,13.5,1.92,1,0.16625,0.08,17.683,0
2024-06-18 20:30,12.8,2.1,1,0.04125,0.08,17.649,0
2024-06-18 21:00,12.1,2.28,1,0.16625,0.08,17.618,0
2024-06-18 21:30,11.5,2.12,1,0.874583,0.08,17.629,0
2024-06-18 22:00,10.9,1.97,1,0.999583,0.08,17.644,0
2024-06-18 22:30,10.55,1.81,1,1.812083,0.08,17.711,0
2024-06-18 23:00,10.2,1.64,1,0.97875,0.08,17.719,0
2024-06-18 23:30,9.6,1.74,1,0.04125,0.08,17.66,0
2024-06-19 00:00,9.0,1.83,1,0.04125,0.08,17.596,0
2024-06-19 00:30,9.05,1.71,1,0.04125,0.08,17.534,0
2024-06-19 01:00,9.1,1.58,1,0.04125,0.08,17.472,0
2024-06-19 01:30,8.85,1.64,1,1.29125,0.08,17.492,0
2024-06-19 02:00,8.6,1.69,1,0.04125,0.08,17.427,0
2024-06-19 02:30,8.6,1.9,1,0.04125,0.08,17.362,0
2024-06-19 03:00,8.6,2.11,1,0.04125,0.08,17.298,0
2024-06-19 03:30,8.75,2.08,1,0.04125,0.08,17.235,0
2024-06-19 04:00,8.9,2.06,1,0.04125,0.08,17.174,0
2024-06-19 04:30,9.15,2.72,1,0.04125,0.08,17.115,0
2024-06-19 05:00,9.4,3.39,1,0.04125,0.08,17.059,0
2024-06-19 05:30,9.65,3.15,1,0.04125,0.08,17.005,0
2024-06-19 06:00,9.9,2.92,1,0.04125,0.08,16.954,0
2024-06-19 06:30,10.45,2.83,1,0.04125,0.08,16.906,0
2024-06-19 07:00,11.0,2.75,1,0.04125,0.08,16.864,0
2024-06-19 07:30,11.65,2.69,1,0.16625,0.08,16.835,0
2024-06-19 08:00,12.3,2.64,1,1.29125,0.08,16.887,0
2024-06-19 08:30,12.75,2.39,0,0.04125,0.08,16.858,0
2024-06-19 09:00,13.2,2.14,0,0.04125,0.08,16.833,0
2024-06-19 09:30,13.7,1.67,0,0.04125,0.08,16.811,0
2024-06-19 10:00,14.2,1.19,0,0.04125,0.08,16.794,0
2024-06-19 10:30,14.55,0.81,0,0.04125,0.08,16.78,0
2024-06-19 11:00,14.9,0.42,0,0.04125,0.08,16.768,0
2024-06-19 11:30,15.25,0.47,0,0.04125,0.08,16.759,0
2024-06-19 12:00,15.6,0.53,0,0.04125,0.08,16.753,0
2024-06-19 12:30,15.65,0.62,0,0.04125,0.08,16.748,0
2024-06-19 13:00,15.7,0.72,0,0.04125,0.08,16.742,0
2024-06-19 13:30,16.0,0.76,0,0.04125,0.08,16.739,0
2024-06-19 14:00,16.3,0.81,0,0.04125,0.08,16.739,0
2024-06-19 14:30,16.6,0.86,0,0.04125,0.08,16.74,0
2024-06-19 15:00,16.9,0.92,0,0.04125,0.08,16.9,0
2024-06-19 15:30,17.1,1.03,0,0.04125,0.08,17.1,0
2024-06-19 16:00,17.3,1.14,0,0.04125,0.08,17.3,0
2024-06-19 16:30,17.4,1.32,0,0.04125,0.08,17.4,0
2024-06-19 17:00,17.5,1.5,0,0.04125,0.08,17.5,0
2024-06-19 17:30,17.55,1.28,1,0.04125,0.08,17.55,0
2024-06-19 18:00,17.6,1.06,1,0.874583,0.08,17.609,0
2024-06-19 18:30,17.25,1.03,1,2.049583,0.08,17.743,0
2024-06-19 19:00,16.9,1.0,1,0.874583,0.08,17.795,0
2024-06-19 19:30,16.05,1.21,1,0.04125,0.08,17.785,0
2024-06-19 20:00,15.2,1.42,1,0.16625,0.08,17.776,0
2024-06-19 20:30,14.25,1.6,1,0.04125,0.08,17.752,0
2024-06-19 21:00,13.3,1.78,1,1.10375,0.08,17.791,0
2024-06-19 21:30,12.55,1.75,1,1.22875,0.08,17.833,0
2024-06-19 22:00,11.8,1.72,1,1.09125,0.08,17.86,0
2024-06-19 22:30,11.15,1.64,1,0.97875,0.08,17.874,0
2024-06-19 23:00,10.5,1.56,1,0.97875,0.08,17.883,0
2024-06-19 23:30,10.05,1.56,1,1.29125,0.08,17.91,0
2024-06-20 00:00,9.6,1.56,1,0.04125,0.08,17.849,0
2024-06-20 00:30,9.2,1.32,1,0.04125,0.08,17.785,0
2024-06-20 01:00,8.8,1.08,1,0.04125,0.08,17.719,0
2024-06-20 01:30,8.65,1.06,1,0.04125,0.08,17.653,0
2024-06-20 02:00,8.5,1.03,1,0.04125,0.08,17.585,0
2024-06-20 02:30,8.7,1.04,1,0.04125,0.08,17.52,0
2024-06-20 03:00,8.9,1.06,1,0.04125,0.08,17.457,0
2024-06-20 03:30,9.05,1.37,1,0.04125,0.08,17.395,0
2024-06-20 04:00,9.2,1.69,1,0.04125,0.08,17.335,0
2024-06-20 04:30,9.85,1.29,1,1.29125,0.08,17.364,0
2024-06-20 05:00,10.5,0.89,1,0.04125,0.08,17.314,0
2024-06-20 05:30,11.35,1.19,1,0.04125,0.08,17.272,0
2024-06-20 06:00,12.2,1.5,1,0.04125,0.08,17.235,0
2024-06-20 06:30,13.15,0.81,1,0.04125,0.08,17.207,0
2024-06-20 07:00,14.1,0.11,1,0.04125,0.08,17.186,0
2024-06-20 07:30,14.95,0.9,1,1.29125,0.08,17.255,0
2024-06-20 08:00,15.8,1.69,1,0.97875,0.08,17.309,0
2024-06-20 08:30,16.0,1.81,0,0.97875,0.08,17.365,0
2024-06-20 09:00,16.2,1.92,0,0.04125,0.08,17.359,0
2024-06-20 09:30,16.2,1.44,0,0.04125,0.08,17.353,0
2024-06-20 10:00,16.2,0.97,0,0.04125,0.08,17.347,0
2024-06-20 10:30,16.75,0.97,0,0.04125,0.08,17.345,0
2024-06-20 11:00,17.3,0.97,0,0.04125,0.08,17.347,0
2024-06-20 11:30,18.05,1.47,0,0.04125,0.08,18.05,0
2024-06-20 12:00,18.8,1.97,0,0.04125,0.08,18.8,0
2024-06-20 12:30,19.65,2.17,0,0.04125,0.08,19.65,0
2024-06-20 13:00,20.5,2.36,0,0.04125,0.08,20.5,0
2024-06-20 13:30,20.75,2.47,0,0.04125,0.08,20.75,0
2024-06-20 14:00,21.0,2.58,0,0.04125,0.08,21.0,0
2024-06-20 14:30,20.95,2.54,0,0.04125,0.08,21.002,0
2024-06-20 15:00,20.9,2.5,0,0.04125,0.08,21.004,0
2024-06-20 15:30,20.75,2.53,0,0.04125,0.08,21.005,0
2024-06-20 16:00,20.6,2.56,0,0.04125,0.08,21.005,0
2024-06-20 16:30,20.35,2.58,0,0.04125,0.08,21.003,0
2024-06-20 17:00,20.1,2.61,0,0.04125,0.08,20.998,0
2024-06-20 17:30,20.05,2.28,1,0.29125,0.08,21.011,0
2024-06-20 18:00,20.0,1.94,1,0.16625,0.08,21.014,0
2024-06-20 18:30,19.65,1.62,1,0.16625,0.08,21.015,0
2024-06-20 19:00,19.3,1.31,1,0.16625,0.08,21.013,0
2024-06-20 19:30,18.05,1.81,1,0.04125,0.08,20.993,0
2024-06-20 20:00,16.8,2.31,1,0.04125,0.08,20.963,0
2024-06-20 20:30,15.7,2.5,1,0.04125,0.08,20.926,0
2024-06-20 21:00,14.6,2.69,1,1.41625,0.08,20.972,0
2024-06-20 21:30,13.85,2.58,1,1.09125,0.08,20.991,0
2024-06-20 22:00,13.1,2.47,1,0.04125,0.08,20.933,0
2024-06-20 22:30,12.6,2.15,1,1.09125,0.08,20.942,0
2024-06-20 23:00,12.1,1.83,1,0.04125,0.08,20.877,0
2024-06-20 23:30,11.75,1.71,1,0.04125,0.08,20.81,0
2024-06-21 00:00,11.4,1.58,1,0.04125,0.08,20.741,0
2024-06-21 00:30,11.75,1.11,1,0.04125,0.08,20.675,0
2024-06-21 01:00,12.1,0.64,1,0.04125,0.08,20.612,0
2024-06-21 01:30,11.35,1.07,1,0.04125,0.08,20.544,0
2024-06-21 02:00,10.6,1.5,1,1.29125,0.08,20.554,0
2024-06-21 02:30,10.5,1.56,1,0.04125,0.08,20.48,0
2024-06-21 03:00,10.4,1.61,1,0.04125,0.08,20.405,0
2024-06-21 03:30,10.15,1.62,1,0.04125,0.08,20.33,0
2024-06-21 04:00,9.9,1.64,1,0.04125,0.08,20.253,0
2024-06-21 04:30,10.7,1.14,1,0.04125,0.08,20.182,0
2024-06-21 05:00,11.5,0.64,1,0.04125,0.08,20.118,0
2024-06-21 05:30,12.75,1.03,1,0.04125,0.08,20.065,0
2024-06-21 06:00,14.0,1.42,1,0.04125,0.08,20.021,0
2024-06-21 06:30,15.35,1.62,1,0.04125,0.08,19.988,0
2024-06-21 07:00,16.7,1.83,1,0.04125,0.08,19.966,0
2024-06-21 07:30,17.6,2.33,1,0.04125,0.08,19.95,0
2024-06-21 08:00,18.5,2.83,1,0.29125,0.08,19.959,0
2024-06-21 08:30,19.0,3.15,0,0.04125,0.08,19.954,0
2024-06-21 09:00,19.5,3.47,0,0.04125,0.08,19.953,0
2024-06-21 09:30,19.9,3.75,0,0.04125,0.08,19.956,0
2024-06-21 10:00,20.3,4.03,0,0.04125,0.08,20.3,0
2024-06-21 10:30,20.65,4.47,0,0.04125,0.08,20.65,0
2024-06-21 11:00,21.0,4.92,0,0.04125,0.08,21.0,0
2024-06-21 11:30,21.15,4.86,0,0.04125,0.08,21.15,0
2024-06-21 12:00,21.3,4.81,0,0.04125,0.08,21.3,0
2024-06-21 12:30,21.4,4.89,0,0.04125,0.08,21.4,0
2024-06-21 13:00,21.5,4.97,0,0.04125,0.08,21.5,0
2024-06-21 13:30,21.7,4.97,0,0.04125,0.08,21.7,0
2024-06-21 14:00,21.9,4.97,0,0.04125,0.08,21.9,0
2024-06-21 14:30,21.75,5.24,0,0.04125,0.08,21.902,0
2024-06-21 15:00,21.6,5.5,0,0.04125,0.08,21.902,0
2024-06-21 15:30,21.45,5.26,0,0.04125,0.08,21.901,0
2024-06-21 16:00,21.3,5.03,0,0.04125,0.08,21.9,0
2024-06-21 16:30,21.2,5.14,0,0.04125,0.08,21.897,0
2024-06-21 17:00,21.1,5.25,0,0.04125,0.08,21.894,0
2024-06-21 17:30,20.4,4.94,1,0.16625,0.08,21.893,0
2024-06-21 18:00,19.7,4.64,1,0.16625,0.08,21.888,0
2024-06-21 18:30,19.05,4.15,1,1.09125,0.08,21.939,0
2024-06-21 19:00,18.4,3.67,1,0.16625,0.08,21.923,0
2024-06-21 19:30,17.65,3.36,1,2.124583,0.08,22.032,0
2024-06-21 20:00,16.9,3.06,1,2.124583,0.08,22.135,0
2024-06-21 20:30,16.2,2.97,1,0.874583,0.08,22.148,0
2024-06-21 21:00,15.5,2.89,1,0.97875,0.08,22.162,0
2024-06-21 21:30,15.0,2.61,1,1.10375,0.08,22.181,0
2024-06-21 22:00,14.5,2.33,1,0.04125,0.08,22.125,0
2024-06-21 22:30,14.05,2.12,1,2.02875,0.08,22.199,0
2024-06-21 23:00,13.6,1.92,1,0.97875,0.08,22.199,0
2024-06-21 23:30,13.0,1.85,1,0.04125,0.08,22.131,0
2024-06-22 00:00,12.4,1.78,1,0.04125,0.08,22.059,0
2024-06-22 00:30,12.6,2.07,1,0.04125,0.08,21.99,0
2024-06-22 01:00,12.8,2.36,1,0.04125,0.08,21.922,0
2024-06-22 01:30,12.85,2.31,1,0.04125,0.08,21.855,0
2024-06-22 02:00,12.9,2.25,1,0.04125,0.08,21.79,0
2024-06-22 02:30,12.95,2.5,1,0.04125,0.08,21.725,0
2024-06-22 03:00,13.0,2.75,1,0.04125,0.08,21.661,0
2024-06-22 03:30,13.25,2.69,1,0.04125,0.08,21.599,0
2024-06-22 04:00,13.5,2.64,1,0.04125,0.08,21.54,0
2024-06-22 04:30,13.7,2.31,1,0.04125,0.08,21.483,0
2024-06-22 05:00,13.9,1.97,1,0.04125,0.08,21.427,0
2024-06-22 05:30,14.4,2.53,1,0.04125,0.08,21.376,0
2024-06-22 06:00,14.9,3.08,1,0.04125,0.08,21.33,0
2024-06-22 06:30,15.35,3.64,1,0.04125,0.08,21.287,0
2024-06-22 07:00,15.8,4.19,1,1.29125,0.08,21.331,0
2024-06-22 07:30,16.15,4.25,1,0.04125,0.08,21.294,0
2024-06-22 08:00,16.5,4.31,1,0.04125,0.08,21.26,0
2024-06-22 08:30,16.7,4.33,1,0.04125,0.08,21.228,0
2024-06-22 09:00,16.9,4.36,1,0.04125,0.08,21.198,0
2024-06-22 09:30,17.4,4.51,1,0.04125,0.08,21.171,0
2024-06-22 10:00,17.9,4.67,1,0.999583,0.08,21.213,0
2024-06-22 10:30,18.4,4.93,1,0.874583,0.08,21.25,0
2024-06-22 11:00,18.9,5.19,1,0.874583,0.08,21.29,0
2024-06-22 11:30,19.05,5.26,1,0.16625,0.08,21.284,0
2024-06-22 12:00,19.2,5.33,1,0.04125,0.08,21.271,0
2024-06-22 12:30,19.2,5.1,1,0.04125,0.08,21.258,0
2024-06-22 13:00,19.2,4.86,1,0.97875,0.08,21.308,0
2024-06-22 13:30,19.3,4.81,1,1.10375,0.08,21.366,0
2024-06-22 14:00,19.4,4.75,1,0.04125,0.08,21.354,0
2024-06-22 14:30,19.5,4.82,1,1.29125,0.08,21.426,0
2024-06-22 15:00,19.6,4.89,1,0.04125,0.08,21.415,0
2024-06-22 15:30,19.65,4.97,1,0.04125,0.08,21.404,0
2024-06-22 16:00,19.7,5.06,1,0.04125,0.08,21.394,0
2024-06-22 16:30,19.3,5.24,1,0.04125,0.08,21.38,0
2024-06-22 17:00,18.9,5.42,1,1.29125,0.08,21.448,0
2024-06-22 17:30,18.5,5.0,1,0.04125,0.08,21.428,0
2024-06-22 18:00,18.1,4.58,1,0.04125,0.08,21.405,0
2024-06-22 18:30,17.65,4.12,1,0.04125,0.08,21.379,0
2024-06-22 19:00,17.2,3.67,1,0.04125,0.08,21.35,0
2024-06-22 19:30,16.35,3.44,1,0.04125,0.08,21.315,0
2024-06-22 20:00,15.5,3.22,1,0.04125,0.08,21.273,0
2024-06-22 20:30,14.7,3.01,1,1.09125,0.08,21.295,0
2024-06-22 21:00,13.9,2.81,1,0.16625,0.08,21.25,0
2024-06-22 21:30,13.15,2.22,1,0.04125,0.08,21.191,0
2024-06-22 22:00,12.4,1.64,1,0.16625,0.08,21.135,0
2024-06-22 22:30,12.0,1.68,1,1.21625,0.08,21.146,0
2024-06-22 23:00,11.6,1.72,1,0.04125,0.08,21.076,0
2024-06-22 23:30,11.65,1.76,1,0.04125,0.08,21.006,0
2024-06-23 00:00,11.7,1.81,1,0.04125,0.08,20.938,0
2024-06-23 00:30,11.55,2.01,1,0.04125,0.08,20.869,0
2024-06-23 01:00,11.4,2.22,1,0.04125,0.08,20.799,0
2024-06-23 01:30,11.35,2.21,1,0.04125,0.08,20.729,0
2024-06-23 02:00,11.3,2.19,1,0.04125,0.08,20.66,0
2024-06-23 02:30,11.05,2.25,1,0.04125,0.08,20.589,0
2024-06-23 03:00,10.8,2.31,1,0.04125,0.08,20.517,0
2024-06-23 03:30,10.85,2.07,1,0.04125,0.08,20.446,0
2024-06-23 04:00,10.9,1.83,1,0.04125,0.08,20.375,0
2024-06-23 04:30,11.75,1.47,1,0.04125,0.08,20.312,0
2024-06-23 05:00,12.6,1.11,1,0.04125,0.08,20.256,0
2024-06-23 05:30,13.7,1.11,1,0.04125,0.08,20.208,0
2024-06-23 06:00,14.8,1.11,1,0.04125,0.08,20.17,0
2024-06-23 06:30,15.65,1.42,1,0.04125,0.08,20.138,0
2024-06-23 07:00,16.5,1.72,1,0.04125,0.08,20.113,0
2024-06-23 07:30,17.15,2.75,1,0.04125,0.08,20.093,0
2024-06-23 08:00,17.8,3.78,1,0.04125,0.08,20.078,0
2024-06-23 08:30,18.35,3.57,1,1.29125,0.08,20.151,0
2024-06-23 09:00,18.9,3.36,1,0.04125,0.08,20.144,0
2024-06-23 09:30,19.35,3.33,1,0.04125,0.08,20.141,0
2024-06-23 10:00,19.8,3.31,1,0.04125,0.08,20.141,0
2024-06-23 10:30,20.3,3.36,1,0.04125,0.08,20.3,0
2024-06-23 11:00,20.8,3.42,1,0.16625,0.08,20.8,0
2024-06-23 11:30,21.1,3.49,1,0.04125,0.08,21.1,0
2024-06-23 12:00,21.4,3.56,1,0.04125,0.08,21.4,0
2024-06-23 12:30,21.6,3.64,1,0.04125,0.08,21.6,0
2024-06-23 13:00,21.8,3.72,1,0.04125,0.08,21.8,0
2024-06-23 13:30,22.25,3.74,1,0.04125,0.08,22.25,0
2024-06-23 14:00,22.7,3.75,1,1.29125,0.08,22.7,0
2024-06-23 14:30,22.85,3.83,1,0.04125,0.08,22.85,0
2024-06-23 15:00,23.0,3.92,1,0.04125,0.08,23.0,0
2024-06-23 15:30,22.9,4.01,1,0.16625,0.08,23.01,0
2024-06-23 16:00,22.8,4.11,1,0.04125,0.08,23.011,0
2024-06-23 16:30,22.5,4.03,1,0.04125,0.08,23.01,0
2024-06-23 17:00,22.2,3.94,1,1.54125,0.08,23.107,0
2024-06-23 17:30,21.85,3.94,1,0.04125,0.08,23.1,0
2024-06-23 18:00,21.5,3.94,1,0.04125,0.08,23.091,0
2024-06-23 18:30,21.0,3.62,1,1.21625,0.08,23.156,0
2024-06-23 19:00,20.5,3.31,1,0.04125,0.08,23.139,0
2024-06-23 19:30,19.75,3.0,1,1.09125,0.08,23.186,0
2024-06-23 20:00,19.0,2.69,1,0.04125,0.08,23.156,0
2024-06-23 20:30,18.1,3.18,1,0.97875,0.08,23.183,0
2024-06-23 21:00,17.2,3.67,1,0.97875,0.08,23.203,0
2024-06-23 21:30,16.55,3.25,1,0.16625,0.08,23.163,0
2024-06-23 22:00,15.9,2.83,1,0.04125,0.08,23.11,0
2024-06-23 22:30,15.5,2.25,1,0.04125,0.08,23.054,0
2024-06-23 23:00,15.1,1.67,1,0.04125,0.08,22.996,0
2024-06-23 23:30,15.25,1.43,1,0.04125,0.08,22.94,0
2024-06-24 00:00,15.4,1.19,1,0.04125,0.08,22.885,0
2024-06-24 00:30,14.5,1.4,1,0.04125,0.08,22.823,0
2024-06-24 01:00,13.6,1.61,1,0.04125,0.08,22.756,0
2024-06-24 01:30,13.35,1.58,1,0.04125,0.08,22.686,0
2024-06-24 02:00,13.1,1.56,1,1.29125,0.08,22.699,0
2024-06-24 02:30,13.1,1.49,1,0.04125,0.08,22.629,0
2024-06-24 03:00,13.1,1.42,1,0.04125,0.08,22.558,0
2024-06-24 03:30,13.05,1.43,1,0.04125,0.08,22.488,0
2024-06-24 04:00,13.0,1.44,1,0.04125,0.08,22.419,0
2024-06-24 04:30,13.6,1.83,1,0.04125,0.08,22.354,0
2024-06-24 05:00,14.2,2.22,1,0.04125,0.08,22.294,0
2024-06-24 05:30,14.95,2.01,1,0.04125,0.08,22.241,0
2024-06-24 06:00,15.7,1.81,1,0.04125,0.08,22.193,0
2024-06-24 06:30,16.4,1.57,1,0.04125,0.08,22.152,0
2024-06-24 07:00,17.1,1.33,1,2.02875,0.08,22.249,0
2024-06-24 07:30,17.85,1.01,1,2.27875,0.08,22.367,0
2024-06-24 08:00,18.6,0.69,1,0.04125,0.08,22.341,0
2024-06-24 08:30,19.3,0.53,0,0.04125,0.08,22.321,0
2024-06-24 09:00,20.0,0.36,0,0.04125,0.08,22.306,0
2024-06-24 09:30,20.6,0.43,0,0.04125,0.08,22.295,0
2024-06-24 10:00,21.2,0.5,0,0.04125,0.08,22.29,0
2024-06-24 10:30,21.8,0.9,0,0.04125,0.08,22.289,0
2024-06-24 11:00,22.4,1.31,0,0.04125,0.08,22.4,0
2024-06-24 11:30,22.65,1.94,0,0.04125,0.08,22.65,0
2024-06-24 12:00,22.9,2.58,0,0.04125,0.08,22.9,0
2024-06-24 12:30,23.1,2.74,0,0.04125,0.08,23.1,0
2024-06-24 13:00,23.3,2.89,0,0.04125,0.08,23.3,0
2024-06-24 13:30,23.4,3.0,0,0.04125,0.08,23.4,0
2024-06-24 14:00,23.5,3.11,0,0.04125,0.08,23.5,0
2024-06-24 14:30,23.45,3.15,0,0.04125,0.08,23.502,0
2024-06-24 15:00,23.4,3.19,0,0.04125,0.08,23.504,0
2024-06-24 15:30,23.35,3.0,0,0.04125,0.08,23.506,0
2024-06-24 16:00,23.3,2.81,0,0.04125,0.08,23.507,0
2024-06-24 16:30,23.25,2.75,0,0.04125,0.08,23.508,0
2024-06-24 17:00,23.2,2.69,0,0.04125,0.08,23.508,0
2024-06-24 17:30,22.95,2.54,1,0.16625,0.08,23.515,0
2024-06-24 18:00,22.7,2.39,1,0.04125,0.08,23.512,0
2024-06-24 18:30,22.5,2.04,1,0.16625,0.08,23.515,0
2024-06-24 19:00,22.3,1.69,1,0.04125,0.08,23.508,0
2024-06-24 19:30,21.5,1.6,1,0.04125,0.08,23.496,0
2024-06-24 20:00,20.7,1.5,1,0.04125,0.08,23.477,0
2024-06-24 20:30,20.05,1.58,1,0.97875,0.08,23.516,0
2024-06-24 21:00,19.4,1.67,1,1.10375,0.08,23.559,0
2024-06-24 21:30,18.6,1.65,1,0.04125,0.08,23.523,0
2024-06-24 22:00,17.8,1.64,1,0.04125,0.08,23.482,0
2024-06-24 22:30,17.1,1.53,1,0.16625,0.08,23.445,0
2024-06-24 23:00,16.4,1.42,1,2.54125,0.08,23.561,0
2024-06-24 23:30,16.1,1.07,1,0.04125,0.08,23.506,0
2024-06-25 00:00,15.8,0.72,1,0.04125,0.08,23.45,0
2024-06-25 00:30,16.5,0.99,1,0.04125,0.08,23.4,0
2024-06-25 01:00,17.2,1.25,1,0.04125,0.08,23.355,0
2024-06-25 01:30,16.65,1.12,1,1.29125,0.08,23.39,0
2024-06-25 02:00,16.1,1.0,1,0.04125,0.08,23.337,0
2024-06-25 02:30,15.8,1.19,1,0.04125,0.08,23.282,0
2024-06-25 03:00,15.5,1.39,1,1.29125,0.08,23.309,0
2024-06-25 03:30,15.55,1.5,1,0.04125,0.08,23.252,0
2024-06-25 04:00,15.6,1.61,1,0.04125,0.08,23.196,0
2024-06-25 04:30,16.1,2.0,1,0.04125,0.08,23.145,0
2024-06-25 05:00,16.6,2.39,1,0.04125,0.08,23.097,0
2024-06-25 05:30,17.35,2.01,1,0.04125,0.08,23.056,0
2024-06-25 06:00,18.1,1.64,1,0.04125,0.08,23.021,0
2024-06-25 06:30,18.95,1.47,1,0.04125,0.08,22.993,0
2024-06-25 07:00,19.8,1.31,1,0.97875,0.08,23.034,0
2024-06-25 07:30,20.5,1.33,1,2.15375,0.08,23.158,0
2024-06-25 08:00,21.2,1.36,1,1.34125,0.08,23.233,0
2024-06-25 08:30,21.8,1.38,0,1.34125,0.08,23.311,0
2024-06-25 09:00,22.4,1.39,0,0.04125,0.08,23.307,0
2024-06-25 09:30,22.95,1.61,0,0.04125,0.08,23.307,0
2024-06-25 10:00,23.5,1.83,0,0.04125,0.08,23.5,0
2024-06-25 10:30,24.0,2.12,0,0.04125,0.08,24.0,0
2024-06-25 11:00,24.5,2.42,0,0.04125,0.08,24.5,0
2024-06-25 11:30,24.75,2.57,0,0.04125,0.08,24.75,0
2024-06-25 12:00,25.0,2.72,0,0.04125,0.08,25.0,0
2024-06-25 12:30,25.0,2.89,0,0.04125,0.08,25.003,0
2024-06-25 13:00,25.0,3.06,0,0.04125,0.08,25.005,0
2024-06-25 13:30,24.75,2.89,0,0.04125,0.08,25.006,0
2024-06-25 14:00,24.5,2.72,0,0.04125,0.08,25.005,0
2024-06-25 14:30,24.6,2.67,0,0.04125,0.08,25.005,0
2024-06-25 15:00,24.7,2.61,0,0.04125,0.08,25.005,0
2024-06-25 15:30,24.7,2.69,0,0.04125,0.08,25.006,0
2024-06-25 16:00,24.7,2.78,0,0.04125,0.08,25.006,0
2024-06-25 16:30,24.65,3.15,0,0.04125,0.08,25.006,0
2024-06-25 17:00,24.6,3.53,0,0.04125,0.08,25.006,0
2024-06-25 17:30,23.9,3.97,1,1.54125,0.08,25.1,0
2024-06-25 18:00,23.2,4.42,1,0.04125,0.08,25.089,0
2024-06-25 18:30,22.55,4.32,1,0.04125,0.08,25.072,0
2024-06-25 19:00,21.9,4.22,1,0.16625,0.08,25.059,0
2024-06-25 19:30,21.25,3.56,1,0.04125,0.08,25.032,0
2024-06-25 20:00,20.6,2.89,1,1.21625,0.08,25.08,0
2024-06-25 20:30,19.45,2.25,1,0.04125,0.08,25.039,0
2024-06-25 21:00,18.3,1.61,1,0.04125,0.08,24.991,0
2024-06-25 21:30,17.7,1.53,1,0.04125,0.08,24.937,0
2024-06-25 22:00,17.1,1.44,1,0.04125,0.08,24.88,0
2024-06-25 22:30,16.6,1.64,1,0.999583,0.08,24.884,0
2024-06-25 23:00,16.1,1.83,1,0.874583,0.08,24.875,0
2024-06-25 23:30,15.55,1.67,1,0.874583,0.08,24.862,0
2024-06-26 00:00,15.0,1.5,1,0.04125,0.08,24.789,0
2024-06-26 00:30,14.65,1.51,1,0.04125,0.08,24.714,0
2024-06-26 01:00,14.3,1.53,1,0.04125,0.08,24.637,0
2024-06-26 01:30,13.9,1.46,1,2.54125,0.08,24.725,0
2024-06-26 02:00,13.5,1.39,1,0.04125,0.08,24.642,0
2024-06-26 02:30,13.4,1.39,1,0.04125,0.08,24.559,0
2024-06-26 03:00,13.3,1.39,1,0.04125,0.08,24.475,0
2024-06-26 03:30,13.2,1.36,1,0.04125,0.08,24.392,0
2024-06-26 04:00,13.1,1.33,1,0.04125,0.08,24.308,0
2024-06-26 04:30,13.55,1.51,1,0.04125,0.08,24.228,0
2024-06-26 05:00,14.0,1.69,1,0.04125,0.08,24.153,0
2024-06-26 05:30,14.6,1.69,1,0.04125,0.08,24.083,0
2024-06-26 06:00,15.2,1.69,1,0.04125,0.08,24.017,0
2024-06-26 06:30,15.75,1.68,1,0.04125,0.08,23.957,0
2024-06-26 07:00,16.3,1.67,1,0.16625,0.08,23.909,0
2024-06-26 07:30,17.1,1.5,1,0.04125,0.08,23.86,0
2024-06-26 08:00,17.9,1.33,1,0.04125,0.08,23.817,0
2024-06-26 08:30,18.75,1.42,0,0.04125,0.08,23.781,0
2024-06-26 09:00,19.6,1.5,0,0.04125,0.08,23.752,0
2024-06-26 09:30,20.35,1.75,0,0.04125,0.08,23.729,0
2024-06-26 10:00,21.1,2.0,0,0.04125,0.08,23.711,0
2024-06-26 10:30,21.7,2.21,0,0.04125,0.08,23.699,0
2024-06-26 11:00,22.3,2.42,0,0.04125,0.08,23.691,0
2024-06-26 11:30,22.9,2.76,0,0.04125,0.08,23.687,0
2024-06-26 12:00,23.5,3.11,0,0.04125,0.08,23.689,0
2024-06-26 12:30,23.5,2.85,0,0.04125,0.08,23.69,0
2024-06-26 13:00,23.5,2.58,0,0.04125,0.08,23.691,0
2024-06-26 13:30,23.75,2.81,0,0.04125,0.08,23.75,0
2024-06-26 14:00,24.0,3.03,0,0.04125,0.08,24.0,0
2024-06-26 14:30,24.25,3.29,0,0.04125,0.08,24.25,0
2024-06-26 15:00,24.5,3.56,0,0.04125,0.08,24.5,0
2024-06-26 15:30,24.55,3.83,0,0.04125,0.08,24.55,0
2024-06-26 16:00,24.6,4.11,0,0.04125,0.08,24.6,0
2024-06-26 16:30,24.7,3.82,0,0.04125,0.08,24.7,0
2024-06-26 17:00,24.8,3.53,0,0.04125,0.08,24.8,0
2024-06-26 17:30,24.75,3.32,1,1.46625,0.08,24.898,0
2024-06-26 18:00,24.7,3.11,1,1.34125,0.08,24.986,0
2024-06-26 18:30,24.2,3.06,1,0.874583,0.08,25.038,0
2024-06-26 19:00,23.7,3.0,1,1.812083,0.08,25.149,0
2024-06-26 19:30,22.85,2.74,1,1.937083,0.08,25.261,0
2024-06-26 20:00,22.0,2.47,1,0.04125,0.08,25.239,0
2024-06-26 20:30,21.4,2.6,1,1.41625,0.08,25.304,0
2024-06-26 21:00,20.8,2.72,1,0.04125,0.08,25.272,0
2024-06-26 21:30,20.3,2.69,1,0.04125,0.08,25.237,0
2024-06-26 22:00,19.8,2.67,1,1.21625,0.08,25.277,0
2024-06-26 22:30,19.45,3.28,1,1.21625,0.08,25.313,0
2024-06-26 23:00,19.1,3.89,1,0.04125,0.08,25.269,0
2024-06-26 23:30,18.8,4.1,1,0.04125,0.08,25.222,0
2024-06-27 00:00,18.5,4.31,1,0.04125,0.08,25.173,0
2024-06-27 00:30,17.75,3.28,1,1.29125,0.08,25.203,0
2024-06-27 01:00,17.0,2.25,1,0.04125,0.08,25.143,0
2024-06-27 01:30,16.9,2.1,1,0.04125,0.08,25.082,0
2024-06-27 02:00,16.8,1.94,1,0.04125,0.08,25.022,0
2024-06-27 02:30,17.0,2.25,1,0.04125,0.08,24.963,0
2024-06-27 03:00,17.2,2.56,1,0.04125,0.08,24.906,0
2024-06-27 03:30,16.95,2.86,1,0.04125,0.08,24.848,0
2024-06-27 04:00,16.7,3.17,1,1.29125,0.08,24.872,0
2024-06-27 04:30,16.7,2.93,1,0.04125,0.08,24.812,0
2024-06-27 05:00,16.7,2.69,1,0.04125,0.08,24.753,0
2024-06-27 05:30,16.9,2.58,1,0.04125,0.08,24.696,0
2024-06-27 06:00,17.1,2.47,1,0.04125,0.08,24.64,0
2024-06-27 06:30,17.55,3.28,1,0.04125,0.08,24.589,0
2024-06-27 07:00,18.0,4.08,1,1.21625,0.08,24.62,0
2024-06-27 07:30,17.95,5.08,1,1.09125,0.08,24.642,0
2024-06-27 08:00,17.9,6.08,1,1.41625,0.08,24.685,0
2024-06-27 08:30,18.45,5.86,0,0.04125,0.08,24.64,0
2024-06-27 09:00,19.0,5.64,0,0.04125,0.08,24.599,0
2024-06-27 09:30,19.7,5.86,0,0.04125,0.08,24.565,0
2024-06-27 10:00,20.4,6.08,0,0.04125,0.08,24.535,0
2024-06-27 10:30,20.5,6.24,0,0.04125,0.08,24.507,0
2024-06-27 11:00,20.6,6.39,0,0.04125,0.08,24.48,0
2024-06-27 11:30,20.7,6.68,0,0.04125,0.08,24.454,0
2024-06-27 12:00,20.8,6.97,0,0.04125,0.08,24.429,0
2024-06-27 12:30,20.4,7.18,0,0.04125,0.08,24.401,0
2024-06-27 13:00,20.0,7.39,0,0.04125,0.08,24.37,0
2024-06-27 13:30,19.65,7.54,0,0.04125,0.08,24.336,0
2024-06-27 14:00,19.3,7.69,0,0.04125,0.08,24.301,0
2024-06-27 14:30,19.35,7.76,0,0.04125,0.08,24.265,0
2024-06-27 15:00,19.4,7.83,0,0.04125,0.08,24.231,0
2024-06-27 15:30,19.45,7.88,0,0.04125,0.08,24.197,0
2024-06-27 16:00,19.5,7.92,0,0.04125,0.08,24.164,0
2024-06-27 16:30,19.15,7.79,0,0.04125,0.08,24.128,0
2024-06-27 17:00,18.8,7.67,0,0.04125,0.08,24.09,0
2024-06-27 17:30,18.35,7.49,1,0.04125,0.08,24.049,0
2024-06-27 18:00,17.9,7.31,1,0.16625,0.08,24.013,0
2024-06-27 18:30,16.85,6.44,1,0.97875,0.08,24.024,0
2024-06-27 19:00,15.8,5.58,1,1.10375,0.08,24.035,0
2024-06-27 19:30,15.5,5.32,1,0.04125,0.08,23.972,0
2024-06-27 20:00,15.2,5.06,1,0.04125,0.08,23.908,0
2024-06-27 20:30,14.9,5.35,1,0.16625,0.08,23.85,0
2024-06-27 21:00,14.6,5.64,1,0.04125,0.08,23.782,0
2024-06-27 21:30,14.55,6.08,1,0.874583,0.08,23.77,0
2024-06-27 22:00,14.5,6.53,1,0.874583,0.08,23.757,0
2024-06-27 22:30,14.5,6.69,1,0.999583,0.08,23.753,0
2024-06-27 23:00,14.5,6.86,1,0.04125,0.08,23.685,0
2024-06-27 23:30,14.4,7.04,1,0.04125,0.08,23.617,0
2024-06-28 00:00,14.3,7.22,1,0.04125,0.08,23.548,0
2024-06-28 00:30,14.0,7.21,1,0.04125,0.08,23.478,0
2024-06-28 01:00,13.7,7.19,1,0.04125,0.08,23.406,0
2024-06-28 01:30,13.6,7.18,1,0.04125,0.08,23.333,0
2024-06-28 02:00,13.5,7.17,1,0.04125,0.08,23.261,0
2024-06-28 02:30,13.45,6.78,1,0.04125,0.08,23.189,0
2024-06-28 03:00,13.4,6.39,1,0.04125,0.08,23.116,0
2024-06-28 03:30,13.35,6.38,1,0.04125,0.08,23.044,0
2024-06-28 04:00,13.3,6.36,1,0.04125,0.08,22.973,0
2024-06-28 04:30,13.3,6.31,1,0.04125,0.08,22.901,0
2024-06-28 05:00,13.3,6.25,1,0.04125,0.08,22.831,0
2024-06-28 05:30,13.45,6.57,1,0.04125,0.08,22.762,0
2024-06-28 06:00,13.6,6.89,1,0.04125,0.08,22.694,0
2024-06-28 06:30,13.95,7.14,1,1.29125,0.08,22.714,0
2024-06-28 07:00,14.3,7.39,1,0.16625,0.08,22.66,0
2024-06-28 07:30,14.7,8.03,1,0.16625,0.08,22.61,0
2024-06-28 08:00,15.1,8.67,1,0.04125,0.08,22.556,0
2024-06-28 08:30,15.1,8.47,0,0.04125,0.08,22.501,0
2024-06-28 09:00,15.1,8.28,0,0.04125,0.08,22.447,0
2024-06-28 09:30,15.2,8.25,0,0.04125,0.08,22.395,0
2024-06-28 10:00,15.3,8.22,0,0.04125,0.08,22.343,0
2024-06-28 10:30,15.8,8.44,0,0.04125,0.08,22.296,0
2024-06-28 11:00,16.3,8.67,0,0.04125,0.08,22.253,0
2024-06-28 11:30,16.55,8.39,0,0.04125,0.08,22.212,0
2024-06-28 12:00,16.8,8.11,0,0.04125,0.08,22.173,0
2024-06-28 12:30,16.45,7.93,0,0.04125,0.08,22.132,0
2024-06-28 13:00,16.1,7.75,0,0.04125,0.08,22.089,0
2024-06-28 13:30,16.45,7.86,0,0.04125,0.08,22.048,0
2024-06-28 14:00,16.8,7.97,0,0.04125,0.08,22.011,0
2024-06-28 14:30,17.05,7.9,0,0.04125,0.08,21.976,0
2024-06-28 15:00,17.3,7.83,0,0.04125,0.08,21.943,0
2024-06-28 15:30,17.0,7.32,0,0.04125,0.08,21.908,0
2024-06-28 16:00,16.7,6.81,0,0.04125,0.08,21.871,0
2024-06-28 16:30,16.65,6.5,0,0.04125,0.08,21.833,0
2024-06-28 17:00,16.6,6.19,0,0.04125,0.08,21.796,0
2024-06-28 17:30,16.55,6.15,1,0.04125,0.08,21.759,0
2024-06-28 18:00,16.5,6.11,1,2.39125,0.08,21.878,0
2024-06-28 18:30,16.0,5.86,1,2.59125,0.08,22.006,0
2024-06-28 19:00,15.5,5.61,1,0.04125,0.08,21.959,0
2024-06-28 19:30,14.95,4.46,1,0.16625,0.08,21.917,0
2024-06-28 20:00,14.4,3.31,1,0.04125,0.08,21.862,0
2024-06-28 20:30,13.65,2.68,1,0.999583,0.08,21.866,0
2024-06-28 21:00,12.9,2.06,1,0.874583,0.08,21.856,0
2024-06-28 21:30,12.35,1.9,1,0.999583,0.08,21.85,0
2024-06-28 22:00,11.8,1.75,1,0.97875,0.08,21.838,0
2024-06-28 22:30,11.6,1.86,1,4.34125,0.08,22.05,0
2024-06-28 23:00,11.4,1.97,1,0.97875,0.08,22.034,0
2024-06-28 23:30,11.55,2.12,1,0.04125,0.08,21.957,0
2024-06-29 00:00,11.7,2.28,1,0.04125,0.08,21.881,0
2024-06-29 00:30,12.1,2.36,1,0.04125,0.08,21.809,0
2024-06-29 01:00,12.5,2.44,1,0.04125,0.08,21.74,0
2024-06-29 01:30,12.15,2.07,1,0.04125,0.08,21.67,0
2024-06-29 02:00,11.8,1.69,1,0.04125,0.08,21.597,0
2024-06-29 02:30,11.45,1.53,1,0.04125,0.08,21.522,0
2024-06-29 03:00,11.1,1.36,1,0.04125,0.08,21.445,0
2024-06-29 03:30,11.4,1.15,1,0.04125,0.08,21.371,0
2024-06-29 04:00,11.7,0.94,1,0.04125,0.08,21.3,0
2024-06-29 04:30,12.05,0.83,1,0.04125,0.08,21.232,0
2024-06-29 05:00,12.4,0.72,1,0.04125,0.08,21.167,0
2024-06-29 05:30,12.55,0.75,1,0.04125,0.08,21.103,0
2024-06-29 06:00,12.7,0.78,1,1.29125,0.08,21.125,0
2024-06-29 06:30,12.65,0.96,1,0.04125,0.08,21.063,0
2024-06-29 07:00,12.6,1.14,1,0.04125,0.08,21.001,0
2024-06-29 07:30,12.75,1.25,1,0.04125,0.08,20.941,0
2024-06-29 08:00,12.9,1.36,1,0.16625,0.08,20.891,0
2024-06-29 08:30,13.15,1.33,1,1.812083,0.08,20.952,0
2024-06-29 09:00,13.4,1.31,1,3.062083,0.08,21.099,0
2024-06-29 09:30,13.65,1.14,1,0.874583,0.08,21.101,0
2024-06-29 10:00,13.9,0.97,1,0.04125,0.08,21.048,0
2024-06-29 10:30,14.15,1.25,1,1.09125,0.08,21.068,0
2024-06-29 11:00,14.4,1.53,1,0.04125,0.08,21.02,0
2024-06-29 11:30,15.2,2.17,1,1.29125,0.08,21.062,0
2024-06-29 12:00,16.0,2.81,1,0.04125,0.08,21.026,0
2024-06-29 12:30,17.0,2.82,1,1.21625,0.08,21.076,0
2024-06-29 13:00,18.0,2.83,1,0.04125,0.08,21.056,0
2024-06-29 13:30,18.35,3.0,1,0.04125,0.08,21.038,0
2024-06-29 14:00,18.7,3.17,1,0.04125,0.08,21.023,0
2024-06-29 14:30,18.65,3.39,1,0.04125,0.08,21.007,0
2024-06-29 15:00,18.6,3.61,1,1.46625,0.08,21.087,0
2024-06-29 15:30,18.4,3.79,1,2.27875,0.08,21.219,0
2024-06-29 16:00,18.2,3.97,1,0.97875,0.08,21.261,0
2024-06-29 16:30,17.9,3.89,1,0.04125,0.08,21.238,0
2024-06-29 17:00,17.6,3.81,1,0.04125,0.08,21.213,0
2024-06-29 17:30,17.55,3.4,1,0.04125,0.08,21.188,0
2024-06-29 18:00,17.5,3.0,1,0.04125,0.08,21.162,0
2024-06-29 18:30,17.15,2.81,1,0.04125,0.08,21.134,0
2024-06-29 19:00,16.8,2.61,1,0.04125,0.08,21.104,0
2024-06-29 19:30,16.35,2.86,1,0.16625,0.08,21.078,0
2024-06-29 20:00,15.9,3.11,1,0.04125,0.08,21.042,0
2024-06-29 20:30,15.7,2.53,1,0.04125,0.08,21.003,0
2024-06-29 21:00,15.5,1.94,1,0.04125,0.08,20.964,0
2024-06-29 21:30,15.2,2.43,1,0.16625,0.08,20.931,0
2024-06-29 22:00,14.9,2.92,1,0.04125,0.08,20.888,0
2024-06-29 22:30,14.75,3.25,1,0.16625,0.08,20.852,0
2024-06-29 23:00,14.6,3.58,1,0.04125,0.08,20.807,0
2024-06-29 23:30,14.4,3.62,1,0.04125,0.08,20.76,0
2024-06-30 00:00,14.2,3.67,1,0.04125,0.08,20.713,0
2024-06-30 00:30,13.9,3.96,1,0.04125,0.08,20.664,0
2024-06-30 01:00,13.6,4.25,1,0.04125,0.08,20.612,0
2024-06-30 01:30,13.2,4.43,1,0.04125,0.08,20.558,0
2024-06-30 02:00,12.8,4.61,1,0.04125,0.08,20.502,0
2024-06-30 02:30,12.0,4.64,1,0.04125,0.08,20.439,0
2024-06-30 03:00,11.2,4.67,1,0.04125,0.08,20.371,0
2024-06-30 03:30,10.6,4.47,1,0.04125,0.08,20.299,0
2024-06-30 04:00,10.0,4.28,1,0.04125,0.08,20.223,0
2024-06-30 04:30,10.1,4.33,1,0.04125,0.08,20.149,0
2024-06-30 05:00,10.2,4.39,1,0.04125,0.08,20.075,0
2024-06-30 05:30,10.85,4.43,1,0.04125,0.08,20.007,0
2024-06-30 06:00,11.5,4.47,1,0.04125,0.08,19.945,0
2024-06-30 06:30,12.25,4.74,1,0.04125,0.08,19.889,0
2024-06-30 07:00,13.0,5.0,1,0.04125,0.08,19.839,0
2024-06-30 07:30,13.55,4.9,1,0.04125,0.08,19.793,0
2024-06-30 08:00,14.1,4.81,1,1.09125,0.08,19.823,0
2024-06-30 08:30,14.7,4.92,1,0.04125,0.08,19.786,0
2024-06-30 09:00,15.3,5.03,1,0.04125,0.08,19.755,0
2024-06-30 09:30,15.45,4.93,1,1.29125,0.08,19.808,0
2024-06-30 10:00,15.6,4.83,1,0.04125,0.08,19.779,0
2024-06-30 10:30,15.95,4.76,1,0.04125,0.08,19.752,0
2024-06-30 11:00,16.3,4.69,1,0.16625,0.08,19.737,0
2024-06-30 11:30,16.15,4.47,1,0.04125,0.08,19.712,0
2024-06-30 12:00,16.0,4.25,1,0.04125,0.08,19.686,0
2024-06-30 12:30,15.9,3.76,1,1.41625,0.08,19.752,0
2024-06-30 13:00,15.8,3.28,1,0.04125,0.08,19.725,0
2024-06-30 13:30,16.05,3.25,1,0.04125,0.08,19.699,0
2024-06-30 14:00,16.3,3.22,1,0.97875,0.08,19.739,0
2024-06-30 14:30,16.65,3.07,1,0.97875,0.08,19.78,0
2024-06-30 15:00,17.0,2.92,1,0.04125,0.08,19.762,0
2024-06-30 15:30,16.95,3.28,1,0.04125,0.08,19.743,0
2024-06-30 16:00,16.9,3.64,1,1.54125,0.08,19.824,0
2024-06-30 16:30,16.25,4.32,1,0.04125,0.08,19.8,0
2024-06-30 17:00,15.6,5.0,1,0.04125,0.08,19.77,0
2024-06-30 17:30,15.55,4.88,1,0.04125,0.08,19.741,0
2024-06-30 18:00,15.5,4.75,1,0.04125,0.08,19.711,0
2024-06-30 18:30,15.25,4.58,1,0.04125,0.08,19.68,0
2024-06-30 19:00,15.0,4.42,1,0.16625,0.08,19.655,0
2024-06-30 19:30,14.55,4.17,1,1.09125,0.08,19.689,0
2024-06-30 20:00,14.1,3.92,1,0.04125,0.08,19.649,0
2024-06-30 20:30,13.6,3.87,1,0.04125,0.08,19.605,0
2024-06-30 21:00,13.1,3.83,1,0.16625,0.08,19.567,0
2024-06-30 21:30,12.75,3.83,1,0.97875,0.08,19.58,0
2024-06-30 22:00,12.4,3.83,1,0.97875,0.08,19.59,0
2024-06-30 22:30,12.15,4.0,1,0.04125,0.08,19.536,0
2024-06-30 23:00,11.9,4.17,1,0.04125,0.08,19.481,0
2024-06-30 23:30,11.65,4.35,1,0.04125,0.08,19.423,0
2024-07-01 00:00,11.4,4.53,1,1.29125,0.08,19.448,0
2024-07-01 00:30,11.4,4.65,1,0.04125,0.08,19.389,0
2024-07-01 01:00,11.4,4.78,1,0.04125,0.08,19.331,0
2024-07-01 01:30,11.2,4.79,1,0.04125,0.08,19.272,0
2024-07-01 02:00,11.0,4.81,1,0.04125,0.08,19.211,0
2024-07-01 02:30,11.0,4.9,1,0.04125,0.08,19.151,0
2024-07-01 03:00,11.0,5.0,1,0.04125,0.08,19.091,0
2024-07-01 03:30,11.15,4.96,1,0.04125,0.08,19.033,0
2024-07-01 04:00,11.3,4.92,1,0.04125,0.08,18.977,0
2024-07-01 04:30,11.45,4.56,1,0.04125,0.08,18.922,0
2024-07-01 05:00,11.6,4.19,1,0.04125,0.08,18.869,0
2024-07-01 05:30,12.35,4.18,1,0.04125,0.08,18.822,0
2024-07-01 06:00,13.1,4.17,1,0.04125,0.08,18.781,0
2024-07-01 06:30,13.85,4.79,1,1.29125,0.08,18.829,0
2024-07-01 07:00,14.6,5.42,1,0.04125,0.08,18.799,0
2024-07-01 07:30,15.1,5.81,1,2.049583,0.08,18.908,0
2024-07-01 08:00,15.6,6.19,1,0.999583,0.08,18.95,0
2024-07-01 08:30,15.55,6.04,0,0.874583,0.08,18.982,0
2024-07-01 09:00,15.5,5.89,0,0.04125,0.08,18.958,0
2024-07-01 09:30,15.75,5.79,0,0.04125,0.08,18.936,0
2024-07-01 10:00,16.0,5.69,0,0.04125,0.08,18.917,0
2024-07-01 10:30,16.45,6.19,0,0.04125,0.08,18.901,0
2024-07-01 11:00,16.9,6.69,0,0.04125,0.08,18.888,0
2024-07-01 11:30,16.3,6.88,0,0.04125,0.08,18.871,0
2024-07-01 12:00,15.7,7.06,0,0.04125,0.08,18.849,0
2024-07-01 12:30,15.45,7.28,0,0.04125,0.08,18.826,0
2024-07-01 13:00,15.2,7.5,0,0.04125,0.08,18.801,0
2024-07-01 13:30,15.15,7.01,0,0.04125,0.08,18.776,0
2024-07-01 14:00,15.1,6.53,0,0.04125,0.08,18.751,0
2024-07-01 14:30,14.7,5.86,0,0.04125,0.08,18.722,0
2024-07-01 15:00,14.3,5.19,0,0.04125,0.08,18.691,0
2024-07-01 15:30,14.45,4.97,0,0.04125,0.08,18.662,0
2024-07-01 16:00,14.6,4.75,0,0.04125,0.08,18.633,0
2024-07-01 16:30,14.65,5.29,0,0.04125,0.08,18.606,0
2024-07-01 17:00,14.7,5.83,0,0.04125,0.08,18.578,0
2024-07-01 17:30,14.7,6.08,1,0.04125,0.08,18.551,0
2024-07-01 18:00,14.7,6.33,1,0.16625,0.08,18.533,0
2024-07-01 18:30,14.75,6.4,1,0.04125,0.08,18.507,0
2024-07-01 19:00,14.8,6.47,1,2.15375,0.08,18.622,0
2024-07-01 19:30,14.5,6.57,1,1.91625,0.08,18.719,0
2024-07-01 20:00,14.2,6.67,1,0.97875,0.08,18.75,0
2024-07-01 20:30,13.55,6.39,1,0.04125,0.08,18.713,0
2024-07-01 21:00,12.9,6.11,1,1.41625,0.08,18.763,0
2024-07-01 21:30,12.45,6.01,1,0.16625,0.08,18.726,0
2024-07-01 22:00,12.0,5.92,1,0.04125,0.08,18.677,0
2024-07-01 22:30,12.15,5.86,1,0.04125,0.08,18.63,0
2024-07-01 23:00,12.3,5.81,1,0.04125,0.08,18.584,0
2024-07-01 23:30,12.3,5.57,1,0.04125,0.08,18.539,0
2024-07-02 00:00,12.3,5.33,1,0.04125,0.08,18.494,0
2024-07-02 00:30,12.35,5.04,1,0.04125,0.08,18.45,0
2024-07-02 01:00,12.4,4.75,1,0.04125,0.08,18.406,0
2024-07-02 01:30,12.5,4.71,1,0.04125,0.08,18.364,0
2024-07-02 02:00,12.6,4.67,1,1.29125,0.08,18.406,0
2024-07-02 02:30,12.55,4.08,1,1.29125,0.08,18.447,0
2024-07-02 03:00,12.5,3.5,1,0.04125,0.08,18.404,0
2024-07-02 03:30,12.45,3.24,1,0.04125,0.08,18.362,0
2024-07-02 04:00,12.4,2.97,1,0.04125,0.08,18.319,0
2024-07-02 04:30,12.4,3.18,1,0.04125,0.08,18.276,0
2024-07-02 05:00,12.4,3.39,1,1.29125,0.08,18.318,0
2024-07-02 05:30,12.3,3.74,1,0.04125,0.08,18.274,0
2024-07-02 06:00,12.2,4.08,1,0.04125,0.08,18.231,0
2024-07-02 06:30,12.3,3.76,1,0.04125,0.08,18.188,0
2024-07-02 07:00,12.4,3.44,1,0.16625,0.08,18.155,0
2024-07-02 07:30,12.7,3.39,1,0.16625,0.08,18.124,0
2024-07-02 08:00,13.0,3.33,1,1.09125,0.08,18.158,0
2024-07-02 08:30,14.05,3.81,0,0.04125,0.08,18.129,0
2024-07-02 09:00,15.1,4.28,0,0.04125,0.08,18.109,0
2024-07-02 09:30,15.5,4.54,0,0.04125,0.08,18.091,0
2024-07-02 10:00,15.9,4.81,0,0.04125,0.08,18.077,0
2024-07-02 10:30,16.05,5.0,0,0.04125,0.08,18.065,0
2024-07-02 11:00,16.2,5.19,0,0.04125,0.08,18.053,0
2024-07-02 11:30,16.45,5.33,0,0.04125,0.08,18.044,0
2024-07-02 12:00,16.7,5.47,0,0.04125,0.08,18.036,0
2024-07-02 12:30,16.65,5.39,0,0.04125,0.08,18.028,0
2024-07-02 13:00,16.6,5.31,0,0.04125,0.08,18.02,0
2024-07-02 13:30,16.75,5.39,0,0.04125,0.08,18.013,0
2024-07-02 14:00,16.9,5.47,0,0.04125,0.08,18.007,0
2024-07-02 14:30,16.95,5.6,0,0.04125,0.08,18.002,0
2024-07-02 15:00,17.0,5.72,0,0.04125,0.08,17.997,0
2024-07-02 15:30,17.0,6.19,0,0.04125,0.08,17.992,0
2024-07-02 16:00,17.0,6.67,0,0.04125,0.08,17.987,0
2024-07-02 16:30,16.55,6.86,0,0.04125,0.08,17.979,0
2024-07-02 17:00,16.1,7.06,0,0.04125,0.08,17.968,0
2024-07-02 17:30,15.55,6.92,1,0.04125,0.08,17.952,0
2024-07-02 18:00,15.0,6.78,1,0.04125,0.08,17.932,0
2024-07-02 18:30,14.35,6.6,1,0.04125,0.08,17.907,0
2024-07-02 19:00,13.7,6.42,1,0.29125,0.08,17.895,0
2024-07-02 19:30,13.35,6.17,1,0.04125,0.08,17.863,0
2024-07-02 20:00,13.0,5.92,1,1.09125,0.08,17.898,0
2024-07-02 20:30,12.9,5.9,1,0.04125,0.08,17.863,0
2024-07-02 21:00,12.8,5.89,1,0.04125,0.08,17.827,0
2024-07-02 21:30,12.55,5.33,1,0.999583,0.08,17.853,0
2024-07-02 22:00,12.3,4.78,1,1.937083,0.08,17.94,0
2024-07-02 22:30,12.3,4.19,1,1.812083,0.08,18.018,0
2024-07-02 23:00,12.3,3.61,1,0.04125,0.08,17.977,0
2024-07-02 23:30,12.15,3.15,1,0.04125,0.08,17.935,0
2024-07-03 00:00,12.0,2.69,1,0.04125,0.08,17.893,0
2024-07-03 00:30,11.95,2.68,1,1.29125,0.08,17.933,0
2024-07-03 01:00,11.9,2.67,1,0.04125,0.08,17.89,0
2024-07-03 01:30,11.8,2.9,1,0.04125,0.08,17.846,0
2024-07-03 02:00,11.7,3.14,1,0.04125,0.08,17.802,0
2024-07-03 02:30,11.55,2.85,1,0.04125,0.08,17.757,0
2024-07-03 03:00,11.4,2.56,1,0.04125,0.08,17.711,0
2024-07-03 03:30,11.2,2.44,1,0.04125,0.08,17.664,0
2024-07-03 04:00,11.0,2.33,1,0.04125,0.08,17.616,0
2024-07-03 04:30,11.1,2.92,1,0.04125,0.08,17.568,0
2024-07-03 05:00,11.2,3.5,1,1.29125,0.08,17.606,0
2024-07-03 05:30,11.15,3.94,1,0.04125,0.08,17.559,0
2024-07-03 06:00,11.1,4.39,1,0.04125,0.08,17.513,0
2024-07-03 06:30,11.75,4.38,1,0.04125,0.08,17.471,0
2024-07-03 07:00,12.4,4.36,1,1.41625,0.08,17.527,0
2024-07-03 07:30,12.85,4.64,1,0.29125,0.08,17.511,0
2024-07-03 08:00,13.3,4.92,1,0.04125,0.08,17.481,0
2024-07-03 08:30,13.35,5.28,0,0.04125,0.08,17.453,0
2024-07-03 09:00,13.4,5.64,0,0.04125,0.08,17.424,0
2024-07-03 09:30,13.35,5.43,0,0.04125,0.08,17.396,0
2024-07-03 10:00,13.3,5.22,0,0.04125,0.08,17.367,0
2024-07-03 10:30,14.4,4.82,0,0.04125,0.08,17.347,0
2024-07-03 11:00,15.5,4.42,0,0.04125,0.08,17.336,0
2024-07-03 11:30,16.35,4.58,0,0.04125,0.08,17.331,0
2024-07-03 12:00,17.2,4.75,0,0.04125,0.08,17.333,0
2024-07-03 12:30,17.15,4.67,0,0.04125,0.08,17.334,0
2024-07-03 13:00,17.1,4.58,0,0.04125,0.08,17.335,0
2024-07-03 13:30,17.05,4.85,0,0.04125,0.08,17.336,0
2024-07-03 14:00,17.0,5.11,0,0.04125,0.08,17.336,0
2024-07-03 14:30,17.25,5.46,0,0.04125,0.08,17.338,0
2024-07-03 15:00,17.5,5.81,0,0.04125,0.08,17.5,0
2024-07-03 15:30,17.65,6.26,0,0.04125,0.08,17.65,0
2024-07-03 16:00,17.8,6.72,0,0.04125,0.08,17.8,0
2024-07-03 16:30,17.4,6.42,0,0.04125,0.08,17.8,0
2024-07-03 17:00,17.0,6.11,0,0.04125,0.08,17.796,0
2024-07-03 17:30,16.55,5.82,1,0.04125,0.08,17.79,0
2024-07-03 18:00,16.1,5.53,1,0.97875,0.08,17.842,0
2024-07-03 18:30,15.9,5.67,1,0.97875,0.08,17.893,0
2024-07-03 19:00,15.7,5.81,1,0.04125,0.08,17.879,0
2024-07-03 19:30,15.3,6.06,1,0.29125,0.08,17.878,0
2024-07-03 20:00,14.9,6.31,1,0.04125,0.08,17.858,0
2024-07-03 20:30,14.35,6.29,1,1.09125,0.08,17.904,0
2024-07-03 21:00,13.8,6.28,1,0.04125,0.08,17.876,0
2024-07-03 21:30,13.5,6.47,1,0.04125,0.08,17.845,0
2024-07-03 22:00,13.2,6.67,1,0.04125,0.08,17.812,0
2024-07-03 22:30,12.8,6.6,1,2.049583,0.08,17.911,0
2024-07-03 23:00,12.4,6.53,1,0.874583,0.08,17.927,0
2024-07-03 23:30,12.0,6.58,1,0.874583,0.08,17.94,0
2024-07-04 00:00,11.6,6.64,1,0.04125,0.08,17.894,0
2024-07-04 00:30,11.35,7.21,1,0.04125,0.08,17.847,0
2024-07-04 01:00,11.1,7.78,1,1.29125,0.08,17.882,0
2024-07-04 01:30,10.85,7.85,1,0.04125,0.08,17.831,0
2024-07-04 02:00,10.6,7.92,1,0.04125,0.08,17.778,0
2024-07-04 02:30,10.45,7.89,1,0.04125,0.08,17.725,0
2024-07-04 03:00,10.3,7.86,1,0.04125,0.08,17.671,0
2024-07-04 03:30,10.25,7.85,1,0.04125,0.08,17.617,0
2024-07-04 04:00,10.2,7.83,1,0.04125,0.08,17.563,0
2024-07-04 04:30,10.45,7.99,1,0.04125,0.08,17.511,0
2024-07-04 05:00,10.7,8.14,1,0.04125,0.08,17.462,0
2024-07-04 05:30,11.15,7.63,1,0.04125,0.08,17.416,0
2024-07-04 06:00,11.6,7.11,1,0.04125,0.08,17.374,0
2024-07-04 06:30,12.1,8.01,1,0.04125,0.08,17.337,0
2024-07-04 07:00,12.6,8.92,1,0.29125,0.08,17.32,0
2024-07-04 07:30,13.1,9.51,1,0.97875,0.08,17.353,0
2024-07-04 08:00,13.6,10.11,1,0.97875,0.08,17.39,0
2024-07-04 08:30,14.1,10.15,0,0.04125,0.08,17.367,0
2024-07-04 09:00,14.6,10.19,0,0.04125,0.08,17.349,0
2024-07-04 09:30,14.75,10.03,0,0.04125,0.08,17.332,0
2024-07-04 10:00,14.9,9.86,0,0.04125,0.08,17.316,0
2024-07-04 10:30,15.1,10.01,0,0.04125,0.08,17.302,0
2024-07-04 11:00,15.3,10.17,0,0.04125,0.08,17.289,0
2024-07-04 11:30,15.65,10.24,0,0.04125,0.08,17.279,0
2024-07-04 12:00,16.0,10.31,0,0.04125,0.08,17.272,0
2024-07-04 12:30,16.0,10.44,0,0.04125,0.08,17.265,0
2024-07-04 13:00,16.0,10.58,0,0.04125,0.08,17.258,0
2024-07-04 13:30,15.9,10.89,0,0.04125,0.08,17.251,0
2024-07-04 14:00,15.8,11.19,0,0.04125,0.08,17.242,0
2024-07-04 14:30,15.75,10.69,0,0.04125,0.08,17.234,0
2024-07-04 15:00,15.7,10.19,0,0.04125,0.08,17.225,0
2024-07-04 15:30,15.9,10.1,0,0.04125,0.08,17.217,0
2024-07-04 16:00,16.1,10.0,0,0.04125,0.08,17.212,0
2024-07-04 16:30,15.9,9.78,0,0.04125,0.08,17.204,0
2024-07-04 17:00,15.7,9.56,0,0.04125,0.08,17.196,0
2024-07-04 17:30,15.7,9.32,1,0.04125,0.08,17.187,0
2024-07-04 18:00,15.7,9.08,1,0.04125,0.08,17.178,0
2024-07-04 18:30,15.25,8.12,1,1.09125,0.08,17.236,0
2024-07-04 19:00,14.8,7.17,1,0.04125,0.08,17.22,0
2024-07-04 19:30,14.45,6.19,1,1.29125,0.08,17.286,0
2024-07-04 20:00,14.1,5.22,1,0.04125,0.08,17.264,0
2024-07-04 20:30,13.75,4.49,1,0.874583,0.08,17.296,0
2024-07-04 21:00,13.4,3.75,1,1.124583,0.08,17.341,0
2024-07-04 21:30,13.25,3.85,1,0.999583,0.08,17.376,0
2024-07-04 22:00,13.1,3.94,1,2.46625,0.08,17.509,0
2024-07-04 22:30,12.85,4.01,1,0.04125,0.08,17.476,0
2024-07-04 23:00,12.6,4.08,1,0.04125,0.08,17.441,0
2024-07-04 23:30,12.45,3.87,1,0.04125,0.08,17.406,0
2024-07-05 00:00,12.3,3.67,1,1.29125,0.08,17.453,0
2024-07-05 00:30,12.1,3.83,1,0.04125,0.08,17.415,0
2024-07-05 01:00,11.9,4.0,1,0.04125,0.08,17.375,0
2024-07-05 01:30,12.15,4.22,1,0.04125,0.08,17.338,0
2024-07-05 02:00,12.4,4.44,1,0.04125,0.08,17.303,0
2024-07-05 02:30,12.0,4.28,1,0.04125,0.08,17.265,0
2024-07-05 03:00,11.6,4.11,1,0.04125,0.08,17.224,0
2024-07-05 03:30,11.65,4.08,1,1.29125,0.08,17.268,0
2024-07-05 04:00,11.7,4.06,1,0.04125,0.08,17.228,0
2024-07-05 04:30,11.75,4.0,1,0.04125,0.08,17.189,0
2024-07-05 05:00,11.8,3.94,1,0.04125,0.08,17.151,0
2024-07-05 05:30,12.15,3.87,1,0.04125,0.08,17.115,0
2024-07-05 06:00,12.5,3.81,1,0.04125,0.08,17.083,0
2024-07-05 06:30,12.95,4.29,1,0.04125,0.08,17.054,0
2024-07-05 07:00,13.4,4.78,1,0.16625,0.08,17.037,0
2024-07-05 07:30,13.9,4.83,1,1.09125,0.08,17.086,0
2024-07-05 08:00,14.4,4.89,1,1.29125,0.08,17.151,0
2024-07-05 08:30,15.05,5.1,0,0.04125,0.08,17.138,0
2024-07-05 09:00,15.7,5.31,0,0.04125,0.08,17.13,0
2024-07-05 09:30,16.0,5.4,0,0.04125,0.08,17.124,0
2024-07-05 10:00,16.3,5.5,0,0.04125,0.08,17.12,0
2024-07-05 10:30,16.7,5.36,0,0.04125,0.08,17.12,0
2024-07-05 11:00,17.1,5.22,0,0.04125,0.08,17.123,0
2024-07-05 11:30,17.3,5.22,0,0.04125,0.08,17.3,0
2024-07-05 12:00,17.5,5.22,0,0.04125,0.08,17.5,0
2024-07-05 12:30,17.65,5.4,0,0.04125,0.08,17.65,0
2024-07-05 13:00,17.8,5.58,0,0.04125,0.08,17.8,0
2024-07-05 13:30,17.6,5.57,0,0.04125,0.08,17.801,0
2024-07-05 14:00,17.4,5.56,0,0.04125,0.08,17.801,0
2024-07-05 14:30,17.3,5.18,0,0.04125,0.08,17.8,0
2024-07-05 15:00,17.2,4.81,0,0.04125,0.08,17.798,0
2024-07-05 15:30,17.7,4.31,0,0.04125,0.08,17.8,0
2024-07-05 16:00,18.2,3.81,0,0.04125,0.08,18.2,0
2024-07-05 16:30,18.0,3.56,0,0.04125,0.08,18.201,0
2024-07-05 17:00,17.8,3.31,0,0.04125,0.08,18.201,0
2024-07-05 17:30,17.05,3.71,1,0.29125,0.08,18.212,0
2024-07-05 18:00,16.3,4.11,1,0.04125,0.08,18.2,0
2024-07-05 18:30,15.55,4.1,1,0.04125,0.08,18.182,0
2024-07-05 19:00,14.8,4.08,1,0.04125,0.08,18.159,0
2024-07-05 19:30,14.4,3.46,1,0.16625,0.08,18.141,0
2024-07-05 20:00,14.0,2.83,1,1.09125,0.08,18.183,0
2024-07-05 20:30,13.55,2.12,1,0.97875,0.08,18.213,0
2024-07-05 21:00,13.1,1.42,1,0.97875,0.08,18.239,0
2024-07-05 21:30,12.8,1.54,1,0.04125,0.08,18.2,0
2024-07-05 22:00,12.5,1.67,1,1.10375,0.08,18.23,0
2024-07-05 22:30,12.15,1.97,1,1.10375,0.08,18.257,0
2024-07-05 23:00,11.8,2.28,1,0.04125,0.08,18.211,0
2024-07-05 23:30,11.55,2.24,1,0.04125,0.08,18.163,0
2024-07-06 00:00,11.3,2.19,1,0.04125,0.08,18.113,0
2024-07-06 00:30,11.05,2.31,1,0.04125,0.08,18.061,0
2024-07-06 01:00,10.8,2.42,1,0.04125,0.08,18.009,0
2024-07-06 01:30,10.4,2.49,1,0.04125,0.08,17.953,0
2024-07-06 02:00,10.0,2.56,1,0.04125,0.08,17.895,0
2024-07-06 02:30,9.95,3.01,1,0.04125,0.08,17.837,0
2024-07-06 03:00,9.9,3.47,1,0.04125,0.08,17.779,0
2024-07-06 03:30,9.75,3.22,1,0.04125,0.08,17.72,0
2024-07-06 04:00,9.6,2.97,1,0.04125,0.08,17.661,0
2024-07-06 04:30,9.75,3.01,1,0.04125,0.08,17.603,0
2024-07-06 05:00,9.9,3.06,1,1.29125,0.08,17.63,0
2024-07-06 05:30,10.3,2.78,1,0.04125,0.08,17.577,0
2024-07-06 06:00,10.7,2.5,1,0.04125,0.08,17.527,0
2024-07-06 06:30,11.45,2.92,1,1.29125,0.08,17.567,0
2024-07-06 07:00,12.2,3.33,1,0.04125,0.08,17.529,0
2024-07-06 07:30,12.9,3.76,1,0.04125,0.08,17.496,0
2024-07-06 08:00,13.6,4.19,1,0.04125,0.08,17.469,0
2024-07-06 08:30,14.15,4.65,1,0.04125,0.08,17.446,0
2024-07-06 09:00,14.7,5.11,1,0.04125,0.08,17.428,0
2024-07-06 09:30,14.9,5.21,1,0.04125,0.08,17.411,0
2024-07-06 10:00,15.1,5.31,1,0.04125,0.08,17.397,0
2024-07-06 10:30,15.45,5.31,1,0.16625,0.08,17.393,0
2024-07-06 11:00,15.8,5.31,1,0.04125,0.08,17.383,0
2024-07-06 11:30,16.1,5.69,1,0.04125,0.08,17.376,0
2024-07-06 12:00,16.4,6.08,1,0.04125,0.08,17.372,0
2024-07-06 12:30,15.65,6.53,1,0.04125,0.08,17.361,0
2024-07-06 13:00,14.9,6.97,1,0.04125,0.08,17.345,0
2024-07-06 13:30,15.25,7.61,1,0.29125,0.08,17.348,0
2024-07-06 14:00,15.6,8.25,1,0.04125,0.08,17.338,0
2024-07-06 14:30,15.4,8.33,1,0.04125,0.08,17.326,0
2024-07-06 15:00,15.2,8.42,1,0.04125,0.08,17.312,0
2024-07-06 15:30,15.45,8.36,1,1.09125,0.08,17.371,0
2024-07-06 16:00,15.7,8.31,1,0.04125,0.08,17.361,0
2024-07-06 16:30,15.45,8.15,1,0.16625,0.08,17.357,0
2024-07-06 17:00,15.2,8.0,1,0.04125,0.08,17.344,0
2024-07-06 17:30,14.85,7.51,1,0.04125,0.08,17.327,0
2024-07-06 18:00,14.5,7.03,1,0.04125,0.08,17.308,0
2024-07-06 18:30,14.25,6.42,1,0.16625,0.08,17.296,0
2024-07-06 19:00,14.0,5.81,1,0.874583,0.08,17.329,0
2024-07-06 19:30,13.5,5.26,1,0.874583,0.08,17.358,0
2024-07-06 20:00,13.0,4.72,1,3.174583,0.08,17.537,0
2024-07-06 20:30,12.45,4.35,1,0.04125,0.08,17.501,0
2024-07-06 21:00,11.9,3.97,1,0.04125,0.08,17.461,0
2024-07-06 21:30,11.5,3.42,1,0.16625,0.08,17.427,0
2024-07-06 22:00,11.1,2.86,1,1.91625,0.08,17.506,0
2024-07-06 22:30,10.75,2.78,1,1.91625,0.08,17.583,0
2024-07-06 23:00,10.4,2.69,1,0.04125,0.08,17.53,0
2024-07-06 23:30,10.2,2.62,1,0.04125,0.08,17.477,0
2024-07-07 00:00,10.0,2.56,1,0.04125,0.08,17.423,0
2024-07-07 00:30,10.05,2.57,1,0.04125,0.08,17.369,0
2024-07-07 01:00,10.1,2.58,1,0.04125,0.08,17.316,0
2024-07-07 01:30,9.9,2.4,1,0.04125,0.08,17.262,0
2024-07-07 02:00,9.7,2.22,1,0.04125,0.08,17.207,0
2024-07-07 02:30,9.65,2.25,1,0.04125,0.08,17.152,0
2024-07-07 03:00,9.6,2.28,1,0.04125,0.08,17.097,0
2024-07-07 03:30,9.6,2.24,1,1.29125,0.08,17.126,0
2024-07-07 04:00,9.6,2.19,1,0.04125,0.08,17.071,0
2024-07-07 04:30,10.3,2.49,1,0.04125,0.08,17.022,0
2024-07-07 05:00,11.0,2.78,1,0.04125,0.08,16.978,0
2024-07-07 05:30,11.7,3.31,1,0.04125,0.08,16.941,0
2024-07-07 06:00,12.4,3.83,1,0.04125,0.08,16.909,0
2024-07-07 06:30,12.8,4.47,1,0.04125,0.08,16.88,0
2024-07-07 07:00,13.2,5.11,1,0.04125,0.08,16.855,0
2024-07-07 07:30,13.65,4.83,1,0.04125,0.08,16.833,0
2024-07-07 08:00,14.1,4.56,1,0.04125,0.08,16.815,0
2024-07-07 08:30,14.35,4.32,1,1.35375,0.08,16.886,0
2024-07-07 09:00,14.6,4.08,1,2.02875,0.08,17.004,0
2024-07-07 09:30,14.95,4.03,1,0.04125,0.08,16.992,0
2024-07-07 10:00,15.3,3.97,1,0.04125,0.08,16.981,0
2024-07-07 10:30,15.85,3.81,1,0.04125,0.08,16.975,0
2024-07-07 11:00,16.4,3.64,1,0.04125,0.08,16.974,0
2024-07-07 11:30,16.5,3.44,1,0.04125,0.08,16.973,0
2024-07-07 12:00,16.6,3.25,1,0.04125,0.08,16.973,0
2024-07-07 12:30,16.55,3.53,1,0.97875,0.08,17.035,0
2024-07-07 13:00,16.5,3.81,1,0.97875,0.08,17.096,0
2024-07-07 13:30,16.45,3.9,1,0.04125,0.08,17.094,0
2024-07-07 14:00,16.4,4.0,1,0.16625,0.08,17.1,0
2024-07-07 14:30,15.7,4.12,1,0.04125,0.08,17.092,0
2024-07-07 15:00,15.0,4.25,1,2.124583,0.08,17.218,0
2024-07-07 15:30,15.45,4.12,1,0.999583,0.08,17.271,0
2024-07-07 16:00,15.9,4.0,1,0.874583,0.08,17.319,0
2024-07-07 16:30,16.3,3.86,1,0.04125,0.08,17.314,0
2024-07-07 17:00,16.7,3.72,1,0.04125,0.08,17.312,0
2024-07-07 17:30,15.95,4.1,1,0.04125,0.08,17.305,0
2024-07-07 18:00,15.2,4.47,1,0.04125,0.08,17.291,0
2024-07-07 18:30,15.05,3.89,1,0.04125,0.08,17.277,0
2024-07-07 19:00,14.9,3.31,1,0.04125,0.08,17.261,0
2024-07-07 19:30,14.3,3.0,1,0.16625,0.08,17.25,0
2024-07-07 20:00,13.7,2.69,1,0.04125,0.08,17.225,0
2024-07-07 20:30,12.85,2.71,1,1.29125,0.08,17.278,0
2024-07-07 21:00,12.0,2.72,1,1.34125,0.08,17.327,0
2024-07-07 21:30,11.5,2.81,1,1.34125,0.08,17.373,0
2024-07-07 22:00,11.0,2.89,1,0.04125,0.08,17.327,0
2024-07-07 22:30,10.6,2.75,1,1.09125,0.08,17.348,0
2024-07-07 23:00,10.2,2.61,1,0.04125,0.08,17.296,0
2024-07-07 23:30,9.9,2.4,1,0.04125,0.08,17.242,0
2024-07-08 00:00,9.6,2.19,1,0.04125,0.08,17.186,0
2024-07-08 00:30,9.55,2.24,1,0.04125,0.08,17.131,0
2024-07-08 01:00,9.5,2.28,1,0.04125,0.08,17.075,0
2024-07-08 01:30,9.4,2.24,1,1.29125,0.08,17.103,0
2024-07-08 02:00,9.3,2.19,1,1.29125,0.08,17.129,0
2024-07-08 02:30,9.2,2.17,1,0.04125,0.08,17.071,0
2024-07-08 03:00,9.1,2.14,1,0.04125,0.08,17.013,0
2024-07-08 03:30,8.85,2.0,1,0.04125,0.08,16.953,0
2024-07-08 04:00,8.6,1.86,1,0.04125,0.08,16.892,0
2024-07-08 04:30,9.15,1.9,1,0.04125,0.08,16.836,0
2024-07-08 05:00,9.7,1.94,1,0.04125,0.08,16.784,0
2024-07-08 05:30,10.8,1.93,1,0.04125,0.08,16.741,0
2024-07-08 06:00,11.9,1.92,1,0.04125,0.08,16.706,0
2024-07-08 06:30,12.85,1.71,1,0.04125,0.08,16.68,0
2024-07-08 07:00,13.8,1.5,1,0.16625,0.08,16.669,0
2024-07-08 07:30,14.45,1.26,1,1.29125,0.08,16.738,0
2024-07-08 08:00,15.1,1.03,1,0.97875,0.08,16.791,0
2024-07-08 08:30,15.6,1.04,0,0.97875,0.08,16.847,0
2024-07-08 09:00,16.1,1.06,0,0.04125,0.08,16.844,0
2024-07-08 09:30,16.55,1.12,0,0.04125,0.08,16.845,0
2024-07-08 10:00,17.0,1.19,0,0.04125,0.08,17.0,0
2024-07-08 10:30,17.4,1.4,0,0.04125,0.08,17.4,0
2024-07-08 11:00,17.8,1.61,0,0.04125,0.08,17.8,0
2024-07-08 11:30,18.1,1.82,0,0.04125,0.08,18.1,0
2024-07-08 12:00,18.4,2.03,0,0.04125,0.08,18.4,0
2024-07-08 12:30,18.55,2.12,0,0.04125,0.08,18.55,0
2024-07-08 13:00,18.7,2.22,0,0.04125,0.08,18.7,0
2024-07-08 13:30,18.95,2.28,0,0.04125,0.08,18.95,0
2024-07-08 14:00,19.2,2.33,0,0.04125,0.08,19.2,0
2024-07-08 14:30,19.5,2.12,0,0.04125,0.08,19.5,0
2024-07-08 15:00,19.8,1.92,0,0.04125,0.08,19.8,0
2024-07-08 15:30,19.95,2.07,0,0.04125,0.08,19.95,0
2024-07-08 16:00,20.1,2.22,0,0.04125,0.08,20.1,0
2024-07-08 16:30,19.9,2.43,0,0.04125,0.08,20.101,0
2024-07-08 17:00,19.7,2.64,0,0.04125,0.08,20.101,0
2024-07-08 17:30,19.55,2.64,1,0.04125,0.08,20.099,0
2024-07-08 18:00,19.4,2.64,1,0.29125,0.08,20.114,0
2024-07-08 18:30,18.9,3.04,1,1.09125,0.08,20.177,0
2024-07-08 19:00,18.4,3.44,1,0.16625,0.08,20.175,0
2024-07-08 19:30,17.6,3.29,1,0.04125,0.08,20.158,0
2024-07-08 20:00,16.8,3.14,1,1.924583,0.08,20.261,0
2024-07-08 20:30,16.8,3.06,1,0.999583,0.08,20.301,0
2024-07-08 21:00,16.8,2.97,1,0.874583,0.08,20.333,0
2024-07-08 21:30,16.5,3.24,1,0.04125,0.08,20.306,0
2024-07-08 22:00,16.2,3.5,1,0.04125,0.08,20.277,0
2024-07-08 22:30,15.7,3.5,1,1.10375,0.08,20.316,0
2024-07-08 23:00,15.2,3.5,1,0.97875,0.08,20.342,0
2024-07-08 23:30,14.9,3.57,1,0.04125,0.08,20.304,0
2024-07-09 00:00,14.6,3.64,1,0.04125,0.08,20.263,0
2024-07-09 00:30,14.35,3.39,1,0.04125,0.08,20.22,0
2024-07-09 01:00,14.1,3.14,1,0.04125,0.08,20.176,0
2024-07-09 01:30,14.0,3.17,1,0.04125,0.08,20.132,0
2024-07-09 02:00,13.9,3.19,1,0.04125,0.08,20.087,0
2024-07-09 02:30,13.85,3.5,1,0.04125,0.08,20.042,0
2024-07-09 03:00,13.8,3.81,1,0.04125,0.08,19.997,0
2024-07-09 03:30,13.8,4.22,1,0.04125,0.08,19.952,0
2024-07-09 04:00,13.8,4.64,1,0.04125,0.08,19.908,0
2024-07-09 04:30,13.75,5.11,1,0.04125,0.08,19.863,0
2024-07-09 05:00,13.7,5.58,1,0.04125,0.08,19.819,0
2024-07-09 05:30,13.75,5.92,1,0.04125,0.08,19.775,0
2024-07-09 06:00,13.8,6.25,1,0.04125,0.08,19.732,0
2024-07-09 06:30,13.85,6.64,1,0.04125,0.08,19.69,0
2024-07-09 07:00,13.9,7.03,1,0.29125,0.08,19.665,0
2024-07-09 07:30,13.95,6.96,1,0.04125,0.08,19.624,0
2024-07-09 08:00,14.0,6.89,1,0.04125,0.08,19.584,0
2024-07-09 08:30,14.2,7.1,0,0.04125,0.08,19.545,0
2024-07-09 09:00,14.4,7.31,0,0.04125,0.08,19.509,0
2024-07-09 09:30,14.75,6.46,0,0.04125,0.08,19.475,0
2024-07-09 10:00,15.1,5.61,0,0.04125,0.08,19.444,0
2024-07-09 10:30,15.7,5.21,0,0.04125,0.08,19.418,0
2024-07-09 11:00,16.3,4.81,0,0.04125,0.08,19.397,0
2024-07-09 11:30,17.0,4.6,0,0.04125,0.08,19.382,0
2024-07-09 12:00,17.7,4.39,0,0.04125,0.08,19.372,0
2024-07-09 12:30,18.1,4.33,0,0.04125,0.08,19.365,0
2024-07-09 13:00,18.5,4.28,0,0.04125,0.08,19.361,0
2024-07-09 13:30,18.7,4.29,0,0.04125,0.08,19.358,0
2024-07-09 14:00,18.9,4.31,0,0.04125,0.08,19.358,0
2024-07-09 14:30,19.25,4.38,0,0.04125,0.08,19.36,0
2024-07-09 15:00,19.6,4.44,0,0.04125,0.08,19.6,0
2024-07-09 15:30,20.05,4.38,0,0.04125,0.08,20.05,0
2024-07-09 16:00,20.5,4.31,0,0.04125,0.08,20.5,0
2024-07-09 16:30,20.55,4.32,0,0.04125,0.08,20.55,0
2024-07-09 17:00,20.6,4.33,0,0.04125,0.08,20.6,0
2024-07-09 17:30,19.15,4.11,1,0.16625,0.08,20.6,0
2024-07-09 18:00,17.7,3.89,1,1.29125,0.08,20.664,0
2024-07-09 18:30,17.6,3.65,1,3.39125,0.08,20.867,0
2024-07-09 19:00,17.5,3.42,1,0.04125,0.08,20.844,0
2024-07-09 19:30,17.45,3.29,1,0.04125,0.08,20.821,0
2024-07-09 20:00,17.4,3.17,1,0.16625,0.08,20.806,0
2024-07-09 20:30,17.3,3.15,1,1.29125,0.08,20.866,0
2024-07-09 21:00,17.2,3.14,1,0.16625,0.08,20.849,0
2024-07-09 21:30,17.05,3.38,1,1.10375,0.08,20.893,0
2024-07-09 22:00,16.9,3.61,1,0.97875,0.08,20.928,0
2024-07-09 22:30,16.75,3.5,1,2.27875,0.08,21.048,0
2024-07-09 23:00,16.6,3.39,1,2.27875,0.08,21.167,0
2024-07-09 23:30,16.5,3.69,1,0.04125,0.08,21.134,0
2024-07-10 00:00,16.4,4.0,1,0.04125,0.08,21.1,0
2024-07-10 00:30,16.05,3.86,1,0.04125,0.08,21.064,0
2024-07-10 01:00,15.7,3.72,1,0.04125,0.08,21.026,0
2024-07-10 01:30,15.55,3.72,1,0.04125,0.08,20.987,0
2024-07-10 02:00,15.4,3.72,1,0.04125,0.08,20.947,0
2024-07-10 02:30,15.3,3.58,1,0.04125,0.08,20.906,0
2024-07-10 03:00,15.2,3.44,1,0.04125,0.08,20.866,0
2024-07-10 03:30,15.15,3.42,1,0.04125,0.08,20.825,0
2024-07-10 04:00,15.1,3.39,1,0.04125,0.08,20.784,0
2024-07-10 04:30,15.25,3.67,1,0.04125,0.08,20.744,0
2024-07-10 05:00,15.4,3.94,1,0.04125,0.08,20.706,0
2024-07-10 05:30,15.8,4.69,1,1.29125,0.08,20.755,0
2024-07-10 06:00,16.2,5.44,1,0.04125,0.08,20.722,0
2024-07-10 06:30,16.7,4.99,1,0.04125,0.08,20.694,0
2024-07-10 07:00,17.2,4.53,1,0.16625,0.08,20.679,0
2024-07-10 07:30,17.8,4.97,1,0.04125,0.08,20.66,0
2024-07-10 08:00,18.4,5.42,1,1.91625,0.08,20.77,0
2024-07-10 08:30,18.45,5.33,0,1.91625,0.08,20.881,0
2024-07-10 09:00,18.5,5.25,0,0.04125,0.08,20.865,0
2024-07-10 09:30,18.95,5.25,0,0.04125,0.08,20.853,0
2024-07-10 10:00,19.4,5.25,0,0.04125,0.08,20.845,0
2024-07-10 10:30,19.65,5.58,0,0.04125,0.08,20.839,0
2024-07-10 11:00,19.9,5.92,0,0.04125,0.08,20.834,0
2024-07-10 11:30,20.2,5.76,0,0.04125,0.08,20.832,0
2024-07-10 12:00,20.5,5.61,0,0.04125,0.08,20.832,0
2024-07-10 12:30,20.0,5.6,0,0.04125,0.08,20.829,0
2024-07-10 13:00,19.5,5.58,0,0.04125,0.08,20.821,0
2024-07-10 13:30,19.6,5.74,0,0.04125,0.08,20.815,0
2024-07-10 14:00,19.7,5.89,0,0.04125,0.08,20.809,0
2024-07-10 14:30,19.45,5.67,0,0.04125,0.08,20.801,0
2024-07-10 15:00,19.2,5.44,0,0.04125,0.08,20.792,0
2024-07-10 15:30,18.75,5.6,0,0.04125,0.08,20.779,0
2024-07-10 16:00,18.3,5.75,0,0.04125,0.08,20.763,0
2024-07-10 16:30,18.15,5.56,0,0.04125,0.08,20.745,0
2024-07-10 17:00,18.0,5.36,0,0.04125,0.08,20.727,0
2024-07-10 17:30,17.9,5.03,1,0.16625,0.08,20.717,0
2024-07-10 18:00,17.8,4.69,1,1.09125,0.08,20.767,0
2024-07-10 18:30,17.4,4.35,1,0.16625,0.08,20.753,0
2024-07-10 19:00,17.0,4.0,1,0.04125,0.08,20.727,0
2024-07-10 19:30,16.5,4.1,1,0.999583,0.08,20.761,0
2024-07-10 20:00,16.0,4.19,1,2.124583,0.08,20.867,0
2024-07-10 20:30,15.55,3.86,1,1.924583,0.08,20.955,0
2024-07-10 21:00,15.1,3.53,1,1.29125,0.08,20.996,0
2024-07-10 21:30,14.9,3.49,1,0.04125,0.08,20.952,0
2024-07-10 22:00,14.7,3.44,1,0.04125,0.08,20.907,0
2024-07-10 22:30,14.85,3.49,1,0.29125,0.08,20.88,0
2024-07-10 23:00,15.0,3.53,1,0.04125,0.08,20.838,0
2024-07-10 23:30,14.95,3.86,1,0.04125,0.08,20.796,0
2024-07-11 00:00,14.9,4.19,1,0.04125,0.08,20.753,0
2024-07-11 00:30,14.75,4.0,1,0.04125,0.08,20.71,0
2024-07-11 01:00,14.6,3.81,1,0.04125,0.08,20.666,0
2024-07-11 01:30,14.55,4.03,1,0.04125,0.08,20.622,0
2024-07-11 02:00,14.5,4.25,1,0.04125,0.08,20.578,0
2024-07-11 02:30,13.95,4.69,1,1.29125,0.08,20.613,0
2024-07-11 03:00,13.4,5.14,1,0.04125,0.08,20.561,0
2024-07-11 03:30,13.35,4.46,1,0.04125,0.08,20.509,0
2024-07-11 04:00,13.3,3.78,1,0.04125,0.08,20.456,0
2024-07-11 04:30,13.2,3.58,1,0.04125,0.08,20.403,0
2024-07-11 05:00,13.1,3.39,1,0.04125,0.08,20.35,0
2024-07-11 05:30,13.1,3.26,1,0.04125,0.08,20.297,0
2024-07-11 06:00,13.1,3.14,1,0.04125,0.08,20.245,0
2024-07-11 06:30,13.15,3.03,1,0.04125,0.08,20.194,0
2024-07-11 07:00,13.2,2.92,1,1.41625,0.08,20.235,0
2024-07-11 07:30,13.25,2.81,1,2.14125,0.08,20.324,0
2024-07-11 08:00,13.3,2.69,1,0.16625,0.08,20.282,0
2024-07-11 08:30,13.55,2.62,0,0.04125,0.08,20.233,0
2024-07-11 09:00,13.8,2.56,0,0.04125,0.08,20.187,0
2024-07-11 09:30,14.2,2.44,0,0.04125,0.08,20.143,0
2024-07-11 10:00,14.6,2.33,0,0.04125,0.08,20.104,0
2024-07-11 10:30,15.0,2.25,0,0.04125,0.08,20.067,0
2024-07-11 11:00,15.4,2.17,0,0.04125,0.08,20.034,0
2024-07-11 11:30,15.65,2.07,0,0.04125,0.08,20.004,0
2024-07-11 12:00,15.9,1.97,0,0.04125,0.08,19.975,0
2024-07-11 12:30,15.35,2.26,0,0.04125,0.08,19.942,0
2024-07-11 13:00,14.8,2.56,0,0.04125,0.08,19.906,0
2024-07-11 13:30,15.05,2.58,0,0.04125,0.08,19.871,0
2024-07-11 14:00,15.3,2.61,0,0.04125,0.08,19.839,0
2024-07-11 14:30,15.25,2.83,0,0.04125,0.08,19.807,0
2024-07-11 15:00,15.2,3.06,0,0.04125,0.08,19.774,0
2024-07-11 15:30,15.15,3.22,0,0.04125,0.08,19.742,0
2024-07-11 16:00,15.1,3.39,0,0.04125,0.08,19.709,0
2024-07-11 16:30,14.95,3.54,0,0.04125,0.08,19.675,0
2024-07-11 17:00,14.8,3.69,0,0.04125,0.08,19.641,0
2024-07-11 17:30,14.55,3.58,1,0.16625,0.08,19.613,0
2024-07-11 18:00,14.3,3.47,1,0.04125,0.08,19.575,0
2024-07-11 18:30,14.1,3.22,1,0.04125,0.08,19.536,0
2024-07-11 19:00,13.9,2.97,1,1.10375,0.08,19.566,0
2024-07-11 19:30,13.65,2.51,1,2.22875,0.08,19.67,0
2024-07-11 20:00,13.4,2.06,1,0.16625,0.08,19.633,0
2024-07-11 20:30,13.15,1.6,1,0.04125,0.08,19.586,0
2024-07-11 21:00,12.9,1.14,1,0.874583,0.08,19.594,0
2024-07-11 21:30,12.7,1.22,1,1.812083,0.08,19.662,0
2024-07-11 22:00,12.5,1.31,1,1.812083,0.08,19.728,0
2024-07-11 22:30,11.85,1.67,1,0.16625,0.08,19.679,0
2024-07-11 23:00,11.2,2.03,1,0.04125,0.08,19.617,0
2024-07-11 23:30,10.4,2.03,1,0.04125,0.08,19.549,0
2024-07-12 00:00,9.6,2.03,1,0.04125,0.08,19.476,0
2024-07-12 00:30,9.8,1.99,1,0.04125,0.08,19.404,0
2024-07-12 01:00,10.0,1.94,1,0.04125,0.08,19.335,0
2024-07-12 01:30,9.95,1.83,1,0.04125,0.08,19.266,0
2024-07-12 02:00,9.9,1.72,1,0.04125,0.08,19.197,0
2024-07-12 02:30,10.1,1.68,1,0.04125,0.08,19.13,0
2024-07-12 03:00,10.3,1.64,1,2.54125,0.08,19.233,0
2024-07-12 03:30,10.6,1.67,1,0.04125,0.08,19.169,0
2024-07-12 04:00,10.9,1.69,1,1.29125,0.08,19.192,0
2024-07-12 04:30,11.2,2.01,1,0.04125,0.08,19.134,0
2024-07-12 05:00,11.5,2.33,1,0.04125,0.08,19.078,0
2024-07-12 05:30,11.9,2.31,1,0.04125,0.08,19.026,0
2024-07-12 06:00,12.3,2.28,1,0.04125,0.08,18.977,0
2024-07-12 06:30,12.85,3.29,1,0.04125,0.08,18.933,0
2024-07-12 07:00,13.4,4.31,1,0.16625,0.08,18.902,0
2024-07-12 07:30,13.75,4.86,1,1.09125,0.08,18.935,0
2024-07-12 08:00,14.1,5.42,1,1.09125,0.08,18.971,0
2024-07-12 08:30,14.35,5.53,0,0.04125,0.08,18.939,0
2024-07-12 09:00,14.6,5.64,0,0.04125,0.08,18.908,0
2024-07-12 09:30,14.85,5.68,0,0.04125,0.08,18.88,0
2024-07-12 10:00,15.1,5.72,0,0.04125,0.08,18.854,0
2024-07-12 10:30,15.3,5.72,0,0.04125,0.08,18.829,0
2024-07-12 11:00,15.5,5.72,0,0.04125,0.08,18.807,0
2024-07-12 11:30,15.15,5.38,0,0.04125,0.08,18.781,0
2024-07-12 12:00,14.8,5.03,0,0.04125,0.08,18.754,0
2024-07-12 12:30,14.3,4.57,0,0.04125,0.08,18.722,0
2024-07-12 13:00,13.8,4.11,0,0.04125,0.08,18.687,0
2024-07-12 13:30,13.65,3.68,0,0.04125,0.08,18.652,0
2024-07-12 14:00,13.5,3.25,0,0.04125,0.08,18.615,0
2024-07-12 14:30,13.6,2.9,0,0.04125,0.08,18.579,0
2024-07-12 15:00,13.7,2.56,0,0.04125,0.08,18.545,0
2024-07-12 15:30,13.95,2.62,0,0.04125,0.08,18.512,0
2024-07-12 16:00,14.2,2.69,0,0.04125,0.08,18.482,0
2024-07-12 16:30,14.35,2.93,0,0.04125,0.08,18.453,0
2024-07-12 17:00,14.5,3.17,0,0.04125,0.08,18.426,0
2024-07-12 17:30,14.25,3.54,1,0.04125,0.08,18.397,0
2024-07-12 18:00,14.0,3.92,1,0.04125,0.08,18.366,0
2024-07-12 18:30,13.85,3.31,1,0.16625,0.08,18.342,0
2024-07-12 19:00,13.7,2.69,1,0.04125,0.08,18.309,0
2024-07-12 19:30,13.45,2.29,1,0.16625,0.08,18.283,0
2024-07-12 20:00,13.2,1.89,1,0.16625,0.08,18.256,0
2024-07-12 20:30,12.35,1.67,1,0.16625,0.08,18.221,0
2024-07-12 21:00,11.5,1.44,1,0.16625,0.08,18.181,0
2024-07-12 21:30,11.45,1.61,1,0.97875,0.08,18.195,0
2024-07-12 22:00,11.4,1.78,1,0.97875,0.08,18.208,0
2024-07-12 22:30,11.4,2.07,1,1.34125,0.08,18.246,0
2024-07-12 23:00,11.4,2.36,1,1.34125,0.08,18.283,0
2024-07-12 23:30,11.1,2.6,1,0.04125,0.08,18.231,0
2024-07-13 00:00,10.8,2.83,1,0.04125,0.08,18.177,0
2024-07-13 00:30,11.15,3.07,1,1.29125,0.08,18.209,0
2024-07-13 01:00,11.5,3.31,1,1.29125,0.08,18.244,0
2024-07-13 01:30,11.55,3.47,1,0.04125,0.08,18.196,0
2024-07-13 02:00,11.6,3.64,1,0.04125,0.08,18.148,0
2024-07-13 02:30,11.7,3.56,1,0.04125,0.08,18.102,0
2024-07-13 03:00,11.8,3.47,1,0.04125,0.08,18.056,0
2024-07-13 03:30,11.55,3.29,1,0.04125,0.08,18.009,0
2024-07-13 04:00,11.3,3.11,1,0.04125,0.08,17.96,0
2024-07-13 04:30,11.55,3.21,1,0.04125,0.08,17.914,0
2024-07-13 05:00,11.8,3.31,1,0.04125,0.08,17.87,0
2024-07-13 05:30,12.2,3.43,1,0.04125,0.08,17.829,0
2024-07-13 06:00,12.6,3.56,1,0.04125,0.08,17.792,0
2024-07-13 06:30,12.9,3.72,1,0.04125,0.08,17.758,0
2024-07-13 07:00,13.2,3.89,1,0.04125,0.08,17.725,0
2024-07-13 07:30,13.6,4.18,1,0.04125,0.08,17.697,0
2024-07-13 08:00,14.0,4.47,1,1.21625,0.08,17.75,0
2024-07-13 08:30,14.2,4.36,1,0.04125,0.08,17.725,0
2024-07-13 09:00,14.4,4.25,1,0.04125,0.08,17.702,0
2024-07-13 09:30,14.35,3.89,1,0.04125,0.08,17.68,0
2024-07-13 10:00,14.3,3.53,1,0.04125,0.08,17.656,0
2024-07-13 10:30,14.55,3.57,1,0.04125,0.08,17.635,0
2024-07-13 11:00,14.8,3.61,1,0.04125,0.08,17.616,0
2024-07-13 11:30,15.55,3.75,1,0.04125,0.08,17.603,0
2024-07-13 12:00,16.3,3.89,1,0.04125,0.08,17.596,0
2024-07-13 12:30,15.65,4.11,1,0.16625,0.08,17.592,0
2024-07-13 13:00,15.0,4.33,1,0.04125,0.08,17.575,0
2024-07-13 13:30,15.1,4.17,1,1.41625,0.08,17.651,0
2024-07-13 14:00,15.2,4.0,1,0.04125,0.08,17.635,0
2024-07-13 14:30,15.0,3.72,1,0.04125,0.08,17.618,0
2024-07-13 15:00,14.8,3.44,1,0.16625,0.08,17.607,0
2024-07-13 15:30,14.7,2.93,1,0.04125,0.08,17.588,0
2024-07-13 16:00,14.6,2.42,1,0.04125,0.08,17.568,0
2024-07-13 16:30,14.75,2.75,1,0.04125,0.08,17.549,0
2024-07-13 17:00,14.9,3.08,1,0.97875,0.08,17.594,0
2024-07-13 17:30,14.75,3.11,1,0.97875,0.08,17.638,0
2024-07-13 18:00,14.6,3.14,1,0.04125,0.08,17.617,0
2024-07-13 18:30,14.35,2.81,1,1.09125,0.08,17.665,0
2024-07-13 19:00,14.1,2.47,1,0.04125,0.08,17.641,0
2024-07-13 19:30,13.55,1.81,1,0.04125,0.08,17.612,0
2024-07-13 20:00,13.0,1.14,1,1.10375,0.08,17.65,0
2024-07-13 20:30,12.45,1.33,1,0.97875,0.08,17.676,0
2024-07-13 21:00,11.9,1.53,1,0.04125,0.08,17.635,0
2024-07-13 21:30,11.75,1.47,1,0.16625,0.08,17.601,0
2024-07-13 22:00,11.6,1.42,1,0.04125,0.08,17.557,0
2024-07-13 22:30,11.75,2.06,1,0.04125,0.08,17.516,0
2024-07-13 23:00,11.9,2.69,1,0.04125,0.08,17.476,0
2024-07-13 23:30,11.85,3.01,1,0.04125,0.08,17.435,0
2024-07-14 00:00,11.8,3.33,1,0.04125,0.08,17.395,0
2024-07-14 00:30,12.1,3.99,1,0.04125,0.08,17.357,0
2024-07-14 01:00,12.4,4.64,1,0.04125,0.08,17.322,0
2024-07-14 01:30,12.55,4.67,1,0.04125,0.08,17.288,0
2024-07-14 02:00,12.7,4.69,1,0.04125,0.08,17.256,0
2024-07-14 02:30,12.65,4.76,1,0.04125,0.08,17.223,0
2024-07-14 03:00,12.6,4.83,1,0.04125,0.08,17.191,0
2024-07-14 03:30,12.5,4.82,1,0.04125,0.08,17.158,0
2024-07-14 04:00,12.4,4.81,1,0.04125,0.08,17.124,0
2024-07-14 04:30,12.6,4.88,1,0.04125,0.08,17.092,0
2024-07-14 05:00,12.8,4.94,1,0.04125,0.08,17.062,0
2024-07-14 05:30,12.95,4.88,1,0.04125,0.08,17.033,0
2024-07-14 06:00,13.1,4.81,1,0.04125,0.08,17.006,0
2024-07-14 06:30,13.35,4.76,1,0.04125,0.08,16.981,0
2024-07-14 07:00,13.6,4.72,1,0.04125,0.08,16.958,0
2024-07-14 07:30,13.55,4.6,1,0.04125,0.08,16.934,0
2024-07-14 08:00,13.5,4.47,1,0.97875,0.08,16.973,0
2024-07-14 08:30,13.85,4.38,1,0.97875,0.08,17.015,0
2024-07-14 09:00,14.2,4.28,1,0.04125,0.08,16.996,0
2024-07-14 09:30,14.5,4.11,1,1.34125,0.08,17.067,0
2024-07-14 10:00,14.8,3.94,1,1.34125,0.08,17.139,0
2024-07-14 10:30,15.0,3.86,1,1.29125,0.08,17.209,0
2024-07-14 11:00,15.2,3.78,1,1.09125,0.08,17.266,0
2024-07-14 11:30,15.65,3.56,1,0.16625,0.08,17.265,0
2024-07-14 12:00,16.1,3.33,1,0.16625,0.08,17.267,0
2024-07-14 12:30,16.2,3.15,1,0.04125,0.08,17.262,0
2024-07-14 13:00,16.3,2.97,1,0.04125,0.08,17.257,0
2024-07-14 13:30,16.15,2.79,1,0.04125,0.08,17.252,0
2024-07-14 14:00,16.0,2.61,1,0.04125,0.08,17.245,0
2024-07-14 14:30,15.9,2.67,1,0.04125,0.08,17.237,0
2024-07-14 15:00,15.8,2.72,1,0.16625,0.08,17.237,0
2024-07-14 15:30,15.95,2.65,1,0.04125,0.08,17.23,0
2024-07-14 16:00,16.1,2.58,1,2.66625,0.08,17.4,0
2024-07-14 16:30,16.25,2.74,1,1.09125,0.08,17.464,0
2024-07-14 17:00,16.4,2.89,1,0.04125,0.08,17.459,0
2024-07-14 17:30,16.35,2.68,1,0.16625,0.08,17.461,0
2024-07-14 18:00,16.3,2.47,1,0.04125,0.08,17.455,0
2024-07-14 18:30,16.15,1.69,1,0.04125,0.08,17.448,0
2024-07-14 19:00,16.0,0.92,1,0.04125,0.08,17.44,0
2024-07-14 19:30,15.85,0.71,1,0.04125,0.08,17.43,0
2024-07-14 20:00,15.7,0.5,1,0.04125,0.08,17.42,0
2024-07-14 20:30,14.8,1.03,1,0.04125,0.08,17.402,0
2024-07-14 21:00,13.9,1.56,1,0.04125,0.08,17.378,0
2024-07-14 21:30,13.25,1.75,1,0.16625,0.08,17.358,0
2024-07-14 22:00,12.6,1.94,1,0.04125,0.08,17.324,0
2024-07-14 22:30,12.9,1.64,1,0.04125,0.08,17.293,0
2024-07-14 23:00,13.2,1.33,1,0.04125,0.08,17.264,0
2024-07-14 23:30,12.85,1.5,1,0.04125,0.08,17.233,0
2024-07-15 00:00,12.5,1.67,1,0.04125,0.08,17.2,0
2024-07-15 00:30,11.55,1.78,1,0.04125,0.08,17.159,0
2024-07-15 01:00,10.6,1.89,1,0.04125,0.08,17.112,0
2024-07-15 01:30,10.55,1.68,1,1.29125,0.08,17.148,0
2024-07-15 02:00,10.5,1.47,1,0.04125,0.08,17.1,0
2024-07-15 02:30,10.15,1.56,1,0.04125,0.08,17.05,0
2024-07-15 03:00,9.8,1.64,1,0.04125,0.08,16.997,0
2024-07-15 03:30,9.65,1.42,1,0.04125,0.08,16.943,0
2024-07-15 04:00,9.5,1.19,1,0.04125,0.08,16.889,0
2024-07-15 04:30,9.95,1.14,1,0.04125,0.08,16.839,0
2024-07-15 05:00,10.4,1.08,1,0.04125,0.08,16.792,0
2024-07-15 05:30,11.5,1.18,1,0.04125,0.08,16.755,0
2024-07-15 06:00,12.6,1.28,1,0.04125,0.08,16.725,0
2024-07-15 06:30,13.85,0.89,1,0.04125,0.08,16.706,0
2024-07-15 07:00,15.1,0.5,1,0.04125,0.08,16.697,0
2024-07-15 07:30,15.9,0.69,1,0.29125,0.08,16.71,0
2024-07-15 08:00,16.7,0.89,1,1.924583,0.08,16.839,0
2024-07-15 08:30,17.35,0.99,0,0.874583,0.08,17.35,0
2024-07-15 09:00,18.0,1.08,0,0.874583,0.08,18.0,0
2024-07-15 09:30,18.5,1.35,0,0.04125,0.08,18.5,0
2024-07-15 10:00,19.0,1.61,0,0.04125,0.08,19.0,0
2024-07-15 10:30,19.55,2.04,0,0.04125,0.08,19.55,0
2024-07-15 11:00,20.1,2.47,0,0.04125,0.08,20.1,0
2024-07-15 11:30,20.3,2.85,0,0.04125,0.08,20.3,0
2024-07-15 12:00,20.5,3.22,0,0.04125,0.08,20.5,0
2024-07-15 12:30,20.7,3.32,0,0.04125,0.08,20.7,0
2024-07-15 13:00,20.9,3.42,0,0.04125,0.08,20.9,0
2024-07-15 13:30,20.8,3.42,0,0.04125,0.08,20.902,0
2024-07-15 14:00,20.7,3.42,0,0.04125,0.08,20.903,0
2024-07-15 14:30,20.1,3.14,0,0.04125,0.08,20.9,0
2024-07-15 15:00,19.5,2.86,0,0.04125,0.08,20.892,0
2024-07-15 15:30,19.45,2.96,0,0.04125,0.08,20.884,0
2024-07-15 16:00,19.4,3.06,0,0.04125,0.08,20.875,0
2024-07-15 16:30,19.0,3.42,0,0.04125,0.08,20.863,0
2024-07-15 17:00,18.6,3.78,0,0.04125,0.08,20.849,0
2024-07-15 17:30,18.25,3.86,1,0.16625,0.08,20.84,0
2024-07-15 18:00,17.9,3.94,1,2.54125,0.08,20.987,0
2024-07-15 18:30,17.5,3.72,1,1.09125,0.08,21.034,0
2024-07-15 19:00,17.1,3.5,1,0.04125,0.08,21.006,0
2024-07-15 19:30,16.65,3.46,1,0.16625,0.08,20.984,0
2024-07-15 20:00,16.2,3.42,1,0.04125,0.08,20.95,0
2024-07-15 20:30,15.9,3.22,1,0.04125,0.08,20.914,0
2024-07-15 21:00,15.6,3.03,1,0.04125,0.08,20.876,0
2024-07-15 21:30,15.4,3.15,1,0.04125,0.08,20.837,0
2024-07-15 22:00,15.2,3.28,1,0.97875,0.08,20.86,0
2024-07-15 22:30,15.0,3.22,1,1.22875,0.08,20.897,0
2024-07-15 23:00,14.8,3.17,1,0.04125,0.08,20.853,0
2024-07-15 23:30,14.75,3.01,1,0.04125,0.08,20.809,0
2024-07-16 00:00,14.7,2.86,1,0.04125,0.08,20.765,0
2024-07-16 00:30,14.55,3.18,1,0.04125,0.08,20.72,0
2024-07-16 01:00,14.4,3.5,1,0.04125,0.08,20.675,0
2024-07-16 01:30,14.25,3.62,1,0.04125,0.08,20.628,0
2024-07-16 02:00,14.1,3.75,1,0.04125,0.08,20.581,0
2024-07-16 02:30,14.0,3.72,1,0.04125,0.08,20.533,0
2024-07-16 03:00,13.9,3.69,1,0.04125,0.08,20.485,0
2024-07-16 03:30,13.85,3.46,1,0.04125,0.08,20.437,0
2024-07-16 04:00,13.8,3.22,1,0.04125,0.08,20.389,0
2024-07-16 04:30,13.8,3.07,1,0.04125,0.08,20.341,0
2024-07-16 05:00,13.8,2.92,1,0.04125,0.08,20.294,0
2024-07-16 05:30,13.85,3.01,1,0.04125,0.08,20.248,0
2024-07-16 06:00,13.9,3.11,1,0.04125,0.08,20.202,0
2024-07-16 06:30,14.1,3.26,1,0.04125,0.08,20.158,0
2024-07-16 07:00,14.3,3.42,1,0.04125,0.08,20.116,0
2024-07-16 07:30,14.55,3.22,1,0.04125,0.08,20.076,0
2024-07-16 08:00,14.8,3.03,1,0.04125,0.08,20.038,0
2024-07-16 08:30,15.2,3.22,0,0.04125,0.08,20.004,0
2024-07-16 09:00,15.6,3.42,0,0.04125,0.08,19.973,0
2024-07-16 09:30,16.3,3.21,0,0.04125,0.08,19.948,0
2024-07-16 10:00,17.0,3.0,0,0.04125,0.08,19.928,0
2024-07-16 10:30,17.5,3.17,0,0.04125,0.08,19.912,0
2024-07-16 11:00,18.0,3.33,0,0.04125,0.08,19.9,0
2024-07-16 11:30,18.55,3.39,0,0.04125,0.08,19.893,0
2024-07-16 12:00,19.1,3.44,0,0.04125,0.08,19.889,0
2024-07-16 12:30,18.8,3.4,0,0.04125,0.08,19.884,0
2024-07-16 13:00,18.5,3.36,0,0.04125,0.08,19.876,0
2024-07-16 13:30,18.15,3.94,0,0.04125,0.08,19.865,0
2024-07-16 14:00,17.8,4.53,0,0.04125,0.08,19.852,0
2024-07-16 14:30,17.8,4.28,0,0.04125,0.08,19.839,0
2024-07-16 15:00,17.8,4.03,0,0.04125,0.08,19.827,0
2024-07-16 15:30,17.65,4.96,0,0.04125,0.08,19.813,0
2024-07-16 16:00,17.5,5.89,0,0.04125,0.08,19.798,0
2024-07-16 16:30,17.45,6.01,0,0.04125,0.08,19.783,0
2024-07-16 17:00,17.4,6.14,0,0.04125,0.08,19.767,0
2024-07-16 17:30,17.4,6.15,1,1.29125,0.08,19.835,0
2024-07-16 18:00,17.4,6.17,1,0.04125,0.08,19.819,0
2024-07-16 18:30,17.0,6.07,1,1.09125,0.08,19.871,0
2024-07-16 19:00,16.6,5.97,1,1.29125,0.08,19.932,0
2024-07-16 19:30,16.2,5.92,1,0.04125,0.08,19.906,0
2024-07-16 20:00,15.8,5.86,1,0.16625,0.08,19.886,0
2024-07-16 20:30,15.3,6.12,1,1.41625,0.08,19.945,0
2024-07-16 21:00,14.8,6.39,1,1.10375,0.08,19.98,0
2024-07-16 21:30,14.5,6.32,1,1.10375,0.08,20.012,0
2024-07-16 22:00,14.2,6.25,1,0.04125,0.08,19.97,0
2024-07-16 22:30,13.95,5.97,1,1.34125,0.08,20.014,0
2024-07-16 23:00,13.7,5.69,1,0.04125,0.08,19.968,0
2024-07-16 23:30,13.5,5.51,1,0.04125,0.08,19.921,0
2024-07-17 00:00,13.3,5.33,1,0.04125,0.08,19.873,0
2024-07-17 00:30,13.2,5.42,1,0.04125,0.08,19.825,0
2024-07-17 01:00,13.1,5.5,1,0.04125,0.08,19.776,0
2024-07-17 01:30,13.0,5.47,1,0.04125,0.08,19.727,0
2024-07-17 02:00,12.9,5.44,1,0.04125,0.08,19.678,0
2024-07-17 02:30,12.75,5.28,1,0.04125,0.08,19.627,0
2024-07-17 03:00,12.6,5.11,1,0.04125,0.08,19.576,0
2024-07-17 03:30,12.45,4.79,1,0.04125,0.08,19.525,0
2024-07-17 04:00,12.3,4.47,1,1.29125,0.08,19.556,0
2024-07-17 04:30,12.45,4.25,1,0.04125,0.08,19.504,0
2024-07-17 05:00,12.6,4.03,1,0.04125,0.08,19.454,0
2024-07-17 05:30,13.3,3.81,1,1.29125,0.08,19.493,0
2024-07-17 06:00,14.0,3.58,1,0.04125,0.08,19.454,0
2024-07-17 06:30,14.8,3.39,1,0.04125,0.08,19.421,0
2024-07-17 07:00,15.6,3.19,1,0.16625,0.08,19.403,0
2024-07-17 07:30,16.4,3.92,1,2.174583,0.08,19.525,0
2024-07-17 08:00,17.2,4.64,1,2.174583,0.08,19.653,0
2024-07-17 08:30,17.85,4.26,0,0.874583,0.08,19.697,0
2024-07-17 09:00,18.5,3.89,0,0.04125,0.08,19.691,0
2024-07-17 09:30,18.9,3.6,0,0.04125,0.08,19.688,0
2024-07-17 10:00,19.3,3.31,0,0.04125,0.08,19.687,0
2024-07-17 10:30,19.55,3.06,0,0.04125,0.08,19.689,0
2024-07-17 11:00,19.8,2.81,0,0.04125,0.08,19.8,0
2024-07-17 11:30,20.15,2.61,0,0.04125,0.08,20.15,0
2024-07-17 12:00,20.5,2.42,0,0.04125,0.08,20.5,0
2024-07-17 12:30,20.35,2.44,0,0.04125,0.08,20.502,0
2024-07-17 13:00,20.2,2.47,0,0.04125,0.08,20.502,0
2024-07-17 13:30,20.5,2.29,0,0.04125,0.08,20.505,0
2024-07-17 14:00,20.8,2.11,0,0.04125,0.08,20.8,0
2024-07-17 14:30,21.1,1.86,0,0.04125,0.08,21.1,0
2024-07-17 15:00,21.4,1.61,0,0.04125,0.08,21.4,0
2024-07-17 15:30,21.4,1.35,0,0.04125,0.08,21.403,0
2024-07-17 16:00,21.4,1.08,0,0.04125,0.08,21.405,0
2024-07-17 16:30,21.3,1.57,0,0.04125,0.08,21.407,0
2024-07-17 17:00,21.2,2.06,0,0.04125,0.08,21.409,0
2024-07-17 17:30,21.05,2.01,1,1.09125,0.08,21.479,0
2024-07-17 18:00,20.9,1.97,1,0.04125,0.08,21.477,0
2024-07-17 18:30,20.5,1.68,1,0.16625,0.08,21.481,0
2024-07-17 19:00,20.1,1.39,1,2.47875,0.08,21.636,0
2024-07-17 19:30,19.5,1.69,1,0.97875,0.08,21.685,0
2024-07-17 20:00,18.9,2.0,1,0.16625,0.08,21.675,0
2024-07-17 20:30,18.25,2.21,1,0.04125,0.08,21.651,0
2024-07-17 21:00,17.6,2.42,1,0.04125,0.08,21.623,0
2024-07-17 21:30,17.05,2.36,1,1.09125,0.08,21.661,0
2024-07-17 22:00,16.5,2.31,1,0.04125,0.08,21.624,0
2024-07-17 22:30,16.1,2.4,1,0.16625,0.08,21.593,0
2024-07-17 23:00,15.7,2.5,1,0.04125,0.08,21.551,0
2024-07-17 23:30,15.35,2.5,1,0.04125,0.08,21.506,0
2024-07-18 00:00,15.0,2.5,1,0.04125,0.08,21.459,0
2024-07-18 00:30,15.25,2.5,1,0.04125,0.08,21.414,0
2024-07-18 01:00,15.5,2.5,1,0.04125,0.08,21.372,0
2024-07-18 01:30,14.9,2.15,1,0.04125,0.08,21.325,0
2024-07-18 02:00,14.3,1.81,1,0.04125,0.08,21.274,0
2024-07-18 02:30,13.75,1.71,1,0.04125,0.08,21.219,0
2024-07-18 03:00,13.2,1.61,1,0.04125,0.08,21.16,0
2024-07-18 03:30,12.85,1.68,1,0.04125,0.08,21.1,0
2024-07-18 04:00,12.5,1.75,1,0.04125,0.08,21.037,0
2024-07-18 04:30,12.9,1.72,1,0.04125,0.08,20.977,0
2024-07-18 05:00,13.3,1.69,1,0.04125,0.08,20.921,0
2024-07-18 05:30,14.25,1.96,1,0.04125,0.08,20.873,0
2024-07-18 06:00,15.2,2.22,1,0.04125,0.08,20.832,0
2024-07-18 06:30,16.35,2.33,1,0.04125,0.08,20.801,0
2024-07-18 07:00,17.5,2.44,1,0.04125,0.08,20.778,0
2024-07-18 07:30,18.3,2.93,1,1.10375,0.08,20.833,0
2024-07-18 08:00,19.1,3.42,1,2.02875,0.08,20.955,0
2024-07-18 08:30,19.5,3.6,0,0.04125,0.08,20.947,0
2024-07-18 09:00,19.9,3.78,0,0.04125,0.08,20.942,0
2024-07-18 09:30,20.3,3.86,0,0.04125,0.08,20.939,0
2024-07-18 10:00,20.7,3.94,0,0.04125,0.08,20.94,0
2024-07-18 10:30,21.1,3.87,0,0.04125,0.08,21.1,0
2024-07-18 11:00,21.5,3.81,0,0.04125,0.08,21.5,0
2024-07-18 11:30,21.95,4.03,0,0.04125,0.08,21.95,0
2024-07-18 12:00,22.4,4.25,0,0.04125,0.08,22.4,0
2024-07-18 12:30,23.0,4.38,0,0.04125,0.08,23.0,0
2024-07-18 13:00,23.6,4.5,0,0.04125,0.08,23.6,0
2024-07-18 13:30,23.55,4.81,0,0.04125,0.08,23.602,0
2024-07-18 14:00,23.5,5.11,0,0.04125,0.08,23.604,0
2024-07-18 14:30,23.6,4.93,0,0.04125,0.08,23.607,0
2024-07-18 15:00,23.7,4.75,0,0.04125,0.08,23.7,0
2024-07-18 15:30,23.6,4.86,0,0.04125,0.08,23.702,0
2024-07-18 16:00,23.5,4.97,0,0.04125,0.08,23.703,0
2024-07-18 16:30,23.2,4.26,0,0.04125,0.08,23.702,0
2024-07-18 17:00,22.9,3.56,0,0.04125,0.08,23.699,0
2024-07-18 17:30,22.95,3.28,1,1.29125,0.08,23.779,0
2024-07-18 18:00,23.0,3.0,1,1.29125,0.08,23.86,0
2024-07-18 18:30,22.45,2.67,1,1.29125,0.08,23.935,0
2024-07-18 19:00,21.9,2.33,1,0.874583,0.08,23.978,0
2024-07-18 19:30,21.15,2.22,1,0.999583,0.08,24.023,0
2024-07-18 20:00,20.4,2.11,1,2.049583,0.08,24.133,0
2024-07-18 20:30,19.7,2.07,1,0.16625,0.08,24.11,0
2024-07-18 21:00,19.0,2.03,1,0.16625,0.08,24.082,0
2024-07-18 21:30,19.05,2.12,1,0.04125,0.08,24.046,0
2024-07-18 22:00,19.1,2.22,1,0.04125,0.08,24.011,0
2024-07-18 22:30,18.4,2.11,1,0.16625,0.08,23.979,0
2024-07-18 23:00,17.7,2.0,1,0.04125,0.08,23.934,0
2024-07-18 23:30,17.3,2.06,1,0.04125,0.08,23.886,0
2024-07-19 00:00,16.9,2.11,1,1.29125,0.08,23.919,0
2024-07-19 00:30,16.25,2.18,1,0.04125,0.08,23.863,0
2024-07-19 01:00,15.6,2.25,1,0.04125,0.08,23.802,0
2024-07-19 01:30,15.35,2.28,1,0.04125,0.08,23.74,0
2024-07-19 02:00,15.1,2.31,1,1.29125,0.08,23.76,0
2024-07-19 02:30,14.95,2.01,1,0.04125,0.08,23.696,0
2024-07-19 03:00,14.8,1.72,1,1.29125,0.08,23.714,0
2024-07-19 03:30,14.95,1.64,1,0.04125,0.08,23.65,0
2024-07-19 04:00,15.1,1.56,1,0.04125,0.08,23.587,0
2024-07-19 04:30,15.15,1.53,1,0.04125,0.08,23.525,0
2024-07-19 05:00,15.2,1.5,1,0.04125,0.08,23.464,0
2024-07-19 05:30,16.35,2.06,1,0.04125,0.08,23.412,0
2024-07-19 06:00,17.5,2.61,1,0.04125,0.08,23.37,0
2024-07-19 06:30,18.65,2.57,1,0.04125,0.08,23.337,0
2024-07-19 07:00,19.8,2.53,1,0.04125,0.08,23.312,0
2024-07-19 07:30,20.55,2.92,1,0.97875,0.08,23.357,0
2024-07-19 08:00,21.3,3.31,1,1.10375,0.08,23.415,0
2024-07-19 08:30,21.85,3.61,0,0.04125,0.08,23.405,0
2024-07-19 09:00,22.4,3.92,0,0.04125,0.08,23.4,0
2024-07-19 09:30,22.9,4.01,0,0.04125,0.08,23.399,0
2024-07-19 10:00,23.4,4.11,0,0.04125,0.08,23.402,0
2024-07-19 10:30,23.85,4.12,0,0.04125,0.08,23.85,0
2024-07-19 11:00,24.3,4.14,0,0.04125,0.08,24.3,0
2024-07-19 11:30,24.7,4.29,0,0.04125,0.08,24.7,0
2024-07-19 12:00,25.1,4.44,0,0.04125,0.08,25.1,0
2024-07-19 12:30,25.55,4.99,0,0.04125,0.08,25.55,0
2024-07-19 13:00,26.0,5.53,0,0.04125,0.08,26.0,0
2024-07-19 13:30,26.45,5.74,0,0.04125,0.08,26.45,0
2024-07-19 14:00,26.9,5.94,0,0.04125,0.08,26.9,0
2024-07-19 14:30,26.6,5.96,0,0.04125,0.08,26.9,0
2024-07-19 15:00,26.3,5.97,0,0.04125,0.08,26.899,0
2024-07-19 15:30,26.2,5.33,0,0.04125,0.08,26.896,0
2024-07-19 16:00,26.1,4.69,0,0.04125,0.08,26.893,0
2024-07-19 16:30,26.15,4.71,0,0.04125,0.08,26.89,0
2024-07-19 17:00,26.2,4.72,0,0.04125,0.08,26.887,0
2024-07-19 17:30,26.0,4.08,1,0.04125,0.08,26.883,0
2024-07-19 18:00,25.8,3.44,1,2.15375,0.08,27.019,0
2024-07-19 18:30,25.2,3.01,1,1.10375,0.08,27.079,0
2024-07-19 19:00,24.6,2.58,1,0.16625,0.08,27.071,0
2024-07-19 19:30,23.55,2.47,1,0.999583,0.08,27.111,0
2024-07-19 20:00,22.5,2.36,1,0.874583,0.08,27.134,0
2024-07-19 20:30,21.7,2.29,1,0.999583,0.08,27.159,0
2024-07-19 21:00,20.9,2.22,1,0.04125,0.08,27.114,0
2024-07-19 21:30,20.15,1.93,1,1.34125,0.08,27.15,0
2024-07-19 22:00,19.4,1.64,1,1.34125,0.08,27.181,0
2024-07-19 22:30,18.85,1.68,1,1.09125,0.08,27.19,0
2024-07-19 23:00,18.3,1.72,1,0.04125,0.08,27.125,0
2024-07-19 23:30,17.95,1.75,1,0.04125,0.08,27.057,0
2024-07-20 00:00,17.6,1.78,1,0.04125,0.08,26.987,0
2024-07-20 00:30,17.25,1.54,1,1.29125,0.08,26.999,0
2024-07-20 01:00,16.9,1.31,1,0.04125,0.08,26.925,0
2024-07-20 01:30,16.6,1.15,1,0.04125,0.08,26.848,0
2024-07-20 02:00,16.3,1.0,1,0.04125,0.08,26.77,0
2024-07-20 02:30,16.15,1.15,1,0.04125,0.08,26.692,0
2024-07-20 03:00,16.0,1.31,1,0.04125,0.08,26.613,0
2024-07-20 03:30,16.1,1.21,1,0.04125,0.08,26.535,0
2024-07-20 04:00,16.2,1.11,1,0.04125,0.08,26.459,0
2024-07-20 04:30,16.5,0.92,1,0.04125,0.08,26.385,0
2024-07-20 05:00,16.8,0.72,1,0.04125,0.08,26.315,0
2024-07-20 05:30,17.45,0.71,1,0.04125,0.08,26.25,0
2024-07-20 06:00,18.1,0.69,1,0.04125,0.08,26.19,0
2024-07-20 06:30,18.9,0.61,1,0.04125,0.08,26.137,0
2024-07-20 07:00,19.7,0.53,1,0.04125,0.08,26.09,0
2024-07-20 07:30,20.3,0.97,1,0.04125,0.08,26.049,0
2024-07-20 08:00,20.9,1.42,1,0.04125,0.08,26.012,0
2024-07-20 08:30,21.4,2.33,1,0.04125,0.08,25.98,0
2024-07-20 09:00,21.9,3.25,1,0.16625,0.08,25.96,0
2024-07-20 09:30,22.2,3.47,1,1.09125,0.08,26.004,0
2024-07-20 10:00,22.5,3.69,1,0.04125,0.08,25.98,0
2024-07-20 10:30,22.7,4.03,1,0.04125,0.08,25.957,0
2024-07-20 11:00,22.9,4.36,1,0.04125,0.08,25.937,0
2024-07-20 11:30,22.9,4.54,1,0.04125,0.08,25.916,0
2024-07-20 12:00,22.9,4.72,1,0.04125,0.08,25.896,0
2024-07-20 12:30,23.05,4.75,1,0.04125,0.08,25.877,0
2024-07-20 13:00,23.2,4.78,1,2.22875,0.08,26.005,0
2024-07-20 13:30,23.25,4.83,1,2.22875,0.08,26.133,0
2024-07-20 14:00,23.3,4.89,1,0.16625,0.08,26.123,0
2024-07-20 14:30,23.2,4.79,1,0.04125,0.08,26.103,0
2024-07-20 15:00,23.1,4.69,1,0.16625,0.08,26.091,0
2024-07-20 15:30,23.1,4.53,1,0.16625,0.08,26.079,0
2024-07-20 16:00,23.1,4.36,1,0.04125,0.08,26.059,0
2024-07-20 16:30,23.0,4.4,1,0.04125,0.08,26.039,0
2024-07-20 17:00,22.9,4.44,1,1.09125,0.08,26.088,0
2024-07-20 17:30,22.6,4.33,1,0.999583,0.08,26.128,0
2024-07-20 18:00,22.3,4.22,1,0.874583,0.08,26.157,0
2024-07-20 18:30,21.6,4.14,1,2.174583,0.08,26.267,0
2024-07-20 19:00,20.9,4.06,1,1.34125,0.08,26.316,0
2024-07-20 19:30,20.45,3.87,1,0.04125,0.08,26.274,0
2024-07-20 20:00,20.0,3.69,1,0.04125,0.08,26.229,0
2024-07-20 20:30,19.55,3.49,1,0.16625,0.08,26.189,0
2024-07-20 21:00,19.1,3.28,1,0.04125,0.08,26.137,0
2024-07-20 21:30,18.95,3.42,1,0.04125,0.08,26.085,0
2024-07-20 22:00,18.8,3.56,1,0.04125,0.08,26.032,0
2024-07-20 22:30,18.1,4.1,1,0.04125,0.08,25.974,0
2024-07-20 23:00,17.4,4.64,1,0.04125,0.08,25.911,0
2024-07-20 23:30,16.95,4.62,1,0.04125,0.08,25.845,0
2024-07-21 00:00,16.5,4.61,1,0.04125,0.08,25.776,0
2024-07-21 00:30,16.15,5.26,1,0.04125,0.08,25.705,0
2024-07-21 01:00,15.8,5.92,1,1.29125,0.08,25.716,0
2024-07-21 01:30,15.5,6.15,1,0.04125,0.08,25.64,0
2024-07-21 02:00,15.2,6.39,1,0.04125,0.08,25.563,0
2024-07-21 02:30,14.6,6.26,1,0.04125,0.08,25.482,0
2024-07-21 03:00,14.0,6.14,1,0.04125,0.08,25.397,0
2024-07-21 03:30,13.55,5.65,1,0.04125,0.08,25.309,0
2024-07-21 04:00,13.1,5.17,1,0.04125,0.08,25.218,0
2024-07-21 04:30,12.95,4.75,1,0.04125,0.08,25.127,0
2024-07-21 05:00,12.8,4.33,1,0.04125,0.08,25.036,0
2024-07-21 05:30,13.1,4.65,1,0.04125,0.08,24.947,0
2024-07-21 06:00,13.4,4.97,1,0.04125,0.08,24.861,0
2024-07-21 06:30,13.85,5.12,1,0.04125,0.08,24.78,0
2024-07-21 07:00,14.3,5.28,1,0.04125,0.08,24.702,0
2024-07-21 07:30,14.95,5.33,1,0.04125,0.08,24.631,0
2024-07-21 08:00,15.6,5.39,1,0.97875,0.08,24.627,0
2024-07-21 08:30,16.2,5.4,1,0.97875,0.08,24.628,0
2024-07-21 09:00,16.8,5.42,1,0.16625,0.08,24.579,0
2024-07-21 09:30,17.45,5.32,1,1.54125,0.08,24.627,0
2024-07-21 10:00,18.1,5.22,1,0.04125,0.08,24.58,0
2024-07-21 10:30,18.5,5.0,1,0.04125,0.08,24.536,0
2024-07-21 11:00,18.9,4.78,1,0.874583,0.08,24.552,0
2024-07-21 11:30,18.45,4.81,1,0.874583,0.08,24.564,0
2024-07-21 12:00,18.0,4.83,1,0.874583,0.08,24.572,0
2024-07-21 12:30,17.75,4.31,1,0.04125,0.08,24.522,0
2024-07-21 13:00,17.5,3.78,1,0.16625,0.08,24.48,0
2024-07-21 13:30,17.6,3.54,1,0.04125,0.08,24.43,0
2024-07-21 14:00,17.7,3.31,1,0.04125,0.08,24.381,0
2024-07-21 14:30,17.75,3.51,1,0.04125,0.08,24.333,0
2024-07-21 15:00,17.8,3.72,1,0.04125,0.08,24.286,0
2024-07-21 15:30,17.9,3.92,1,1.29125,0.08,24.323,0
2024-07-21 16:00,18.0,4.11,1,0.04125,0.08,24.278,0
2024-07-21 16:30,18.05,3.9,1,0.04125,0.08,24.233,0
2024-07-21 17:00,18.1,3.69,1,1.34125,0.08,24.275,0
2024-07-21 17:30,17.95,3.51,1,0.04125,0.08,24.23,0
2024-07-21 18:00,17.8,3.33,1,0.04125,0.08,24.183,0
2024-07-21 18:30,17.5,2.96,1,0.04125,0.08,24.135,0
2024-07-21 19:00,17.2,2.58,1,0.04125,0.08,24.085,0
2024-07-21 19:30,16.5,2.11,1,1.09125,0.08,24.099,0
2024-07-21 20:00,15.8,1.64,1,0.04125,0.08,24.039,0
2024-07-21 20:30,14.9,1.57,1,0.04125,0.08,23.971,0
2024-07-21 21:00,14.0,1.5,1,0.04125,0.08,23.898,0
2024-07-21 21:30,13.6,1.4,1,0.04125,0.08,23.822,0
2024-07-21 22:00,13.2,1.31,1,0.04125,0.08,23.743,0
2024-07-21 22:30,12.75,1.39,1,0.04125,0.08,23.662,0
2024-07-21 23:00,12.3,1.47,1,0.04125,0.08,23.578,0
2024-07-21 23:30,12.2,1.6,1,0.04125,0.08,23.493,0
2024-07-22 00:00,12.1,1.72,1,0.04125,0.08,23.409,0
2024-07-22 00:30,12.25,1.71,1,0.04125,0.08,23.326,0
2024-07-22 01:00,12.4,1.69,1,0.04125,0.08,23.245,0
2024-07-22 01:30,12.95,1.86,1,0.04125,0.08,23.169,0
2024-07-22 02:00,13.5,2.03,1,0.04125,0.08,23.098,0
2024-07-22 02:30,13.85,2.62,1,0.04125,0.08,23.03,0
2024-07-22 03:00,14.2,3.22,1,0.04125,0.08,22.965,0
2024-07-22 03:30,14.1,3.67,1,0.04125,0.08,22.9,0
2024-07-22 04:00,14.0,4.11,1,0.04125,0.08,22.835,0
2024-07-22 04:30,13.85,4.17,1,0.04125,0.08,22.769,0
2024-07-22 05:00,13.7,4.22,1,0.04125,0.08,22.702,0
2024-07-22 05:30,14.4,4.46,1,0.04125,0.08,22.641,0
2024-07-22 06:00,15.1,4.69,1,0.04125,0.08,22.586,0
2024-07-22 06:30,15.8,4.54,1,0.04125,0.08,22.537,0
2024-07-22 07:00,16.5,4.39,1,0.04125,0.08,22.494,0
2024-07-22 07:30,17.4,4.65,1,2.15375,0.08,22.599,0
2024-07-22 08:00,18.3,4.92,1,1.10375,0.08,22.64,0
2024-07-22 08:30,18.85,5.03,0,0.04125,0.08,22.613,0
2024-07-22 09:00,19.4,5.14,0,0.04125,0.08,22.591,0
2024-07-22 09:30,19.85,5.03,0,0.04125,0.08,22.573,0
2024-07-22 10:00,20.3,4.92,0,0.04125,0.08,22.559,0
2024-07-22 10:30,20.6,5.07,0,0.04125,0.08,22.546,0
2024-07-22 11:00,20.9,5.22,0,0.04125,0.08,22.537,0
2024-07-22 11:30,20.9,5.07,0,0.04125,0.08,22.527,0
2024-07-22 12:00,20.9,4.92,0,0.04125,0.08,22.517,0
2024-07-22 12:30,21.25,4.96,0,0.04125,0.08,22.51,0
2024-07-22 13:00,21.6,5.0,0,0.04125,0.08,22.506,0
2024-07-22 13:30,21.75,5.33,0,0.04125,0.08,22.503,0
2024-07-22 14:00,21.9,5.67,0,0.04125,0.08,22.501,0
2024-07-22 14:30,21.6,5.62,0,0.04125,0.08,22.497,0
2024-07-22 15:00,21.3,5.58,0,0.04125,0.08,22.491,0
2024-07-22 15:30,21.25,5.51,0,0.04125,0.08,22.484,0
2024-07-22 16:00,21.2,5.44,0,0.04125,0.08,22.477,0
2024-07-22 16:30,20.8,5.19,0,0.04125,0.08,22.467,0
2024-07-22 17:00,20.4,4.94,0,0.04125,0.08,22.454,0
2024-07-22 17:30,20.0,4.88,1,1.09125,0.08,22.508,0
2024-07-22 18:00,19.6,4.81,1,0.04125,0.08,22.488,0
2024-07-22 18:30,19.1,4.36,1,0.16625,0.08,22.473,0
2024-07-22 19:00,18.6,3.92,1,0.04125,0.08,22.447,0
2024-07-22 19:30,17.8,3.31,1,0.04125,0.08,22.414,0
2024-07-22 20:00,17.0,2.69,1,1.46625,0.08,22.47,0
2024-07-22 20:30,16.45,2.56,1,3.549583,0.08,22.661,0
2024-07-22 21:00,15.9,2.42,1,0.874583,0.08,22.668,0
2024-07-22 21:30,15.5,2.64,1,0.874583,0.08,22.672,0
2024-07-22 22:00,15.1,2.86,1,0.16625,0.08,22.625,0
2024-07-22 22:30,14.9,2.93,1,0.04125,0.08,22.569,0
2024-07-22 23:00,14.7,3.0,1,1.29125,0.08,22.595,0
2024-07-22 23:30,14.6,2.83,1,1.29125,0.08,22.62,0
2024-07-23 00:00,14.5,2.67,1,0.04125,0.08,22.56,0
2024-07-23 00:30,14.6,3.03,1,0.04125,0.08,22.502,0
2024-07-23 01:00,14.7,3.39,1,0.04125,0.08,22.445,0
2024-07-23 01:30,14.45,3.25,1,0.04125,0.08,22.387,0
2024-07-23 02:00,14.2,3.11,1,0.04125,0.08,22.327,0
2024-07-23 02:30,14.0,3.01,1,0.04125,0.08,22.266,0
2024-07-23 03:00,13.8,2.92,1,0.04125,0.08,22.204,0
2024-07-23 03:30,13.7,3.08,1,0.04125,0.08,22.142,0
2024-07-23 04:00,13.6,3.25,1,0.04125,0.08,22.079,0
2024-07-23 04:30,13.8,3.37,1,0.04125,0.08,22.018,0
2024-07-23 05:00,14.0,3.5,1,0.04125,0.08,21.96,0
2024-07-23 05:30,14.65,3.69,1,0.04125,0.08,21.907,0
2024-07-23 06:00,15.3,3.89,1,0.04125,0.08,21.859,0
2024-07-23 06:30,15.95,3.75,1,0.04125,0.08,21.816,0
2024-07-23 07:00,16.6,3.61,1,2.22875,0.08,21.925,0
2024-07-23 07:30,17.35,3.92,1,1.10375,0.08,21.964,0
2024-07-23 08:00,18.1,4.22,1,0.04125,0.08,21.937,0
2024-07-23 08:30,18.5,4.33,0,0.04125,0.08,21.914,0
2024-07-23 09:00,18.9,4.44,0,0.04125,0.08,21.893,0
2024-07-23 09:30,19.2,4.33,0,0.04125,0.08,21.876,0
2024-07-23 10:00,19.5,4.22,0,0.04125,0.08,21.86,0
2024-07-23 10:30,19.85,4.18,0,0.04125,0.08,21.847,0
2024-07-23 11:00,20.2,4.14,0,0.04125,0.08,21.838,0
2024-07-23 11:30,20.55,4.08,0,0.04125,0.08,21.831,0
2024-07-23 12:00,20.9,4.03,0,0.04125,0.08,21.826,0
2024-07-23 12:30,21.1,3.87,0,0.04125,0.08,21.823,0
2024-07-23 13:00,21.3,3.72,0,0.04125,0.08,21.822,0
2024-07-23 13:30,21.3,3.42,0,0.04125,0.08,21.821,0
2024-07-23 14:00,21.3,3.11,0,0.04125,0.08,21.82,0
2024-07-23 14:30,21.45,2.82,0,0.04125,0.08,21.82,0
2024-07-23 15:00,21.6,2.53,0,0.04125,0.08,21.821,0
2024-07-23 15:30,21.4,2.25,0,0.04125,0.08,21.82,0
2024-07-23 16:00,21.2,1.97,0,0.04125,0.08,21.818,0
2024-07-23 16:30,21.05,1.65,0,0.04125,0.08,21.815,0
2024-07-23 17:00,20.9,1.33,0,0.04125,0.08,21.811,0
2024-07-23 17:30,20.7,1.12,1,0.04125,0.08,21.805,0
2024-07-23 18:00,20.5,0.92,1,0.16625,0.08,21.806,0
2024-07-23 18:30,20.2,0.79,1,1.29125,0.08,21.88,0
2024-07-23 19:00,19.9,0.67,1,0.04125,0.08,21.868,0
2024-07-23 19:30,19.0,1.15,1,0.04125,0.08,21.849,0
2024-07-23 20:00,18.1,1.64,1,1.46625,0.08,21.918,0
2024-07-23 20:30,17.9,1.88,1,1.46625,0.08,21.985,0
2024-07-23 21:00,17.7,2.11,1,0.04125,0.08,21.955,0
2024-07-23 21:30,17.2,2.51,1,1.09125,0.08,21.992,0
2024-07-23 22:00,16.7,2.92,1,2.46625,0.08,22.116,0
2024-07-23 22:30,16.05,2.85,1,0.16625,0.08,22.081,0
2024-07-23 23:00,15.4,2.78,1,0.04125,0.08,22.032,0
2024-07-23 23:30,14.95,2.56,1,0.04125,0.08,21.981,0
2024-07-24 00:00,14.5,2.33,1,0.04125,0.08,21.926,0
2024-07-24 00:30,14.05,2.54,1,0.04125,0.08,21.869,0
2024-07-24 01:00,13.6,2.75,1,0.04125,0.08,21.808,0
2024-07-24 01:30,13.5,2.81,1,0.04125,0.08,21.747,0
2024-07-24 02:00,13.4,2.86,1,0.04125,0.08,21.686,0
2024-07-24 02:30,13.25,2.75,1,0.04125,0.08,21.625,0
2024-07-24 03:00,13.1,2.64,1,1.29125,0.08,21.646,0
2024-07-24 03:30,13.25,2.32,1,0.04125,0.08,21.584,0
2024-07-24 04:00,13.4,2.0,1,0.04125,0.08,21.524,0
2024-07-24 04:30,13.9,1.94,1,0.04125,0.08,21.469,0
2024-07-24 05:00,14.4,1.89,1,0.04125,0.08,21.417,0
2024-07-24 05:30,14.75,1.76,1,0.04125,0.08,21.369,0
2024-07-24 06:00,15.1,1.64,1,0.04125,0.08,21.324,0
2024-07-24 06:30,15.5,1.67,1,0.04125,0.08,21.282,0
2024-07-24 07:00,15.9,1.69,1,1.21625,0.08,21.322,0
2024-07-24 07:30,16.05,1.86,1,1.29125,0.08,21.368,0
2024-07-24 08:00,16.2,2.03,1,0.04125,0.08,21.331,0
2024-07-24 08:30,17.0,2.1,0,0.04125,0.08,21.301,0
2024-07-24 09:00,17.8,2.17,0,0.04125,0.08,21.277,0
2024-07-24 09:30,18.75,2.6,0,0.04125,0.08,21.26,0
2024-07-24 10:00,19.7,3.03,0,0.04125,0.08,21.251,0
2024-07-24 10:30,19.95,3.5,0,0.04125,0.08,21.244,0
2024-07-24 11:00,20.2,3.97,0,0.04125,0.08,21.239,0
2024-07-24 11:30,20.65,4.11,0,0.04125,0.08,21.237,0
2024-07-24 12:00,21.1,4.25,0,0.04125,0.08,21.239,0
2024-07-24 12:30,21.85,4.61,0,0.04125,0.08,21.85,0
2024-07-24 13:00,22.6,4.97,0,0.04125,0.08,22.6,0
2024-07-24 13:30,22.85,5.31,0,0.04125,0.08,22.85,0
2024-07-24 14:00,23.1,5.64,0,0.04125,0.08,23.1,0
2024-07-24 14:30,22.8,5.92,0,0.04125,0.08,23.1,0
2024-07-24 15:00,22.5,6.19,0,0.04125,0.08,23.099,0
2024-07-24 15:30,21.45,6.01,0,0.04125,0.08,23.089,0
2024-07-24 16:00,20.4,5.83,0,0.04125,0.08,23.071,0
2024-07-24 16:30,19.75,5.24,0,0.04125,0.08,23.048,0
2024-07-24 17:00,19.1,4.64,0,0.04125,0.08,23.021,0
2024-07-24 17:30,19.35,4.81,1,1.34125,0.08,23.082,0
2024-07-24 18:00,19.6,4.97,1,1.34125,0.08,23.145,0
2024-07-24 18:30,19.15,4.72,1,0.04125,0.08,23.118,0
2024-07-24 19:00,18.7,4.47,1,0.16625,0.08,23.095,0
2024-07-24 19:30,18.3,3.99,1,0.04125,0.08,23.061,0
2024-07-24 20:00,17.9,3.5,1,1.29125,0.08,23.108,0
2024-07-24 20:30,17.55,3.51,1,0.04125,0.08,23.068,0
2024-07-24 21:00,17.2,3.53,1,1.22875,0.08,23.105,0
2024-07-24 21:30,16.75,3.42,1,1.91625,0.08,23.185,0
2024-07-24 22:00,16.3,3.31,1,2.862083,0.08,23.323,0
2024-07-24 22:30,16.25,3.51,1,1.124583,0.08,23.344,0
2024-07-24 23:00,16.2,3.72,1,0.874583,0.08,23.348,0
2024-07-24 23:30,16.7,3.97,1,0.04125,0.08,23.3,0
2024-07-25 00:00,17.2,4.22,1,0.04125,0.08,23.256,0
2024-07-25 00:30,16.9,3.72,1,0.04125,0.08,23.21,0
2024-07-25 01:00,16.6,3.22,1,0.04125,0.08,23.162,0
2024-07-25 01:30,16.7,3.21,1,0.04125,0.08,23.116,0
2024-07-25 02:00,16.8,3.19,1,0.04125,0.08,23.07,0
2024-07-25 02:30,16.65,3.4,1,0.04125,0.08,23.024,0
2024-07-25 03:00,16.5,3.61,1,0.04125,0.08,22.976,0
2024-07-25 03:30,16.45,3.61,1,0.04125,0.08,22.929,0
2024-07-25 04:00,16.4,3.61,1,0.04125,0.08,22.882,0
2024-07-25 04:30,16.55,3.51,1,0.04125,0.08,22.836,0
2024-07-25 05:00,16.7,3.42,1,0.04125,0.08,22.792,0
2024-07-25 05:30,17.2,3.42,1,0.04125,0.08,22.752,0
2024-07-25 06:00,17.7,3.42,1,0.04125,0.08,22.716,0
2024-07-25 06:30,18.0,3.71,1,0.04125,0.08,22.683,0
2024-07-25 07:00,18.3,4.0,1,0.04125,0.08,22.652,0
2024-07-25 07:30,18.75,4.49,1,0.04125,0.08,22.625,0
2024-07-25 08:00,19.2,4.97,1,0.16625,0.08,22.61,0
2024-07-25 08:30,19.15,4.97,0,0.04125,0.08,22.586,0
2024-07-25 09:00,19.1,4.97,0,0.04125,0.08,22.562,0
2024-07-25 09:30,19.7,5.07,0,0.04125,0.08,22.543,0
2024-07-25 10:00,20.3,5.17,0,0.04125,0.08,22.529,0
2024-07-25 10:30,20.8,5.36,0,0.04125,0.08,22.518,0
2024-07-25 11:00,21.3,5.56,0,0.04125,0.08,22.512,0
2024-07-25 11:30,21.05,5.01,0,0.04125,0.08,22.503,0
2024-07-25 12:00,20.8,4.47,0,0.04125,0.08,22.493,0
2024-07-25 12:30,21.5,4.78,0,0.04125,0.08,22.488,0
2024-07-25 13:00,22.2,5.08,0,0.04125,0.08,22.489,0
2024-07-25 13:30,21.8,5.29,0,0.04125,0.08,22.486,0
2024-07-25 14:00,21.4,5.5,0,0.04125,0.08,22.48,0
2024-07-25 14:30,21.3,5.54,0,0.04125,0.08,22.474,0
2024-07-25 15:00,21.2,5.58,0,0.04125,0.08,22.467,0
2024-07-25 15:30,20.95,5.38,0,0.04125,0.08,22.458,0
2024-07-25 16:00,20.7,5.17,0,0.04125,0.08,22.448,0
2024-07-25 16:30,20.5,4.97,0,0.04125,0.08,22.435,0
2024-07-25 17:00,20.3,4.78,0,0.04125,0.08,22.422,0
2024-07-25 17:30,19.75,4.35,1,1.34125,0.08,22.491,0
2024-07-25 18:00,19.2,3.92,1,1.46625,0.08,22.564,0
2024-07-25 18:30,18.8,3.5,1,1.29125,0.08,22.621,0
2024-07-25 19:00,18.4,3.08,1,0.04125,0.08,22.592,0
2024-07-25 19:30,17.8,2.99,1,2.124583,0.08,22.697,0
2024-07-25 20:00,17.2,2.89,1,0.874583,0.08,22.714,0
2024-07-25 20:30,16.55,2.89,1,2.049583,0.08,22.803,0
2024-07-25 21:00,15.9,2.89,1,1.22875,0.08,22.833,0
2024-07-25 21:30,15.35,2.75,1,1.91625,0.08,22.904,0
2024-07-25 22:00,14.8,2.61,1,2.02875,0.08,22.977,0
2024-07-25 22:30,14.6,2.88,1,0.16625,0.08,22.924,0
2024-07-25 23:00,14.4,3.14,1,0.04125,0.08,22.862,0
2024-07-25 23:30,14.6,3.62,1,1.29125,0.08,22.885,0
2024-07-26 00:00,14.8,4.11,1,0.04125,0.08,22.826,0
2024-07-26 00:30,14.7,3.87,1,0.04125,0.08,22.766,0
2024-07-26 01:00,14.6,3.64,1,0.04125,0.08,22.706,0
2024-07-26 01:30,14.6,3.9,1,0.04125,0.08,22.647,0
2024-07-26 02:00,14.6,4.17,1,0.04125,0.08,22.588,0
2024-07-26 02:30,14.55,4.36,1,0.04125,0.08,22.529,0
2024-07-26 03:00,14.5,4.56,1,0.04125,0.08,22.471,0
2024-07-26 03:30,14.3,4.67,1,0.04125,0.08,22.411,0
2024-07-26 04:00,14.1,4.78,1,0.04125,0.08,22.35,0
2024-07-26 04:30,14.1,4.86,1,0.04125,0.08,22.29,0
2024-07-26 05:00,14.1,4.94,1,0.04125,0.08,22.23,0
2024-07-26 05:30,14.35,4.97,1,1.29125,0.08,22.256,0
2024-07-26 06:00,14.6,5.0,1,0.04125,0.08,22.2,0
2024-07-26 06:30,14.95,5.0,1,0.04125,0.08,22.147,0
2024-07-26 07:00,15.3,5.0,1,0.04125,0.08,22.098,0
2024-07-26 07:30,15.8,5.1,1,1.21625,0.08,22.131,0
2024-07-26 08:00,16.3,5.19,1,0.04125,0.08,22.089,0
2024-07-26 08:30,16.8,5.29,0,0.04125,0.08,22.051,0
2024-07-26 09:00,17.3,5.39,0,0.04125,0.08,22.018,0
2024-07-26 09:30,17.7,5.31,0,0.04125,0.08,21.987,0
2024-07-26 10:00,18.1,5.22,0,0.04125,0.08,21.96,0
2024-07-26 10:30,18.5,5.24,0,0.04125,0.08,21.936,0
2024-07-26 11:00,18.9,5.25,0,0.04125,0.08,21.916,0
2024-07-26 11:30,19.15,5.47,0,0.04125,0.08,21.898,0
2024-07-26 12:00,19.4,5.69,0,0.04125,0.08,21.881,0
2024-07-26 12:30,19.55,5.5,0,0.04125,0.08,21.866,0
2024-07-26 13:00,19.7,5.31,0,0.04125,0.08,21.852,0
2024-07-26 13:30,19.65,5.26,0,0.04125,0.08,21.838,0
2024-07-26 14:00,19.6,5.22,0,0.04125,0.08,21.824,0
2024-07-26 14:30,19.35,4.97,0,0.04125,0.08,21.808,0
2024-07-26 15:00,19.1,4.72,0,0.04125,0.08,21.79,0
2024-07-26 15:30,19.0,4.44,0,0.04125,0.08,21.771,0
2024-07-26 16:00,18.9,4.17,0,0.04125,0.08,21.752,0
2024-07-26 16:30,18.8,3.99,0,0.04125,0.08,21.732,0
2024-07-26 17:00,18.7,3.81,0,0.04125,0.08,21.712,0
2024-07-26 17:30,18.5,3.65,1,2.124583,0.08,21.829,0
2024-07-26 18:00,18.3,3.5,1,0.874583,0.08,21.86,0
2024-07-26 18:30,17.85,2.86,1,0.874583,0.08,21.888,0
2024-07-26 19:00,17.4,2.22,1,0.04125,0.08,21.857,0
2024-07-26 19:30,16.3,1.97,1,0.04125,0.08,21.817,0
2024-07-26 20:00,15.2,1.72,1,0.04125,0.08,21.769,0
2024-07-26 20:30,14.5,1.78,1,0.16625,0.08,21.724,0
2024-07-26 21:00,13.8,1.83,1,1.54125,0.08,21.767,0
2024-07-26 21:30,13.35,1.72,1,2.15375,0.08,21.846,0
2024-07-26 22:00,12.9,1.61,1,1.10375,0.08,21.852,0
2024-07-26 22:30,12.45,1.51,1,0.04125,0.08,21.782,0
2024-07-26 23:00,12.0,1.42,1,0.04125,0.08,21.71,0
2024-07-26 23:30,11.55,1.18,1,0.04125,0.08,21.635,0
2024-07-27 00:00,11.1,0.94,1,0.04125,0.08,21.557,0
2024-07-27 00:30,11.2,0.9,1,0.04125,0.08,21.481,0
2024-07-27 01:00,11.3,0.86,1,0.04125,0.08,21.406,0
2024-07-27 01:30,10.95,1.07,1,0.04125,0.08,21.329,0
2024-07-27 02:00,10.6,1.28,1,0.04125,0.08,21.249,0
2024-07-27 02:30,10.4,1.4,1,0.04125,0.08,21.169,0
2024-07-27 03:00,10.2,1.53,1,0.04125,0.08,21.088,0
2024-07-27 03:30,10.0,1.54,1,0.04125,0.08,21.006,0
2024-07-27 04:00,9.8,1.56,1,0.04125,0.08,20.923,0
2024-07-27 04:30,10.2,1.53,1,0.04125,0.08,20.843,0
2024-07-27 05:00,10.6,1.5,1,0.04125,0.08,20.768,0
2024-07-27 05:30,11.65,1.57,1,0.04125,0.08,20.701,0
2024-07-27 06:00,12.7,1.64,1,0.04125,0.08,20.642,0
2024-07-27 06:30,13.6,1.53,1,0.04125,0.08,20.591,0
2024-07-27 07:00,14.5,1.42,1,0.04125,0.08,20.547,0
2024-07-27 07:30,15.45,1.78,1,0.04125,0.08,20.511,0
2024-07-27 08:00,16.4,2.14,1,1.29125,0.08,20.566,0
2024-07-27 08:30,17.0,2.65,1,0.04125,0.08,20.541,0
2024-07-27 09:00,17.6,3.17,1,0.04125,0.08,20.521,0
2024-07-27 09:30,18.05,3.17,1,1.09125,0.08,20.575,0
2024-07-27 10:00,18.5,3.17,1,0.04125,0.08,20.562,0
2024-07-27 10:30,18.9,3.24,1,1.09125,0.08,20.622,0
2024-07-27 11:00,19.3,3.31,1,0.04125,0.08,20.615,0
2024-07-27 11:30,19.25,3.46,1,0.04125,0.08,20.607,0
2024-07-27 12:00,19.2,3.61,1,0.04125,0.08,20.599,0
2024-07-27 12:30,19.25,3.97,1,0.04125,0.08,20.592,0
2024-07-27 13:00,19.3,4.33,1,0.16625,0.08,20.593,0
2024-07-27 13:30,18.55,4.38,1,0.04125,0.08,20.58,0
2024-07-27 14:00,17.8,4.42,1,0.04125,0.08,20.562,0
2024-07-27 14:30,17.65,4.11,1,0.04125,0.08,20.542,0
2024-07-27 15:00,17.5,3.81,1,0.16625,0.08,20.53,0
2024-07-27 15:30,17.85,3.71,1,1.41625,0.08,20.604,0
2024-07-27 16:00,18.2,3.61,1,0.97875,0.08,20.651,0
2024-07-27 16:30,18.5,4.0,1,0.97875,0.08,20.7,0
2024-07-27 17:00,18.8,4.39,1,0.04125,0.08,20.688,0
2024-07-27 17:30,18.65,4.36,1,0.04125,0.08,20.675,0
2024-07-27 18:00,18.5,4.33,1,2.249583,0.08,20.809,0
2024-07-27 18:30,18.05,3.83,1,0.874583,0.08,20.847,0
2024-07-27 19:00,17.6,3.33,1,0.874583,0.08,20.88,0
2024-07-27 19:30,16.7,3.01,1,0.16625,0.08,20.859,0
2024-07-27 20:00,15.8,2.69,1,0.97875,0.08,20.886,0
2024-07-27 20:30,15.1,2.75,1,0.97875,0.08,20.907,0
2024-07-27 21:00,14.4,2.81,1,0.04125,0.08,20.86,0
2024-07-27 21:30,13.95,2.81,1,0.04125,0.08,20.81,0
2024-07-27 22:00,13.5,2.81,1,0.04125,0.08,20.757,0
2024-07-27 22:30,13.15,2.75,1,0.16625,0.08,20.71,0
2024-07-27 23:00,12.8,2.69,1,0.04125,0.08,20.652,0
2024-07-27 23:30,12.6,2.81,1,0.04125,0.08,20.593,0
2024-07-28 00:00,12.4,2.92,1,0.04125,0.08,20.533,0
2024-07-28 00:30,12.45,2.96,1,0.04125,0.08,20.474,0
2024-07-28 01:00,12.5,3.0,1,0.04125,0.08,20.416,0
2024-07-28 01:30,12.45,2.93,1,0.04125,0.08,20.357,0
2024-07-28 02:00,12.4,2.86,1,0.04125,0.08,20.299,0
2024-07-28 02:30,12.3,2.75,1,0.04125,0.08,20.241,0
2024-07-28 03:00,12.2,2.64,1,0.04125,0.08,20.182,0
2024-07-28 03:30,12.1,2.43,1,0.04125,0.08,20.123,0
2024-07-28 04:00,12.0,2.22,1,0.04125,0.08,20.063,0
2024-07-28 04:30,12.1,2.11,1,0.04125,0.08,20.005,0
2024-07-28 05:00,12.2,2.0,1,0.04125,0.08,19.948,0
2024-07-28 05:30,13.0,2.06,1,0.04125,0.08,19.898,0
2024-07-28 06:00,13.8,2.11,1,0.04125,0.08,19.854,0
2024-07-28 06:30,14.7,1.61,1,0.04125,0.08,19.817,0
2024-07-28 07:00,15.6,1.11,1,0.04125,0.08,19.788,0
2024-07-28 07:30,16.45,1.24,1,0.04125,0.08,19.765,0
2024-07-28 08:00,17.3,1.36,1,0.04125,0.08,19.749,0
2024-07-28 08:30,17.9,1.18,1,0.04125,0.08,19.737,0
2024-07-28 09:00,18.5,1.0,1,0.04125,0.08,19.731,0
2024-07-28 09:30,19.35,1.14,1,0.04125,0.08,19.731,0
2024-07-28 10:00,20.2,1.28,1,1.10375,0.08,20.2,0
2024-07-28 10:30,20.9,1.54,1,0.97875,0.08,20.9,0
2024-07-28 11:00,21.6,1.81,1,0.04125,0.08,21.6,0
2024-07-28 11:30,21.85,2.0,1,0.874583,0.08,21.85,0
2024-07-28 12:00,22.1,2.19,1,0.999583,0.08,22.1,0
2024-07-28 12:30,22.55,2.6,1,0.874583,0.08,22.55,0
2024-07-28 13:00,23.0,3.0,1,0.04125,0.08,23.0,0
2024-07-28 13:30,22.95,3.29,1,0.04125,0.08,23.002,0
2024-07-28 14:00,22.9,3.58,1,0.04125,0.08,23.004,0
2024-07-28 14:30,22.95,3.86,1,0.04125,0.08,23.007,0
2024-07-28 15:00,23.0,4.14,1,2.59125,0.08,23.18,0
2024-07-28 15:30,23.05,3.9,1,1.46625,0.08,23.277,0
2024-07-28 16:00,23.1,3.67,1,0.16625,0.08,23.287,0
2024-07-28 16:30,23.1,3.54,1,0.04125,0.08,23.288,0
2024-07-28 17:00,23.1,3.42,1,0.04125,0.08,23.289,0
2024-07-28 17:30,22.9,3.17,1,0.04125,0.08,23.289,0
2024-07-28 18:00,22.7,2.92,1,0.04125,0.08,23.287,0
2024-07-28 18:30,22.0,2.32,1,1.09125,0.08,23.35,0
2024-07-28 19:00,21.3,1.72,1,0.04125,0.08,23.337,0
2024-07-28 19:30,20.65,2.31,1,0.04125,0.08,23.32,0
2024-07-28 20:00,20.0,2.89,1,2.46625,0.08,23.459,0
2024-07-28 20:30,19.2,2.96,1,0.16625,0.08,23.438,0
2024-07-28 21:00,18.4,3.03,1,0.97875,0.08,23.464,0
2024-07-28 21:30,17.6,2.79,1,0.97875,0.08,23.485,0
2024-07-28 22:00,16.8,2.56,1,0.04125,0.08,23.437,0
2024-07-28 22:30,16.25,2.51,1,0.04125,0.08,23.384,0
2024-07-28 23:00,15.7,2.47,1,0.04125,0.08,23.328,0
2024-07-28 23:30,15.55,2.47,1,1.29125,0.08,23.355,0
2024-07-29 00:00,15.4,2.47,1,0.04125,0.08,23.297,0
2024-07-29 00:30,14.8,2.31,1,0.04125,0.08,23.235,0
2024-07-29 01:00,14.2,2.14,1,0.04125,0.08,23.168,0
2024-07-29 01:30,14.0,1.69,1,0.04125,0.08,23.101,0
2024-07-29 02:00,13.8,1.25,1,0.04125,0.08,23.032,0
2024-07-29 02:30,13.2,1.4,1,0.04125,0.08,22.96,0
2024-07-29 03:00,12.6,1.56,1,0.04125,0.08,22.883,0
2024-07-29 03:30,12.35,1.51,1,0.04125,0.08,22.806,0
2024-07-29 04:00,12.1,1.47,1,0.04125,0.08,22.726,0
2024-07-29 04:30,12.2,1.36,1,0.04125,0.08,22.649,0
2024-07-29 05:00,12.3,1.25,1,0.04125,0.08,22.572,0
2024-07-29 05:30,13.35,1.5,1,0.04125,0.08,22.504,0
2024-07-29 06:00,14.4,1.75,1,0.04125,0.08,22.445,0
2024-07-29 06:30,16.1,1.64,1,1.29125,0.08,22.483,0
2024-07-29 07:00,17.8,1.53,1,0.04125,0.08,22.45,0
2024-07-29 07:30,19.1,1.93,1,0.874583,0.08,22.482,0
2024-07-29 08:00,20.4,2.33,1,3.062083,0.08,22.671,0
2024-07-29 08:30,21.0,3.18,0,1.812083,0.08,22.78,0
2024-07-29 09:00,21.6,4.03,0,0.04125,0.08,22.773,0
2024-07-29 09:30,22.05,4.21,0,0.04125,0.08,22.77,0
2024-07-29 10:00,22.5,4.39,0,0.04125,0.08,22.771,0
2024-07-29 10:30,23.05,4.75,0,0.04125,0.08,23.05,0
2024-07-29 11:00,23.6,5.11,0,0.04125,0.08,23.6,0
2024-07-29 11:30,24.1,5.28,0,0.04125,0.08,24.1,0
2024-07-29 12:00,24.6,5.44,0,0.04125,0.08,24.6,0
2024-07-29 12:30,24.9,5.4,0,0.04125,0.08,24.9,0
2024-07-29 13:00,25.2,5.36,0,0.04125,0.08,25.2,0
2024-07-29 13:30,25.15,5.24,0,0.04125,0.08,25.202,0
2024-07-29 14:00,25.1,5.11,0,0.04125,0.08,25.204,0
2024-07-29 14:30,25.3,4.62,0,0.04125,0.08,25.3,0
2024-07-29 15:00,25.5,4.14,0,0.04125,0.08,25.5,0
2024-07-29 15:30,25.6,3.96,0,0.04125,0.08,25.6,0
2024-07-29 16:00,25.7,3.78,0,0.04125,0.08,25.7,0
2024-07-29 16:30,25.75,3.44,0,0.04125,0.08,25.75,0
2024-07-29 17:00,25.8,3.11,0,0.04125,0.08,25.8,0
2024-07-29 17:30,25.3,2.9,1,0.97875,0.08,25.862,0
2024-07-29 18:00,24.8,2.69,1,0.97875,0.08,25.919,0
2024-07-29 18:30,23.65,2.0,1,1.21625,0.08,25.983,0
2024-07-29 19:00,22.5,1.31,1,1.29125,0.08,26.042,0
2024-07-29 19:30,22.0,1.44,1,0.16625,0.08,26.023,0
2024-07-29 20:00,21.5,1.58,1,0.04125,0.08,25.991,0
2024-07-29 20:30,20.25,1.74,1,2.64125,0.08,26.123,0
2024-07-29 21:00,19.0,1.89,1,1.46625,0.08,26.167,0
2024-07-29 21:30,18.1,1.89,1,0.16625,0.08,26.116,0
2024-07-29 22:00,17.2,1.89,1,0.04125,0.08,26.051,0
2024-07-29 22:30,17.1,2.04,1,0.04125,0.08,25.985,0
2024-07-29 23:00,17.0,2.19,1,0.04125,0.08,25.919,0
2024-07-29 23:30,17.0,2.58,1,0.04125,0.08,25.853,0
2024-07-30 00:00,17.0,2.97,1,0.04125,0.08,25.788,0
2024-07-30 00:30,16.85,2.72,1,0.04125,0.08,25.723,0
2024-07-30 01:00,16.7,2.47,1,0.04125,0.08,25.657,0
2024-07-30 01:30,16.3,2.39,1,0.04125,0.08,25.588,0
2024-07-30 02:00,15.9,2.31,1,1.29125,0.08,25.6,0
2024-07-30 02:30,15.55,2.14,1,0.04125,0.08,25.526,0
2024-07-30 03:00,15.2,1.97,1,0.04125,0.08,25.449,0
2024-07-30 03:30,15.05,2.19,1,0.04125,0.08,25.373,0
2024-07-30 04:00,14.9,2.42,1,0.04125,0.08,25.295,0
2024-07-30 04:30,14.85,2.83,1,0.04125,0.08,25.218,0
2024-07-30 05:00,14.8,3.25,1,0.04125,0.08,25.141,0
2024-07-30 05:30,15.25,3.47,1,0.04125,0.08,25.068,0
2024-07-30 06:00,15.7,3.69,1,0.04125,0.08,24.999,0
2024-07-30 06:30,16.55,3.39,1,0.04125,0.08,24.937,0
2024-07-30 07:00,17.4,3.08,1,2.27875,0.08,25.032,0
2024-07-30 07:30,18.2,2.96,1,0.97875,0.08,25.045,0
2024-07-30 08:00,19.0,2.83,1,0.04125,0.08,25.001,0
2024-07-30 08:30,19.8,2.68,0,0.04125,0.08,24.964,0
2024-07-30 09:00,20.6,2.53,0,0.04125,0.08,24.934,0
2024-07-30 09:30,21.25,2.32,0,0.04125,0.08,24.908,0
2024-07-30 10:00,21.9,2.11,0,0.04125,0.08,24.888,0
2024-07-30 10:30,22.45,2.06,0,0.04125,0.08,24.872,0
2024-07-30 11:00,23.0,2.0,0,0.04125,0.08,24.861,0
2024-07-30 11:30,23.4,2.24,0,0.04125,0.08,24.852,0
2024-07-30 12:00,23.8,2.47,0,0.04125,0.08,24.847,0
2024-07-30 12:30,23.95,2.07,0,0.04125,0.08,24.843,0
2024-07-30 13:00,24.1,1.67,0,0.04125,0.08,24.84,0
2024-07-30 13:30,24.4,1.33,0,0.04125,0.08,24.839,0
2024-07-30 14:00,24.7,1.0,0,0.04125,0.08,24.841,0
2024-07-30 14:30,25.05,1.26,0,0.04125,0.08,25.05,0
2024-07-30 15:00,25.4,1.53,0,0.04125,0.08,25.4,0
2024-07-30 15:30,25.35,1.67,0,0.04125,0.08,25.402,0
2024-07-30 16:00,25.3,1.81,0,0.04125,0.08,25.404,0
2024-07-30 16:30,24.9,2.5,0,0.04125,0.08,25.403,0
2024-07-30 17:00,24.5,3.19,0,0.04125,0.08,25.399,0
2024-07-30 17:30,23.5,3.93,1,1.29125,0.08,25.471,0
2024-07-30 18:00,22.5,4.67,1,0.41625,0.08,25.476,0
2024-07-30 18:30,21.5,4.42,1,0.874583,0.08,25.504,0
2024-07-30 19:00,20.5,4.17,1,2.124583,0.08,25.608,0
2024-07-30 19:30,19.7,3.64,1,1.924583,0.08,25.691,0
2024-07-30 20:00,18.9,3.11,1,0.16625,0.08,25.65,0
2024-07-30 20:30,18.3,2.72,1,0.04125,0.08,25.597,0
2024-07-30 21:00,17.7,2.33,1,0.04125,0.08,25.539,0
2024-07-30 21:30,17.15,2.07,1,0.04125,0.08,25.478,0
2024-07-30 22:00,16.6,1.81,1,0.04125,0.08,25.412,0
2024-07-30 22:30,16.6,2.1,1,0.04125,0.08,25.348,0
2024-07-30 23:00,16.6,2.39,1,0.04125,0.08,25.284,0
2024-07-30 23:30,16.4,2.46,1,0.04125,0.08,25.218,0
2024-07-31 00:00,16.2,2.53,1,0.04125,0.08,25.152,0
2024-07-31 00:30,16.05,2.17,1,1.29125,0.08,25.169,0
2024-07-31 01:00,15.9,1.81,1,0.04125,0.08,25.1,0
2024-07-31 01:30,15.4,1.54,1,0.04125,0.08,25.029,0
2024-07-31 02:00,14.9,1.28,1,0.04125,0.08,24.954,0
2024-07-31 02:30,14.85,1.12,1,0.04125,0.08,24.88,0
2024-07-31 03:00,14.8,0.97,1,0.04125,0.08,24.805,0
2024-07-31 03:30,14.3,1.14,1,0.04125,0.08,24.728,0
2024-07-31 04:00,13.8,1.31,1,1.29125,0.08,24.73,0
2024-07-31 04:30,13.85,0.96,1,0.04125,0.08,24.65,0
2024-07-31 05:00,13.9,0.61,1,0.04125,0.08,24.57,0
2024-07-31 05:30,14.5,0.94,1,0.04125,0.08,24.496,0
2024-07-31 06:00,15.1,1.28,1,0.04125,0.08,24.427,0
2024-07-31 06:30,15.85,1.39,1,0.04125,0.08,24.364,0
2024-07-31 07:00,16.6,1.5,1,0.16625,0.08,24.316,0
2024-07-31 07:30,17.4,1.43,1,1.09125,0.08,24.336,0
2024-07-31 08:00,18.2,1.36,1,0.04125,0.08,24.291,0
2024-07-31 08:30,18.95,1.49,0,0.04125,0.08,24.253,0
2024-07-31 09:00,19.7,1.61,0,0.04125,0.08,24.221,0
2024-07-31 09:30,20.55,1.82,0,0.04125,0.08,24.196,0
2024-07-31 10:00,21.4,2.03,0,0.04125,0.08,24.177,0
2024-07-31 10:30,22.2,2.32,0,0.04125,0.08,24.165,0
2024-07-31 11:00,23.0,2.61,0,0.04125,0.08,24.159,0
2024-07-31 11:30,23.65,2.72,0,0.04125,0.08,24.157,0
2024-07-31 12:00,24.3,2.83,0,0.04125,0.08,24.3,0
2024-07-31 12:30,24.75,2.86,0,0.04125,0.08,24.75,0
2024-07-31 13:00,25.2,2.89,0,0.04125,0.08,25.2,0
2024-07-31 13:30,25.8,2.79,0,0.04125,0.08,25.8,0
2024-07-31 14:00,26.4,2.69,0,0.04125,0.08,26.4,0
2024-07-31 14:30,26.05,2.69,0,0.04125,0.08,26.4,0
2024-07-31 15:00,25.7,2.69,0,0.04125,0.08,26.397,0
2024-07-31 15:30,25.7,2.67,0,0.04125,0.08,26.395,0
2024-07-31 16:00,25.7,2.64,0,0.04125,0.08,26.392,0
2024-07-31 16:30,25.5,3.36,0,0.04125,0.08,26.388,0
2024-07-31 17:00,25.3,4.08,0,0.04125,0.08,26.383,0
2024-07-31 17:30,24.35,4.83,1,0.29125,0.08,26.387,0
2024-07-31 18:00,23.4,5.58,1,0.29125,0.08,26.383,0
2024-07-31 18:30,22.75,5.17,1,0.04125,0.08,26.358,0
2024-07-31 19:00,22.1,4.75,1,0.04125,0.08,26.328,0
2024-07-31 19:30,21.55,3.88,1,1.09125,0.08,26.365,0
2024-07-31 20:00,21.0,3.0,1,2.22875,0.08,26.473,0
2024-07-31 20:30,20.4,2.71,1,0.97875,0.08,26.492,0
2024-07-31 21:00,19.8,2.42,1,0.04125,0.08,26.443,0
2024-07-31 21:30,19.55,2.6,1,1.812083,0.08,26.511,0
2024-07-31 22:00,19.3,2.78,1,3.112083,0.08,26.664,0
2024-07-31 22:30,19.05,2.99,1,2.299583,0.08,26.76,0
2024-07-31 23:00,18.8,3.19,1,0.04125,0.08,26.702,0
2024-07-31 23:30,18.75,3.31,1,0.04125,0.08,26.643,0
2024-08-01 00:00,18.7,3.42,1,2.54125,0.08,26.753,0
2024-08-01 00:30,18.5,3.31,1,0.04125,0.08,26.692,0
2024-08-01 01:00,18.3,3.19,1,0.04125,0.08,26.631,0
2024-08-01 01:30,17.95,3.44,1,0.04125,0.08,26.567,0
2024-08-01 02:00,17.6,3.69,1,0.04125,0.08,26.501,0
2024-08-01 02:30,17.35,3.21,1,0.04125,0.08,26.434,0
2024-08-01 03:00,17.1,2.72,1,0.04125,0.08,26.365,0
2024-08-01 03:30,17.15,2.61,1,0.04125,0.08,26.297,0
2024-08-01 04:00,17.2,2.5,1,0.04125,0.08,26.23,0
2024-08-01 04:30,17.25,2.67,1,0.04125,0.08,26.164,0
2024-08-01 05:00,17.3,2.83,1,0.04125,0.08,26.099,0
2024-08-01 05:30,17.4,2.68,1,0.04125,0.08,26.036,0
2024-08-01 06:00,17.5,2.53,1,0.04125,0.08,25.973,0
2024-08-01 06:30,17.4,2.29,1,0.04125,0.08,25.91,0
2024-08-01 07:00,17.3,2.06,1,0.04125,0.08,25.847,0
2024-08-01 07:30,17.3,2.44,1,0.29125,0.08,25.801,0
2024-08-01 08:00,17.3,2.83,1,0.04125,0.08,25.739,0
2024-08-01 08:30,18.05,2.31,0,0.04125,0.08,25.683,0
2024-08-01 09:00,18.8,1.78,0,0.04125,0.08,25.633,0
2024-08-01 09:30,19.5,1.83,0,0.04125,0.08,25.589,0
2024-08-01 10:00,20.2,1.89,0,0.04125,0.08,25.55,0
2024-08-01 10:30,21.15,1.4,0,0.04125,0.08,25.519,0
2024-08-01 11:00,22.1,0.92,0,0.04125,0.08,25.496,0
2024-08-01 11:30,22.45,0.81,0,0.04125,0.08,25.475,0
2024-08-01 12:00,22.8,0.69,0,0.04125,0.08,25.457,0
2024-08-01 12:30,23.0,0.56,0,0.04125,0.08,25.441,0
2024-08-01 13:00,23.2,0.42,0,0.04125,0.08,25.427,0
2024-08-01 13:30,23.5,0.4,0,0.04125,0.08,25.415,0
2024-08-01 14:00,23.8,0.39,0,0.04125,0.08,25.405,0
2024-08-01 14:30,24.1,0.46,0,0.04125,0.08,25.398,0
2024-08-01 15:00,24.4,0.53,0,0.04125,0.08,25.393,0
2024-08-01 15:30,24.4,0.67,0,0.04125,0.08,25.388,0
2024-08-01 16:00,24.4,0.81,0,0.04125,0.08,25.384,0
2024-08-01 16:30,24.3,1.31,0,0.04125,0.08,25.378,0
2024-08-01 17:00,24.2,1.81,0,0.04125,0.08,25.372,0
2024-08-01 17:30,23.85,2.11,1,0.04125,0.08,25.363,0
2024-08-01 18:00,23.5,2.42,1,1.34125,0.08,25.438,0
2024-08-01 18:30,22.75,2.47,1,2.174583,0.08,25.563,0
2024-08-01 19:00,22.0,2.53,1,2.049583,0.08,25.673,0
2024-08-01 19:30,21.35,2.89,1,0.874583,0.08,25.698,0
2024-08-01 20:00,20.7,3.25,1,0.04125,0.08,25.663,0
2024-08-01 20:30,19.85,2.92,1,0.29125,0.08,25.638,0
2024-08-01 21:00,19.0,2.58,1,1.09125,0.08,25.66,0
2024-08-01 21:30,18.45,2.24,1,0.04125,0.08,25.607,0
2024-08-01 22:00,17.9,1.89,1,0.97875,0.08,25.614,0
2024-08-01 22:30,17.3,1.65,1,2.04125,0.08,25.687,0
2024-08-01 23:00,16.7,1.42,1,0.97875,0.08,25.683,0
2024-08-01 23:30,16.2,1.4,1,1.29125,0.08,25.697,0
2024-08-02 00:00,15.7,1.39,1,0.04125,0.08,25.623,0
2024-08-02 00:30,15.7,1.17,1,0.04125,0.08,25.55,0
2024-08-02 01:00,15.7,0.94,1,0.04125,0.08,25.477,0
2024-08-02 01:30,15.35,1.04,1,0.04125,0.08,25.403,0
2024-08-02 02:00,15.0,1.14,1,0.04125,0.08,25.326,0
2024-08-02 02:30,14.6,1.28,1,0.04125,0.08,25.246,0
2024-08-02 03:00,14.2,1.42,1,0.04125,0.08,25.165,0
2024-08-02 03:30,14.35,1.11,1,0.04125,0.08,25.085,0
2024-08-02 04:00,14.5,0.81,1,0.04125,0.08,25.006,0
2024-08-02 04:30,14.4,0.65,1,0.04125,0.08,24.928,0
2024-08-02 05:00,14.3,0.5,1,1.29125,0.08,24.933,0
2024-08-02 05:30,14.8,0.47,1,0.04125,0.08,24.858,0
2024-08-02 06:00,15.3,0.44,1,0.04125,0.08,24.788,0
2024-08-02 06:30,16.3,0.43,1,0.04125,0.08,24.725,0
2024-08-02 07:00,17.3,0.42,1,0.04125,0.08,24.671,0
2024-08-02 07:30,18.25,0.79,1,0.04125,0.08,24.625,0
2024-08-02 08:00,19.2,1.17,1,3.27875,0.08,24.803,0
2024-08-02 08:30,20.15,1.44,0,0.97875,0.08,24.832,0
2024-08-02 09:00,21.1,1.72,0,0.04125,0.08,24.807,0
2024-08-02 09:30,22.05,2.21,0,0.04125,0.08,24.788,0
2024-08-02 10:00,23.0,2.69,0,0.04125,0.08,24.777,0
2024-08-02 10:30,23.45,3.11,0,0.04125,0.08,24.77,0
2024-08-02 11:00,23.9,3.53,0,0.04125,0.08,24.766,0
2024-08-02 11:30,24.2,3.78,0,0.04125,0.08,24.765,0
2024-08-02 12:00,24.5,4.03,0,0.04125,0.08,24.765,0
2024-08-02 12:30,24.35,4.68,0,0.04125,0.08,24.765,0
2024-08-02 13:00,24.2,5.33,0,0.04125,0.08,24.763,0
2024-08-02 13:30,24.4,5.64,0,0.04125,0.08,24.763,0
2024-08-02 14:00,24.6,5.94,0,0.04125,0.08,24.765,0
2024-08-02 14:30,24.2,5.71,0,0.04125,0.08,24.763,0
2024-08-02 15:00,23.8,5.47,0,0.04125,0.08,24.759,0
2024-08-02 15:30,23.35,5.03,0,0.04125,0.08,24.751,0
2024-08-02 16:00,22.9,4.58,0,0.04125,0.08,24.739,0
2024-08-02 16:30,23.15,5.17,0,0.04125,0.08,24.73,0
2024-08-02 17:00,23.4,5.75,0,0.04125,0.08,24.722,0
2024-08-02 17:30,22.55,4.83,1,0.16625,0.08,24.717,0
2024-08-02 18:00,21.7,3.92,1,1.10375,0.08,24.767,0
2024-08-02 18:30,21.4,3.46,1,1.22875,0.08,24.824,0
2024-08-02 19:00,21.1,3.0,1,0.874583,0.08,24.854,0
2024-08-02 19:30,20.5,2.67,1,0.874583,0.08,24.879,0
2024-08-02 20:00,19.9,2.33,1,0.874583,0.08,24.899,0
2024-08-02 20:30,19.7,2.42,1,0.16625,0.08,24.871,0
2024-08-02 21:00,19.5,2.5,1,1.21625,0.08,24.911,0
2024-08-02 21:30,19.25,2.25,1,1.29125,0.08,24.954,0
2024-08-02 22:00,19.0,2.0,1,0.04125,0.08,24.911,0
2024-08-02 22:30,18.45,2.21,1,0.04125,0.08,24.864,0
2024-08-02 23:00,17.9,2.42,1,0.04125,0.08,24.814,0
2024-08-02 23:30,17.75,2.92,1,0.04125,0.08,24.762,0
2024-08-03 00:00,17.6,3.42,1,0.04125,0.08,24.71,0
2024-08-03 00:30,17.7,3.6,1,0.04125,0.08,24.659,0
2024-08-03 01:00,17.8,3.78,1,0.04125,0.08,24.61,0
2024-08-03 01:30,17.7,3.74,1,0.04125,0.08,24.56,0
2024-08-03 02:00,17.6,3.69,1,0.04125,0.08,24.509,0
2024-08-03 02:30,17.3,3.15,1,0.04125,0.08,24.457,0
2024-08-03 03:00,17.0,2.61,1,0.04125,0.08,24.402,0
2024-08-03 03:30,17.0,2.36,1,0.04125,0.08,24.348,0
2024-08-03 04:00,17.0,2.11,1,1.29125,0.08,24.378,0
2024-08-03 04:30,16.8,2.61,1,0.04125,0.08,24.323,0
2024-08-03 05:00,16.6,3.11,1,0.04125,0.08,24.267,0
2024-08-03 05:30,16.55,3.26,1,0.04125,0.08,24.211,0
2024-08-03 06:00,16.5,3.42,1,0.04125,0.08,24.154,0
2024-08-03 06:30,16.55,3.33,1,0.04125,0.08,24.099,0
2024-08-03 07:00,16.6,3.25,1,0.04125,0.08,24.044,0
2024-08-03 07:30,16.85,3.86,1,0.04125,0.08,23.992,0
2024-08-03 08:00,17.1,4.47,1,0.16625,0.08,23.95,0
2024-08-03 08:30,17.45,4.56,1,0.04125,0.08,23.903,0
2024-08-03 09:00,17.8,4.64,1,0.16625,0.08,23.868,0
2024-08-03 09:30,18.15,4.62,1,0.874583,0.08,23.882,0
2024-08-03 10:00,18.5,4.61,1,0.874583,0.08,23.9,0
2024-08-03 10:30,18.9,4.62,1,0.874583,0.08,23.92,0
2024-08-03 11:00,19.3,4.64,1,0.16625,0.08,23.896,0
2024-08-03 11:30,19.55,4.92,1,0.04125,0.08,23.865,0
2024-08-03 12:00,19.8,5.19,1,0.04125,0.08,23.837,0
2024-08-03 12:30,19.9,5.07,1,0.04125,0.08,23.809,0
2024-08-03 13:00,20.0,4.94,1,2.02875,0.08,23.916,0
2024-08-03 13:30,19.75,5.19,1,0.97875,0.08,23.949,0
2024-08-03 14:00,19.5,5.44,1,0.04125,0.08,23.918,0
2024-08-03 14:30,19.4,5.4,1,0.04125,0.08,23.886,0
2024-08-03 15:00,19.3,5.36,1,0.04125,0.08,23.854,0
2024-08-03 15:30,19.15,5.44,1,0.04125,0.08,23.821,0
2024-08-03 16:00,19.0,5.53,1,0.04125,0.08,23.786,0
2024-08-03 16:30,18.65,5.43,1,1.46625,0.08,23.845,0
2024-08-03 17:00,18.3,5.33,1,2.27875,0.08,23.955,0
2024-08-03 17:30,18.0,5.15,1,0.97875,0.08,23.975,0
2024-08-03 18:00,17.7,4.97,1,0.04125,0.08,23.93,0
2024-08-03 18:30,17.1,4.43,1,2.54125,0.08,24.047,0
2024-08-03 19:00,16.5,3.89,1,0.16625,0.08,24.001,0
2024-08-03 19:30,15.95,3.53,1,0.04125,0.08,23.942,0
2024-08-03 20:00,15.4,3.17,1,0.16625,0.08,23.887,0
2024-08-03 20:30,14.85,3.04,1,0.04125,0.08,23.821,0
2024-08-03 21:00,14.3,2.92,1,0.04125,0.08,23.751,0
2024-08-03 21:30,14.2,2.83,1,0.04125,0.08,23.681,0
2024-08-03 22:00,14.1,2.75,1,0.04125,0.08,23.61,0
2024-08-03 22:30,13.85,2.43,1,1.09125,0.08,23.608,0
2024-08-03 23:00,13.6,2.11,1,0.04125,0.08,23.534,0
2024-08-03 23:30,13.3,2.01,1,0.04125,0.08,23.459,0
2024-08-04 00:00,13.0,1.92,1,0.04125,0.08,23.382,0
2024-08-04 00:30,13.4,2.33,1,0.04125,0.08,23.308,0
2024-08-04 01:00,13.8,2.75,1,0.04125,0.08,23.238,0
2024-08-04 01:30,13.65,2.81,1,0.04125,0.08,23.167,0
2024-08-04 02:00,13.5,2.86,1,0.04125,0.08,23.096,0
2024-08-04 02:30,13.65,2.97,1,0.04125,0.08,23.026,0
2024-08-04 03:00,13.8,3.08,1,1.29125,0.08,23.042,0
2024-08-04 03:30,13.85,2.99,1,0.04125,0.08,22.975,0
2024-08-04 04:00,13.9,2.89,1,1.29125,0.08,22.991,0
2024-08-04 04:30,14.0,2.93,1,0.04125,0.08,22.925,0
2024-08-04 05:00,14.1,2.97,1,0.04125,0.08,22.861,0
2024-08-04 05:30,14.35,2.85,1,0.04125,0.08,22.798,0
2024-08-04 06:00,14.6,2.72,1,0.04125,0.08,22.738,0
2024-08-04 06:30,14.9,2.64,1,0.04125,0.08,22.681,0
2024-08-04 07:00,15.2,2.56,1,0.04125,0.08,22.626,0
2024-08-04 07:30,15.3,2.54,1,0.04125,0.08,22.573,0
2024-08-04 08:00,15.4,2.53,1,0.04125,0.08,22.521,0
2024-08-04 08:30,15.6,2.54,1,0.04125,0.08,22.471,0
2024-08-04 09:00,15.8,2.56,1,0.04125,0.08,22.422,0
2024-08-04 09:30,16.55,2.74,1,1.29125,0.08,22.464,0
2024-08-04 10:00,17.3,2.92,1,0.04125,0.08,22.427,0
2024-08-04 10:30,18.2,3.43,1,0.97875,0.08,22.46,0
2024-08-04 11:00,19.1,3.94,1,0.97875,0.08,22.5,0
2024-08-04 11:30,19.15,4.18,1,0.16625,0.08,22.485,0
2024-08-04 12:00,19.2,4.42,1,0.04125,0.08,22.463,0
2024-08-04 12:30,19.2,4.75,1,0.04125,0.08,22.441,0
2024-08-04 13:00,19.2,5.08,1,0.29125,0.08,22.435,0
2024-08-04 13:30,19.55,5.31,1,0.04125,0.08,22.416,0
2024-08-04 14:00,19.9,5.53,1,0.04125,0.08,22.4,0
2024-08-04 14:30,20.0,5.75,1,1.09125,0.08,22.454,0
2024-08-04 15:00,20.1,5.97,1,0.04125,0.08,22.439,0
2024-08-04 15:30,19.9,5.85,1,0.04125,0.08,22.422,0
2024-08-04 16:00,19.7,5.72,1,0.874583,0.08,22.46,0
2024-08-04 16:30,19.3,5.1,1,0.874583,0.08,22.494,0
2024-08-04 17:00,18.9,4.47,1,0.874583,0.08,22.525,0
2024-08-04 17:30,18.65,3.62,1,0.29125,0.08,22.515,0
2024-08-04 18:00,18.4,2.78,1,0.04125,0.08,22.486,0
2024-08-04 18:30,18.5,2.74,1,0.04125,0.08,22.458,0
2024-08-04 19:00,18.6,2.69,1,1.09125,0.08,22.502,0
2024-08-04 19:30,18.25,3.06,1,0.04125,0.08,22.472,0
2024-08-04 20:00,17.9,3.42,1,0.04125,0.08,22.44,0
2024-08-04 20:30,17.7,3.57,1,0.04125,0.08,22.406,0
2024-08-04 21:00,17.5,3.72,1,0.04125,0.08,22.371,0
2024-08-04 21:30,17.55,3.94,1,0.04125,0.08,22.337,0
2024-08-04 22:00,17.6,4.17,1,0.04125,0.08,22.304,0
2024-08-04 22:30,17.25,4.0,1,0.16625,0.08,22.276,0
2024-08-04 23:00,16.9,3.83,1,0.04125,0.08,22.238,0
2024-08-04 23:30,16.8,3.93,1,0.04125,0.08,22.199,0
2024-08-05 00:00,16.7,4.03,1,0.04125,0.08,22.16,0
2024-08-05 00:30,16.65,3.87,1,0.04125,0.08,22.12,0
2024-08-05 01:00,16.6,3.72,1,0.04125,0.08,22.081,0
2024-08-05 01:30,16.7,3.96,1,0.04125,0.08,22.042,0
2024-08-05 02:00,16.8,4.19,1,0.04125,0.08,22.005,0
2024-08-05 02:30,16.85,4.22,1,0.04125,0.08,21.968,0
2024-08-05 03:00,16.9,4.25,1,1.29125,0.08,22.016,0
2024-08-05 03:30,16.95,4.21,1,0.04125,0.08,21.98,0
2024-08-05 04:00,17.0,4.17,1,0.04125,0.08,21.944,0
2024-08-05 04:30,17.15,3.97,1,0.04125,0.08,21.91,0
2024-08-05 05:00,17.3,3.78,1,0.04125,0.08,21.878,0
2024-08-05 05:30,17.7,3.96,1,0.04125,0.08,21.849,0
2024-08-05 06:00,18.1,4.14,1,0.04125,0.08,21.823,0
2024-08-05 06:30,18.7,4.19,1,1.29125,0.08,21.885,0
2024-08-05 07:00,19.3,4.25,1,1.09125,0.08,21.938,0
2024-08-05 07:30,19.7,5.03,1,0.04125,0.08,21.924,0
2024-08-05 08:00,20.1,5.81,1,0.16625,0.08,21.921,0
2024-08-05 08:30,20.45,6.31,0,0.04125,0.08,21.913,0
2024-08-05 09:00,20.8,6.81,0,0.04125,0.08,21.907,0
2024-08-05 09:30,21.45,6.82,0,0.04125,0.08,21.906,0
2024-08-05 10:00,22.1,6.83,0,0.04125,0.08,22.1,0
2024-08-05 10:30,22.8,6.76,0,0.04125,0.08,22.8,0
2024-08-05 11:00,23.5,6.69,0,0.04125,0.08,23.5,0
2024-08-05 11:30,23.9,6.6,0,0.04125,0.08,23.9,0
2024-08-05 12:00,24.3,6.5,0,0.04125,0.08,24.3,0
2024-08-05 12:30,24.3,6.26,0,0.04125,0.08,24.303,0
2024-08-05 13:00,24.3,6.03,0,0.04125,0.08,24.305,0
2024-08-05 13:30,24.6,6.19,0,0.04125,0.08,24.6,0
2024-08-05 14:00,24.9,6.36,0,0.04125,0.08,24.9,0
2024-08-05 14:30,24.75,6.24,0,0.04125,0.08,24.902,0
2024-08-05 15:00,24.6,6.11,0,0.04125,0.08,24.902,0
2024-08-05 15:30,24.4,5.89,0,0.04125,0.08,24.901,0
2024-08-05 16:00,24.2,5.67,0,0.04125,0.08,24.898,0
2024-08-05 16:30,23.75,5.69,0,0.04125,0.08,24.892,0
2024-08-05 17:00,23.3,5.72,0,0.04125,0.08,24.883,0
2024-08-05 17:30,22.9,6.0,1,1.41625,0.08,24.962,0
2024-08-05 18:00,22.5,6.28,1,0.04125,0.08,24.946,0
2024-08-05 18:30,22.1,6.14,1,0.04125,0.08,24.927,0
2024-08-05 19:00,21.7,6.0,1,0.29125,0.08,24.922,0
2024-08-05 19:30,21.2,5.72,1,1.34125,0.08,24.983,0
2024-08-05 20:00,20.7,5.44,1,2.51625,0.08,25.119,0
2024-08-05 20:30,20.35,5.5,1,1.10375,0.08,25.156,0
2024-08-05 21:00,20.0,5.56,1,1.812083,0.08,25.238,0
2024-08-05 21:30,19.8,5.56,1,0.874583,0.08,25.254,0
2024-08-05 22:00,19.6,5.56,1,0.874583,0.08,25.27,0
2024-08-05 22:30,19.4,5.58,1,0.97875,0.08,25.29,0
2024-08-05 23:00,19.2,5.61,1,0.97875,0.08,25.309,0
2024-08-05 23:30,19.0,5.32,1,0.04125,0.08,25.263,0
2024-08-06 00:00,18.8,5.03,1,0.04125,0.08,25.217,0
2024-08-06 00:30,18.55,5.07,1,0.04125,0.08,25.168,0
2024-08-06 01:00,18.3,5.11,1,0.04125,0.08,25.119,0
2024-08-06 01:30,18.2,5.18,1,0.04125,0.08,25.068,0
2024-08-06 02:00,18.1,5.25,1,0.04125,0.08,25.018,0
2024-08-06 02:30,18.15,4.64,1,0.04125,0.08,24.968,0
2024-08-06 03:00,18.2,4.03,1,0.04125,0.08,24.919,0
2024-08-06 03:30,18.25,3.93,1,0.04125,0.08,24.871,0
2024-08-06 04:00,18.3,3.83,1,0.04125,0.08,24.823,0
2024-08-06 04:30,17.9,4.28,1,0.04125,0.08,24.773,0
2024-08-06 05:00,17.5,4.72,1,0.04125,0.08,24.72,0
2024-08-06 05:30,16.95,4.47,1,0.04125,0.08,24.663,0
2024-08-06 06:00,16.4,4.22,1,0.04125,0.08,24.603,0
2024-08-06 06:30,16.55,3.97,1,0.04125,0.08,24.544,0
2024-08-06 07:00,16.7,3.72,1,0.16625,0.08,24.495,0
2024-08-06 07:30,17.2,3.57,1,0.04125,0.08,24.442,0
2024-08-06 08:00,17.7,3.42,1,0.16625,0.08,24.401,0
2024-08-06 08:30,18.1,3.31,0,0.04125,0.08,24.356,0
2024-08-06 09:00,18.5,3.19,0,0.04125,0.08,24.314,0
2024-08-06 09:30,19.2,3.32,0,0.04125,0.08,24.277,0
2024-08-06 10:00,19.9,3.44,0,0.04125,0.08,24.247,0
2024-08-06 10:30,19.85,3.47,0,0.04125,0.08,24.216,0
2024-08-06 11:00,19.8,3.5,0,0.04125,0.08,24.185,0
2024-08-06 11:30,20.15,3.29,0,0.04125,0.08,24.157,0
2024-08-06 12:00,20.5,3.08,0,0.04125,0.08,24.131,0
2024-08-06 12:30,20.6,3.67,0,0.04125,0.08,24.107,0
2024-08-06 13:00,20.7,4.25,0,0.04125,0.08,24.084,0
2024-08-06 13:30,20.85,4.33,0,0.04125,0.08,24.062,0
2024-08-06 14:00,21.0,4.42,0,0.04125,0.08,24.041,0
2024-08-06 14:30,21.05,4.64,0,0.04125,0.08,24.021,0
2024-08-06 15:00,21.1,4.86,0,0.04125,0.08,24.001,0
2024-08-06 15:30,21.05,4.79,0,0.04125,0.08,23.982,0
2024-08-06 16:00,21.0,4.72,0,0.04125,0.08,23.962,0
2024-08-06 16:30,20.95,4.69,0,0.04125,0.08,23.941,0
2024-08-06 17:00,20.9,4.67,0,0.04125,0.08,23.921,0
2024-08-06 17:30,20.55,4.64,1,1.10375,0.08,23.969,0
2024-08-06 18:00,20.2,4.61,1,1.10375,0.08,24.014,0
2024-08-06 18:30,19.55,3.61,1,0.16625,0.08,23.991,0
2024-08-06 19:00,18.9,2.61,1,2.124583,0.08,24.094,0
2024-08-06 19:30,18.0,2.61,1,0.874583,0.08,24.105,0
2024-08-06 20:00,17.1,2.61,1,2.974583,0.08,24.251,0
2024-08-06 20:30,16.7,2.9,1,1.34125,0.08,24.283,0
2024-08-06 21:00,16.3,3.19,1,1.34125,0.08,24.311,0
2024-08-06 21:30,16.0,3.4,1,0.04125,0.08,24.25,0
2024-08-06 22:00,15.7,3.61,1,2.66625,0.08,24.363,0
2024-08-06 22:30,15.4,3.75,1,0.04125,0.08,24.297,0
2024-08-06 23:00,15.1,3.89,1,0.04125,0.08,24.23,0
2024-08-06 23:30,14.85,3.96,1,0.04125,0.08,24.16,0
2024-08-07 00:00,14.6,4.03,1,1.29125,0.08,24.174,0
2024-08-07 00:30,14.3,3.96,1,0.04125,0.08,24.101,0
2024-08-07 01:00,14.0,3.89,1,1.29125,0.08,24.11,0
2024-08-07 01:30,13.75,3.62,1,0.04125,0.08,24.033,0
2024-08-07 02:00,13.5,3.36,1,0.04125,0.08,23.955,0
2024-08-07 02:30,13.25,3.25,1,0.04125,0.08,23.876,0
2024-08-07 03:00,13.0,3.14,1,0.04125,0.08,23.796,0
2024-08-07 03:30,12.8,3.21,1,0.04125,0.08,23.714,0
2024-08-07 04:00,12.6,3.28,1,0.04125,0.08,23.632,0
2024-08-07 04:30,12.65,3.56,1,0.04125,0.08,23.551,0
2024-08-07 05:00,12.7,3.83,1,0.04125,0.08,23.47,0
2024-08-07 05:30,13.3,4.31,1,0.04125,0.08,23.395,0
2024-08-07 06:00,13.9,4.78,1,0.04125,0.08,23.325,0
2024-08-07 06:30,14.65,4.9,1,1.29125,0.08,23.345,0
2024-08-07 07:00,15.4,5.03,1,0.874583,0.08,23.343,0
2024-08-07 07:30,16.2,5.35,1,1.924583,0.08,23.417,0
2024-08-07 08:00,17.0,5.67,1,2.174583,0.08,23.513,0
2024-08-07 08:30,17.6,6.0,0,1.34125,0.08,23.558,0
2024-08-07 09:00,18.2,6.33,0,0.04125,0.08,23.519,0
2024-08-07 09:30,18.45,6.18,0,0.04125,0.08,23.483,0
2024-08-07 10:00,18.7,6.03,0,0.04125,0.08,23.449,0
2024-08-07 10:30,19.0,6.43,0,0.04125,0.08,23.418,0
2024-08-07 11:00,19.3,6.83,0,0.04125,0.08,23.389,0
2024-08-07 11:30,19.45,7.01,0,0.04125,0.08,23.362,0
2024-08-07 12:00,19.6,7.19,0,0.04125,0.08,23.336,0
2024-08-07 12:30,19.1,7.37,0,0.04125,0.08,23.306,0
2024-08-07 13:00,18.6,7.56,0,0.04125,0.08,23.273,0
2024-08-07 13:30,18.6,7.07,0,0.04125,0.08,23.24,0
2024-08-07 14:00,18.6,6.58,0,0.04125,0.08,23.207,0
2024-08-07 14:30,18.2,6.47,0,0.04125,0.08,23.172,0
2024-08-07 15:00,17.8,6.36,0,0.04125,0.08,23.133,0
2024-08-07 15:30,17.8,5.99,0,0.04125,0.08,23.095,0
2024-08-07 16:00,17.8,5.61,0,0.04125,0.08,23.057,0
2024-08-07 16:30,17.8,5.65,0,0.04125,0.08,23.02,0
2024-08-07 17:00,17.8,5.69,0,0.04125,0.08,22.983,0
2024-08-07 17:30,17.7,5.62,1,0.04125,0.08,22.945,0
2024-08-07 18:00,17.6,5.56,1,0.04125,0.08,22.907,0
2024-08-07 18:30,17.45,5.18,1,0.29125,0.08,22.885,0
2024-08-07 19:00,17.3,4.81,1,0.04125,0.08,22.845,0
2024-08-07 19:30,16.6,4.46,1,0.97875,0.08,22.862,0
2024-08-07 20:00,15.9,4.11,1,1.22875,0.08,22.891,0
2024-08-07 20:30,15.55,4.18,1,0.04125,0.08,22.838,0
2024-08-07 21:00,15.2,4.25,1,0.97875,0.08,22.845,0
2024-08-07 21:30,14.95,4.19,1,1.10375,0.08,22.858,0
2024-08-07 22:00,14.7,4.14,1,1.09125,0.08,22.869,0
2024-08-07 22:30,14.5,4.03,1,0.16625,0.08,22.816,0
2024-08-07 23:00,14.3,3.92,1,0.04125,0.08,22.753,0
2024-08-07 23:30,14.2,3.76,1,0.04125,0.08,22.69,0
2024-08-08 00:00,14.1,3.61,1,0.04125,0.08,22.627,0
2024-08-08 00:30,14.5,4.38,1,0.04125,0.08,22.568,0
2024-08-08 01:00,14.9,5.14,1,0.04125,0.08,22.512,0
2024-08-08 01:30,15.05,5.06,1,0.04125,0.08,22.458,0
2024-08-08 02:00,15.2,4.97,1,0.04125,0.08,22.405,0
2024-08-08 02:30,15.45,5.12,1,0.04125,0.08,22.354,0
2024-08-08 03:00,15.7,5.28,1,0.04125,0.08,22.306,0
2024-08-08 03:30,15.65,5.22,1,0.04125,0.08,22.258,0
2024-08-08 04:00,15.6,5.17,1,0.04125,0.08,22.21,0
2024-08-08 04:30,15.15,4.54,1,0.04125,0.08,22.159,0
2024-08-08 05:00,14.7,3.92,1,1.29125,0.08,22.188,0
2024-08-08 05:30,15.05,4.01,1,0.04125,0.08,22.136,0
2024-08-08 06:00,15.4,4.11,1,0.04125,0.08,22.087,0
2024-08-08 06:30,16.15,4.06,1,0.04125,0.08,22.044,0
2024-08-08 07:00,16.9,4.0,1,0.16625,0.08,22.016,0
2024-08-08 07:30,17.45,4.24,1,0.04125,0.08,21.984,0
2024-08-08 08:00,18.0,4.47,1,0.04125,0.08,21.956,0
2024-08-08 08:30,18.85,4.81,0,0.04125,0.08,21.935,0
2024-08-08 09:00,19.7,5.14,0,0.04125,0.08,21.921,0
2024-08-08 09:30,19.8,5.44,0,0.04125,0.08,21.907,0
2024-08-08 10:00,19.9,5.75,0,0.04125,0.08,21.895,0
2024-08-08 10:30,20.1,6.36,0,0.04125,0.08,21.884,0
2024-08-08 11:00,20.3,6.97,0,0.04125,0.08,21.874,0
2024-08-08 11:30,19.8,7.44,0,0.04125,0.08,21.861,0
2024-08-08 12:00,19.3,7.92,0,0.04125,0.08,21.844,0
2024-08-08 12:30,19.1,8.01,0,0.04125,0.08,21.826,0
2024-08-08 13:00,18.9,8.11,0,0.04125,0.08,21.807,0
2024-08-08 13:30,19.15,7.56,0,0.04125,0.08,21.789,0
2024-08-08 14:00,19.4,7.0,0,0.04125,0.08,21.773,0
2024-08-08 14:30,19.7,6.81,0,0.04125,0.08,21.76,0
2024-08-08 15:00,20.0,6.61,0,0.04125,0.08,21.75,0
2024-08-08 15:30,20.2,6.75,0,0.04125,0.08,21.741,0
2024-08-08 16:00,20.4,6.89,0,0.04125,0.08,21.733,0
2024-08-08 16:30,20.2,7.18,0,0.04125,0.08,21.724,0
2024-08-08 17:00,20.0,7.47,0,0.04125,0.08,21.714,0
2024-08-08 17:30,19.8,7.0,1,1.21625,0.08,21.78,0
2024-08-08 18:00,19.6,6.53,1,0.16625,0.08,21.775,0
2024-08-08 18:30,19.6,6.17,1,1.29125,0.08,21.844,0
2024-08-08 19:00,19.6,5.81,1,1.29125,0.08,21.914,0
2024-08-08 19:30,19.7,6.08,1,0.29125,0.08,21.916,0
2024-08-08 20:00,19.8,6.36,1,0.04125,0.08,21.903,0
2024-08-08 20:30,19.75,6.67,1,0.04125,0.08,21.889,0
2024-08-08 21:00,19.7,6.97,1,1.09125,0.08,21.945,0
2024-08-08 21:30,19.6,6.71,1,0.04125,0.08,21.93,0
2024-08-08 22:00,19.5,6.44,1,1.10375,0.08,21.985,0
2024-08-08 22:30,19.35,6.44,1,1.91625,0.08,22.093,0
2024-08-08 23:00,19.2,6.44,1,0.97875,0.08,22.136,0
2024-08-08 23:30,18.95,6.4,1,0.04125,0.08,22.115,0
2024-08-09 00:00,18.7,6.36,1,0.04125,0.08,22.091,0
2024-08-09 00:30,18.8,5.9,1,0.04125,0.08,22.069,0
2024-08-09 01:00,18.9,5.44,1,0.04125,0.08,22.047,0
2024-08-09 01:30,18.65,5.43,1,0.04125,0.08,22.024,0
2024-08-09 02:00,18.4,5.42,1,0.04125,0.08,21.999,0
2024-08-09 02:30,18.05,5.56,1,0.04125,0.08,21.972,0
2024-08-09 03:00,17.7,5.69,1,0.04125,0.08,21.942,0
2024-08-09 03:30,17.3,5.67,1,0.04125,0.08,21.909,0
2024-08-09 04:00,16.9,5.64,1,0.04125,0.08,21.873,0
2024-08-09 04:30,16.35,5.51,1,0.04125,0.08,21.834,0
2024-08-09 05:00,15.8,5.39,1,0.04125,0.08,21.79,0
2024-08-09 05:30,15.6,5.75,1,0.04125,0.08,21.746,0
2024-08-09 06:00,15.4,6.11,1,1.29125,0.08,21.784,0
2024-08-09 06:30,15.85,5.9,1,1.29125,0.08,21.824,0
2024-08-09 07:00,16.3,5.69,1,0.16625,0.08,21.793,0
2024-08-09 07:30,16.8,6.54,1,0.04125,0.08,21.758,0
2024-08-09 08:00,17.3,7.39,1,1.10375,0.08,21.797,0
2024-08-09 08:30,17.9,7.85,0,0.97875,0.08,21.833,0
2024-08-09 09:00,18.5,8.31,0,0.04125,0.08,21.81,0
2024-08-09 09:30,19.0,8.65,0,0.04125,0.08,21.792,0
2024-08-09 10:00,19.5,9.0,0,0.04125,0.08,21.777,0
2024-08-09 10:30,19.7,9.15,0,0.04125,0.08,21.764,0
2024-08-09 11:00,19.9,9.31,0,0.04125,0.08,21.752,0
2024-08-09 11:30,20.1,9.01,0,0.04125,0.08,21.742,0
2024-08-09 12:00,20.3,8.72,0,0.04125,0.08,21.734,0
2024-08-09 12:30,20.35,8.53,0,0.04125,0.08,21.726,0
2024-08-09 13:00,20.4,8.33,0,0.04125,0.08,21.719,0
2024-08-09 13:30,20.45,8.18,0,0.04125,0.08,21.712,0
2024-08-09 14:00,20.5,8.03,0,0.04125,0.08,21.705,0
2024-08-09 14:30,20.25,8.03,0,0.04125,0.08,21.697,0
2024-08-09 15:00,20.0,8.03,0,0.04125,0.08,21.687,0
2024-08-09 15:30,20.05,7.74,0,0.04125,0.08,21.677,0
2024-08-09 16:00,20.1,7.44,0,0.04125,0.08,21.668,0
2024-08-09 16:30,20.0,7.24,0,0.04125,0.08,21.658,0
2024-08-09 17:00,19.9,7.03,0,0.04125,0.08,21.647,0
2024-08-09 17:30,19.7,6.68,1,0.04125,0.08,21.635,0
2024-08-09 18:00,19.5,6.33,1,1.09125,0.08,21.691,0
2024-08-09 18:30,18.95,5.12,1,0.04125,0.08,21.673,0
2024-08-09 19:00,18.4,3.92,1,0.04125,0.08,21.651,0
2024-08-09 19:30,17.8,4.01,1,0.16625,0.08,21.632,0
2024-08-09 20:00,17.2,4.11,1,1.29125,0.08,21.685,0
2024-08-09 20:30,16.7,4.04,1,0.04125,0.08,21.649,0
2024-08-09 21:00,16.2,3.97,1,0.16625,0.08,21.619,0
2024-08-09 21:30,15.9,4.07,1,0.04125,0.08,21.578,0
2024-08-09 22:00,15.6,4.17,1,0.29125,0.08,21.552,0
2024-08-09 22:30,15.45,4.32,1,2.02875,0.08,21.64,0
2024-08-09 23:00,15.3,4.47,1,0.97875,0.08,21.657,0
2024-08-09 23:30,15.2,4.54,1,0.04125,0.08,21.611,0
2024-08-10 00:00,15.1,4.61,1,0.04125,0.08,21.564,0
2024-08-10 00:30,14.95,4.68,1,0.04125,0.08,21.516,0
2024-08-10 01:00,14.8,4.75,1,0.04125,0.08,21.467,0
2024-08-10 01:30,14.85,4.57,1,0.04125,0.08,21.419,0
2024-08-10 02:00,14.9,4.39,1,0.04125,0.08,21.372,0
2024-08-10 02:30,15.1,4.25,1,0.04125,0.08,21.327,0
2024-08-10 03:00,15.3,4.11,1,0.04125,0.08,21.283,0
2024-08-10 03:30,15.35,4.11,1,1.29125,0.08,21.324,0
2024-08-10 04:00,15.4,4.11,1,0.04125,0.08,21.282,0
2024-08-10 04:30,15.45,4.0,1,1.29125,0.08,21.323,0
2024-08-10 05:00,15.5,3.89,1,1.29125,0.08,21.365,0
2024-08-10 05:30,15.9,3.82,1,0.04125,0.08,21.326,0
2024-08-10 06:00,16.3,3.75,1,0.04125,0.08,21.29,0
2024-08-10 06:30,16.95,4.22,1,0.04125,0.08,21.26,0
2024-08-10 07:00,17.6,4.69,1,0.04125,0.08,21.235,0
2024-08-10 07:30,17.9,4.62,1,0.04125,0.08,21.212,0
2024-08-10 08:00,18.2,4.56,1,0.04125,0.08,21.192,0
2024-08-10 08:30,18.4,4.78,1,0.04125,0.08,21.173,0
2024-08-10 09:00,18.6,5.0,1,0.04125,0.08,21.156,0
2024-08-10 09:30,19.45,5.38,1,0.04125,0.08,21.146,0
2024-08-10 10:00,20.3,5.75,1,0.16625,0.08,21.15,0
2024-08-10 10:30,20.75,5.81,1,0.04125,0.08,21.15,0
2024-08-10 11:00,21.2,5.86,1,0.04125,0.08,21.2,0
2024-08-10 11:30,21.3,5.71,1,0.04125,0.08,21.3,0
2024-08-10 12:00,21.4,5.56,1,0.04125,0.08,21.4,0
2024-08-10 12:30,21.35,5.58,1,0.04125,0.08,21.402,0
2024-08-10 13:00,21.3,5.61,1,0.04125,0.08,21.404,0
2024-08-10 13:30,21.35,5.71,1,1.10375,0.08,21.478,0
2024-08-10 14:00,21.4,5.81,1,0.97875,0.08,21.543,0
2024-08-10 14:30,21.45,5.62,1,0.29125,0.08,21.561,0
2024-08-10 15:00,21.5,5.44,1,0.04125,0.08,21.564,0
2024-08-10 15:30,21.6,5.35,1,0.16625,0.08,21.6,0
2024-08-10 16:00,21.7,5.25,1,0.16625,0.08,21.7,0
2024-08-10 16:30,21.3,5.42,1,0.04125,0.08,21.7,0
2024-08-10 17:00,20.9,5.58,1,0.04125,0.08,21.696,0
2024-08-10 17:30,20.3,5.44,1,0.04125,0.08,21.688,0
2024-08-10 18:00,19.7,5.31,1,1.09125,0.08,21.746,0
2024-08-10 18:30,18.95,4.82,1,0.04125,0.08,21.727,0
2024-08-10 19:00,18.2,4.33,1,0.04125,0.08,21.703,0
2024-08-10 19:30,17.4,3.74,1,0.04125,0.08,21.673,0
2024-08-10 20:00,16.6,3.14,1,0.04125,0.08,21.637,0
2024-08-10 20:30,16.1,2.49,1,0.04125,0.08,21.597,0
2024-08-10 21:00,15.6,1.83,1,0.04125,0.08,21.554,0
2024-08-10 21:30,15.25,1.72,1,0.04125,0.08,21.509,0
2024-08-10 22:00,14.9,1.61,1,0.04125,0.08,21.461,0
2024-08-10 22:30,14.65,1.61,1,1.09125,0.08,21.482,0
2024-08-10 23:00,14.4,1.61,1,0.04125,0.08,21.43,0
2024-08-10 23:30,14.05,1.6,1,0.04125,0.08,21.377,0
2024-08-11 00:00,13.7,1.58,1,0.04125,0.08,21.321,0
2024-08-11 00:30,13.2,1.6,1,0.04125,0.08,21.261,0
2024-08-11 01:00,12.7,1.61,1,0.04125,0.08,21.198,0
2024-08-11 01:30,12.4,1.56,1,0.04125,0.08,21.134,0
2024-08-11 02:00,12.1,1.5,1,0.04125,0.08,21.067,0
2024-08-11 02:30,11.8,1.42,1,0.04125,0.08,20.999,0
2024-08-11 03:00,11.5,1.33,1,0.04125,0.08,20.929,0
2024-08-11 03:30,11.35,1.31,1,0.04125,0.08,20.859,0
2024-08-11 04:00,11.2,1.28,1,1.29125,0.08,20.871,0
2024-08-11 04:30,10.9,1.37,1,0.04125,0.08,20.798,0
2024-08-11 05:00,10.6,1.47,1,0.04125,0.08,20.722,0
2024-08-11 05:30,11.7,0.94,1,0.04125,0.08,20.656,0
2024-08-11 06:00,12.8,0.42,1,0.04125,0.08,20.599,0
2024-08-11 06:30,14.05,0.62,1,0.04125,0.08,20.551,0
2024-08-11 07:00,15.3,0.83,1,0.04125,0.08,20.514,0
2024-08-11 07:30,16.55,1.17,1,0.04125,0.08,20.486,0
2024-08-11 08:00,17.8,1.5,1,0.04125,0.08,20.468,0
2024-08-11 08:30,18.75,1.96,1,0.04125,0.08,20.458,0
2024-08-11 09:00,19.7,2.42,1,0.04125,0.08,20.455,0
2024-08-11 09:30,20.3,2.79,1,1.34125,0.08,20.543,0
2024-08-11 10:00,20.9,3.17,1,1.34125,0.08,20.9,0
2024-08-11 10:30,21.4,3.12,1,0.29125,0.08,21.4,0
2024-08-11 11:00,21.9,3.08,1,0.04125,0.08,21.9,0
2024-08-11 11:30,22.4,3.0,1,0.04125,0.08,22.4,0
2024-08-11 12:00,22.9,2.92,1,0.16625,0.08,22.9,0
2024-08-11 12:30,23.35,3.1,1,0.04125,0.08,23.35,0
2024-08-11 13:00,23.8,3.28,1,0.04125,0.08,23.8,0
2024-08-11 13:30,24.15,3.42,1,1.29125,0.08,24.15,0
2024-08-11 14:00,24.5,3.56,1,0.04125,0.08,24.5,0
2024-08-11 14:30,24.65,3.69,1,2.987083,0.08,24.701,0
2024-08-11 15:00,24.8,3.83,1,1.937083,0.08,24.831,0
2024-08-11 15:30,24.8,4.19,1,0.874583,0.08,24.889,0
2024-08-11 16:00,24.8,4.56,1,0.04125,0.08,24.891,0
2024-08-11 16:30,24.55,4.78,1,0.04125,0.08,24.892,0
2024-08-11 17:00,24.3,5.0,1,0.97875,0.08,24.952,0
2024-08-11 17:30,23.7,5.21,1,1.10375,0.08,25.017,0
2024-08-11 18:00,23.1,5.42,1,0.04125,0.08,25.005,0
2024-08-11 18:30,21.65,5.82,1,0.04125,0.08,24.982,0
2024-08-11 19:00,20.2,6.22,1,2.34125,0.08,25.102,0
2024-08-11 19:30,19.25,5.72,1,0.04125,0.08,25.06,0
2024-08-11 20:00,18.3,5.22,1,0.04125,0.08,25.011,0
2024-08-11 20:30,17.8,4.67,1,0.04125,0.08,24.958,0
2024-08-11 21:00,17.3,4.11,1,0.04125,0.08,24.902,0
2024-08-11 21:30,17.05,4.11,1,0.04125,0.08,24.845,0
2024-08-11 22:00,16.8,4.11,1,0.04125,0.08,24.786,0
2024-08-11 22:30,16.7,4.21,1,0.04125,0.08,24.727,0
2024-08-11 23:00,16.6,4.31,1,0.04125,0.08,24.668,0
2024-08-11 23:30,16.55,4.42,1,0.04125,0.08,24.608,0
2024-08-12 00:00,16.5,4.53,1,0.04125,0.08,24.549,0
2024-08-12 00:30,16.3,4.46,1,0.04125,0.08,24.489,0
2024-08-12 01:00,16.1,4.39,1,0.04125,0.08,24.427,0
2024-08-12 01:30,15.95,4.4,1,0.04125,0.08,24.365,0
2024-08-12 02:00,15.8,4.42,1,0.04125,0.08,24.302,0
2024-08-12 02:30,15.65,4.06,1,0.04125,0.08,24.239,0
2024-08-12 03:00,15.5,3.69,1,0.04125,0.08,24.175,0
2024-08-12 03:30,15.5,3.76,1,0.04125,0.08,24.111,0
2024-08-12 04:00,15.5,3.83,1,0.04125,0.08,24.048,0
2024-08-12 04:30,15.75,4.12,1,0.04125,0.08,23.987,0
2024-08-12 05:00,16.0,4.42,1,0.04125,0.08,23.929,0
2024-08-12 05:30,16.6,4.83,1,1.29125,0.08,23.959,0
2024-08-12 06:00,17.2,5.25,1,0.04125,0.08,23.91,0
2024-08-12 06:30,17.6,5.53,1,0.04125,0.08,23.864,0
2024-08-12 07:00,18.0,5.81,1,0.04125,0.08,23.822,0
2024-08-12 07:30,18.85,5.5,1,1.22875,0.08,23.866,0
2024-08-12 08:00,19.7,5.19,1,1.22875,0.08,23.917,0
2024-08-12 08:30,21.15,5.19,0,0.04125,0.08,23.898,0
2024-08-12 09:00,22.6,5.19,0,0.04125,0.08,23.891,0
2024-08-12 09:30,23.65,4.32,0,0.04125,0.08,23.892,0
2024-08-12 10:00,24.7,3.44,0,0.04125,0.08,24.7,0
2024-08-12 10:30,25.75,3.72,0,0.04125,0.08,25.75,0
2024-08-12 11:00,26.8,4.0,0,0.04125,0.08,26.8,0
2024-08-12 11:30,27.15,4.86,0,0.04125,0.08,27.15,0
2024-08-12 12:00,27.5,5.72,0,0.04125,0.08,27.5,0
2024-08-12 12:30,24.9,4.32,0,0.04125,0.08,27.483,0
2024-08-12 13:00,22.3,2.92,0,0.04125,0.08,27.446,0
2024-08-12 13:30,22.65,2.62,0,0.04125,0.08,27.412,0
2024-08-12 14:00,23.0,2.33,0,0.04125,0.08,27.381,0
2024-08-12 14:30,23.1,3.81,0,0.04125,0.08,27.351,0
2024-08-12 15:00,23.2,5.28,0,0.04125,0.08,27.322,0
2024-08-12 15:30,23.0,5.28,0,0.04125,0.08,27.292,0
2024-08-12 16:00,22.8,5.28,0,0.04125,0.08,27.26,0
2024-08-12 16:30,22.45,4.89,0,0.04125,0.08,27.226,0
2024-08-12 17:00,22.1,4.5,0,0.04125,0.08,27.189,0
2024-08-12 17:30,21.8,4.21,1,1.09125,0.08,27.221,0
2024-08-12 18:00,21.5,3.92,1,1.09125,0.08,27.25,0
2024-08-12 18:30,20.8,3.62,1,0.04125,0.08,27.204,0
2024-08-12 19:00,20.1,3.33,1,0.29125,0.08,27.169,0
2024-08-12 19:30,19.05,3.22,1,1.29125,0.08,27.193,0
2024-08-12 20:00,18.0,3.11,1,0.04125,0.08,27.125,0
2024-08-12 20:30,17.2,2.82,1,0.04125,0.08,27.052,0
2024-08-12 21:00,16.4,2.53,1,0.04125,0.08,26.973,0
2024-08-12 21:30,15.85,2.36,1,0.04125,0.08,26.891,0
2024-08-12 22:00,15.3,2.19,1,0.04125,0.08,26.805,0
2024-08-12 22:30,15.1,2.07,1,1.29125,0.08,26.802,0
2024-08-12 23:00,14.9,1.94,1,0.04125,0.08,26.713,0
2024-08-12 23:30,14.05,2.28,1,0.04125,0.08,26.619,0
2024-08-13 00:00,13.2,2.61,1,0.04125,0.08,26.519,0
2024-08-13 00:30,12.85,2.35,1,0.04125,0.08,26.417,0
2024-08-13 01:00,12.5,2.08,1,0.04125,0.08,26.314,0
2024-08-13 01:30,12.6,1.67,1,0.04125,0.08,26.211,0
2024-08-13 02:00,12.7,1.25,1,0.04125,0.08,26.111,0
2024-08-13 02:30,12.25,1.35,1,0.04125,0.08,26.007,0
2024-08-13 03:00,11.8,1.44,1,0.04125,0.08,25.901,0
2024-08-13 03:30,11.65,1.32,1,0.04125,0.08,25.795,0
2024-08-13 04:00,11.5,1.19,1,0.04125,0.08,25.688,0
2024-08-13 04:30,11.75,1.31,1,1.29125,0.08,25.668,0
2024-08-13 05:00,12.0,1.42,1,1.29125,0.08,25.65,0
2024-08-13 05:30,12.75,1.71,1,0.04125,0.08,25.554,0
2024-08-13 06:00,13.5,2.0,1,0.04125,0.08,25.464,0
2024-08-13 06:30,14.6,1.69,1,0.04125,0.08,25.384,0
2024-08-13 07:00,15.7,1.39,1,1.09125,0.08,25.383,0
2024-08-13 07:30,16.7,1.61,1,0.04125,0.08,25.319,0
2024-08-13 08:00,17.7,1.83,1,0.874583,0.08,25.319,0
2024-08-13 08:30,18.35,2.18,0,0.874583,0.08,25.324,0
2024-08-13 09:00,19.0,2.53,0,0.874583,0.08,25.334,0
2024-08-13 09:30,19.75,2.97,0,0.04125,0.08,25.294,0
2024-08-13 10:00,20.5,3.42,0,0.04125,0.08,25.26,0
2024-08-13 10:30,21.2,3.62,0,0.04125,0.08,25.232,0
2024-08-13 11:00,21.9,3.83,0,0.04125,0.08,25.209,0
2024-08-13 11:30,22.4,4.4,0,0.04125,0.08,25.191,0
2024-08-13 12:00,22.9,4.97,0,0.04125,0.08,25.176,0
2024-08-13 12:30,22.9,5.07,0,0.04125,0.08,25.161,0
2024-08-13 13:00,22.9,5.17,0,0.04125,0.08,25.147,0
2024-08-13 13:30,22.85,4.96,0,0.04125,0.08,25.132,0
2024-08-13 14:00,22.8,4.75,0,0.04125,0.08,25.117,0
2024-08-13 14:30,23.2,4.33,0,0.04125,0.08,25.105,0
2024-08-13 15:00,23.6,3.92,0,0.04125,0.08,25.096,0
2024-08-13 15:30,23.8,4.24,0,0.04125,0.08,25.089,0
2024-08-13 16:00,24.0,4.56,0,0.04125,0.08,25.083,0
2024-08-13 16:30,23.65,3.78,0,0.04125,0.08,25.075,0
2024-08-13 17:00,23.3,3.0,0,0.04125,0.08,25.064,0
2024-08-13 17:30,22.45,3.29,1,0.16625,0.08,25.055,0
2024-08-13 18:00,21.6,3.58,1,0.16625,0.08,25.04,0
2024-08-13 18:30,20.9,3.39,1,0.16625,0.08,25.019,0
2024-08-13 19:00,20.2,3.19,1,0.16625,0.08,24.994,0
2024-08-13 19:30,20.0,2.79,1,0.04125,0.08,24.958,0
2024-08-13 20:00,19.8,2.39,1,1.21625,0.08,25.0,0
2024-08-13 20:30,19.5,2.0,1,0.04125,0.08,24.961,0
2024-08-13 21:00,19.2,1.61,1,0.04125,0.08,24.919,0
2024-08-13 21:30,18.85,1.68,1,0.16625,0.08,24.884,0
2024-08-13 22:00,18.5,1.75,1,0.04125,0.08,24.838,0
2024-08-13 22:30,18.2,2.26,1,0.97875,0.08,24.853,0
2024-08-13 23:00,17.9,2.78,1,0.97875,0.08,24.865,0
2024-08-13 23:30,17.6,3.03,1,1.29125,0.08,24.895,0
2024-08-14 00:00,17.3,3.28,1,0.04125,0.08,24.84,0
2024-08-14 00:30,16.5,2.81,1,0.04125,0.08,24.779,0
2024-08-14 01:00,15.7,2.33,1,0.04125,0.08,24.712,0
2024-08-14 01:30,15.6,2.51,1,0.04125,0.08,24.645,0
2024-08-14 02:00,15.5,2.69,1,2.54125,0.08,24.745,0
2024-08-14 02:30,15.2,2.74,1,0.04125,0.08,24.675,0
2024-08-14 03:00,14.9,2.78,1,0.04125,0.08,24.603,0
2024-08-14 03:30,14.7,2.82,1,0.04125,0.08,24.53,0
2024-08-14 04:00,14.5,2.86,1,0.04125,0.08,24.456,0
2024-08-14 04:30,14.3,2.86,1,0.04125,0.08,24.381,0
2024-08-14 05:00,14.1,2.86,1,0.04125,0.08,24.305,0
2024-08-14 05:30,14.15,3.12,1,0.04125,0.08,24.23,0
2024-08-14 06:00,14.2,3.39,1,0.04125,0.08,24.156,0
2024-08-14 06:30,14.45,3.17,1,0.04125,0.08,24.084,0
2024-08-14 07:00,14.7,2.94,1,0.04125,0.08,24.015,0
2024-08-14 07:30,15.35,2.82,1,0.04125,0.08,23.952,0
2024-08-14 08:00,16.0,2.69,1,0.29125,0.08,23.91,0
2024-08-14 08:30,16.6,2.58,0,0.04125,0.08,23.857,0
2024-08-14 09:00,17.2,2.47,0,0.04125,0.08,23.809,0
2024-08-14 09:30,17.55,2.17,0,0.04125,0.08,23.764,0
2024-08-14 10:00,17.9,1.86,0,0.04125,0.08,23.722,0
2024-08-14 10:30,18.2,1.51,0,0.04125,0.08,23.682,0
2024-08-14 11:00,18.5,1.17,0,0.04125,0.08,23.645,0
2024-08-14 11:30,18.95,0.93,0,0.04125,0.08,23.612,0
2024-08-14 12:00,19.4,0.69,0,0.04125,0.08,23.583,0
2024-08-14 12:30,19.55,1.0,0,0.04125,0.08,23.554,0
2024-08-14 13:00,19.7,1.31,0,0.04125,0.08,23.528,0
2024-08-14 13:30,19.95,1.0,0,0.04125,0.08,23.503,0
2024-08-14 14:00,20.2,0.69,0,0.04125,0.08,23.481,0
2024-08-14 14:30,20.8,1.33,0,0.04125,0.08,23.463,0
2024-08-14 15:00,21.4,1.97,0,0.04125,0.08,23.45,0
2024-08-14 15:30,21.5,2.51,0,0.04125,0.08,23.438,0
2024-08-14 16:00,21.6,3.06,0,0.04125,0.08,23.426,0
2024-08-14 16:30,21.3,3.4,0,0.04125,0.08,23.413,0
2024-08-14 17:00,21.0,3.75,0,0.04125,0.08,23.397,0
2024-08-14 17:30,20.3,4.04,1,2.34125,0.08,23.53,0
2024-08-14 18:00,19.6,4.33,1,0.16625,0.08,23.511,0
2024-08-14 18:30,18.95,3.57,1,0.04125,0.08,23.479,0
2024-08-14 19:00,18.3,2.81,1,0.04125,0.08,23.442,0
2024-08-14 19:30,16.6,2.58,1,0.04125,0.08,23.392,0
2024-08-14 20:00,14.9,2.36,1,0.29125,0.08,23.347,0
2024-08-14 20:30,14.7,2.07,1,0.04125,0.08,23.283,0
2024-08-14 21:00,14.5,1.78,1,0.04125,0.08,23.219,0
2024-08-14 21:30,14.1,1.75,1,0.04125,0.08,23.152,0
2024-08-14 22:00,13.7,1.72,1,2.15375,0.08,23.223,0
2024-08-14 22:30,14.0,2.17,1,1.812083,0.08,23.274,0
2024-08-14 23:00,14.3,2.61,1,0.874583,0.08,23.264,0
2024-08-14 23:30,14.25,2.43,1,0.874583,0.08,23.253,0
2024-08-15 00:00,14.2,2.25,1,0.04125,0.08,23.187,0
2024-08-15 00:30,14.05,1.85,1,1.29125,0.08,23.203,0
2024-08-15 01:00,13.9,1.44,1,0.04125,0.08,23.135,0
2024-08-15 01:30,13.6,1.53,1,0.04125,0.08,23.064,0
2024-08-15 02:00,13.3,1.61,1,0.04125,0.08,22.992,0
2024-08-15 02:30,13.4,2.21,1,1.29125,0.08,23.005,0
2024-08-15 03:00,13.5,2.81,1,0.04125,0.08,22.935,0
2024-08-15 03:30,13.8,2.99,1,0.04125,0.08,22.868,0
2024-08-15 04:00,14.1,3.17,1,1.29125,0.08,22.887,0
2024-08-15 04:30,14.4,3.54,1,0.04125,0.08,22.825,0
2024-08-15 05:00,14.7,3.92,1,0.04125,0.08,22.766,0
2024-08-15 05:30,14.95,4.14,1,0.04125,0.08,22.709,0
2024-08-15 06:00,15.2,4.36,1,0.04125,0.08,22.654,0
2024-08-15 06:30,15.55,4.76,1,0.04125,0.08,22.602,0
2024-08-15 07:00,15.9,5.17,1,0.97875,0.08,22.616,0
2024-08-15 07:30,16.1,5.26,1,1.10375,0.08,22.64,0
2024-08-15 08:00,16.3,5.36,1,0.16625,0.08,22.603,0
2024-08-15 08:30,16.7,5.78,0,0.04125,0.08,22.56,0
2024-08-15 09:00,17.1,6.19,0,0.04125,0.08,22.521,0
2024-08-15 09:30,17.6,6.83,0,0.04125,0.08,22.486,0
2024-08-15 10:00,18.1,7.47,0,0.04125,0.08,22.456,0
2024-08-15 10:30,17.85,7.01,0,0.04125,0.08,22.423,0
2024-08-15 11:00,17.6,6.56,0,0.04125,0.08,22.389,0
2024-08-15 11:30,18.2,6.53,0,0.04125,0.08,22.36,0
2024-08-15 12:00,18.8,6.5,0,0.04125,0.08,22.335,0
2024-08-15 12:30,19.05,6.49,0,0.04125,0.08,22.313,0
2024-08-15 13:00,19.3,6.47,0,0.04125,0.08,22.293,0
2024-08-15 13:30,20.1,6.4,0,0.04125,0.08,22.278,0
2024-08-15 14:00,20.9,6.33,0,0.04125,0.08,22.271,0
2024-08-15 14:30,21.0,6.53,0,0.04125,0.08,22.264,0
2024-08-15 15:00,21.1,6.72,0,0.04125,0.08,22.258,0
2024-08-15 15:30,20.7,6.29,0,0.04125,0.08,22.248,0
2024-08-15 16:00,20.3,5.86,0,0.04125,0.08,22.236,0
2024-08-15 16:30,19.9,5.49,0,0.04125,0.08,22.221,0
2024-08-15 17:00,19.5,5.11,0,0.04125,0.08,22.203,0
2024-08-15 17:30,19.3,4.61,1,1.09125,0.08,22.254,0
2024-08-15 18:00,19.1,4.11,1,0.16625,0.08,22.241,0
2024-08-15 18:30,18.7,3.86,1,0.04125,0.08,22.216,0
2024-08-15 19:00,18.3,3.61,1,0.04125,0.08,22.189,0
2024-08-15 19:30,17.65,4.1,1,0.16625,0.08,22.166,0
2024-08-15 20:00,17.0,4.58,1,0.04125,0.08,22.129,0
2024-08-15 20:30,16.35,4.68,1,1.21625,0.08,22.166,0
2024-08-15 21:00,15.7,4.78,1,0.16625,0.08,22.127,0
2024-08-15 21:30,14.95,4.65,1,0.04125,0.08,22.075,0
2024-08-15 22:00,14.2,4.53,1,0.97875,0.08,22.08,0
2024-08-15 22:30,13.4,3.97,1,0.97875,0.08,22.079,0
2024-08-15 23:00,12.6,3.42,1,0.04125,0.08,22.01,0
2024-08-15 23:30,12.25,3.25,1,0.04125,0.08,21.938,0
2024-08-16 00:00,11.9,3.08,1,0.04125,0.08,21.864,0
2024-08-16 00:30,11.7,3.11,1,1.29125,0.08,21.872,0
2024-08-16 01:00,11.5,3.14,1,0.04125,0.08,21.795,0
2024-08-16 01:30,11.45,3.08,1,0.04125,0.08,21.719,0
2024-08-16 02:00,11.4,3.03,1,0.04125,0.08,21.643,0
2024-08-16 02:30,11.3,2.67,1,0.04125,0.08,21.566,0
2024-08-16 03:00,11.2,2.31,1,0.04125,0.08,21.49,0
2024-08-16 03:30,10.95,2.19,1,0.04125,0.08,21.412,0
2024-08-16 04:00,10.7,2.08,1,0.04125,0.08,21.333,0
2024-08-16 04:30,10.95,2.33,1,0.04125,0.08,21.256,0
2024-08-16 05:00,11.2,2.58,1,0.04125,0.08,21.182,0
2024-08-16 05:30,11.8,3.0,1,1.29125,0.08,21.196,0
2024-08-16 06:00,12.4,3.42,1,1.29125,0.08,21.215,0
2024-08-16 06:30,13.25,3.17,1,0.04125,0.08,21.157,0
2024-08-16 07:00,14.1,2.92,1,0.04125,0.08,21.106,0
2024-08-16 07:30,14.85,2.97,1,0.16625,0.08,21.069,0
2024-08-16 08:00,15.6,3.03,1,1.09125,0.08,21.1,0
2024-08-16 08:30,16.2,3.72,0,0.04125,0.08,21.065,0
2024-08-16 09:00,16.8,4.42,0,0.04125,0.08,21.035,0
2024-08-16 09:30,17.3,4.51,0,0.04125,0.08,21.01,0
2024-08-16 10:00,17.8,4.61,0,0.04125,0.08,20.988,0
2024-08-16 10:30,18.15,4.4,0,0.04125,0.08,20.969,0
2024-08-16 11:00,18.5,4.19,0,0.04125,0.08,20.953,0
2024-08-16 11:30,18.7,4.57,0,0.04125,0.08,20.938,0
2024-08-16 12:00,18.9,4.94,0,0.04125,0.08,20.925,0
2024-08-16 12:30,19.15,4.99,0,0.04125,0.08,20.915,0
2024-08-16 13:00,19.4,5.03,0,0.04125,0.08,20.906,0
2024-08-16 13:30,19.5,4.86,0,0.04125,0.08,20.898,0
2024-08-16 14:00,19.6,4.69,0,0.04125,0.08,20.891,0
2024-08-16 14:30,19.55,4.58,0,0.04125,0.08,20.883,0
2024-08-16 15:00,19.5,4.47,0,0.04125,0.08,20.875,0
2024-08-16 15:30,19.4,4.38,0,0.04125,0.08,20.867,0
2024-08-16 16:00,19.3,4.28,0,0.04125,0.08,20.857,0
2024-08-16 16:30,19.3,3.96,0,0.04125,0.08,20.848,0
2024-08-16 17:00,19.3,3.64,0,0.04125,0.08,20.839,0
2024-08-16 17:30,18.85,3.54,1,0.04125,0.08,20.827,0
2024-08-16 18:00,18.4,3.44,1,0.16625,0.08,20.819,0
2024-08-16 18:30,17.4,3.53,1,0.04125,0.08,20.796,0
2024-08-16 19:00,16.4,3.61,1,1.10375,0.08,20.836,0
2024-08-16 19:30,15.35,3.33,1,0.97875,0.08,20.859,0
2024-08-16 20:00,14.3,3.06,1,1.10375,0.08,20.883,0
2024-08-16 20:30,13.7,2.78,1,1.22875,0.08,20.91,0
2024-08-16 21:00,13.1,2.5,1,0.04125,0.08,20.853,0
2024-08-16 21:30,12.65,2.31,1,1.09125,0.08,20.863,0
2024-08-16 22:00,12.2,2.11,1,0.04125,0.08,20.8,0
2024-08-16 22:30,11.75,1.97,1,0.04125,0.08,20.733,0
2024-08-16 23:00,11.3,1.83,1,0.04125,0.08,20.664,0
2024-08-16 23:30,11.25,1.86,1,0.04125,0.08,20.594,0
2024-08-17 00:00,11.2,1.89,1,0.04125,0.08,20.525,0
2024-08-17 00:30,11.3,1.97,1,0.04125,0.08,20.457,0
2024-08-17 01:00,11.4,2.06,1,0.04125,0.08,20.391,0
2024-08-17 01:30,11.2,2.12,1,0.04125,0.08,20.323,0
2024-08-17 02:00,11.0,2.19,1,0.04125,0.08,20.255,0
2024-08-17 02:30,10.95,2.39,1,0.04125,0.08,20.186,0
2024-08-17 03:00,10.9,2.58,1,0.04125,0.08,20.118,0
2024-08-17 03:30,10.95,2.68,1,0.04125,0.08,20.05,0
2024-08-17 04:00,11.0,2.78,1,0.04125,0.08,19.984,0
2024-08-17 04:30,10.95,2.76,1,0.04125,0.08,19.918,0
2024-08-17 05:00,10.9,2.75,1,0.04125,0.08,19.851,0
2024-08-17 05:30,11.5,2.96,1,0.04125,0.08,19.79,0
2024-08-17 06:00,12.1,3.17,1,0.04125,0.08,19.734,0
2024-08-17 06:30,13.25,3.44,1,0.04125,0.08,19.687,0
2024-08-17 07:00,14.4,3.72,1,0.04125,0.08,19.649,0
2024-08-17 07:30,15.05,3.57,1,0.04125,0.08,19.617,0
2024-08-17 08:00,15.7,3.42,1,0.04125,0.08,19.59,0
2024-08-17 08:30,16.35,3.86,1,1.41625,0.08,19.66,0
2024-08-17 09:00,17.0,4.31,1,0.04125,0.08,19.642,0
2024-08-17 09:30,17.45,4.47,1,1.10375,0.08,19.699,0
2024-08-17 10:00,17.9,4.64,1,0.97875,0.08,19.751,0
2024-08-17 10:30,18.1,4.56,1,0.04125,0.08,19.741,0
2024-08-17 11:00,18.3,4.47,1,0.04125,0.08,19.733,0
2024-08-17 11:30,18.6,4.58,1,0.04125,0.08,19.727,0
2024-08-17 12:00,18.9,4.69,1,0.16625,0.08,19.731,0
2024-08-17 12:30,18.85,4.6,1,0.04125,0.08,19.727,0
2024-08-17 13:00,18.8,4.5,1,1.09125,0.08,19.793,0
2024-08-17 13:30,18.9,4.28,1,1.29125,0.08,19.873,0
2024-08-17 14:00,19.0,4.06,1,0.04125,0.08,19.869,0
2024-08-17 14:30,19.1,4.07,1,0.29125,0.08,19.882,0
2024-08-17 15:00,19.2,4.08,1,1.29125,0.08,19.964,0
2024-08-17 15:30,19.25,4.22,1,0.04125,0.08,19.961,0
2024-08-17 16:00,19.3,4.36,1,0.16625,0.08,19.967,0
2024-08-17 16:30,18.95,4.19,1,0.04125,0.08,19.962,0
2024-08-17 17:00,18.6,4.03,1,0.04125,0.08,19.954,0
2024-08-17 17:30,18.3,3.57,1,0.04125,0.08,19.944,0
2024-08-17 18:00,18.0,3.11,1,0.04125,0.08,19.932,0
2024-08-17 18:30,17.1,2.31,1,1.09125,0.08,19.983,0
2024-08-17 19:00,16.2,1.5,1,0.04125,0.08,19.957,0
2024-08-17 19:30,15.35,1.69,1,0.04125,0.08,19.925,0
2024-08-17 20:00,14.5,1.89,1,0.04125,0.08,19.886,0
2024-08-17 20:30,14.1,1.92,1,0.04125,0.08,19.844,0
2024-08-17 21:00,13.7,1.94,1,0.04125,0.08,19.8,0
2024-08-17 21:30,13.3,1.93,1,0.04125,0.08,19.753,0
2024-08-17 22:00,12.9,1.92,1,0.97875,0.08,19.766,0
2024-08-17 22:30,12.5,2.24,1,0.97875,0.08,19.776,0
2024-08-17 23:00,12.1,2.56,1,0.04125,0.08,19.72,0
2024-08-17 23:30,12.05,2.67,1,0.04125,0.08,19.664,0
2024-08-18 00:00,12.0,2.78,1,0.04125,0.08,19.608,0
2024-08-18 00:30,12.3,3.06,1,0.04125,0.08,19.555,0
2024-08-18 01:00,12.6,3.33,1,0.04125,0.08,19.504,0
2024-08-18 01:30,12.55,3.43,1,0.04125,0.08,19.454,0
2024-08-18 02:00,12.5,3.53,1,0.04125,0.08,19.403,0
2024-08-18 02:30,12.5,3.69,1,1.29125,0.08,19.437,0
2024-08-18 03:00,12.5,3.86,1,0.04125,0.08,19.387,0
2024-08-18 03:30,12.75,3.78,1,0.04125,0.08,19.339,0
2024-08-18 04:00,13.0,3.69,1,0.04125,0.08,19.293,0
2024-08-18 04:30,13.1,3.49,1,0.04125,0.08,19.248,0
2024-08-18 05:00,13.2,3.28,1,0.04125,0.08,19.205,0
2024-08-18 05:30,13.65,3.17,1,0.04125,0.08,19.165,0
2024-08-18 06:00,14.1,3.06,1,0.04125,0.08,19.129,0
2024-08-18 06:30,14.6,3.65,1,0.04125,0.08,19.097,0
2024-08-18 07:00,15.1,4.25,1,0.04125,0.08,19.069,0
2024-08-18 07:30,15.7,4.72,1,0.04125,0.08,19.046,0
2024-08-18 08:00,16.3,5.19,1,0.16625,0.08,19.036,0
2024-08-18 08:30,16.85,5.54,1,0.16625,0.08,19.031,0
2024-08-18 09:00,17.4,5.89,1,1.29125,0.08,19.104,0
2024-08-18 09:30,17.7,6.25,1,1.34125,0.08,19.183,0
2024-08-18 10:00,18.0,6.61,1,1.34125,0.08,19.264,0
2024-08-18 10:30,17.9,6.67,1,0.16625,0.08,19.265,0
2024-08-18 11:00,17.8,6.72,1,0.16625,0.08,19.264,0
2024-08-18 11:30,18.2,6.86,1,0.04125,0.08,19.259,0
2024-08-18 12:00,18.6,7.0,1,0.04125,0.08,19.257,0
2024-08-18 12:30,18.6,6.81,1,0.16625,0.08,19.263,0
2024-08-18 13:00,18.6,6.61,1,0.04125,0.08,19.261,0
2024-08-18 13:30,18.75,6.65,1,0.04125,0.08,19.259,0
2024-08-18 14:00,18.9,6.69,1,0.97875,0.08,19.322,0
2024-08-18 14:30,18.7,6.6,1,2.22875,0.08,19.466,0
2024-08-18 15:00,18.5,6.5,1,0.04125,0.08,19.462,0
2024-08-18 15:30,18.45,6.51,1,0.04125,0.08,19.457,0
2024-08-18 16:00,18.4,6.53,1,1.09125,0.08,19.522,0
2024-08-18 16:30,18.0,6.53,1,0.04125,0.08,19.513,0
2024-08-18 17:00,17.6,6.53,1,0.04125,0.08,19.501,0
2024-08-18 17:30,17.4,6.25,1,0.04125,0.08,19.487,0
2024-08-18 18:00,17.2,5.97,1,0.04125,0.08,19.473,0
2024-08-18 18:30,16.6,4.6,1,0.16625,0.08,19.462,0
2024-08-18 19:00,16.0,3.22,1,0.04125,0.08,19.438,0
2024-08-18 19:30,14.8,2.53,1,0.04125,0.08,19.405,0
2024-08-18 20:00,13.6,1.83,1,0.04125,0.08,19.364,0
2024-08-18 20:30,13.1,1.75,1,0.97875,0.08,19.381,0
2024-08-18 21:00,12.6,1.67,1,0.97875,0.08,19.395,0
2024-08-18 21:30,12.25,1.68,1,1.924583,0.08,19.469,0
2024-08-18 22:00,11.9,1.69,1,0.874583,0.08,19.469,0
2024-08-18 22:30,11.5,1.62,1,0.874583,0.08,19.467,0
2024-08-18 23:00,11.1,1.56,1,0.04125,0.08,19.405,0
2024-08-18 23:30,10.85,1.58,1,0.04125,0.08,19.343,0
2024-08-19 00:00,10.6,1.61,1,0.04125,0.08,19.278,0
2024-08-19 00:30,10.8,1.72,1,0.04125,0.08,19.216,0
2024-08-19 01:00,11.0,1.83,1,0.04125,0.08,19.156,0
2024-08-19 01:30,10.9,1.86,1,0.04125,0.08,19.096,0
2024-08-19 02:00,10.8,1.89,1,0.04125,0.08,19.035,0
2024-08-19 02:30,10.7,1.96,1,0.04125,0.08,18.974,0
2024-08-19 03:00,10.6,2.03,1,0.04125,0.08,18.913,0
2024-08-19 03:30,10.7,2.04,1,0.04125,0.08,18.853,0
2024-08-19 04:00,10.8,2.06,1,0.04125,0.08,18.794,0
2024-08-19 04:30,10.75,2.24,1,1.29125,0.08,18.818,0
2024-08-19 05:00,10.7,2.42,1,0.04125,0.08,18.759,0
2024-08-19 05:30,11.35,2.92,1,0.04125,0.08,18.705,0
2024-08-19 06:00,12.0,3.42,1,0.04125,0.08,18.657,0
2024-08-19 06:30,12.95,3.42,1,0.04125,0.08,18.616,0
2024-08-19 07:00,13.9,3.42,1,2.22875,0.08,18.728,0
2024-08-19 07:30,14.75,3.86,1,1.10375,0.08,18.772,0
2024-08-19 08:00,15.6,4.31,1,0.04125,0.08,18.75,0
2024-08-19 08:30,16.1,4.81,0,0.04125,0.08,18.733,0
2024-08-19 09:00,16.6,5.31,0,0.04125,0.08,18.719,0
2024-08-19 09:30,17.45,5.86,0,0.04125,0.08,18.712,0
2024-08-19 10:00,18.3,6.42,0,0.04125,0.08,18.712,0
2024-08-19 10:30,19.0,6.28,0,0.04125,0.08,19.0,0
2024-08-19 11:00,19.7,6.14,0,0.04125,0.08,19.7,0
2024-08-19 11:30,19.75,6.22,0,0.04125,0.08,19.75,0
2024-08-19 12:00,19.8,6.31,0,0.04125,0.08,19.8,0
2024-08-19 12:30,19.15,6.57,0,0.04125,0.08,19.798,0
2024-08-19 13:00,18.5,6.83,0,0.04125,0.08,19.791,0
2024-08-19 13:30,18.75,7.35,0,0.04125,0.08,19.785,0
2024-08-19 14:00,19.0,7.86,0,0.04125,0.08,19.782,0
2024-08-19 14:30,19.4,8.1,0,0.04125,0.08,19.782,0
2024-08-19 15:00,19.8,8.33,0,0.04125,0.08,19.8,0
2024-08-19 15:30,19.6,8.61,0,0.04125,0.08,19.801,0
2024-08-19 16:00,19.4,8.89,0,0.04125,0.08,19.801,0
2024-08-19 16:30,18.75,7.76,0,0.04125,0.08,19.796,0
2024-08-19 17:00,18.1,6.64,0,0.04125,0.08,19.785,0
2024-08-19 17:30,18.05,6.81,1,0.874583,0.08,19.831,0
2024-08-19 18:00,18.0,6.97,1,0.874583,0.08,19.875,0
2024-08-19 18:30,18.0,7.49,1,0.874583,0.08,19.919,0
2024-08-19 19:00,18.0,8.0,1,0.16625,0.08,19.916,0
2024-08-19 19:30,17.9,8.21,1,0.16625,0.08,19.911,0
2024-08-19 20:00,17.8,8.42,1,1.09125,0.08,19.968,0
2024-08-19 20:30,17.85,8.58,1,0.16625,0.08,19.963,0
2024-08-19 21:00,17.9,8.75,1,0.16625,0.08,19.958,0
2024-08-19 21:30,17.95,8.25,1,0.04125,0.08,19.946,0
2024-08-19 22:00,18.0,7.75,1,2.34125,0.08,20.087,0
2024-08-19 22:30,18.05,7.17,1,0.16625,0.08,20.083,0
2024-08-19 23:00,18.1,6.58,1,0.04125,0.08,20.07,0
2024-08-19 23:30,17.7,5.71,1,0.04125,0.08,20.055,0
2024-08-20 00:00,17.3,4.83,1,0.04125,0.08,20.037,0
2024-08-20 00:30,17.0,4.57,1,0.04125,0.08,20.016,0
2024-08-20 01:00,16.7,4.31,1,0.04125,0.08,19.994,0
2024-08-20 01:30,16.4,4.39,1,0.04125,0.08,19.969,0
2024-08-20 02:00,16.1,4.47,1,0.04125,0.08,19.942,0
2024-08-20 02:30,15.8,4.64,1,0.04125,0.08,19.913,0
2024-08-20 03:00,15.5,4.81,1,0.04125,0.08,19.882,0
2024-08-20 03:30,15.5,4.53,1,0.04125,0.08,19.851,0
2024-08-20 04:00,15.5,4.25,1,0.04125,0.08,19.821,0
2024-08-20 04:30,15.3,4.28,1,0.04125,0.08,19.789,0
2024-08-20 05:00,15.1,4.31,1,0.04125,0.08,19.756,0
2024-08-20 05:30,15.3,4.43,1,0.04125,0.08,19.724,0
2024-08-20 06:00,15.5,4.56,1,0.04125,0.08,19.695,0
2024-08-20 06:30,16.15,4.69,1,0.04125,0.08,19.67,0
2024-08-20 07:00,16.8,4.83,1,0.04125,0.08,19.651,0
2024-08-20 07:30,17.35,5.69,1,1.22875,0.08,19.716,0
2024-08-20 08:00,17.9,6.56,1,0.97875,0.08,19.767,0
2024-08-20 08:30,17.9,6.6,0,0.04125,0.08,19.756,0
2024-08-20 09:00,17.9,6.64,0,0.04125,0.08,19.744,0
2024-08-20 09:30,17.8,6.44,0,0.04125,0.08,19.732,0
2024-08-20 10:00,17.7,6.25,0,0.04125,0.08,19.719,0
2024-08-20 10:30,17.95,6.54,0,0.04125,0.08,19.709,0
2024-08-20 11:00,18.2,6.83,0,0.04125,0.08,19.7,0
2024-08-20 11:30,18.55,6.74,0,0.04125,0.08,19.694,0
2024-08-20 12:00,18.9,6.64,0,0.04125,0.08,19.69,0
2024-08-20 12:30,19.1,6.99,0,0.04125,0.08,19.689,0
2024-08-20 13:00,19.3,7.33,0,0.04125,0.08,19.688,0
2024-08-20 13:30,19.2,7.75,0,0.04125,0.08,19.687,0
2024-08-20 14:00,19.1,8.17,0,0.04125,0.08,19.686,0
2024-08-20 14:30,18.6,7.86,0,0.04125,0.08,19.68,0
2024-08-20 15:00,18.1,7.56,0,0.04125,0.08,19.671,0
2024-08-20 15:30,17.95,7.6,0,0.04125,0.08,19.66,0
2024-08-20 16:00,17.8,7.64,0,0.04125,0.08,19.649,0
2024-08-20 16:30,17.35,7.89,0,0.04125,0.08,19.634,0
2024-08-20 17:00,16.9,8.14,0,0.04125,0.08,19.616,0
2024-08-20 17:30,16.45,7.47,1,0.16625,0.08,19.603,0
2024-08-20 18:00,16.0,6.81,1,2.34125,0.08,19.732,0
2024-08-20 18:30,15.4,6.92,1,1.29125,0.08,19.785,0
2024-08-20 19:00,14.8,7.03,1,0.16625,0.08,19.758,0
2024-08-20 19:30,14.4,6.71,1,0.04125,0.08,19.72,0
2024-08-20 20:00,14.0,6.39,1,1.41625,0.08,19.77,0
2024-08-20 20:30,13.65,6.28,1,0.04125,0.08,19.726,0
2024-08-20 21:00,13.3,6.17,1,0.04125,0.08,19.68,0
2024-08-20 21:30,13.3,6.06,1,0.16625,0.08,19.642,0
2024-08-20 22:00,13.3,5.94,1,0.04125,0.08,19.596,0
2024-08-20 22:30,13.25,5.94,1,1.09125,0.08,19.621,0
2024-08-20 23:00,13.2,5.94,1,0.04125,0.08,19.574,0
2024-08-20 23:30,13.0,5.9,1,0.04125,0.08,19.527,0
2024-08-21 00:00,12.8,5.86,1,0.04125,0.08,19.478,0
2024-08-21 00:30,12.75,6.14,1,0.04125,0.08,19.429,0
2024-08-21 01:00,12.7,6.42,1,0.04125,0.08,19.381,0
2024-08-21 01:30,12.6,6.42,1,0.04125,0.08,19.331,0
2024-08-21 02:00,12.5,6.42,1,0.04125,0.08,19.282,0
2024-08-21 02:30,12.4,6.36,1,0.04125,0.08,19.232,0
2024-08-21 03:00,12.3,6.31,1,0.04125,0.08,19.182,0
2024-08-21 03:30,12.25,6.21,1,0.04125,0.08,19.131,0
2024-08-21 04:00,12.2,6.11,1,1.29125,0.08,19.165,0
2024-08-21 04:30,12.15,5.86,1,0.04125,0.08,19.114,0
2024-08-21 05:00,12.1,5.61,1,0.04125,0.08,19.063,0
2024-08-21 05:30,12.35,5.51,1,0.04125,0.08,19.014,0
2024-08-21 06:00,12.6,5.42,1,0.04125,0.08,18.968,0
2024-08-21 06:30,13.2,5.08,1,1.29125,0.08,19.01,0
2024-08-21 07:00,13.8,4.75,1,1.34125,0.08,19.06,0
2024-08-21 07:30,14.25,5.85,1,0.04125,0.08,19.026,0
2024-08-21 08:00,14.7,6.94,1,0.999583,0.08,19.059,0
2024-08-21 08:30,15.0,6.76,0,0.874583,0.08,19.087,0
2024-08-21 09:00,15.3,6.58,0,0.874583,0.08,19.116,0
2024-08-21 09:30,16.15,6.82,0,0.04125,0.08,19.096,0
2024-08-21 10:00,17.0,7.06,0,0.04125,0.08,19.083,0
2024-08-21 10:30,17.3,7.22,0,0.04125,0.08,19.072,0
2024-08-21 11:00,17.6,7.39,0,0.04125,0.08,19.064,0
2024-08-21 11:30,17.85,7.51,0,0.04125,0.08,19.057,0
2024-08-21 12:00,18.1,7.64,0,0.04125,0.08,19.053,0
2024-08-21 12:30,18.0,7.42,0,0.04125,0.08,19.047,0
2024-08-21 13:00,17.9,7.19,0,0.04125,0.08,19.041,0
2024-08-21 13:30,18.05,7.28,0,0.04125,0.08,19.036,0
2024-08-21 14:00,18.2,7.36,0,0.04125,0.08,19.033,0
2024-08-21 14:30,17.9,7.18,0,0.04125,0.08,19.027,0
2024-08-21 15:00,17.6,7.0,0,0.04125,0.08,19.019,0
2024-08-21 15:30,17.5,6.81,0,0.04125,0.08,19.01,0
2024-08-21 16:00,17.4,6.61,0,0.04125,0.08,19.0,0
2024-08-21 16:30,17.35,6.62,0,0.04125,0.08,18.99,0
2024-08-21 17:00,17.3,6.64,0,0.04125,0.08,18.98,0
2024-08-21 17:30,17.25,6.56,1,0.04125,0.08,18.97,0
2024-08-21 18:00,17.2,6.47,1,0.04125,0.08,18.959,0
2024-08-21 18:30,17.1,6.75,1,0.16625,0.08,18.956,0
2024-08-21 19:00,17.0,7.03,1,2.22875,0.08,19.09,0
2024-08-21 19:30,16.9,6.83,1,0.97875,0.08,19.138,0
2024-08-21 20:00,16.8,6.64,1,1.09125,0.08,19.194,0
2024-08-21 20:30,16.75,6.46,1,0.16625,0.08,19.186,0
2024-08-21 21:00,16.7,6.28,1,1.10375,0.08,19.241,0
2024-08-21 21:30,16.6,6.24,1,0.97875,0.08,19.286,0
2024-08-21 22:00,16.5,6.19,1,0.04125,0.08,19.267,0
2024-08-21 22:30,16.45,6.65,1,0.04125,0.08,19.249,0
2024-08-21 23:00,16.4,7.11,1,0.04125,0.08,19.229,0
2024-08-21 23:30,16.4,7.67,1,0.04125,0.08,19.211,0
2024-08-22 00:00,16.4,8.22,1,0.04125,0.08,19.192,0
2024-08-22 00:30,16.15,7.72,1,0.04125,0.08,19.171,0
2024-08-22 01:00,15.9,7.22,1,0.04125,0.08,19.149,0
2024-08-22 01:30,15.8,7.03,1,0.04125,0.08,19.126,0
2024-08-22 02:00,15.7,6.83,1,1.29125,0.08,19.186,0
2024-08-22 02:30,15.6,7.67,1,0.04125,0.08,19.162,0
2024-08-22 03:00,15.5,8.5,1,0.04125,0.08,19.136,0
2024-08-22 03:30,15.55,8.49,1,0.04125,0.08,19.112,0
2024-08-22 04:00,15.6,8.47,1,0.04125,0.08,19.087,0
2024-08-22 04:30,15.7,8.5,1,0.04125,0.08,19.064,0
2024-08-22 05:00,15.8,8.53,1,0.04125,0.08,19.042,0
2024-08-22 05:30,16.1,8.53,1,0.04125,0.08,19.022,0
2024-08-22 06:00,16.4,8.53,1,1.29125,0.08,19.089,0
2024-08-22 06:30,16.8,8.71,1,0.04125,0.08,19.074,0
2024-08-22 07:00,17.2,8.89,1,1.09125,0.08,19.132,0
2024-08-22 07:30,17.5,8.74,1,0.04125,0.08,19.123,0
2024-08-22 08:00,17.8,8.58,1,0.04125,0.08,19.115,0
2024-08-22 08:30,18.2,7.08,0,0.04125,0.08,19.111,0
2024-08-22 09:00,18.6,5.58,0,0.04125,0.08,19.11,0
2024-08-22 09:30,19.05,6.54,0,0.04125,0.08,19.112,0
2024-08-22 10:00,19.5,7.5,0,0.04125,0.08,19.5,0
2024-08-22 10:30,19.65,7.25,0,0.04125,0.08,19.65,0
2024-08-22 11:00,19.8,7.0,0,0.04125,0.08,19.8,0
2024-08-22 11:30,19.3,6.5,0,0.04125,0.08,19.799,0
2024-08-22 12:00,18.8,6.0,0,0.04125,0.08,19.794,0
2024-08-22 12:30,18.8,6.19,0,0.04125,0.08,19.789,0
2024-08-22 13:00,18.8,6.39,0,0.04125,0.08,19.784,0
2024-08-22 13:30,18.1,5.99,0,0.04125,0.08,19.774,0
2024-08-22 14:00,17.4,5.58,0,0.04125,0.08,19.759,0
2024-08-22 14:30,17.35,5.18,0,0.04125,0.08,19.743,0
2024-08-22 15:00,17.3,4.78,0,0.04125,0.08,19.727,0
2024-08-22 15:30,17.05,5.25,0,0.04125,0.08,19.709,0
2024-08-22 16:00,16.8,5.72,0,0.04125,0.08,19.69,0
2024-08-22 16:30,16.5,5.03,0,0.04125,0.08,19.668,0
2024-08-22 17:00,16.2,4.33,0,0.04125,0.08,19.645,0
2024-08-22 17:30,16.05,4.11,1,0.29125,0.08,19.636,0
2024-08-22 18:00,15.9,3.89,1,1.09125,0.08,19.681,0
2024-08-22 18:30,15.5,3.6,1,0.04125,0.08,19.652,0
2024-08-22 19:00,15.1,3.31,1,0.04125,0.08,19.619,0
2024-08-22 19:30,14.95,2.46,1,0.04125,0.08,19.587,0
2024-08-22 20:00,14.8,1.61,1,1.10375,0.08,19.624,0
2024-08-22 20:30,14.6,1.92,1,1.10375,0.08,19.659,0
2024-08-22 21:00,14.4,2.22,1,1.29125,0.08,19.705,0
2024-08-22 21:30,14.2,2.56,1,0.04125,0.08,19.666,0
2024-08-22 22:00,14.0,2.89,1,0.16625,0.08,19.633,0
2024-08-22 22:30,13.9,3.19,1,0.16625,0.08,19.601,0
2024-08-22 23:00,13.8,3.5,1,0.04125,0.08,19.559,0
2024-08-22 23:30,13.85,3.71,1,0.04125,0.08,19.518,0
2024-08-23 00:00,13.9,3.92,1,0.04125,0.08,19.478,0
2024-08-23 00:30,13.35,4.33,1,0.04125,0.08,19.434,0
2024-08-23 01:00,12.8,4.75,1,0.04125,0.08,19.386,0
2024-08-23 01:30,12.9,5.08,1,0.04125,0.08,19.339,0
2024-08-23 02:00,13.0,5.42,1,0.04125,0.08,19.293,0
2024-08-23 02:30,13.6,6.81,1,0.04125,0.08,19.252,0
2024-08-23 03:00,14.2,8.19,1,0.04125,0.08,19.216,0
2024-08-23 03:30,14.75,8.99,1,0.04125,0.08,19.185,0
2024-08-23 04:00,15.3,9.78,1,0.04125,0.08,19.158,0
2024-08-23 04:30,15.85,9.94,1,1.29125,0.08,19.219,0
2024-08-23 05:00,16.4,10.11,1,0.04125,0.08,19.2,0
2024-08-23 05:30,16.15,12.01,1,0.04125,0.08,19.179,0
2024-08-23 06:00,15.9,13.92,1,0.04125,0.08,19.157,0
2024-08-23 06:30,15.0,13.42,1,0.04125,0.08,19.128,0
2024-08-23 07:00,14.1,12.92,1,0.04125,0.08,19.092,0
2024-08-23 07:30,14.4,12.56,1,1.09125,0.08,19.129,0
2024-08-23 08:00,14.7,12.19,1,1.41625,0.08,19.19,0
2024-08-23 08:30,15.2,12.19,0,0.04125,0.08,19.162,0
2024-08-23 09:00,15.7,12.19,0,0.04125,0.08,19.139,0
2024-08-23 09:30,16.1,11.54,0,0.04125,0.08,19.118,0
2024-08-23 10:00,16.5,10.89,0,0.04125,0.08,19.101,0
2024-08-23 10:30,16.95,10.4,0,0.04125,0.08,19.087,0
2024-08-23 11:00,17.4,9.92,0,0.04125,0.08,19.077,0
2024-08-23 11:30,17.85,9.97,0,0.04125,0.08,19.07,0
2024-08-23 12:00,18.3,10.03,0,0.04125,0.08,19.067,0
2024-08-23 12:30,17.9,9.42,0,0.04125,0.08,19.061,0
2024-08-23 13:00,17.5,8.81,0,0.04125,0.08,19.052,0
2024-08-23 13:30,17.7,8.6,0,0.04125,0.08,19.044,0
2024-08-23 14:00,17.9,8.39,0,0.04125,0.08,19.038,0
2024-08-23 14:30,18.15,7.71,0,0.04125,0.08,19.034,0
2024-08-23 15:00,18.4,7.03,0,0.04125,0.08,19.032,0
2024-08-23 15:30,18.2,7.06,0,0.04125,0.08,19.028,0
2024-08-23 16:00,18.0,7.08,0,0.04125,0.08,19.023,0
2024-08-23 16:30,17.8,6.94,0,0.04125,0.08,19.017,0
2024-08-23 17:00,17.6,6.81,0,0.04125,0.08,19.009,0
2024-08-23 17:30,17.35,5.82,1,0.16625,0.08,19.007,0
2024-08-23 18:00,17.1,4.83,1,0.04125,0.08,18.995,0
2024-08-23 18:30,16.35,4.08,1,0.16625,0.08,18.986,0
2024-08-23 19:00,15.6,3.33,1,2.59125,0.08,19.133,0
2024-08-23 19:30,15.05,3.32,1,2.40375,0.08,19.263,0
2024-08-23 20:00,14.5,3.31,1,1.812083,0.08,19.347,0
2024-08-23 20:30,14.5,3.5,1,0.874583,0.08,19.369,0
2024-08-23 21:00,14.5,3.69,1,0.874583,0.08,19.39,0
2024-08-23 21:30,14.2,3.43,1,1.21625,0.08,19.432,0
2024-08-23 22:00,13.9,3.17,1,0.16625,0.08,19.4,0
2024-08-23 22:30,13.8,3.57,1,0.04125,0.08,19.36,0
2024-08-23 23:00,13.7,3.97,1,0.04125,0.08,19.32,0
2024-08-23 23:30,13.65,4.0,1,0.04125,0.08,19.279,0
2024-08-24 00:00,13.6,4.03,1,0.04125,0.08,19.238,0
2024-08-24 00:30,13.85,4.07,1,0.04125,0.08,19.2,0
2024-08-24 01:00,14.1,4.11,1,0.04125,0.08,19.164,0
2024-08-24 01:30,13.95,4.1,1,0.04125,0.08,19.126,0
2024-08-24 02:00,13.8,4.08,1,0.04125,0.08,19.088,0
2024-08-24 02:30,13.55,3.92,1,1.29125,0.08,19.132,0
2024-08-24 03:00,13.3,3.75,1,0.04125,0.08,19.09,0
2024-08-24 03:30,13.2,3.58,1,0.04125,0.08,19.048,0
2024-08-24 04:00,13.1,3.42,1,0.04125,0.08,19.005,0
2024-08-24 04:30,13.0,3.61,1,0.04125,0.08,18.962,0
2024-08-24 05:00,12.9,3.81,1,0.04125,0.08,18.919,0
2024-08-24 05:30,13.0,4.0,1,0.04125,0.08,18.876,0
2024-08-24 06:00,13.1,4.19,1,1.29125,0.08,18.918,0
2024-08-24 06:30,13.5,4.79,1,0.04125,0.08,18.879,0
2024-08-24 07:00,13.9,5.39,1,0.04125,0.08,18.844,0
2024-08-24 07:30,14.0,5.1,1,0.04125,0.08,18.81,0
2024-08-24 08:00,14.1,4.81,1,0.04125,0.08,18.776,0
2024-08-24 08:30,14.2,4.68,1,0.04125,0.08,18.744,0
2024-08-24 09:00,14.3,4.56,1,0.04125,0.08,18.713,0
2024-08-24 09:30,14.5,4.57,1,0.04125,0.08,18.683,0
2024-08-24 10:00,14.7,4.58,1,0.04125,0.08,18.656,0
2024-08-24 10:30,14.8,4.12,1,0.04125,0.08,18.629,0
2024-08-24 11:00,14.9,3.67,1,0.04125,0.08,18.603,0
2024-08-24 11:30,14.7,3.44,1,0.04125,0.08,18.576,0
2024-08-24 12:00,14.5,3.22,1,0.04125,0.08,18.548,0
2024-08-24 12:30,15.75,3.89,1,0.04125,0.08,18.529,0
2024-08-24 13:00,17.0,4.56,1,0.04125,0.08,18.52,0
2024-08-24 13:30,17.1,4.99,1,0.04125,0.08,18.512,0
2024-08-24 14:00,17.2,5.42,1,0.04125,0.08,18.505,0
2024-08-24 14:30,17.35,5.67,1,0.04125,0.08,18.498,0
2024-08-24 15:00,17.5,5.92,1,0.16625,0.08,18.502,0
2024-08-24 15:30,17.35,6.26,1,1.29125,0.08,18.579,0
2024-08-24 16:00,17.2,6.61,1,0.16625,0.08,18.58,0
2024-08-24 16:30,16.65,6.82,1,0.97875,0.08,18.631,0
2024-08-24 17:00,16.1,7.03,1,1.10375,0.08,18.685,0
2024-08-24 17:30,15.55,6.71,1,0.04125,0.08,18.664,0
2024-08-24 18:00,15.0,6.39,1,0.04125,0.08,18.639,0
2024-08-24 18:30,14.35,6.06,1,0.04125,0.08,18.608,0
2024-08-24 19:00,13.7,5.72,1,0.04125,0.08,18.574,0
2024-08-24 19:30,13.35,5.76,1,0.04125,0.08,18.536,0
2024-08-24 20:00,13.0,5.81,1,0.16625,0.08,18.505,0
2024-08-24 20:30,12.95,5.75,1,0.16625,0.08,18.474,0
2024-08-24 21:00,12.9,5.69,1,0.874583,0.08,18.49,0
2024-08-24 21:30,12.75,5.65,1,0.874583,0.08,18.504,0
2024-08-24 22:00,12.6,5.61,1,2.049583,0.08,18.596,0
2024-08-24 22:30,12.25,5.26,1,1.09125,0.08,18.62,0
2024-08-24 23:00,11.9,4.92,1,0.04125,0.08,18.572,0
2024-08-24 23:30,11.7,4.81,1,0.04125,0.08,18.522,0
2024-08-25 00:00,11.5,4.69,1,0.04125,0.08,18.471,0
2024-08-25 00:30,11.5,4.12,1,0.04125,0.08,18.42,0
2024-08-25 01:00,11.5,3.56,1,0.04125,0.08,18.37,0
2024-08-25 01:30,11.4,3.38,1,0.04125,0.08,18.319,0
2024-08-25 02:00,11.3,3.19,1,0.04125,0.08,18.268,0
2024-08-25 02:30,11.35,3.56,1,0.04125,0.08,18.218,0
2024-08-25 03:00,11.4,3.92,1,1.29125,0.08,18.252,0
2024-08-25 03:30,11.2,4.22,1,0.04125,0.08,18.201,0
2024-08-25 04:00,11.0,4.53,1,0.04125,0.08,18.149,0
2024-08-25 04:30,10.9,4.54,1,0.04125,0.08,18.096,0
2024-08-25 05:00,10.8,4.56,1,0.04125,0.08,18.043,0
2024-08-25 05:30,11.0,4.82,1,0.04125,0.08,17.992,0
2024-08-25 06:00,11.2,5.08,1,0.04125,0.08,17.943,0
2024-08-25 06:30,11.95,5.43,1,0.04125,0.08,17.899,0
2024-08-25 07:00,12.7,5.78,1,0.04125,0.08,17.862,0
2024-08-25 07:30,13.4,5.93,1,0.04125,0.08,17.831,0
2024-08-25 08:00,14.1,6.08,1,1.29125,0.08,17.889,0
2024-08-25 08:30,14.7,6.58,1,0.04125,0.08,17.867,0
2024-08-25 09:00,15.3,7.08,1,1.29125,0.08,17.934,0
2024-08-25 09:30,15.95,7.47,1,0.04125,0.08,17.921,0
2024-08-25 10:00,16.6,7.86,1,0.04125,0.08,17.914,0
2024-08-25 10:30,16.65,8.18,1,0.04125,0.08,17.907,0
2024-08-25 11:00,16.7,8.5,1,0.04125,0.08,17.901,0
2024-08-25 11:30,17.1,9.46,1,0.04125,0.08,17.897,0
2024-08-25 12:00,17.5,10.42,1,0.04125,0.08,17.897,0
2024-08-25 12:30,17.05,9.85,1,0.04125,0.08,17.893,0
2024-08-25 13:00,16.6,9.28,1,0.04125,0.08,17.886,0
2024-08-25 13:30,16.8,9.39,1,1.34125,0.08,17.967,0
2024-08-25 14:00,17.0,9.5,1,1.34125,0.08,18.05,0
2024-08-25 14:30,17.1,9.26,1,1.09125,0.08,18.115,0
2024-08-25 15:00,17.2,9.03,1,0.04125,0.08,18.111,0
2024-08-25 15:30,16.95,8.47,1,0.999583,0.08,18.169,0
2024-08-25 16:00,16.7,7.92,1,0.999583,0.08,18.225,0
2024-08-25 16:30,16.9,7.62,1,0.999583,0.08,18.281,0
2024-08-25 17:00,17.1,7.33,1,0.04125,0.08,18.275,0
2024-08-25 17:30,17.0,7.12,1,0.04125,0.08,18.268,0
2024-08-25 18:00,16.9,6.92,1,1.10375,0.08,18.331,0
2024-08-25 18:30,16.45,6.9,1,2.15375,0.08,18.461,0
2024-08-25 19:00,16.0,6.89,1,0.04125,0.08,18.445,0
2024-08-25 19:30,15.65,6.68,1,0.04125,0.08,18.426,0
2024-08-25 20:00,15.3,6.47,1,0.16625,0.08,18.413,0
2024-08-25 20:30,15.15,6.18,1,0.04125,0.08,18.391,0
2024-08-25 21:00,15.0,5.89,1,0.04125,0.08,18.368,0
2024-08-25 21:30,15.05,5.92,1,0.04125,0.08,18.345,0
2024-08-25 22:00,15.1,5.94,1,0.04125,0.08,18.323,0
2024-08-25 22:30,15.05,5.85,1,0.04125,0.08,18.301,0
2024-08-25 23:00,15.0,5.75,1,0.04125,0.08,18.278,0
2024-08-25 23:30,14.9,5.78,1,0.04125,0.08,18.255,0
2024-08-26 00:00,14.8,5.81,1,0.04125,0.08,18.232,0
2024-08-26 00:30,14.65,5.68,1,0.04125,0.08,18.207,0
2024-08-26 01:00,14.5,5.56,1,1.29125,0.08,18.265,0
2024-08-26 01:30,14.4,5.38,1,0.04125,0.08,18.238,0
2024-08-26 02:00,14.3,5.19,1,0.04125,0.08,18.211,0
2024-08-26 02:30,14.15,5.07,1,0.04125,0.08,18.182,0
2024-08-26 03:00,14.0,4.94,1,0.04125,0.08,18.153,0
2024-08-26 03:30,13.9,4.71,1,1.29125,0.08,18.207,0
2024-08-26 04:00,13.8,4.47,1,0.04125,0.08,18.176,0
2024-08-26 04:30,13.55,4.22,1,0.04125,0.08,18.143,0
2024-08-26 05:00,13.3,3.97,1,0.04125,0.08,18.109,0
2024-08-26 05:30,13.65,4.18,1,0.04125,0.08,18.078,0
2024-08-26 06:00,14.0,4.39,1,0.04125,0.08,18.049,0
2024-08-26 06:30,14.7,4.67,1,0.04125,0.08,18.026,0
2024-08-26 07:00,15.4,4.94,1,0.04125,0.08,18.009,0
2024-08-26 07:30,15.95,4.71,1,1.10375,0.08,18.067,0
2024-08-26 08:00,16.5,4.47,1,1.10375,0.08,18.129,0
2024-08-26 08:30,16.9,4.96,0,0.04125,0.08,18.122,0
2024-08-26 09:00,17.3,5.44,0,0.04125,0.08,18.118,0
2024-08-26 09:30,17.85,5.39,0,0.04125,0.08,18.119,0
2024-08-26 10:00,18.4,5.33,0,0.04125,0.08,18.4,0
2024-08-26 10:30,18.65,5.04,0,0.04125,0.08,18.65,0
2024-08-26 11:00,18.9,4.75,0,0.04125,0.08,18.9,0
2024-08-26 11:30,19.25,5.04,0,0.04125,0.08,19.25,0
2024-08-26 12:00,19.6,5.33,0,0.04125,0.08,19.6,0
2024-08-26 12:30,19.3,5.15,0,0.04125,0.08,19.6,0
2024-08-26 13:00,19.0,4.97,0,0.04125,0.08,19.599,0
2024-08-26 13:30,19.45,4.87,0,0.04125,0.08,19.6,0
2024-08-26 14:00,19.9,4.78,0,0.04125,0.08,19.9,0
2024-08-26 14:30,20.0,4.99,0,0.04125,0.08,20.0,0
2024-08-26 15:00,20.1,5.19,0,0.04125,0.08,20.1,0
2024-08-26 15:30,19.9,5.12,0,0.04125,0.08,20.101,0
2024-08-26 16:00,19.7,5.06,0,0.04125,0.08,20.101,0
2024-08-26 16:30,19.6,4.75,0,0.04125,0.08,20.1,0
2024-08-26 17:00,19.5,4.44,0,0.04125,0.08,20.098,0
2024-08-26 17:30,19.35,3.57,1,0.04125,0.08,20.095,0
2024-08-26 18:00,19.2,2.69,1,0.04125,0.08,20.091,0
2024-08-26 18:30,18.3,2.36,1,0.16625,0.08,20.088,0
2024-08-26 19:00,17.4,2.03,1,1.09125,0.08,20.141,0
2024-08-26 19:30,17.2,2.57,1,1.09125,0.08,20.191,0
2024-08-26 20:00,17.0,3.11,1,1.41625,0.08,20.261,0
2024-08-26 20:30,17.1,3.26,1,0.04125,0.08,20.24,0
2024-08-26 21:00,17.2,3.42,1,0.04125,0.08,20.219,0
2024-08-26 21:30,17.05,3.49,1,0.04125,0.08,20.198,0
2024-08-26 22:00,16.9,3.56,1,0.16625,0.08,20.184,0
2024-08-26 22:30,16.8,3.72,1,0.16625,0.08,20.169,0
2024-08-26 23:00,16.7,3.89,1,0.04125,0.08,20.145,0
2024-08-26 23:30,16.55,4.21,1,0.04125,0.08,20.12,0
2024-08-27 00:00,16.4,4.53,1,0.04125,0.08,20.095,0
2024-08-27 00:30,16.2,4.71,1,0.04125,0.08,20.068,0
2024-08-27 01:00,16.0,4.89,1,0.04125,0.08,20.039,0
2024-08-27 01:30,15.6,5.04,1,0.04125,0.08,20.008,0
2024-08-27 02:00,15.2,5.19,1,0.04125,0.08,19.974,0
2024-08-27 02:30,15.15,5.42,1,0.04125,0.08,19.94,0
2024-08-27 03:00,15.1,5.64,1,1.29125,0.08,19.989,0
2024-08-27 03:30,15.05,5.49,1,0.04125,0.08,19.954,0
2024-08-27 04:00,15.0,5.33,1,0.04125,0.08,19.919,0
2024-08-27 04:30,15.05,5.33,1,0.04125,0.08,19.884,0
2024-08-27 05:00,15.1,5.33,1,0.04125,0.08,19.851,0
2024-08-27 05:30,15.35,5.44,1,0.04125,0.08,19.819,0
2024-08-27 06:00,15.6,5.56,1,0.04125,0.08,19.789,0
2024-08-27 06:30,16.1,5.58,1,0.04125,0.08,19.764,0
2024-08-27 07:00,16.6,5.61,1,1.09125,0.08,19.813,0
2024-08-27 07:30,16.95,6.15,1,0.29125,0.08,19.81,0
2024-08-27 08:00,17.3,6.69,1,0.04125,0.08,19.794,0
2024-08-27 08:30,17.65,7.22,0,0.04125,0.08,19.78,0
2024-08-27 09:00,18.0,7.75,0,0.04125,0.08,19.769,0
2024-08-27 09:30,18.95,8.01,0,0.04125,0.08,19.766,0
2024-08-27 10:00,19.9,8.28,0,0.04125,0.08,19.9,0
2024-08-27 10:30,20.4,8.35,0,0.04125,0.08,20.4,0
2024-08-27 11:00,20.9,8.42,0,0.04125,0.08,20.9,0
2024-08-27 11:30,20.8,8.01,0,0.04125,0.08,20.902,0
2024-08-27 12:00,20.7,7.61,0,0.04125,0.08,20.903,0
2024-08-27 12:30,20.0,6.42,0,0.04125,0.08,20.899,0
2024-08-27 13:00,19.3,5.22,0,0.04125,0.08,20.89,0
2024-08-27 13:30,19.8,5.72,0,0.04125,0.08,20.884,0
2024-08-27 14:00,20.3,6.22,0,0.04125,0.08,20.882,0
2024-08-27 14:30,20.95,6.22,0,0.04125,0.08,20.95,0
2024-08-27 15:00,21.6,6.22,0,0.04125,0.08,21.6,0
2024-08-27 15:30,21.25,5.6,0,0.04125,0.08,21.6,0
2024-08-27 16:00,20.9,4.97,0,0.04125,0.08,21.597,0
2024-08-27 16:30,20.2,4.46,0,0.04125,0.08,21.59,0
2024-08-27 17:00,19.5,3.94,0,0.04125,0.08,21.576,0
2024-08-27 17:30,19.2,3.79,1,0.04125,0.08,21.561,0
2024-08-27 18:00,18.9,3.64,1,1.10375,0.08,21.614,0
2024-08-27 18:30,18.45,3.79,1,0.97875,0.08,21.655,0
2024-08-27 19:00,18.0,3.94,1,0.16625,0.08,21.639,0
2024-08-27 19:30,17.55,4.11,1,1.29125,0.08,21.694,0
2024-08-27 20:00,17.1,4.28,1,1.09125,0.08,21.731,0
2024-08-27 20:30,17.0,4.64,1,0.04125,0.08,21.698,0
2024-08-27 21:00,16.9,5.0,1,0.16625,0.08,21.672,0
2024-08-27 21:30,16.8,4.75,1,0.97875,0.08,21.7,0
2024-08-27 22:00,16.7,4.5,1,2.22875,0.08,21.811,0
2024-08-27 22:30,16.4,4.24,1,0.16625,0.08,21.781,0
2024-08-27 23:00,16.1,3.97,1,0.04125,0.08,21.74,0
2024-08-27 23:30,15.75,3.99,1,0.04125,0.08,21.697,0
2024-08-28 00:00,15.4,4.0,1,1.29125,0.08,21.735,0
2024-08-28 00:30,15.15,3.33,1,1.29125,0.08,21.771,0
2024-08-28 01:00,14.9,2.67,1,0.04125,0.08,21.721,0
2024-08-28 01:30,15.0,3.08,1,0.04125,0.08,21.673,0
2024-08-28 02:00,15.1,3.5,1,0.04125,0.08,21.625,0
2024-08-28 02:30,14.9,3.6,1,0.04125,0.08,21.576,0
2024-08-28 03:00,14.7,3.69,1,1.29125,0.08,21.61,0
2024-08-28 03:30,14.8,3.75,1,0.04125,0.08,21.561,0
2024-08-28 04:00,14.9,3.81,1,0.04125,0.08,21.512,0
2024-08-28 04:30,14.9,3.76,1,0.04125,0.08,21.465,0
2024-08-28 05:00,14.9,3.72,1,0.04125,0.08,21.417,0
2024-08-28 05:30,14.7,3.64,1,0.04125,0.08,21.368,0
2024-08-28 06:00,14.5,3.56,1,0.04125,0.08,21.319,0
2024-08-28 06:30,14.95,3.42,1,0.04125,0.08,21.273,0
2024-08-28 07:00,15.4,3.28,1,0.04125,0.08,21.23,0
2024-08-28 07:30,16.3,3.25,1,0.04125,0.08,21.195,0
2024-08-28 08:00,17.2,3.22,1,0.04125,0.08,21.168,0
2024-08-28 08:30,18.05,3.39,0,0.04125,0.08,21.146,0
2024-08-28 09:00,18.9,3.56,0,0.04125,0.08,21.132,0
2024-08-28 09:30,19.4,4.04,0,0.04125,0.08,21.122,0
2024-08-28 10:00,19.9,4.53,0,0.04125,0.08,21.115,0
2024-08-28 10:30,20.4,4.88,0,0.04125,0.08,21.112,0
2024-08-28 11:00,20.9,5.22,0,0.04125,0.08,21.113,0
2024-08-28 11:30,21.35,5.04,0,0.04125,0.08,21.35,0
2024-08-28 12:00,21.8,4.86,0,0.04125,0.08,21.8,0
2024-08-28 12:30,22.95,5.07,0,0.04125,0.08,22.95,0
2024-08-28 13:00,24.1,5.28,0,0.04125,0.08,24.1,0
2024-08-28 13:30,24.0,5.64,0,0.04125,0.08,24.102,0
2024-08-28 14:00,23.9,6.0,0,0.04125,0.08,24.103,0
2024-08-28 14:30,23.75,5.86,0,0.04125,0.08,24.103,0
2024-08-28 15:00,23.6,5.72,0,0.04125,0.08,24.102,0
2024-08-28 15:30,23.05,5.1,0,0.04125,0.08,24.097,0
2024-08-28 16:00,22.5,4.47,0,0.04125,0.08,24.087,0
2024-08-28 16:30,22.0,4.31,0,0.04125,0.08,24.074,0
2024-08-28 17:00,21.5,4.14,0,0.04125,0.08,24.057,0
2024-08-28 17:30,20.7,3.85,1,0.04125,0.08,24.034,0
2024-08-28 18:00,19.9,3.56,1,0.04125,0.08,24.005,0
2024-08-28 18:30,19.25,3.01,1,0.04125,0.08,23.972,0
2024-08-28 19:00,18.6,2.47,1,0.04125,0.08,23.933,0
2024-08-28 19:30,18.3,2.49,1,2.15375,0.08,24.034,0
2024-08-28 20:00,18.0,2.5,1,1.10375,0.08,24.062,0
2024-08-28 20:30,17.45,3.07,1,1.09125,0.08,24.084,0
2024-08-28 21:00,16.9,3.64,1,1.35375,0.08,24.12,0
2024-08-28 21:30,16.4,3.72,1,0.97875,0.08,24.126,0
2024-08-28 22:00,15.9,3.81,1,0.16625,0.08,24.074,0
2024-08-28 22:30,15.45,3.81,1,0.04125,0.08,24.011,0
2024-08-28 23:00,15.0,3.81,1,0.04125,0.08,23.945,0
2024-08-28 23:30,14.55,3.87,1,0.04125,0.08,23.876,0
2024-08-29 00:00,14.1,3.94,1,0.04125,0.08,23.803,0
2024-08-29 00:30,13.95,3.6,1,0.04125,0.08,23.731,0
2024-08-29 01:00,13.8,3.25,1,0.04125,0.08,23.658,0
2024-08-29 01:30,13.65,3.12,1,0.04125,0.08,23.584,0
2024-08-29 02:00,13.5,3.0,1,1.29125,0.08,23.593,0
2024-08-29 02:30,13.45,2.99,1,0.04125,0.08,23.518,0
2024-08-29 03:00,13.4,2.97,1,0.04125,0.08,23.443,0
2024-08-29 03:30,13.45,2.94,1,0.04125,0.08,23.37,0
2024-08-29 04:00,13.5,2.92,1,0.04125,0.08,23.297,0
2024-08-29 04:30,13.15,2.51,1,0.04125,0.08,23.222,0
2024-08-29 05:00,12.8,2.11,1,0.04125,0.08,23.145,0
2024-08-29 05:30,12.8,2.04,1,0.04125,0.08,23.068,0
2024-08-29 06:00,12.8,1.97,1,0.04125,0.08,22.993,0
2024-08-29 06:30,13.55,2.46,1,0.04125,0.08,22.923,0
2024-08-29 07:00,14.3,2.94,1,0.41625,0.08,22.885,0
2024-08-29 07:30,14.95,3.33,1,1.29125,0.08,22.91,0
2024-08-29 08:00,15.6,3.72,1,0.04125,0.08,22.857,0
2024-08-29 08:30,15.75,3.9,0,0.04125,0.08,22.806,0
2024-08-29 09:00,15.9,4.08,0,0.04125,0.08,22.756,0
2024-08-29 09:30,16.45,4.42,0,0.04125,0.08,22.71,0
2024-08-29 10:00,17.0,4.75,0,0.04125,0.08,22.669,0
2024-08-29 10:30,17.65,5.24,0,0.04125,0.08,22.633,0
2024-08-29 11:00,18.3,5.72,0,0.04125,0.08,22.603,0
2024-08-29 11:30,18.65,5.9,0,0.04125,0.08,22.576,0
2024-08-29 12:00,19.0,6.08,0,0.04125,0.08,22.551,0
2024-08-29 12:30,19.05,6.06,0,0.04125,0.08,22.527,0
2024-08-29 13:00,19.1,6.03,0,0.04125,0.08,22.503,0
2024-08-29 13:30,19.0,6.01,0,0.04125,0.08,22.479,0
2024-08-29 14:00,18.9,6.0,0,0.04125,0.08,22.455,0
2024-08-29 14:30,18.8,5.81,0,0.04125,0.08,22.429,0
2024-08-29 15:00,18.7,5.61,0,0.04125,0.08,22.404,0
2024-08-29 15:30,18.6,5.46,0,0.04125,0.08,22.377,0
2024-08-29 16:00,18.5,5.31,0,0.04125,0.08,22.35,0
2024-08-29 16:30,18.15,5.13,0,0.04125,0.08,22.321,0
2024-08-29 17:00,17.8,4.94,0,0.04125,0.08,22.289,0
2024-08-29 17:30,17.25,4.39,1,1.09125,0.08,22.324,0
2024-08-29 18:00,16.7,3.83,1,0.04125,0.08,22.283,0
2024-08-29 18:30,15.75,3.12,1,0.04125,0.08,22.236,0
2024-08-29 19:00,14.8,2.42,1,1.09125,0.08,22.252,0
2024-08-29 19:30,14.0,2.17,1,0.16625,0.08,22.2,0
2024-08-29 20:00,13.2,1.92,1,2.22875,0.08,22.28,0
2024-08-29 20:30,12.3,2.15,1,1.10375,0.08,22.277,0
2024-08-29 21:00,11.4,2.39,1,0.874583,0.08,22.253,0
2024-08-29 21:30,11.1,2.33,1,0.874583,0.08,22.226,0
2024-08-29 22:00,10.8,2.28,1,0.874583,0.08,22.197,0
2024-08-29 22:30,10.85,1.99,1,0.16625,0.08,22.121,0
2024-08-29 23:00,10.9,1.69,1,0.04125,0.08,22.038,0
2024-08-29 23:30,10.95,1.96,1,0.04125,0.08,21.956,0
2024-08-30 00:00,11.0,2.22,1,0.04125,0.08,21.875,0
2024-08-30 00:30,11.05,2.17,1,0.04125,0.08,21.795,0
2024-08-30 01:00,11.1,2.11,1,0.04125,0.08,21.716,0
2024-08-30 01:30,10.8,2.04,1,0.04125,0.08,21.635,0
2024-08-30 02:00,10.5,1.97,1,1.29125,0.08,21.636,0
2024-08-30 02:30,10.75,2.07,1,0.04125,0.08,21.555,0
2024-08-30 03:00,11.0,2.17,1,0.04125,0.08,21.477,0
2024-08-30 03:30,11.25,2.43,1,0.04125,0.08,21.402,0
2024-08-30 04:00,11.5,2.69,1,0.04125,0.08,21.329,0
2024-08-30 04:30,11.5,2.69,1,0.04125,0.08,21.256,0
2024-08-30 05:00,11.5,2.69,1,0.04125,0.08,21.184,0
2024-08-30 05:30,11.6,2.57,1,0.04125,0.08,21.114,0
2024-08-30 06:00,11.7,2.44,1,1.29125,0.08,21.128,0
2024-08-30 06:30,12.6,2.61,1,0.04125,0.08,21.065,0
2024-08-30 07:00,13.5,2.78,1,0.874583,0.08,21.066,0
2024-08-30 07:30,14.4,2.62,1,1.937083,0.08,21.144,0
2024-08-30 08:00,15.3,2.47,1,2.987083,0.08,21.299,0
2024-08-30 08:30,15.95,2.61,0,0.04125,0.08,21.261,0
2024-08-30 09:00,16.6,2.75,0,0.04125,0.08,21.228,0
2024-08-30 09:30,17.2,2.79,0,0.04125,0.08,21.2,0
2024-08-30 10:00,17.8,2.83,0,0.04125,0.08,21.177,0
2024-08-30 10:30,18.2,2.53,0,0.04125,0.08,21.157,0
2024-08-30 11:00,18.6,2.22,0,0.04125,0.08,21.14,0
2024-08-30 11:30,18.9,1.99,0,0.04125,0.08,21.126,0
2024-08-30 12:00,19.2,1.75,0,0.04125,0.08,21.114,0
2024-08-30 12:30,19.6,1.53,0,0.04125,0.08,21.105,0
2024-08-30 13:00,20.0,1.31,0,0.04125,0.08,21.099,0
2024-08-30 13:30,20.15,0.88,0,0.04125,0.08,21.095,0
2024-08-30 14:00,20.3,0.44,0,0.04125,0.08,21.091,0
2024-08-30 14:30,20.4,0.33,0,0.04125,0.08,21.089,0
2024-08-30 15:00,20.5,0.22,0,0.04125,0.08,21.087,0
2024-08-30 15:30,20.5,0.47,0,0.04125,0.08,21.085,0
2024-08-30 16:00,20.5,0.72,0,0.04125,0.08,21.084,0
2024-08-30 16:30,20.4,0.81,0,0.04125,0.08,21.081,0
2024-08-30 17:00,20.3,0.89,0,0.04125,0.08,21.078,0
2024-08-30 17:30,19.6,1.9,1,0.04125,0.08,21.069,0
2024-08-30 18:00,18.9,2.92,1,0.16625,0.08,21.064,0
2024-08-30 18:30,17.05,3.86,1,1.29125,0.08,21.119,0
2024-08-30 19:00,15.2,4.81,1,0.16625,0.08,21.085,0
2024-08-30 19:30,14.5,4.26,1,1.09125,0.08,21.108,0
2024-08-30 20:00,13.8,3.72,1,0.04125,0.08,21.055,0
2024-08-30 20:30,13.15,3.06,1,0.16625,0.08,21.005,0
2024-08-30 21:00,12.5,2.39,1,0.04125,0.08,20.943,0
2024-08-30 21:30,11.85,2.01,1,0.04125,0.08,20.876,0
2024-08-30 22:00,11.2,1.64,1,0.16625,0.08,20.813,0
2024-08-30 22:30,11.6,1.44,1,0.04125,0.08,20.745,0
2024-08-30 23:00,12.0,1.25,1,0.04125,0.08,20.681,0
2024-08-30 23:30,11.85,0.82,1,0.04125,0.08,20.616,0
2024-08-31 00:00,11.7,0.39,1,0.04125,0.08,20.551,0
2024-08-31 00:30,10.25,1.06,1,0.04125,0.08,20.475,0
2024-08-31 01:00,8.8,1.72,1,0.04125,0.08,20.388,0
2024-08-31 01:30,8.45,1.86,1,0.04125,0.08,20.3,0
2024-08-31 02:00,8.1,2.0,1,0.04125,0.08,20.209,0
2024-08-31 02:30,7.85,2.1,1,0.04125,0.08,20.117,0
2024-08-31 03:00,7.6,2.19,1,0.04125,0.08,20.024,0
2024-08-31 03:30,7.5,2.06,1,0.04125,0.08,19.931,0
2024-08-31 04:00,7.4,1.92,1,0.04125,0.08,19.838,0
2024-08-31 04:30,7.25,2.01,1,0.04125,0.08,19.744,0
2024-08-31 05:00,7.1,2.11,1,0.04125,0.08,19.65,0
2024-08-31 05:30,7.7,1.75,1,0.04125,0.08,19.561,0
2024-08-31 06:00,8.3,1.39,1,0.04125,0.08,19.478,0
2024-08-31 06:30,9.35,1.5,1,0.04125,0.08,19.403,0
2024-08-31 07:00,10.4,1.61,1,0.04125,0.08,19.337,0
2024-08-31 07:30,11.55,1.78,1,0.04125,0.08,19.28,0
2024-08-31 08:00,12.7,1.94,1,0.04125,0.08,19.233,0
2024-08-31 08:30,13.8,3.03,1,0.04125,0.08,19.194,0
2024-08-31 09:00,14.9,4.11,1,0.97875,0.08,19.226,0
2024-08-31 09:30,15.75,4.24,1,0.97875,0.08,19.265,0
2024-08-31 10:00,16.6,4.36,1,0.04125,0.08,19.248,0
2024-08-31 10:30,17.25,4.35,1,0.04125,0.08,19.235,0
2024-08-31 11:00,17.9,4.33,1,0.04125,0.08,19.228,0
2024-08-31 11:30,18.35,4.56,1,0.16625,0.08,19.232,0
2024-08-31 12:00,18.8,4.78,1,1.41625,0.08,19.323,0
2024-08-31 12:30,18.9,4.9,1,0.16625,0.08,19.331,0
2024-08-31 13:00,19.0,5.03,1,0.04125,0.08,19.331,0
2024-08-31 13:30,18.9,5.19,1,1.09125,0.08,19.401,0
2024-08-31 14:00,18.8,5.36,1,0.16625,0.08,19.408,0
2024-08-31 14:30,18.75,5.4,1,1.09125,0.08,19.475,0
2024-08-31 15:00,18.7,5.44,1,1.29125,0.08,19.556,0
2024-08-31 15:30,18.4,5.67,1,1.29125,0.08,19.633,0
2024-08-31 16:00,18.1,5.89,1,0.04125,0.08,19.624,0
2024-08-31 16:30,17.6,5.94,1,0.16625,0.08,19.62,0
2024-08-31 17:00,17.1,6.0,1,0.04125,0.08,19.603,0
2024-08-31 17:30,16.6,5.85,1,0.04125,0.08,19.583,0
2024-08-31 18:00,16.1,5.69,1,0.04125,0.08,19.559,0
2024-08-31 18:30,15.85,5.06,1,1.34125,0.08,19.621,0
2024-08-31 19:00,15.6,4.42,1,1.34125,0.08,19.679,0
2024-08-31 19:30,15.25,4.33,1,0.16625,0.08,19.657,0
2024-08-31 20:00,14.9,4.25,1,0.04125,0.08,19.623,0
2024-08-31 20:30,14.45,4.21,1,0.04125,0.08,19.586,0
2024-08-31 21:00,14.0,4.17,1,0.97875,0.08,19.609,0
2024-08-31 21:30,13.65,3.85,1,1.812083,0.08,19.684,0
2024-08-31 22:00,13.3,3.53,1,0.874583,0.08,19.694,0
2024-08-31 22:30,13.15,3.4,1,0.874583,0.08,19.702,0
2024-08-31 23:00,13.0,3.28,1,0.04125,0.08,19.654,0
2024-08-31 23:30,13.45,3.58,1,0.04125,0.08,19.609,0
2024-09-01 00:00,13.9,3.89,1,0.0375,0.08,19.568,0
2024-09-01 00:30,13.7,3.96,1,0.0375,0.08,19.525,0
2024-09-01 01:00,13.5,4.03,1,0.0375,0.08,19.482,0
2024-09-01 01:30,13.5,3.94,1,0.0375,0.08,19.439,0
2024-09-01 02:00,13.5,3.86,1,0.0375,0.08,19.396,0
2024-09-01 02:30,13.6,3.83,1,0.0375,0.08,19.354,0
2024-09-01 03:00,13.7,3.81,1,0.0375,0.08,19.313,0
2024-09-01 03:30,14.05,3.94,1,1.2875,0.08,19.359,0
2024-09-01 04:00,14.4,4.08,1,0.0375,0.08,19.323,0
2024-09-01 04:30,14.55,3.83,1,0.0375,0.08,19.289,0
2024-09-01 05:00,14.7,3.58,1,1.2875,0.08,19.34,0
2024-09-01 05:30,14.95,3.72,1,0.0375,0.08,19.309,0
2024-09-01 06:00,15.2,3.86,1,0.0375,0.08,19.28,0
2024-09-01 06:30,15.55,3.96,1,0.0375,0.08,19.254,0
2024-09-01 07:00,15.9,4.06,1,0.0375,0.08,19.231,0
2024-09-01 07:30,16.25,4.49,1,0.0375,0.08,19.211,0
2024-09-01 08:00,16.6,4.92,1,0.975,0.08,19.256,0
2024-09-01 08:30,17.4,5.01,1,0.975,0.08,19.307,0
2024-09-01 09:00,18.2,5.11,1,0.0375,0.08,19.301,0
2024-09-01 09:30,18.75,4.89,1,0.0375,0.08,19.299,0
2024-09-01 10:00,19.3,4.67,1,0.0375,0.08,19.302,0
2024-09-01 10:30,20.25,4.75,1,0.0375,0.08,20.25,0
2024-09-01 11:00,21.2,4.83,1,0.975,0.08,21.2,0
2024-09-01 11:30,21.7,4.72,1,0.975,0.08,21.7,0
2024-09-01 12:00,22.2,4.61,1,0.1625,0.08,22.2,0
2024-09-01 12:30,21.35,5.0,1,0.0375,0.08,22.196,0
2024-09-01 13:00,20.5,5.39,1,0.0375,0.08,22.186,0
2024-09-01 13:30,20.65,5.18,1,2.3375,0.08,22.33,0
2024-09-01 14:00,20.8,4.97,1,1.3375,0.08,22.408,0
2024-09-01 14:30,20.85,5.06,1,1.4625,0.08,22.494,0
2024-09-01 15:00,20.9,5.14,1,0.0375,0.08,22.484,0
2024-09-01 15:30,20.8,4.93,1,0.870833,0.08,22.529,0
2024-09-01 16:00,20.7,4.72,1,0.995833,0.08,22.582,0
2024-09-01 16:30,20.25,4.54,1,0.995833,0.08,22.63,0
2024-09-01 17:00,19.8,4.36,1,0.0375,0.08,22.611,0
2024-09-01 17:30,19.35,3.87,1,1.0875,0.08,22.659,0
2024-09-01 18:00,18.9,3.39,1,0.0375,0.08,22.633,0
2024-09-01 18:30,18.15,3.36,1,0.0375,0.08,22.601,0
2024-09-01 19:00,17.4,3.33,1,0.0375,0.08,22.564,0
2024-09-01 19:30,17.05,3.08,1,0.0375,0.08,22.524,0
2024-09-01 20:00,16.7,2.83,1,0.0375,0.08,22.482,0
2024-09-01 20:30,16.4,2.71,1,0.0375,0.08,22.438,0
2024-09-01 21:00,16.1,2.58,1,0.0375,0.08,22.392,0
2024-09-01 21:30,15.8,2.32,1,0.1625,0.08,22.352,0
2024-09-01 22:00,15.5,2.06,1,0.1625,0.08,22.311,0
2024-09-01 22:30,15.35,2.04,1,0.0375,0.08,22.26,0
2024-09-01 23:00,15.2,2.03,1,0.0375,0.08,22.208,0
2024-09-01 23:30,15.1,1.82,1,0.0375,0.08,22.156,0
2024-09-02 00:00,15.0,1.61,1,0.0375,0.08,22.104,0
2024-09-02 00:30,15.0,1.61,1,1.2875,0.08,22.136,0
2024-09-02 01:00,15.0,1.61,1,0.0375,0.08,22.084,0
2024-09-02 01:30,14.95,1.25,1,0.0375,0.08,22.032,0
2024-09-02 02:00,14.9,0.89,1,0.0375,0.08,21.98,0
2024-09-02 02:30,14.9,1.19,1,0.0375,0.08,21.928,0
2024-09-02 03:00,14.9,1.5,1,0.0375,0.08,21.877,0
2024-09-02 03:30,14.9,1.29,1,0.0375,0.08,21.826,0
2024-09-02 04:00,14.9,1.08,1,0.0375,0.08,21.775,0
2024-09-02 04:30,14.95,1.04,1,0.0375,0.08,21.725,0
2024-09-02 05:00,15.0,1.0,1,0.0375,0.08,21.677,0
2024-09-02 05:30,15.05,1.26,1,0.0375,0.08,21.628,0
2024-09-02 06:00,15.1,1.53,1,0.0375,0.08,21.581,0
2024-09-02 06:30,15.35,1.67,1,0.0375,0.08,21.536,0
2024-09-02 07:00,15.6,1.81,1,0.0375,0.08,21.493,0
2024-09-02 07:30,15.9,1.43,1,0.975,0.08,21.515,0
2024-09-02 08:00,16.2,1.06,1,1.1,0.08,21.548,0
2024-09-02 08:30,17.0,0.96,0,0.0375,0.08,21.516,0
2024-09-02 09:00,17.8,0.86,0,0.0375,0.08,21.49,0
2024-09-02 09:30,18.2,1.35,0,0.0375,0.08,21.467,0
2024-09-02 10:00,18.6,1.83,0,0.0375,0.08,21.448,0
2024-09-02 10:30,19.25,2.25,0,0.0375,0.08,21.433,0
2024-09-02 11:00,19.9,2.67,0,0.0375,0.08,21.424,0
2024-09-02 11:30,20.1,2.81,0,0.0375,0.08,21.416,0
2024-09-02 12:00,20.3,2.94,0,0.0375,0.08,21.41,0
2024-09-02 12:30,20.7,3.65,0,0.0375,0.08,21.407,0
2024-09-02 13:00,21.1,4.36,0,0.0375,0.08,21.408,0
2024-09-02 13:30,21.0,3.99,0,0.0375,0.08,21.407,0
2024-09-02 14:00,20.9,3.61,0,0.0375,0.08,21.406,0
2024-09-02 14:30,20.45,3.93,0,0.0375,0.08,21.401,0
2024-09-02 15:00,20.0,4.25,0,0.0375,0.08,21.393,0
2024-09-02 15:30,20.25,4.58,0,0.0375,0.08,21.386,0
2024-09-02 16:00,20.5,4.92,0,0.0375,0.08,21.382,0
2024-09-02 16:30,20.3,5.07,0,0.0375,0.08,21.376,0
2024-09-02 17:00,20.1,5.22,0,0.0375,0.08,21.369,0
2024-09-02 17:30,19.55,5.07,1,0.0375,0.08,21.358,0
2024-09-02 18:00,19.0,4.92,1,1.3375,0.08,21.429,0
2024-09-02 18:30,18.15,4.38,1,2.5875,0.08,21.577,0
2024-09-02 19:00,17.3,3.83,1,1.2875,0.08,21.63,0
2024-09-02 19:30,16.9,3.64,1,0.870833,0.08,21.652,0
2024-09-02 20:00,16.5,3.44,1,1.920833,0.08,21.741,0
2024-09-02 20:30,16.25,3.47,1,2.045833,0.08,21.836,0
2024-09-02 21:00,16.0,3.5,1,0.2875,0.08,21.81,0
2024-09-02 21:30,15.95,3.49,1,0.975,0.08,21.831,0
2024-09-02 22:00,15.9,3.47,1,0.975,0.08,21.851,0
2024-09-02 22:30,15.75,3.14,1,0.2875,0.08,21.823,0
2024-09-02 23:00,15.6,2.81,1,0.0375,0.08,21.778,0
2024-09-02 23:30,15.45,2.42,1,0.0375,0.08,21.732,0
2024-09-03 00:00,15.3,2.03,1,0.0375,0.08,21.685,0
2024-09-03 00:30,15.3,1.81,1,0.0375,0.08,21.639,0
2024-09-03 01:00,15.3,1.58,1,0.0375,0.08,21.593,0
2024-09-03 01:30,15.25,1.38,1,0.0375,0.08,21.547,0
2024-09-03 02:00,15.2,1.17,1,0.0375,0.08,21.501,0
2024-09-03 02:30,15.15,2.11,1,0.0375,0.08,21.455,0
2024-09-03 03:00,15.1,3.06,1,1.2875,0.08,21.492,0
2024-09-03 03:30,14.7,3.47,1,0.0375,0.08,21.443,0
2024-09-03 04:00,14.3,3.89,1,0.0375,0.08,21.39,0
2024-09-03 04:30,14.0,3.64,1,0.0375,0.08,21.336,0
2024-09-03 05:00,13.7,3.39,1,0.0375,0.08,21.28,0
2024-09-03 05:30,13.7,3.6,1,0.0375,0.08,21.225,0
2024-09-03 06:00,13.7,3.81,1,0.0375,0.08,21.17,0
2024-09-03 06:30,13.95,4.1,1,1.2875,0.08,21.201,0
2024-09-03 07:00,14.2,4.39,1,1.3375,0.08,21.236,0
2024-09-03 07:30,14.4,4.4,1,2.3875,0.08,21.344,0
2024-09-03 08:00,14.6,4.42,1,0.2875,0.08,21.311,0
2024-09-03 08:30,15.2,4.53,0,0.0375,0.08,21.267,0
2024-09-03 09:00,15.8,4.64,0,0.0375,0.08,21.228,0
2024-09-03 09:30,16.35,4.64,0,0.0375,0.08,21.193,0
2024-09-03 10:00,16.9,4.64,0,0.0375,0.08,21.163,0
2024-09-03 10:30,17.35,4.54,0,0.0375,0.08,21.136,0
2024-09-03 11:00,17.8,4.44,0,0.0375,0.08,21.113,0
2024-09-03 11:30,18.55,4.36,0,0.0375,0.08,21.096,0
2024-09-03 12:00,19.3,4.28,0,0.0375,0.08,21.084,0
2024-09-03 12:30,18.95,4.38,0,0.0375,0.08,21.071,0
2024-09-03 13:00,18.6,4.47,0,0.0375,0.08,21.054,0
2024-09-03 13:30,18.85,4.47,0,0.0375,0.08,21.04,0
2024-09-03 14:00,19.1,4.47,0,0.0375,0.08,21.028,0
2024-09-03 14:30,18.95,4.57,0,0.0375,0.08,21.014,0
2024-09-03 15:00,18.8,4.67,0,0.0375,0.08,21.0,0
2024-09-03 15:30,18.55,4.65,0,0.0375,0.08,20.983,0
2024-09-03 16:00,18.3,4.64,0,0.0375,0.08,20.965,0
2024-09-03 16:30,18.0,4.74,0,0.0375,0.08,20.945,0
2024-09-03 17:00,17.7,4.83,0,0.0375,0.08,20.923,0
2024-09-03 17:30,17.2,4.79,1,0.0375,0.08,20.897,0
2024-09-03 18:00,16.7,4.75,1,0.1625,0.08,20.876,0
2024-09-03 18:30,15.7,3.85,1,0.0375,0.08,20.839,0
2024-09-03 19:00,14.7,2.94,1,0.975,0.08,20.857,0
2024-09-03 19:30,14.15,2.82,1,0.975,0.08,20.871,0
2024-09-03 20:00,13.6,2.69,1,0.0375,0.08,20.817,0
2024-09-03 20:30,13.25,2.65,1,0.0375,0.08,20.762,0
2024-09-03 21:00,12.9,2.61,1,0.0375,0.08,20.704,0
2024-09-03 21:30,12.7,2.51,1,1.2125,0.08,20.724,0
2024-09-03 22:00,12.5,2.42,1,0.1625,0.08,20.672,0
2024-09-03 22:30,12.3,2.26,1,0.1625,0.08,20.619,0
2024-09-03 23:00,12.1,2.11,1,0.0375,0.08,20.556,0
2024-09-03 23:30,12.05,2.0,1,1.2875,0.08,20.577,0
2024-09-04 00:00,12.0,1.89,1,0.0375,0.08,20.514,0
2024-09-04 00:30,11.75,2.0,1,0.0375,0.08,20.449,0
2024-09-04 01:00,11.5,2.11,1,0.0375,0.08,20.383,0
2024-09-04 01:30,11.45,2.36,1,0.0375,0.08,20.318,0
2024-09-04 02:00,11.4,2.61,1,0.0375,0.08,20.252,0
2024-09-04 02:30,11.5,2.31,1,0.0375,0.08,20.187,0
2024-09-04 03:00,11.6,2.0,1,0.0375,0.08,20.124,0
2024-09-04 03:30,12.25,2.1,1,2.5375,0.08,20.233,0
2024-09-04 04:00,12.9,2.19,1,0.0375,0.08,20.18,0
2024-09-04 04:30,12.8,2.78,1,1.2875,0.08,20.209,0
2024-09-04 05:00,12.7,3.36,1,0.0375,0.08,20.154,0
2024-09-04 05:30,12.55,3.46,1,0.0375,0.08,20.099,0
2024-09-04 06:00,12.4,3.56,1,0.0375,0.08,20.042,0
2024-09-04 06:30,12.7,3.46,1,0.0375,0.08,19.989,0
2024-09-04 07:00,13.0,3.36,1,0.0375,0.08,19.938,0
2024-09-04 07:30,13.35,3.31,1,0.975,0.08,19.952,0
2024-09-04 08:00,13.7,3.25,1,2.983333,0.08,20.104,0
2024-09-04 08:30,14.3,3.11,0,0.870833,0.08,20.118,0
2024-09-04 09:00,14.9,2.97,0,0.870833,0.08,20.136,0
2024-09-04 09:30,15.35,2.54,0,0.0375,0.08,20.102,0
2024-09-04 10:00,15.8,2.11,0,0.0375,0.08,20.071,0
2024-09-04 10:30,16.1,1.75,0,0.0375,0.08,20.044,0
2024-09-04 11:00,16.4,1.39,0,0.0375,0.08,20.018,0
2024-09-04 11:30,16.6,1.17,0,0.0375,0.08,19.994,0
2024-09-04 12:00,16.8,0.94,0,0.0375,0.08,19.973,0
2024-09-04 12:30,16.8,0.99,0,0.0375,0.08,19.951,0
2024-09-04 13:00,16.8,1.03,0,0.0375,0.08,19.929,0
2024-09-04 13:30,16.8,1.39,0,0.0375,0.08,19.908,0
2024-09-04 14:00,16.8,1.75,0,0.0375,0.08,19.886,0
2024-09-04 14:30,16.4,2.06,0,0.0375,0.08,19.862,0
2024-09-04 15:00,16.0,2.36,0,0.0375,0.08,19.835,0
2024-09-04 15:30,15.8,2.21,0,0.0375,0.08,19.807,0
2024-09-04 16:00,15.6,2.06,0,0.0375,0.08,19.777,0
2024-09-04 16:30,15.35,2.47,0,0.0375,0.08,19.746,0
2024-09-04 17:00,15.1,2.89,0,0.0375,0.08,19.713,0
2024-09-04 17:30,14.6,3.11,1,0.2875,0.08,19.693,0
2024-09-04 18:00,14.1,3.33,1,0.0375,0.08,19.652,0
2024-09-04 18:30,13.8,3.01,1,0.0375,0.08,19.61,0
2024-09-04 19:00,13.5,2.69,1,0.0375,0.08,19.566,0
2024-09-04 19:30,13.35,2.81,1,0.0375,0.08,19.521,0
2024-09-04 20:00,13.2,2.92,1,1.0875,0.08,19.545,0
2024-09-04 20:30,12.95,3.01,1,0.0375,0.08,19.497,0
2024-09-04 21:00,12.7,3.11,1,0.1625,0.08,19.456,0
2024-09-04 21:30,12.5,3.19,1,0.0375,0.08,19.405,0
2024-09-04 22:00,12.3,3.28,1,0.1625,0.08,19.362,0
2024-09-04 22:30,12.25,2.97,1,0.1625,0.08,19.318,0
2024-09-04 23:00,12.2,2.67,1,0.0375,0.08,19.266,0
2024-09-04 23:30,12.3,2.54,1,0.0375,0.08,19.215,0
2024-09-05 00:00,12.4,2.42,1,0.0375,0.08,19.166,0
2024-09-05 00:30,12.35,2.26,1,0.0375,0.08,19.116,0
2024-09-05 01:00,12.3,2.11,1,0.0375,0.08,19.066,0
2024-09-05 01:30,12.5,2.9,1,0.0375,0.08,19.019,0
2024-09-05 02:00,12.7,3.69,1,0.0375,0.08,18.973,0
2024-09-05 02:30,12.85,3.76,1,0.0375,0.08,18.928,0
2024-09-05 03:00,13.0,3.83,1,0.0375,0.08,18.886,0
2024-09-05 03:30,13.1,4.07,1,1.2875,0.08,18.927,0
2024-09-05 04:00,13.2,4.31,1,0.0375,0.08,18.886,0
2024-09-05 04:30,13.3,4.4,1,0.0375,0.08,18.846,0
2024-09-05 05:00,13.4,4.5,1,1.2875,0.08,18.89,0
2024-09-05 05:30,13.55,5.11,1,0.0375,0.08,18.852,0
2024-09-05 06:00,13.7,5.72,1,0.0375,0.08,18.815,0
2024-09-05 06:30,13.95,6.07,1,0.0375,0.08,18.78,0
2024-09-05 07:00,14.2,6.42,1,1.0875,0.08,18.818,0
2024-09-05 07:30,14.5,6.17,1,0.1625,0.08,18.796,0
2024-09-05 08:00,14.8,5.92,1,0.1625,0.08,18.776,0
2024-09-05 08:30,15.05,6.29,0,0.0375,0.08,18.75,0
2024-09-05 09:00,15.3,6.67,0,0.0375,0.08,18.726,0
2024-09-05 09:30,15.55,6.89,0,0.0375,0.08,18.704,0
2024-09-05 10:00,15.8,7.11,0,0.0375,0.08,18.684,0
2024-09-05 10:30,16.35,7.25,0,0.0375,0.08,18.669,0
2024-09-05 11:00,16.9,7.39,0,0.0375,0.08,18.658,0
2024-09-05 11:30,17.2,7.72,0,0.0375,0.08,18.649,0
2024-09-05 12:00,17.5,8.06,0,0.0375,0.08,18.643,0
2024-09-05 12:30,17.4,8.24,0,0.0375,0.08,18.636,0
2024-09-05 13:00,17.3,8.42,0,0.0375,0.08,18.628,0
2024-09-05 13:30,17.5,8.5,0,0.0375,0.08,18.622,0
2024-09-05 14:00,17.7,8.58,0,0.0375,0.08,18.618,0
2024-09-05 14:30,17.9,8.35,0,0.0375,0.08,18.615,0
2024-09-05 15:00,18.1,8.11,0,0.0375,0.08,18.613,0
2024-09-05 15:30,18.2,7.88,0,0.0375,0.08,18.613,0
2024-09-05 16:00,18.3,7.64,0,0.0375,0.08,18.613,0
2024-09-05 16:30,18.0,7.36,0,0.0375,0.08,18.611,0
2024-09-05 17:00,17.7,7.08,0,0.0375,0.08,18.606,0
2024-09-05 17:30,17.4,6.78,1,0.0375,0.08,18.599,0
2024-09-05 18:00,17.1,6.47,1,0.0375,0.08,18.59,0
2024-09-05 18:30,16.85,6.67,1,0.0375,0.08,18.58,0
2024-09-05 19:00,16.6,6.86,1,0.1625,0.08,18.575,0
2024-09-05 19:30,16.45,6.57,1,1.0875,0.08,18.632,0
2024-09-05 20:00,16.3,6.28,1,0.0375,0.08,18.616,0
2024-09-05 20:30,16.15,6.01,1,0.0375,0.08,18.6,0
2024-09-05 21:00,16.0,5.75,1,1.3375,0.08,18.669,0
2024-09-05 21:30,16.05,5.85,1,1.4625,0.08,18.747,0
2024-09-05 22:00,16.1,5.94,1,0.2875,0.08,18.746,0
2024-09-05 22:30,15.95,5.65,1,2.225,0.08,18.873,0
2024-09-05 23:00,15.8,5.36,1,0.975,0.08,18.915,0
2024-09-05 23:30,15.8,5.21,1,0.0375,0.08,18.894,0
2024-09-06 00:00,15.8,5.06,1,1.2875,0.08,18.956,0
2024-09-06 00:30,15.65,4.86,1,0.0375,0.08,18.933,0
2024-09-06 01:00,15.5,4.67,1,0.0375,0.08,18.91,0
2024-09-06 01:30,15.45,4.71,1,0.0375,0.08,18.886,0
2024-09-06 02:00,15.4,4.75,1,0.0375,0.08,18.861,0
2024-09-06 02:30,15.35,4.79,1,1.2875,0.08,18.921,0
2024-09-06 03:00,15.3,4.83,1,0.0375,0.08,18.895,0
2024-09-06 03:30,15.3,4.83,1,0.0375,0.08,18.87,0
2024-09-06 04:00,15.3,4.83,1,0.0375,0.08,18.846,0
2024-09-06 04:30,15.25,4.62,1,0.0375,0.08,18.821,0
2024-09-06 05:00,15.2,4.42,1,0.0375,0.08,18.795,0
2024-09-06 05:30,15.2,4.51,1,0.0375,0.08,18.77,0
2024-09-06 06:00,15.2,4.61,1,0.0375,0.08,18.746,0
2024-09-06 06:30,15.85,4.46,1,0.0375,0.08,18.726,0
2024-09-06 07:00,16.5,4.31,1,0.870833,0.08,18.767,0
2024-09-06 07:30,17.35,4.46,1,0.995833,0.08,18.823,0
2024-09-06 08:00,18.2,4.61,1,0.995833,0.08,18.885,0
2024-09-06 08:30,19.2,5.01,0,0.0375,0.08,19.2,0
2024-09-06 09:00,20.2,5.42,0,0.0375,0.08,20.2,0
2024-09-06 09:30,20.95,5.6,0,0.0375,0.08,20.95,0
2024-09-06 10:00,21.7,5.78,0,0.0375,0.08,21.7,0
2024-09-06 10:30,22.25,5.87,0,0.0375,0.08,22.25,0
2024-09-06 11:00,22.8,5.97,0,0.0375,0.08,22.8,0
2024-09-06 11:30,23.15,6.15,0,0.0375,0.08,23.15,0
2024-09-06 12:00,23.5,6.33,0,0.0375,0.08,23.5,0
2024-09-06 12:30,23.6,6.36,0,0.0375,0.08,23.6,0
2024-09-06 13:00,23.7,6.39,0,0.0375,0.08,23.7,0
2024-09-06 13:30,23.65,6.38,0,0.0375,0.08,23.702,0
2024-09-06 14:00,23.6,6.36,0,0.0375,0.08,23.704,0
2024-09-06 14:30,23.4,6.22,0,0.0375,0.08,23.704,0
2024-09-06 15:00,23.2,6.08,0,0.0375,0.08,23.703,0
2024-09-06 15:30,22.85,5.97,0,0.0375,0.08,23.699,0
2024-09-06 16:00,22.5,5.86,0,0.0375,0.08,23.692,0
2024-09-06 16:30,21.95,5.65,0,0.0375,0.08,23.681,0
2024-09-06 17:00,21.4,5.44,0,0.0375,0.08,23.666,0
2024-09-06 17:30,20.8,4.83,1,0.0375,0.08,23.647,0
2024-09-06 18:00,20.2,4.22,1,0.1625,0.08,23.631,0
2024-09-06 18:30,19.35,4.03,1,0.0375,0.08,23.601,0
2024-09-06 19:00,18.5,3.83,1,2.2625,0.08,23.713,0
2024-09-06 19:30,17.95,3.96,1,0.0375,0.08,23.672,0
2024-09-06 20:00,17.4,4.08,1,0.975,0.08,23.689,0
2024-09-06 20:30,17.0,4.12,1,1.225,0.08,23.719,0
2024-09-06 21:00,16.6,4.17,1,0.0375,0.08,23.667,0
2024-09-06 21:30,16.2,4.14,1,0.0375,0.08,23.613,0
2024-09-06 22:00,15.8,4.11,1,0.0375,0.08,23.556,0
2024-09-06 22:30,15.55,3.65,1,0.0375,0.08,23.497,0
2024-09-06 23:00,15.3,3.19,1,1.2875,0.08,23.52,0
2024-09-06 23:30,15.15,3.29,1,0.0375,0.08,23.459,0
2024-09-07 00:00,15.0,3.39,1,0.0375,0.08,23.396,0
2024-09-07 00:30,14.95,3.4,1,0.0375,0.08,23.334,0
2024-09-07 01:00,14.9,3.42,1,0.0375,0.08,23.272,0
2024-09-07 01:30,14.9,3.36,1,0.0375,0.08,23.211,0
2024-09-07 02:00,14.9,3.31,1,0.0375,0.08,23.149,0
2024-09-07 02:30,14.8,3.15,1,0.0375,0.08,23.088,0
2024-09-07 03:00,14.7,3.0,1,1.2875,0.08,23.11,0
2024-09-07 03:30,14.65,3.18,1,0.0375,0.08,23.048,0
2024-09-07 04:00,14.6,3.36,1,0.0375,0.08,22.985,0
2024-09-07 04:30,14.6,3.39,1,0.0375,0.08,22.924,0
2024-09-07 05:00,14.6,3.42,1,0.0375,0.08,22.863,0
2024-09-07 05:30,14.65,3.4,1,0.0375,0.08,22.802,0
2024-09-07 06:00,14.7,3.39,1,0.0375,0.08,22.743,0
2024-09-07 06:30,15.3,3.69,1,0.0375,0.08,22.688,0
2024-09-07 07:00,15.9,4.0,1,0.0375,0.08,22.639,0
2024-09-07 07:30,16.45,4.25,1,0.0375,0.08,22.594,0
2024-09-07 08:00,17.0,4.5,1,1.1,0.08,22.625,0
2024-09-07 08:30,17.85,4.9,1,0.975,0.08,22.653,0
2024-09-07 09:00,18.7,5.31,1,0.0375,0.08,22.626,0
2024-09-07 09:30,19.6,5.24,1,0.0375,0.08,22.605,0
2024-09-07 10:00,20.5,5.17,1,0.1625,0.08,22.6,0
2024-09-07 10:30,20.3,4.83,1,0.0375,0.08,22.585,0
2024-09-07 11:00,20.1,4.5,1,0.0375,0.08,22.568,0
2024-09-07 11:30,20.4,3.99,1,0.0375,0.08,22.554,0
2024-09-07 12:00,20.7,3.47,1,0.2875,0.08,22.559,0
2024-09-07 12:30,19.7,4.14,1,0.0375,0.08,22.54,0
2024-09-07 13:00,18.7,4.81,1,0.0375,0.08,22.513,0
2024-09-07 13:30,18.45,4.97,1,0.0375,0.08,22.484,0
2024-09-07 14:00,18.2,5.14,1,0.0375,0.08,22.454,0
2024-09-07 14:30,18.25,5.58,1,0.0375,0.08,22.424,0
2024-09-07 15:00,18.3,6.03,1,0.0375,0.08,22.395,0
2024-09-07 15:30,18.4,5.5,1,1.5375,0.08,22.467,0
2024-09-07 16:00,18.5,4.97,1,0.0375,0.08,22.439,0
2024-09-07 16:30,18.45,4.53,1,0.0375,0.08,22.411,0
2024-09-07 17:00,18.4,4.08,1,1.0875,0.08,22.453,0
2024-09-07 17:30,18.3,3.46,1,1.2875,0.08,22.508,0
2024-09-07 18:00,18.2,2.83,1,0.0375,0.08,22.477,0
2024-09-07 18:30,17.9,2.69,1,0.0375,0.08,22.445,0
2024-09-07 19:00,17.6,2.56,1,1.3375,0.08,22.497,0
2024-09-07 19:30,17.4,2.74,1,1.3375,0.08,22.547,0
2024-09-07 20:00,17.2,2.92,1,0.0375,0.08,22.509,0
2024-09-07 20:30,17.15,3.01,1,0.0375,0.08,22.47,0
2024-09-07 21:00,17.1,3.11,1,0.0375,0.08,22.432,0
2024-09-07 21:30,17.0,3.08,1,0.0375,0.08,22.393,0
2024-09-07 22:00,16.9,3.06,1,0.0375,0.08,22.353,0
2024-09-07 22:30,16.8,3.06,1,1.920833,0.08,22.439,0
2024-09-07 23:00,16.7,3.06,1,0.870833,0.08,22.453,0
2024-09-07 23:30,16.55,3.1,1,0.870833,0.08,22.466,0
2024-09-08 00:00,16.4,3.14,1,0.0375,0.08,22.423,0
2024-09-08 00:30,16.45,2.82,1,1.2875,0.08,22.463,0
2024-09-08 01:00,16.5,2.5,1,0.0375,0.08,22.42,0
2024-09-08 01:30,16.4,2.61,1,0.0375,0.08,22.376,0
2024-09-08 02:00,16.3,2.72,1,0.0375,0.08,22.332,0
2024-09-08 02:30,16.25,2.6,1,0.0375,0.08,22.288,0
2024-09-08 03:00,16.2,2.47,1,0.0375,0.08,22.244,0
2024-09-08 03:30,16.1,2.64,1,0.0375,0.08,22.2,0
2024-09-08 04:00,16.0,2.81,1,0.0375,0.08,22.155,0
2024-09-08 04:30,16.0,2.61,1,0.0375,0.08,22.11,0
2024-09-08 05:00,16.0,2.42,1,0.0375,0.08,22.066,0
2024-09-08 05:30,15.95,2.35,1,0.0375,0.08,22.021,0
2024-09-08 06:00,15.9,2.28,1,0.0375,0.08,21.977,0
2024-09-08 06:30,15.95,2.68,1,0.0375,0.08,21.933,0
2024-09-08 07:00,16.0,3.08,1,0.0375,0.08,21.891,0
2024-09-08 07:30,16.2,3.51,1,0.0375,0.08,21.849,0
2024-09-08 08:00,16.4,3.94,1,0.0375,0.08,21.81,0
2024-09-08 08:30,16.4,3.99,1,0.0375,0.08,21.771,0
2024-09-08 09:00,16.4,4.03,1,0.0375,0.08,21.733,0
2024-09-08 09:30,16.35,3.94,1,0.975,0.08,21.757,0
2024-09-08 10:00,16.3,3.86,1,0.975,0.08,21.78,0
2024-09-08 10:30,16.5,3.9,1,0.0375,0.08,21.742,0
2024-09-08 11:00,16.7,3.94,1,0.0375,0.08,21.706,0
2024-09-08 11:30,17.6,3.5,1,0.1625,0.08,21.686,0
2024-09-08 12:00,18.5,3.06,1,0.0375,0.08,21.664,0
2024-09-08 12:30,18.45,2.6,1,0.1625,0.08,21.65,0
2024-09-08 13:00,18.4,2.14,1,1.2875,0.08,21.711,0
2024-09-08 13:30,18.75,2.24,1,0.0375,0.08,21.691,0
2024-09-08 14:00,19.1,2.33,1,0.975,0.08,21.736,0
2024-09-08 14:30,19.25,2.51,1,0.975,0.08,21.782,0
2024-09-08 15:00,19.4,2.69,1,0.0375,0.08,21.767,0
2024-09-08 15:30,19.35,2.71,1,0.0375,0.08,21.751,0
2024-09-08 16:00,19.3,2.72,1,0.0375,0.08,21.735,0
2024-09-08 16:30,19.1,2.74,1,0.0375,0.08,21.717,0
2024-09-08 17:00,18.9,2.75,1,0.0375,0.08,21.698,0
2024-09-08 17:30,18.15,2.94,1,0.0375,0.08,21.673,0
2024-09-08 18:00,17.4,3.14,1,0.0375,0.08,21.643,0
2024-09-08 18:30,17.15,3.15,1,2.1375,0.08,21.751,0
2024-09-08 19:00,16.9,3.17,1,0.2875,0.08,21.734,0
2024-09-08 19:30,16.6,3.31,1,0.1625,0.08,21.705,0
2024-09-08 20:00,16.3,3.44,1,0.1625,0.08,21.675,0
2024-09-08 20:30,16.15,3.18,1,0.0375,0.08,21.635,0
2024-09-08 21:00,16.0,2.92,1,0.0375,0.08,21.594,0
2024-09-08 21:30,16.1,3.17,1,0.0375,0.08,21.555,0
2024-09-08 22:00,16.2,3.42,1,1.2875,0.08,21.6,0
2024-09-08 22:30,16.15,3.53,1,0.0375,0.08,21.561,0
2024-09-08 23:00,16.1,3.64,1,0.0375,0.08,21.521,0
2024-09-08 23:30,15.95,3.67,1,0.0375,0.08,21.481,0
2024-09-09 00:00,15.8,3.69,1,0.0375,0.08,21.44,0
2024-09-09 00:30,15.35,4.56,1,0.0375,0.08,21.396,0
2024-09-09 01:00,14.9,5.42,1,0.0375,0.08,21.349,0
2024-09-09 01:30,14.75,5.44,1,0.0375,0.08,21.301,0
2024-09-09 02:00,14.6,5.47,1,0.0375,0.08,21.252,0
2024-09-09 02:30,14.3,5.6,1,0.0375,0.08,21.201,0
2024-09-09 03:00,14.0,5.72,1,0.0375,0.08,21.149,0
2024-09-09 03:30,13.9,5.53,1,0.0375,0.08,21.096,0
2024-09-09 04:00,13.8,5.33,1,0.0375,0.08,21.042,0
2024-09-09 04:30,13.55,5.08,1,0.0375,0.08,20.988,0
2024-09-09 05:00,13.3,4.83,1,0.0375,0.08,20.931,0
2024-09-09 05:30,13.1,4.58,1,0.0375,0.08,20.874,0
2024-09-09 06:00,12.9,4.33,1,0.0375,0.08,20.815,0
2024-09-09 06:30,12.95,4.47,1,0.0375,0.08,20.758,0
2024-09-09 07:00,13.0,4.61,1,0.1625,0.08,20.709,0
2024-09-09 07:30,13.1,4.51,1,0.0375,0.08,20.653,0
2024-09-09 08:00,13.2,4.42,1,0.870833,0.08,20.654,0
2024-09-09 08:30,13.5,4.43,0,0.870833,0.08,20.658,0
2024-09-09 09:00,13.8,4.44,0,0.870833,0.08,20.664,0
2024-09-09 09:30,13.85,3.83,0,0.0375,0.08,20.614,0
2024-09-09 10:00,13.9,3.22,0,0.0375,0.08,20.565,0
2024-09-09 10:30,13.85,2.61,0,0.0375,0.08,20.516,0
2024-09-09 11:00,13.8,2.0,0,0.0375,0.08,20.467,0
2024-09-09 11:30,13.9,1.82,0,0.0375,0.08,20.42,0
2024-09-09 12:00,14.0,1.64,0,0.0375,0.08,20.373,0
2024-09-09 12:30,14.45,4.14,0,0.0375,0.08,20.33,0
2024-09-09 13:00,14.9,6.64,0,0.0375,0.08,20.291,0
2024-09-09 13:30,15.25,6.62,0,0.0375,0.08,20.255,0
2024-09-09 14:00,15.6,6.61,0,0.0375,0.08,20.222,0
2024-09-09 14:30,15.75,6.94,0,0.0375,0.08,20.19,0
2024-09-09 15:00,15.9,7.28,0,0.0375,0.08,20.16,0
2024-09-09 15:30,15.6,7.22,0,0.0375,0.08,20.127,0
2024-09-09 16:00,15.3,7.17,0,0.0375,0.08,20.093,0
2024-09-09 16:30,14.95,6.9,0,0.0375,0.08,20.056,0
2024-09-09 17:00,14.6,6.64,0,0.0375,0.08,20.017,0
2024-09-09 17:30,14.35,6.06,1,4.325,0.08,20.263,0
2024-09-09 18:00,14.1,5.47,1,1.225,0.08,20.297,0
2024-09-09 18:30,13.65,4.99,1,0.1625,0.08,20.257,0
2024-09-09 19:00,13.2,4.5,1,2.225,0.08,20.352,0
2024-09-09 19:30,13.25,3.99,1,0.975,0.08,20.363,0
2024-09-09 20:00,13.3,3.47,1,1.3375,0.08,20.398,0
2024-09-09 20:30,13.45,4.11,1,1.3375,0.08,20.434,0
2024-09-09 21:00,13.6,4.75,1,0.0375,0.08,20.385,0
2024-09-09 21:30,13.7,5.42,1,0.1625,0.08,20.344,0
2024-09-09 22:00,13.8,6.08,1,1.4125,0.08,20.389,0
2024-09-09 22:30,13.85,7.01,1,0.0375,0.08,20.341,0
2024-09-09 23:00,13.9,7.94,1,0.0375,0.08,20.294,0
2024-09-09 23:30,13.95,7.92,1,0.0375,0.08,20.248,0
2024-09-10 00:00,14.0,7.89,1,0.0375,0.08,20.203,0
2024-09-10 00:30,13.95,7.71,1,0.0375,0.08,20.158,0
2024-09-10 01:00,13.9,7.53,1,0.0375,0.08,20.112,0
2024-09-10 01:30,13.95,7.53,1,0.0375,0.08,20.067,0
2024-09-10 02:00,14.0,7.53,1,0.0375,0.08,20.024,0
2024-09-10 02:30,14.05,7.25,1,0.0375,0.08,19.98,0
2024-09-10 03:00,14.1,6.97,1,0.0375,0.08,19.938,0
2024-09-10 03:30,14.2,6.81,1,0.0375,0.08,19.896,0
2024-09-10 04:00,14.3,6.64,1,0.0375,0.08,19.856,0
2024-09-10 04:30,14.35,6.57,1,0.0375,0.08,19.816,0
2024-09-10 05:00,14.4,6.5,1,0.0375,0.08,19.777,0
2024-09-10 05:30,14.45,6.53,1,0.0375,0.08,19.739,0
2024-09-10 06:00,14.5,6.56,1,0.0375,0.08,19.702,0
2024-09-10 06:30,14.5,6.99,1,0.0375,0.08,19.664,0
2024-09-10 07:00,14.5,7.42,1,1.0875,0.08,19.697,0
2024-09-10 07:30,14.5,7.88,1,0.1625,0.08,19.669,0
2024-09-10 08:00,14.5,8.33,1,0.0375,0.08,19.631,0
2024-09-10 08:30,14.45,8.47,0,0.0375,0.08,19.594,0
2024-09-10 09:00,14.4,8.61,0,0.0375,0.08,19.557,0
2024-09-10 09:30,14.4,7.79,0,0.0375,0.08,19.52,0
2024-09-10 10:00,14.4,6.97,0,0.0375,0.08,19.483,0
2024-09-10 10:30,14.55,7.38,0,0.0375,0.08,19.448,0
2024-09-10 11:00,14.7,7.78,0,0.0375,0.08,19.414,0
2024-09-10 11:30,14.6,8.01,0,0.0375,0.08,19.38,0
2024-09-10 12:00,14.5,8.25,0,0.0375,0.08,19.345,0
2024-09-10 12:30,14.25,8.24,0,0.0375,0.08,19.309,0
2024-09-10 13:00,14.0,8.22,0,0.0375,0.08,19.271,0
2024-09-10 13:30,13.85,8.0,0,0.0375,0.08,19.232,0
2024-09-10 14:00,13.7,7.78,0,0.0375,0.08,19.192,0
2024-09-10 14:30,14.15,8.24,0,0.0375,0.08,19.156,0
2024-09-10 15:00,14.6,8.69,0,0.0375,0.08,19.123,0
2024-09-10 15:30,14.45,8.38,0,0.0375,0.08,19.09,0
2024-09-10 16:00,14.3,8.06,0,0.0375,0.08,19.056,0
2024-09-10 16:30,14.0,7.72,0,0.0375,0.08,19.02,0
2024-09-10 17:00,13.7,7.39,0,0.0375,0.08,18.981,0
2024-09-10 17:30,13.1,6.88,1,0.0375,0.08,18.939,0
2024-09-10 18:00,12.5,6.36,1,1.4625,0.08,18.987,0
2024-09-10 18:30,12.0,6.1,1,2.275,0.08,19.086,0
2024-09-10 19:00,11.5,5.83,1,1.1,0.08,19.101,0
2024-09-10 19:30,11.15,5.4,1,0.0375,0.08,19.043,0
2024-09-10 20:00,10.8,4.97,1,0.1625,0.08,18.991,0
2024-09-10 20:30,10.5,4.78,1,2.225,0.08,19.075,0
2024-09-10 21:00,10.2,4.58,1,2.225,0.08,19.155,0
2024-09-10 21:30,9.95,4.81,1,0.0375,0.08,19.087,0
2024-09-10 22:00,9.7,5.03,1,1.2125,0.08,19.097,0
2024-09-10 22:30,9.5,5.22,1,0.995833,0.08,19.09,0
2024-09-10 23:00,9.3,5.42,1,0.870833,0.08,19.073,0
2024-09-10 23:30,9.15,5.67,1,2.120833,0.08,19.139,0
2024-09-11 00:00,9.0,5.92,1,0.0375,0.08,19.064,0
2024-09-11 00:30,8.9,6.1,1,0.0375,0.08,18.988,0
2024-09-11 01:00,8.8,6.28,1,0.0375,0.08,18.913,0
2024-09-11 01:30,8.7,6.38,1,1.2875,0.08,18.921,0
2024-09-11 02:00,8.6,6.47,1,0.0375,0.08,18.844,0
2024-09-11 02:30,8.5,6.65,1,0.0375,0.08,18.768,0
2024-09-11 03:00,8.4,6.83,1,0.0375,0.08,18.691,0
2024-09-11 03:30,8.4,6.99,1,1.2875,0.08,18.698,0
2024-09-11 04:00,8.4,7.14,1,0.0375,0.08,18.622,0
2024-09-11 04:30,8.4,7.18,1,0.0375,0.08,18.546,0
2024-09-11 05:00,8.4,7.22,1,0.0375,0.08,18.471,0
2024-09-11 05:30,8.45,7.25,1,0.0375,0.08,18.397,0
2024-09-11 06:00,8.5,7.28,1,0.0375,0.08,18.324,0
2024-09-11 06:30,8.7,7.29,1,0.0375,0.08,18.252,0
2024-09-11 07:00,8.9,7.31,1,0.1625,0.08,18.192,0
2024-09-11 07:30,9.4,7.17,1,0.0375,0.08,18.127,0
2024-09-11 08:00,9.9,7.03,1,0.0375,0.08,18.066,0
2024-09-11 08:30,10.45,7.43,0,0.0375,0.08,18.011,0
2024-09-11 09:00,11.0,7.83,0,0.0375,0.08,17.959,0
2024-09-11 09:30,11.45,8.04,0,0.0375,0.08,17.912,0
2024-09-11 10:00,11.9,8.25,0,0.0375,0.08,17.869,0
2024-09-11 10:30,12.3,8.42,0,0.0375,0.08,17.829,0
2024-09-11 11:00,12.7,8.58,0,0.0375,0.08,17.792,0
2024-09-11 11:30,12.55,8.75,0,0.0375,0.08,17.754,0
2024-09-11 12:00,12.4,8.92,0,0.0375,0.08,17.716,0
2024-09-11 12:30,12.3,8.64,0,0.0375,0.08,17.677,0
2024-09-11 13:00,12.2,8.36,0,0.0375,0.08,17.637,0
2024-09-11 13:30,12.15,8.31,0,0.0375,0.08,17.598,0
2024-09-11 14:00,12.1,8.25,0,0.0375,0.08,17.558,0
2024-09-11 14:30,12.3,8.11,0,0.0375,0.08,17.521,0
2024-09-11 15:00,12.5,7.97,0,0.0375,0.08,17.485,0
2024-09-11 15:30,12.3,7.36,0,0.0375,0.08,17.447,0
2024-09-11 16:00,12.1,6.75,0,0.0375,0.08,17.409,0
2024-09-11 16:30,12.15,6.36,0,0.0375,0.08,17.371,0
2024-09-11 17:00,12.2,5.97,0,0.0375,0.08,17.334,0
2024-09-11 17:30,11.7,5.11,1,0.0375,0.08,17.294,0
2024-09-11 18:00,11.2,4.25,1,0.0375,0.08,17.249,0
2024-09-11 18:30,10.7,4.47,1,0.0375,0.08,17.202,0
2024-09-11 19:00,10.2,4.69,1,0.2875,0.08,17.167,0
2024-09-11 19:30,9.8,4.54,1,0.0375,0.08,17.114,0
2024-09-11 20:00,9.4,4.39,1,1.2875,0.08,17.141,0
2024-09-11 20:30,9.2,4.42,1,0.2875,0.08,17.099,0
2024-09-11 21:00,9.0,4.44,1,0.0375,0.08,17.04,0
2024-09-11 21:30,8.85,4.47,1,0.975,0.08,17.042,0
2024-09-11 22:00,8.7,4.5,1,3.075,0.08,17.184,0
2024-09-11 22:30,8.6,4.6,1,0.1625,0.08,17.129,0
2024-09-11 23:00,8.5,4.69,1,0.0375,0.08,17.065,0
2024-09-11 23:30,8.3,4.54,1,0.0375,0.08,17.001,0
2024-09-12 00:00,8.1,4.39,1,1.2875,0.08,17.019,0
2024-09-12 00:30,7.9,4.44,1,0.0375,0.08,16.951,0
2024-09-12 01:00,7.7,4.5,1,0.0375,0.08,16.883,0
2024-09-12 01:30,7.55,4.43,1,0.0375,0.08,16.814,0
2024-09-12 02:00,7.4,4.36,1,0.0375,0.08,16.745,0
2024-09-12 02:30,7.25,4.22,1,0.0375,0.08,16.674,0
2024-09-12 03:00,7.1,4.08,1,0.0375,0.08,16.604,0
2024-09-12 03:30,6.9,4.0,1,0.0375,0.08,16.532,0
2024-09-12 04:00,6.7,3.92,1,0.0375,0.08,16.459,0
2024-09-12 04:30,6.6,3.83,1,0.0375,0.08,16.386,0
2024-09-12 05:00,6.5,3.75,1,0.0375,0.08,16.313,0
2024-09-12 05:30,6.45,3.71,1,0.0375,0.08,16.24,0
2024-09-12 06:00,6.4,3.67,1,0.0375,0.08,16.167,0
2024-09-12 06:30,7.15,3.81,1,0.0375,0.08,16.101,0
2024-09-12 07:00,7.9,3.94,1,0.1625,0.08,16.049,0
2024-09-12 07:30,8.85,3.9,1,0.975,0.08,16.059,0
2024-09-12 08:00,9.8,3.86,1,0.975,0.08,16.076,0
2024-09-12 08:30,10.5,3.94,0,0.0375,0.08,16.036,0
2024-09-12 09:00,11.2,4.03,0,0.0375,0.08,16.001,0
2024-09-12 09:30,11.65,3.76,0,0.0375,0.08,15.971,0
2024-09-12 10:00,12.1,3.5,0,0.0375,0.08,15.944,0
2024-09-12 10:30,12.5,3.4,0,0.0375,0.08,15.92,0
2024-09-12 11:00,12.9,3.31,0,0.0375,0.08,15.899,0
2024-09-12 11:30,13.2,3.33,0,0.0375,0.08,15.881,0
2024-09-12 12:00,13.5,3.36,0,0.0375,0.08,15.865,0
2024-09-12 12:30,13.45,3.29,0,0.0375,0.08,15.849,0
2024-09-12 13:00,13.4,3.22,0,0.0375,0.08,15.833,0
2024-09-12 13:30,13.5,3.6,0,0.0375,0.08,15.818,0
2024-09-12 14:00,13.6,3.97,0,0.0375,0.08,15.803,0
2024-09-12 14:30,13.0,4.06,0,0.0375,0.08,15.784,0
2024-09-12 15:00,12.4,4.14,0,0.0375,0.08,15.761,0
2024-09-12 15:30,12.55,4.54,0,0.0375,0.08,15.739,0
2024-09-12 16:00,12.7,4.94,0,0.0375,0.08,15.718,0
2024-09-12 16:30,11.95,3.69,0,0.0375,0.08,15.692,0
2024-09-12 17:00,11.2,2.44,0,0.0375,0.08,15.66,0
2024-09-12 17:30,10.7,2.43,1,1.4125,0.08,15.716,0
2024-09-12 18:00,10.2,2.42,1,0.0375,0.08,15.677,0
2024-09-12 18:30,9.5,2.5,1,1.0875,0.08,15.702,0
2024-09-12 19:00,8.8,2.58,1,0.0375,0.08,15.652,0
2024-09-12 19:30,8.4,2.26,1,0.0375,0.08,15.599,0
2024-09-12 20:00,8.0,1.94,1,0.1625,0.08,15.551,0
2024-09-12 20:30,7.35,1.86,1,2.15,0.08,15.632,0
2024-09-12 21:00,6.7,1.78,1,1.1,0.08,15.637,0
2024-09-12 21:30,6.5,1.83,1,0.0375,0.08,15.57,0
2024-09-12 22:00,6.3,1.89,1,1.4125,0.08,15.593,0
2024-09-12 22:30,6.05,1.78,1,0.0375,0.08,15.523,0
2024-09-12 23:00,5.8,1.67,1,0.0375,0.08,15.451,0
2024-09-12 23:30,5.65,1.74,1,0.0375,0.08,15.379,0
2024-09-13 00:00,5.5,1.81,1,0.0375,0.08,15.305,0
2024-09-13 00:30,5.3,1.85,1,0.0375,0.08,15.231,0
2024-09-13 01:00,5.1,1.89,1,0.0375,0.08,15.156,0
2024-09-13 01:30,4.75,1.82,1,0.0375,0.08,15.079,0
2024-09-13 02:00,4.4,1.75,1,0.0375,0.08,15.0,0
2024-09-13 02:30,4.25,1.69,1,0.0375,0.08,14.92,0
2024-09-13 03:00,4.1,1.64,1,0.0375,0.08,14.84,0
2024-09-13 03:30,3.9,1.64,1,0.0375,0.08,14.759,0
2024-09-13 04:00,3.7,1.64,1,0.0375,0.08,14.676,0
2024-09-13 04:30,3.75,1.74,1,0.0375,0.08,14.595,0
2024-09-13 05:00,3.8,1.83,1,0.0375,0.08,14.515,0
2024-09-13 05:30,3.95,1.83,1,1.2875,0.08,14.52,0
2024-09-13 06:00,4.1,1.83,1,0.0375,0.08,14.443,0
2024-09-13 06:30,5.65,2.28,1,0.0375,0.08,14.378,0
2024-09-13 07:00,7.2,2.72,1,0.0375,0.08,14.326,0
2024-09-13 07:30,8.65,2.42,1,0.1625,0.08,14.293,0
2024-09-13 08:00,10.1,2.11,1,0.870833,0.08,14.319,0
2024-09-13 08:30,11.05,2.58,0,0.870833,0.08,14.353,0
2024-09-13 09:00,12.0,3.06,0,0.870833,0.08,14.393,0
2024-09-13 09:30,12.5,3.28,0,0.0375,0.08,14.381,0
2024-09-13 10:00,13.0,3.5,0,0.0375,0.08,14.373,0
2024-09-13 10:30,13.4,3.68,0,0.0375,0.08,14.368,0
2024-09-13 11:00,13.8,3.86,0,0.0375,0.08,14.366,0
2024-09-13 11:30,14.0,3.78,0,0.0375,0.08,14.366,0
2024-09-13 12:00,14.2,3.69,0,0.0375,0.08,14.367,0
2024-09-13 12:30,14.65,3.81,0,0.0375,0.08,14.65,0
2024-09-13 13:00,15.1,3.92,0,0.0375,0.08,15.1,0
2024-09-13 13:30,15.15,3.94,0,0.0375,0.08,15.15,0
2024-09-13 14:00,15.2,3.97,0,0.0375,0.08,15.2,0
2024-09-13 14:30,14.85,4.14,0,0.0375,0.08,15.2,0
2024-09-13 15:00,14.5,4.31,0,0.0375,0.08,15.197,0
2024-09-13 15:30,14.2,4.31,0,0.0375,0.08,15.192,0
2024-09-13 16:00,13.9,4.31,0,0.0375,0.08,15.184,0
2024-09-13 16:30,13.75,3.75,0,0.0375,0.08,15.176,0
2024-09-13 17:00,13.6,3.19,0,0.0375,0.08,15.166,0
2024-09-13 17:30,12.7,2.4,1,0.1625,0.08,15.158,0
2024-09-13 18:00,11.8,1.61,1,0.1625,0.08,15.144,0
2024-09-13 18:30,10.85,1.89,1,0.1625,0.08,15.122,0
2024-09-13 19:00,9.9,2.17,1,0.0375,0.08,15.084,0
2024-09-13 19:30,9.45,2.11,1,0.0375,0.08,15.044,0
2024-09-13 20:00,9.0,2.06,1,1.0875,0.08,15.07,0
2024-09-13 20:30,8.4,1.83,1,1.3375,0.08,15.108,0
2024-09-13 21:00,7.8,1.61,1,2.275,0.08,15.204,0
2024-09-13 21:30,8.3,2.01,1,1.1,0.08,15.225,0
2024-09-13 22:00,8.8,2.42,1,2.3375,0.08,15.332,0
2024-09-13 22:30,9.0,2.61,1,2.35,0.08,15.441,0
2024-09-13 23:00,9.2,2.81,1,0.975,0.08,15.458,0
2024-09-13 23:30,9.65,3.07,1,0.0375,0.08,15.416,0
2024-09-14 00:00,10.1,3.33,1,0.0375,0.08,15.378,0
2024-09-14 00:30,10.05,3.33,1,0.0375,0.08,15.34,0
2024-09-14 01:00,10.0,3.33,1,0.0375,0.08,15.301,0
2024-09-14 01:30,10.1,3.4,1,0.0375,0.08,15.264,0
2024-09-14 02:00,10.2,3.47,1,0.0375,0.08,15.228,0
2024-09-14 02:30,10.6,3.61,1,0.0375,0.08,15.195,0
2024-09-14 03:00,11.0,3.75,1,0.0375,0.08,15.165,0
2024-09-14 03:30,11.05,3.68,1,0.0375,0.08,15.136,0
2024-09-14 04:00,11.1,3.61,1,1.2875,0.08,15.192,0
2024-09-14 04:30,10.75,3.24,1,0.0375,0.08,15.16,0
2024-09-14 05:00,10.4,2.86,1,0.0375,0.08,15.126,0
2024-09-14 05:30,10.2,2.6,1,0.0375,0.08,15.091,0
2024-09-14 06:00,10.0,2.33,1,0.0375,0.08,15.054,0
2024-09-14 06:30,10.85,2.62,1,0.0375,0.08,15.025,0
2024-09-14 07:00,11.7,2.92,1,0.0375,0.08,15.002,0
2024-09-14 07:30,13.0,3.01,1,0.0375,0.08,14.989,0
2024-09-14 08:00,14.3,3.11,1,0.0375,0.08,14.986,0
2024-09-14 08:30,14.8,3.19,1,0.0375,0.08,14.987,0
2024-09-14 09:00,15.3,3.28,1,0.0375,0.08,15.3,0
2024-09-14 09:30,15.8,3.31,1,0.0375,0.08,15.8,0
2024-09-14 10:00,16.3,3.33,1,0.0375,0.08,16.3,0
2024-09-14 10:30,16.9,3.33,1,0.0375,0.08,16.9,0
2024-09-14 11:00,17.5,3.33,1,1.2875,0.08,17.5,0
2024-09-14 11:30,18.25,3.94,1,0.1625,0.08,18.25,0
2024-09-14 12:00,19.0,4.56,1,0.0375,0.08,19.0,0
2024-09-14 12:30,18.6,4.89,1,0.870833,0.08,19.055,0
2024-09-14 13:00,18.2,5.22,1,0.995833,0.08,19.115,0
2024-09-14 13:30,18.5,5.42,1,0.870833,0.08,19.169,0
2024-09-14 14:00,18.8,5.61,1,0.975,0.08,19.231,0
2024-09-14 14:30,18.85,5.61,1,2.025,0.08,19.363,0
2024-09-14 15:00,18.9,5.61,1,0.0375,0.08,19.362,0
2024-09-14 15:30,18.8,5.4,1,0.0375,0.08,19.361,0
2024-09-14 16:00,18.7,5.19,1,0.0375,0.08,19.358,0
2024-09-14 16:30,18.3,4.51,1,0.0375,0.08,19.352,0
2024-09-14 17:00,17.9,3.83,1,0.0375,0.08,19.344,0
2024-09-14 17:30,17.15,3.35,1,0.0375,0.08,19.33,0
2024-09-14 18:00,16.4,2.86,1,0.0375,0.08,19.31,0
2024-09-14 18:30,16.05,2.64,1,0.975,0.08,19.35,0
2024-09-14 19:00,15.7,2.42,1,0.975,0.08,19.387,0
2024-09-14 19:30,15.15,2.49,1,0.1625,0.08,19.366,0
2024-09-14 20:00,14.6,2.56,1,1.2125,0.08,19.41,0
2024-09-14 20:30,14.35,2.72,1,0.0375,0.08,19.374,0
2024-09-14 21:00,14.1,2.89,1,0.1625,0.08,19.344,0
2024-09-14 21:30,13.85,3.11,1,0.1625,0.08,19.313,0
2024-09-14 22:00,13.6,3.33,1,0.0375,0.08,19.272,0
2024-09-14 22:30,13.2,3.28,1,1.2875,0.08,19.312,0
2024-09-14 23:00,12.8,3.22,1,0.0375,0.08,19.264,0
2024-09-14 23:30,12.45,3.08,1,0.0375,0.08,19.215,0
2024-09-15 00:00,12.1,2.94,1,0.0375,0.08,19.163,0
2024-09-15 00:30,12.0,3.22,1,0.0375,0.08,19.11,0
2024-09-15 01:00,11.9,3.5,1,0.0375,0.08,19.058,0
2024-09-15 01:30,11.9,3.53,1,0.0375,0.08,19.005,0
2024-09-15 02:00,11.9,3.56,1,0.0375,0.08,18.953,0
2024-09-15 02:30,11.85,3.32,1,0.0375,0.08,18.902,0
2024-09-15 03:00,11.8,3.08,1,0.0375,0.08,18.85,0
2024-09-15 03:30,11.85,2.99,1,0.0375,0.08,18.799,0
2024-09-15 04:00,11.9,2.89,1,0.0375,0.08,18.748,0
2024-09-15 04:30,11.9,2.65,1,0.0375,0.08,18.698,0
2024-09-15 05:00,11.9,2.42,1,0.0375,0.08,18.649,0
2024-09-15 05:30,12.0,2.26,1,0.0375,0.08,18.601,0
2024-09-15 06:00,12.1,2.11,1,0.0375,0.08,18.553,0
2024-09-15 06:30,12.9,2.36,1,0.0375,0.08,18.513,0
2024-09-15 07:00,13.7,2.61,1,0.0375,0.08,18.478,0
2024-09-15 07:30,14.5,2.9,1,0.0375,0.08,18.45,0
2024-09-15 08:00,15.3,3.19,1,0.0375,0.08,18.429,0
2024-09-15 08:30,15.95,3.15,1,1.2875,0.08,18.496,0
2024-09-15 09:00,16.6,3.11,1,0.1625,0.08,18.492,0
2024-09-15 09:30,17.0,3.25,1,0.1625,0.08,18.492,0
2024-09-15 10:00,17.4,3.39,1,0.975,0.08,18.548,0
2024-09-15 10:30,17.45,3.43,1,0.975,0.08,18.605,0
2024-09-15 11:00,17.5,3.47,1,0.0375,0.08,18.599,0
2024-09-15 11:30,17.05,3.51,1,0.0375,0.08,18.59,0
2024-09-15 12:00,16.6,3.56,1,0.1625,0.08,18.585,0
2024-09-15 12:30,16.4,3.76,1,1.2875,0.08,18.655,0
2024-09-15 13:00,16.2,3.97,1,0.0375,0.08,18.639,0
2024-09-15 13:30,15.9,4.14,1,0.0375,0.08,18.62,0
2024-09-15 14:00,15.6,4.31,1,0.0375,0.08,18.599,0
2024-09-15 14:30,15.7,4.14,1,0.0375,0.08,18.58,0
2024-09-15 15:00,15.8,3.97,1,0.0375,0.08,18.561,0
2024-09-15 15:30,15.8,4.43,1,0.0375,0.08,18.542,0
2024-09-15 16:00,15.8,4.89,1,2.045833,0.08,18.658,0
2024-09-15 16:30,15.9,5.15,1,0.870833,0.08,18.695,0
2024-09-15 17:00,16.0,5.42,1,1.920833,0.08,18.803,0
2024-09-15 17:30,15.7,4.96,1,1.2875,0.08,18.865,0
2024-09-15 18:00,15.4,4.5,1,0.0375,0.08,18.841,0
2024-09-15 18:30,14.85,4.64,1,1.3375,0.08,18.9,0
2024-09-15 19:00,14.3,4.78,1,1.3375,0.08,18.954,0
2024-09-15 19:30,13.5,4.65,1,0.1625,0.08,18.923,0
2024-09-15 20:00,12.7,4.53,1,0.0375,0.08,18.878,0
2024-09-15 20:30,12.35,4.32,1,0.0375,0.08,18.831,0
2024-09-15 21:00,12.0,4.11,1,0.0375,0.08,18.781,0
2024-09-15 21:30,11.7,3.76,1,0.0375,0.08,18.729,0
2024-09-15 22:00,11.4,3.42,1,0.1625,0.08,18.684,0
2024-09-15 22:30,11.2,3.38,1,0.0375,0.08,18.629,0
2024-09-15 23:00,11.0,3.33,1,0.0375,0.08,18.574,0
2024-09-15 23:30,10.85,3.21,1,0.0375,0.08,18.517,0
2024-09-16 00:00,10.7,3.08,1,0.0375,0.08,18.46,0
2024-09-16 00:30,10.4,2.89,1,0.0375,0.08,18.4,0
2024-09-16 01:00,10.1,2.69,1,0.0375,0.08,18.339,0
2024-09-16 01:30,9.95,2.67,1,0.0375,0.08,18.278,0
2024-09-16 02:00,9.8,2.64,1,0.0375,0.08,18.215,0
2024-09-16 02:30,9.8,2.67,1,1.2875,0.08,18.237,0
2024-09-16 03:00,9.8,2.69,1,0.0375,0.08,18.175,0
2024-09-16 03:30,9.55,2.56,1,0.0375,0.08,18.111,0
2024-09-16 04:00,9.3,2.42,1,0.0375,0.08,18.046,0
2024-09-16 04:30,8.95,2.19,1,1.2875,0.08,18.063,0
2024-09-16 05:00,8.6,1.97,1,0.0375,0.08,17.993,0
2024-09-16 05:30,8.25,1.9,1,0.0375,0.08,17.921,0
2024-09-16 06:00,7.9,1.83,1,1.2875,0.08,17.93,0
2024-09-16 06:30,8.8,2.08,1,0.0375,0.08,17.863,0
2024-09-16 07:00,9.7,2.33,1,0.0375,0.08,17.803,0
2024-09-16 07:30,10.65,2.04,1,0.1625,0.08,17.759,0
2024-09-16 08:00,11.6,1.75,1,0.0375,0.08,17.714,0
2024-09-16 08:30,12.4,1.89,0,0.0375,0.08,17.676,0
2024-09-16 09:00,13.2,2.03,0,0.0375,0.08,17.644,0
2024-09-16 09:30,13.9,1.97,0,0.0375,0.08,17.618,0
2024-09-16 10:00,14.6,1.92,0,0.0375,0.08,17.598,0
2024-09-16 10:30,15.15,1.78,0,0.0375,0.08,17.581,0
2024-09-16 11:00,15.7,1.64,0,0.0375,0.08,17.57,0
2024-09-16 11:30,16.15,1.49,0,0.0375,0.08,17.561,0
2024-09-16 12:00,16.6,1.33,0,0.0375,0.08,17.556,0
2024-09-16 12:30,16.95,0.96,0,0.0375,0.08,17.554,0
2024-09-16 13:00,17.3,0.58,0,0.0375,0.08,17.555,0
2024-09-16 13:30,17.5,0.57,0,0.0375,0.08,17.557,0
2024-09-16 14:00,17.7,0.56,0,0.0375,0.08,17.7,0
2024-09-16 14:30,17.7,0.54,0,0.0375,0.08,17.703,0
2024-09-16 15:00,17.7,0.53,0,0.0375,0.08,17.705,0
2024-09-16 15:30,17.6,0.58,0,0.0375,0.08,17.707,0
2024-09-16 16:00,17.5,0.64,0,0.0375,0.08,17.708,0
2024-09-16 16:30,17.2,0.57,0,0.0375,0.08,17.706,0
2024-09-16 17:00,16.9,0.5,0,0.0375,0.08,17.703,0
2024-09-16 17:30,16.75,0.75,1,0.0375,0.08,17.698,0
2024-09-16 18:00,16.6,1.0,1,0.0375,0.08,17.692,0
2024-09-16 18:30,15.9,1.15,1,1.0875,0.08,17.751,0
2024-09-16 19:00,15.2,1.31,1,2.0375,0.08,17.868,0
2024-09-16 19:30,13.7,1.71,1,2.0375,0.08,17.972,0
2024-09-16 20:00,12.2,2.11,1,0.0375,0.08,17.93,0
2024-09-16 20:30,11.5,2.11,1,1.2125,0.08,17.962,0
2024-09-16 21:00,10.8,2.11,1,0.0375,0.08,17.91,0
2024-09-16 21:30,10.3,1.97,1,1.4625,0.08,17.949,0
2024-09-16 22:00,9.8,1.83,1,1.3375,0.08,17.976,0
2024-09-16 22:30,9.45,1.79,1,0.1625,0.08,17.922,0
2024-09-16 23:00,9.1,1.75,1,0.0375,0.08,17.857,0
2024-09-16 23:30,8.85,1.85,1,0.0375,0.08,17.79,0
2024-09-17 00:00,8.6,1.94,1,0.0375,0.08,17.723,0
2024-09-17 00:30,8.6,1.83,1,0.0375,0.08,17.655,0
2024-09-17 01:00,8.6,1.72,1,0.0375,0.08,17.588,0
2024-09-17 01:30,8.3,1.76,1,0.0375,0.08,17.52,0
2024-09-17 02:00,8.0,1.81,1,0.0375,0.08,17.449,0
2024-09-17 02:30,7.75,1.88,1,0.0375,0.08,17.378,0
2024-09-17 03:00,7.5,1.94,1,0.0375,0.08,17.305,0
2024-09-17 03:30,7.45,2.08,1,0.0375,0.08,17.232,0
2024-09-17 04:00,7.4,2.22,1,0.0375,0.08,17.159,0
2024-09-17 04:30,7.75,1.94,1,0.0375,0.08,17.089,0
2024-09-17 05:00,8.1,1.67,1,0.0375,0.08,17.023,0
2024-09-17 05:30,8.45,1.14,1,1.2875,0.08,17.044,0
2024-09-17 06:00,8.8,0.61,1,0.0375,0.08,16.983,0
2024-09-17 06:30,8.9,0.49,1,0.0375,0.08,16.924,0
2024-09-17 07:00,9.0,0.36,1,0.870833,0.08,16.921,0
2024-09-17 07:30,10.15,0.25,1,0.995833,0.08,16.936,0
2024-09-17 08:00,11.3,0.14,1,2.170833,0.08,17.038,0
2024-09-17 08:30,12.45,0.36,0,1.3375,0.08,17.092,0
2024-09-17 09:00,13.6,0.58,0,0.0375,0.08,17.068,0
2024-09-17 09:30,14.45,0.96,0,0.0375,0.08,17.05,0
2024-09-17 10:00,15.3,1.33,0,0.0375,0.08,17.04,0
2024-09-17 10:30,15.9,1.51,0,0.0375,0.08,17.033,0
2024-09-17 11:00,16.5,1.69,0,0.0375,0.08,17.032,0
2024-09-17 11:30,16.9,1.47,0,0.0375,0.08,17.033,0
2024-09-17 12:00,17.3,1.25,0,0.0375,0.08,17.3,0
2024-09-17 12:30,17.65,1.28,0,0.0375,0.08,17.65,0
2024-09-17 13:00,18.0,1.31,0,0.0375,0.08,18.0,0
2024-09-17 13:30,18.15,1.65,0,0.0375,0.08,18.15,0
2024-09-17 14:00,18.3,2.0,0,0.0375,0.08,18.3,0
2024-09-17 14:30,18.3,2.15,0,0.0375,0.08,18.303,0
2024-09-17 15:00,18.3,2.31,0,0.0375,0.08,18.305,0
2024-09-17 15:30,18.15,2.46,0,0.0375,0.08,18.306,0
2024-09-17 16:00,18.0,2.61,0,0.0375,0.08,18.306,0
2024-09-17 16:30,17.55,2.4,0,0.0375,0.08,18.303,0
2024-09-17 17:00,17.1,2.19,0,0.0375,0.08,18.296,0
2024-09-17 17:30,15.8,2.1,1,1.2125,0.08,18.358,0
2024-09-17 18:00,14.5,2.0,1,0.0375,0.08,18.331,0
2024-09-17 18:30,13.8,2.53,1,1.4125,0.08,18.391,0
2024-09-17 19:00,13.1,3.06,1,0.975,0.08,18.416,0
2024-09-17 19:30,12.4,2.85,1,2.225,0.08,18.518,0
2024-09-17 20:00,11.7,2.64,1,0.0375,0.08,18.469,0
2024-09-17 20:30,11.0,2.31,1,0.0375,0.08,18.414,0
2024-09-17 21:00,10.3,1.97,1,0.1625,0.08,18.363,0
2024-09-17 21:30,9.55,2.26,1,0.1625,0.08,18.306,0
2024-09-17 22:00,8.8,2.56,1,1.2125,0.08,18.315,0
2024-09-17 22:30,8.65,2.5,1,0.0375,0.08,18.243,0
2024-09-17 23:00,8.5,2.44,1,0.0375,0.08,18.171,0
2024-09-17 23:30,8.6,2.32,1,0.0375,0.08,18.1,0
2024-09-18 00:00,8.7,2.19,1,0.0375,0.08,18.031,0
2024-09-18 00:30,8.25,2.31,1,0.0375,0.08,17.959,0
2024-09-18 01:00,7.8,2.42,1,0.0375,0.08,17.883,0
2024-09-18 01:30,7.6,2.51,1,0.0375,0.08,17.807,0
2024-09-18 02:00,7.4,2.61,1,0.0375,0.08,17.73,0
2024-09-18 02:30,7.55,2.33,1,0.0375,0.08,17.655,0
2024-09-18 03:00,7.7,2.06,1,0.0375,0.08,17.581,0
2024-09-18 03:30,7.8,1.9,1,0.0375,0.08,17.508,0
2024-09-18 04:00,7.9,1.75,1,0.0375,0.08,17.437,0
2024-09-18 04:30,8.2,1.49,1,0.0375,0.08,17.369,0
2024-09-18 05:00,8.5,1.22,1,1.2875,0.08,17.387,0
2024-09-18 05:30,8.6,1.21,1,0.0375,0.08,17.323,0
2024-09-18 06:00,8.7,1.19,1,1.2875,0.08,17.343,0
2024-09-18 06:30,9.35,1.5,1,0.0375,0.08,17.284,0
2024-09-18 07:00,10.0,1.81,1,0.2875,0.08,17.248,0
2024-09-18 07:30,10.8,1.82,1,0.1625,0.08,17.209,0
2024-09-18 08:00,11.6,1.83,1,0.0375,0.08,17.169,0
2024-09-18 08:30,12.7,2.18,0,0.0375,0.08,17.137,0
2024-09-18 09:00,13.8,2.53,0,0.0375,0.08,17.114,0
2024-09-18 09:30,14.6,3.29,0,0.0375,0.08,17.097,0
2024-09-18 10:00,15.4,4.06,0,0.0375,0.08,17.087,0
2024-09-18 10:30,16.0,3.96,0,0.0375,0.08,17.081,0
2024-09-18 11:00,16.6,3.86,0,0.0375,0.08,17.08,0
2024-09-18 11:30,17.15,3.86,0,0.0375,0.08,17.15,0
2024-09-18 12:00,17.7,3.86,0,0.0375,0.08,17.7,0
2024-09-18 12:30,17.85,3.71,0,0.0375,0.08,17.85,0
2024-09-18 13:00,18.0,3.56,0,0.0375,0.08,18.0,0
2024-09-18 13:30,18.3,3.61,0,0.0375,0.08,18.3,0
2024-09-18 14:00,18.6,3.67,0,0.0375,0.08,18.6,0
2024-09-18 14:30,18.6,3.6,0,0.0375,0.08,18.603,0
2024-09-18 15:00,18.6,3.53,0,0.0375,0.08,18.605,0
2024-09-18 15:30,18.45,3.64,0,0.0375,0.08,18.606,0
2024-09-18 16:00,18.3,3.75,0,0.0375,0.08,18.606,0
2024-09-18 16:30,17.7,3.75,0,0.0375,0.08,18.602,0
2024-09-18 17:00,17.1,3.75,0,0.0375,0.08,18.593,0
2024-09-18 17:30,16.05,3.38,1,1.2125,0.08,18.655,0
2024-09-18 18:00,15.0,3.0,1,0.0375,0.08,18.629,0
2024-09-18 18:30,14.2,2.93,1,1.0875,0.08,18.668,0
2024-09-18 19:00,13.4,2.86,1,1.2875,0.08,18.714,0
2024-09-18 19:30,12.85,2.53,1,0.1625,0.08,18.68,0
2024-09-18 20:00,12.3,2.19,1,0.1625,0.08,18.642,0
2024-09-18 20:30,11.8,1.94,1,0.0375,0.08,18.592,0
2024-09-18 21:00,11.3,1.69,1,0.0375,0.08,18.539,0
2024-09-18 21:30,11.0,1.69,1,0.0375,0.08,18.483,0
2024-09-18 22:00,10.7,1.69,1,0.975,0.08,18.489,0
2024-09-18 22:30,10.55,1.75,1,0.975,0.08,18.493,0
2024-09-18 23:00,10.4,1.81,1,0.0375,0.08,18.434,0
2024-09-18 23:30,10.45,1.96,1,0.0375,0.08,18.375,0
2024-09-19 00:00,10.5,2.11,1,0.0375,0.08,18.318,0
2024-09-19 00:30,10.45,2.36,1,0.0375,0.08,18.26,0
2024-09-19 01:00,10.4,2.61,1,0.0375,0.08,18.202,0
2024-09-19 01:30,10.4,2.62,1,0.0375,0.08,18.145,0
2024-09-19 02:00,10.4,2.64,1,0.0375,0.08,18.088,0
2024-09-19 02:30,10.35,2.67,1,0.0375,0.08,18.031,0
2024-09-19 03:00,10.3,2.69,1,0.0375,0.08,17.975,0
2024-09-19 03:30,10.1,2.64,1,0.0375,0.08,17.917,0
2024-09-19 04:00,9.9,2.58,1,0.0375,0.08,17.858,0
2024-09-19 04:30,9.8,2.71,1,1.2875,0.08,17.883,0
2024-09-19 05:00,9.7,2.83,1,0.0375,0.08,17.822,0
2024-09-19 05:30,9.55,3.0,1,0.0375,0.08,17.762,0
2024-09-19 06:00,9.4,3.17,1,0.0375,0.08,17.7,0
2024-09-19 06:30,9.7,3.19,1,1.2875,0.08,17.725,0
2024-09-19 07:00,10.0,3.22,1,0.0375,0.08,17.668,0
2024-09-19 07:30,10.85,3.24,1,0.0375,0.08,17.619,0
2024-09-19 08:00,11.7,3.25,1,0.1625,0.08,17.584,0
2024-09-19 08:30,12.65,3.51,0,0.0375,0.08,17.549,0
2024-09-19 09:00,13.6,3.78,0,0.0375,0.08,17.521,0
2024-09-19 09:30,14.25,3.97,0,0.0375,0.08,17.499,0
2024-09-19 10:00,14.9,4.17,0,0.0375,0.08,17.481,0
2024-09-19 10:30,15.9,4.0,0,0.0375,0.08,17.472,0
2024-09-19 11:00,16.9,3.83,0,0.0375,0.08,17.47,0
2024-09-19 11:30,18.0,3.81,0,0.0375,0.08,18.0,0
2024-09-19 12:00,19.1,3.78,0,0.0375,0.08,19.1,0
2024-09-19 12:30,18.7,3.44,0,0.0375,0.08,19.099,0
2024-09-19 13:00,18.3,3.11,0,0.0375,0.08,19.096,0
2024-09-19 13:30,18.6,3.18,0,0.0375,0.08,19.095,0
2024-09-19 14:00,18.9,3.25,0,0.0375,0.08,19.096,0
2024-09-19 14:30,18.9,3.43,0,0.0375,0.08,19.097,0
2024-09-19 15:00,18.9,3.61,0,0.0375,0.08,19.098,0
2024-09-19 15:30,18.7,3.68,0,0.0375,0.08,19.097,0
2024-09-19 16:00,18.5,3.75,0,0.0375,0.08,19.095,0
2024-09-19 16:30,17.9,3.76,0,0.0375,0.08,19.088,0
2024-09-19 17:00,17.3,3.78,0,0.0375,0.08,19.077,0
2024-09-19 17:30,16.3,3.49,1,0.1625,0.08,19.067,0
2024-09-19 18:00,15.3,3.19,1,0.2875,0.08,19.057,0
2024-09-19 18:30,14.45,2.99,1,0.0375,0.08,19.024,0
2024-09-19 19:00,13.6,2.78,1,0.0375,0.08,18.985,0
2024-09-19 19:30,12.95,2.64,1,0.0375,0.08,18.942,0
2024-09-19 20:00,12.3,2.5,1,0.975,0.08,18.956,0
2024-09-19 20:30,12.25,2.5,1,2.225,0.08,19.053,0
2024-09-19 21:00,12.2,2.5,1,0.1625,0.08,19.012,0
2024-09-19 21:30,12.25,2.56,1,0.0375,0.08,18.963,0
2024-09-19 22:00,12.3,2.61,1,1.0875,0.08,18.984,0
2024-09-19 22:30,12.5,2.93,1,1.2125,0.08,19.016,0
2024-09-19 23:00,12.7,3.25,1,0.0375,0.08,18.97,0
2024-09-19 23:30,12.7,3.22,1,0.0375,0.08,18.924,0
2024-09-20 00:00,12.7,3.19,1,0.0375,0.08,18.879,0
2024-09-20 00:30,12.55,3.42,1,0.0375,0.08,18.833,0
2024-09-20 01:00,12.4,3.64,1,0.0375,0.08,18.787,0
2024-09-20 01:30,12.35,3.64,1,0.0375,0.08,18.74,0
2024-09-20 02:00,12.3,3.64,1,1.2875,0.08,18.777,0
2024-09-20 02:30,12.4,3.75,1,0.0375,0.08,18.73,0
2024-09-20 03:00,12.5,3.86,1,0.0375,0.08,18.685,0
2024-09-20 03:30,12.55,3.65,1,0.0375,0.08,18.641,0
2024-09-20 04:00,12.6,3.44,1,0.0375,0.08,18.597,0
2024-09-20 04:30,12.7,3.18,1,0.0375,0.08,18.554,0
2024-09-20 05:00,12.8,2.92,1,0.0375,0.08,18.513,0
2024-09-20 05:30,12.85,3.06,1,0.0375,0.08,18.472,0
2024-09-20 06:00,12.9,3.19,1,1.2875,0.08,18.515,0
2024-09-20 06:30,13.2,3.36,1,0.0375,0.08,18.477,0
2024-09-20 07:00,13.5,3.53,1,1.0875,0.08,18.512,0
2024-09-20 07:30,13.9,4.18,1,0.0375,0.08,18.479,0
2024-09-20 08:00,14.3,4.83,1,0.1625,0.08,18.458,0
2024-09-20 08:30,14.7,4.81,0,0.0375,0.08,18.432,0
2024-09-20 09:00,15.1,4.78,0,0.0375,0.08,18.409,0
2024-09-20 09:30,15.9,4.74,0,0.0375,0.08,18.392,0
2024-09-20 10:00,16.7,4.69,0,0.0375,0.08,18.381,0
2024-09-20 10:30,17.0,4.79,0,0.0375,0.08,18.373,0
2024-09-20 11:00,17.3,4.89,0,0.0375,0.08,18.368,0
2024-09-20 11:30,17.65,5.33,0,0.0375,0.08,18.365,0
2024-09-20 12:00,18.0,5.78,0,0.0375,0.08,18.364,0
2024-09-20 12:30,17.8,5.94,0,0.0375,0.08,18.363,0
2024-09-20 13:00,17.6,6.11,0,0.0375,0.08,18.359,0
2024-09-20 13:30,17.75,6.38,0,0.0375,0.08,18.357,0
2024-09-20 14:00,17.9,6.64,0,0.0375,0.08,18.356,0
2024-09-20 14:30,17.9,6.32,0,0.0375,0.08,18.355,0
2024-09-20 15:00,17.9,6.0,0,0.0375,0.08,18.354,0
2024-09-20 15:30,18.0,6.15,0,0.0375,0.08,18.354,0
2024-09-20 16:00,18.1,6.31,0,0.0375,0.08,18.355,0
2024-09-20 16:30,17.7,5.93,0,0.0375,0.08,18.352,0
2024-09-20 17:00,17.3,5.56,0,0.0375,0.08,18.346,0
2024-09-20 17:30,16.7,5.07,1,0.1625,0.08,18.345,0
2024-09-20 18:00,16.1,4.58,1,1.5375,0.08,18.43,0
2024-09-20 18:30,15.55,4.39,1,0.0375,0.08,18.411,0
2024-09-20 19:00,15.0,4.19,1,0.1625,0.08,18.396,0
2024-09-20 19:30,14.65,4.17,1,0.0375,0.08,18.369,0
2024-09-20 20:00,14.3,4.14,1,0.0375,0.08,18.341,0
2024-09-20 20:30,14.1,4.06,1,1.0875,0.08,18.381,0
2024-09-20 21:00,13.9,3.97,1,0.975,0.08,18.412,0
2024-09-20 21:30,13.8,4.0,1,1.808333,0.08,18.497,0
2024-09-20 22:00,13.7,4.03,1,0.995833,0.08,18.527,0
2024-09-20 22:30,13.65,3.97,1,0.870833,0.08,18.548,0
2024-09-20 23:00,13.6,3.92,1,0.0375,0.08,18.513,0
2024-09-20 23:30,13.65,3.94,1,0.0375,0.08,18.478,0
2024-09-21 00:00,13.7,3.97,1,0.0375,0.08,18.444,0
2024-09-21 00:30,13.85,4.38,1,0.0375,0.08,18.411,0
2024-09-21 01:00,14.0,4.78,1,0.0375,0.08,18.38,0
2024-09-21 01:30,13.95,4.65,1,0.0375,0.08,18.349,0
2024-09-21 02:00,13.9,4.53,1,1.2875,0.08,18.401,0
2024-09-21 02:30,13.9,4.58,1,0.0375,0.08,18.369,0
2024-09-21 03:00,13.9,4.64,1,0.0375,0.08,18.337,0
2024-09-21 03:30,13.85,4.51,1,0.0375,0.08,18.305,0
2024-09-21 04:00,13.8,4.39,1,0.0375,0.08,18.273,0
2024-09-21 04:30,13.8,4.35,1,0.0375,0.08,18.241,0
2024-09-21 05:00,13.8,4.31,1,0.0375,0.08,18.21,0
2024-09-21 05:30,13.9,4.39,1,1.2875,0.08,18.263,0
2024-09-21 06:00,14.0,4.47,1,0.0375,0.08,18.233,0
2024-09-21 06:30,14.1,4.44,1,0.0375,0.08,18.204,0
2024-09-21 07:00,14.2,4.42,1,0.0375,0.08,18.176,0
2024-09-21 07:30,14.6,4.89,1,0.0375,0.08,18.151,0
2024-09-21 08:00,15.0,5.36,1,0.0375,0.08,18.129,0
2024-09-21 08:30,15.7,5.22,1,0.0375,0.08,18.113,0
2024-09-21 09:00,16.4,5.08,1,0.0375,0.08,18.103,0
2024-09-21 09:30,17.3,4.93,1,0.975,0.08,18.162,0
2024-09-21 10:00,18.2,4.78,1,0.975,0.08,18.227,0
2024-09-21 10:30,19.0,4.68,1,1.0875,0.08,19.0,0
2024-09-21 11:00,19.8,4.58,1,0.0375,0.08,19.8,0
2024-09-21 11:30,20.2,4.64,1,0.0375,0.08,20.2,0
2024-09-21 12:00,20.6,4.69,1,0.0375,0.08,20.6,0
2024-09-21 12:30,20.3,4.9,1,0.1625,0.08,20.609,0
2024-09-21 13:00,20.0,5.11,1,0.0375,0.08,20.606,0
2024-09-21 13:30,20.1,5.08,1,0.0375,0.08,20.605,0
2024-09-21 14:00,20.2,5.06,1,0.2875,0.08,20.621,0
2024-09-21 14:30,20.25,5.22,1,0.0375,0.08,20.621,0
2024-09-21 15:00,20.3,5.39,1,0.0375,0.08,20.621,0
2024-09-21 15:30,20.05,5.44,1,0.0375,0.08,20.619,0
2024-09-21 16:00,19.8,5.5,1,0.0375,0.08,20.615,0
2024-09-21 16:30,19.1,5.0,1,0.1625,0.08,20.615,0
2024-09-21 17:00,18.4,4.5,1,0.0375,0.08,20.6,0
2024-09-21 17:30,17.6,4.26,1,0.0375,0.08,20.58,0
2024-09-21 18:00,16.8,4.03,1,2.3375,0.08,20.707,0
2024-09-21 18:30,16.05,3.93,1,0.975,0.08,20.736,0
2024-09-21 19:00,15.3,3.83,1,0.975,0.08,20.76,0
2024-09-21 19:30,14.7,3.61,1,0.0375,0.08,20.716,0
2024-09-21 20:00,14.1,3.39,1,0.0375,0.08,20.668,0
2024-09-21 20:30,13.8,3.53,1,0.0375,0.08,20.618,0
2024-09-21 21:00,13.5,3.67,1,0.0375,0.08,20.566,0
2024-09-21 21:30,13.25,3.44,1,0.1625,0.08,20.521,0
2024-09-21 22:00,13.0,3.22,1,0.1625,0.08,20.474,0
2024-09-21 22:30,12.95,3.5,1,0.0375,0.08,20.419,0
2024-09-21 23:00,12.9,3.78,1,0.0375,0.08,20.364,0
2024-09-21 23:30,12.85,3.69,1,0.0375,0.08,20.309,0
2024-09-22 00:00,12.8,3.61,1,0.0375,0.08,20.254,0
2024-09-22 00:30,13.0,4.04,1,0.0375,0.08,20.201,0
2024-09-22 01:00,13.2,4.47,1,0.0375,0.08,20.15,0
2024-09-22 01:30,13.15,4.38,1,0.0375,0.08,20.099,0
2024-09-22 02:00,13.1,4.28,1,0.0375,0.08,20.048,0
2024-09-22 02:30,13.15,4.07,1,0.0375,0.08,19.998,0
2024-09-22 03:00,13.2,3.86,1,0.0375,0.08,19.948,0
2024-09-22 03:30,13.25,3.62,1,0.0375,0.08,19.899,0
2024-09-22 04:00,13.3,3.39,1,0.0375,0.08,19.851,0
2024-09-22 04:30,13.3,3.6,1,0.0375,0.08,19.804,0
2024-09-22 05:00,13.3,3.81,1,0.0375,0.08,19.756,0
2024-09-22 05:30,13.3,3.81,1,0.0375,0.08,19.709,0
2024-09-22 06:00,13.3,3.81,1,0.0375,0.08,19.663,0
2024-09-22 06:30,13.5,4.33,1,1.2875,0.08,19.702,0
2024-09-22 07:00,13.7,4.86,1,0.0375,0.08,19.658,0
2024-09-22 07:30,14.05,4.75,1,0.0375,0.08,19.618,0
2024-09-22 08:00,14.4,4.64,1,0.0375,0.08,19.58,0
2024-09-22 08:30,14.8,4.82,1,0.1625,0.08,19.555,0
2024-09-22 09:00,15.2,5.0,1,0.0375,0.08,19.524,0
2024-09-22 09:30,15.8,5.12,1,0.975,0.08,19.561,0
2024-09-22 10:00,16.4,5.25,1,0.975,0.08,19.602,0
2024-09-22 10:30,17.0,4.93,1,0.0375,0.08,19.584,0
2024-09-22 11:00,17.6,4.61,1,0.0375,0.08,19.571,0
2024-09-22 11:30,17.95,4.53,1,0.0375,0.08,19.562,0
2024-09-22 12:00,18.3,4.44,1,0.1625,0.08,19.563,0
2024-09-22 12:30,17.3,4.58,1,0.1625,0.08,19.556,0
2024-09-22 13:00,16.3,4.72,1,0.0375,0.08,19.534,0
2024-09-22 13:30,16.25,4.79,1,0.0375,0.08,19.511,0
2024-09-22 14:00,16.2,4.86,1,0.0375,0.08,19.488,0
2024-09-22 14:30,16.4,5.21,1,0.0375,0.08,19.467,0
2024-09-22 15:00,16.6,5.56,1,0.0375,0.08,19.448,0
2024-09-22 15:30,16.35,5.28,1,0.1625,0.08,19.435,0
2024-09-22 16:00,16.1,5.0,1,1.0875,0.08,19.482,0
2024-09-22 16:30,16.05,4.79,1,1.4125,0.08,19.55,0
2024-09-22 17:00,16.0,4.58,1,0.0375,0.08,19.526,0
2024-09-22 17:30,15.5,4.47,1,1.0875,0.08,19.568,0
2024-09-22 18:00,15.0,4.36,1,0.0375,0.08,19.535,0
2024-09-22 18:30,14.55,4.38,1,0.870833,0.08,19.555,0
2024-09-22 19:00,14.1,4.39,1,0.870833,0.08,19.572,0
2024-09-22 19:30,13.8,4.36,1,0.870833,0.08,19.586,0
2024-09-22 20:00,13.5,4.33,1,0.0375,0.08,19.542,0
2024-09-22 20:30,13.5,4.47,1,0.0375,0.08,19.498,0
2024-09-22 21:00,13.5,4.61,1,0.0375,0.08,19.454,0
2024-09-22 21:30,13.4,4.5,1,0.1625,0.08,19.419,0
2024-09-22 22:00,13.3,4.39,1,0.0375,0.08,19.375,0
2024-09-22 22:30,13.3,3.97,1,0.0375,0.08,19.331,0
2024-09-22 23:00,13.3,3.56,1,1.2875,0.08,19.371,0
2024-09-22 23:30,13.35,3.56,1,0.0375,0.08,19.327,0
2024-09-23 00:00,13.4,3.56,1,0.0375,0.08,19.284,0
2024-09-23 00:30,13.3,3.67,1,0.0375,0.08,19.241,0
2024-09-23 01:00,13.2,3.78,1,0.0375,0.08,19.197,0
2024-09-23 01:30,13.2,4.26,1,0.0375,0.08,19.154,0
2024-09-23 02:00,13.2,4.75,1,0.0375,0.08,19.111,0
2024-09-23 02:30,13.2,4.69,1,0.0375,0.08,19.068,0
2024-09-23 03:00,13.2,4.64,1,0.0375,0.08,19.025,0
2024-09-23 03:30,13.1,4.79,1,1.2875,0.08,19.066,0
2024-09-23 04:00,13.0,4.94,1,0.0375,0.08,19.022,0
2024-09-23 04:30,13.0,5.14,1,0.0375,0.08,18.979,0
2024-09-23 05:00,13.0,5.33,1,0.0375,0.08,18.935,0
2024-09-23 05:30,13.05,5.49,1,0.0375,0.08,18.893,0
2024-09-23 06:00,13.1,5.64,1,0.0375,0.08,18.851,0
2024-09-23 06:30,13.1,5.33,1,0.0375,0.08,18.81,0
2024-09-23 07:00,13.1,5.03,1,0.0375,0.08,18.768,0
2024-09-23 07:30,13.2,5.1,1,0.0375,0.08,18.728,0
2024-09-23 08:00,13.3,5.17,1,0.1625,0.08,18.698,0
2024-09-23 08:30,13.65,5.87,0,0.0375,0.08,18.661,0
2024-09-23 09:00,14.0,6.58,0,0.0375,0.08,18.628,0
2024-09-23 09:30,14.2,6.46,0,0.0375,0.08,18.597,0
2024-09-23 10:00,14.4,6.33,0,0.0375,0.08,18.567,0
2024-09-23 10:30,14.7,6.53,0,0.0375,0.08,18.54,0
2024-09-23 11:00,15.0,6.72,0,0.0375,0.08,18.516,0
2024-09-23 11:30,15.25,6.94,0,0.0375,0.08,18.493,0
2024-09-23 12:00,15.5,7.17,0,0.0375,0.08,18.473,0
2024-09-23 12:30,15.35,6.93,0,0.0375,0.08,18.451,0
2024-09-23 13:00,15.2,6.69,0,0.0375,0.08,18.429,0
2024-09-23 13:30,15.4,6.47,0,0.0375,0.08,18.408,0
2024-09-23 14:00,15.6,6.25,0,0.0375,0.08,18.389,0
2024-09-23 14:30,15.7,6.21,0,0.0375,0.08,18.371,0
2024-09-23 15:00,15.8,6.17,0,0.0375,0.08,18.354,0
2024-09-23 15:30,15.65,5.89,0,0.0375,0.08,18.336,0
2024-09-23 16:00,15.5,5.61,0,0.0375,0.08,18.317,0
2024-09-23 16:30,15.15,5.62,0,0.0375,0.08,18.295,0
2024-09-23 17:00,14.8,5.64,0,0.0375,0.08,18.271,0
2024-09-23 17:30,14.5,5.47,1,1.2875,0.08,18.328,0
2024-09-23 18:00,14.2,5.31,1,0.1625,0.08,18.307,0
2024-09-23 18:30,14.0,5.28,1,1.2125,0.08,18.355,0
2024-09-23 19:00,13.8,5.25,1,0.0375,0.08,18.323,0
2024-09-23 19:30,13.65,5.29,1,1.2125,0.08,18.368,0
2024-09-23 20:00,13.5,5.33,1,0.1625,0.08,18.342,0
2024-09-23 20:30,13.4,5.36,1,0.0375,0.08,18.306,0
2024-09-23 21:00,13.3,5.39,1,0.975,0.08,18.333,0
2024-09-23 21:30,13.15,5.51,1,1.9125,0.08,18.421,0
2024-09-23 22:00,13.0,5.64,1,1.808333,0.08,18.501,0
2024-09-23 22:30,12.9,5.6,1,2.245833,0.08,18.608,0
2024-09-23 23:00,12.8,5.56,1,0.870833,0.08,18.622,0
2024-09-23 23:30,12.65,5.35,1,0.0375,0.08,18.579,0
2024-09-24 00:00,12.5,5.14,1,0.0375,0.08,18.535,0
2024-09-24 00:30,12.4,4.99,1,0.0375,0.08,18.49,0
2024-09-24 01:00,12.3,4.83,1,0.0375,0.08,18.445,0
2024-09-24 01:30,12.2,5.03,1,0.0375,0.08,18.4,0
2024-09-24 02:00,12.1,5.22,1,1.2875,0.08,18.438,0
2024-09-24 02:30,12.05,4.97,1,0.0375,0.08,18.391,0
2024-09-24 03:00,12.0,4.72,1,0.0375,0.08,18.345,0
2024-09-24 03:30,11.95,4.42,1,0.0375,0.08,18.299,0
2024-09-24 04:00,11.9,4.11,1,0.0375,0.08,18.252,0
2024-09-24 04:30,11.75,3.69,1,0.0375,0.08,18.205,0
2024-09-24 05:00,11.6,3.28,1,0.0375,0.08,18.157,0
2024-09-24 05:30,11.7,3.25,1,0.0375,0.08,18.11,0
2024-09-24 06:00,11.8,3.22,1,0.0375,0.08,18.064,0
2024-09-24 06:30,12.0,3.15,1,0.0375,0.08,18.02,0
2024-09-24 07:00,12.2,3.08,1,0.0375,0.08,17.978,0
2024-09-24 07:30,12.5,2.86,1,0.1625,0.08,17.947,0
2024-09-24 08:00,12.8,2.64,1,0.0375,0.08,17.91,0
2024-09-24 08:30,13.3,3.62,0,0.0375,0.08,17.877,0
2024-09-24 09:00,13.8,4.61,0,0.0375,0.08,17.849,0
2024-09-24 09:30,14.15,5.15,0,0.0375,0.08,17.823,0
2024-09-24 10:00,14.5,5.69,0,0.0375,0.08,17.8,0
2024-09-24 10:30,14.85,5.75,0,0.0375,0.08,17.78,0
2024-09-24 11:00,15.2,5.81,0,0.0375,0.08,17.763,0
2024-09-24 11:30,15.3,5.85,0,0.0375,0.08,17.746,0
2024-09-24 12:00,15.4,5.89,0,0.0375,0.08,17.731,0
2024-09-24 12:30,15.05,6.0,0,0.0375,0.08,17.713,0
2024-09-24 13:00,14.7,6.11,0,0.0375,0.08,17.692,0
2024-09-24 13:30,14.75,6.24,0,0.0375,0.08,17.672,0
2024-09-24 14:00,14.8,6.36,0,0.0375,0.08,17.653,0
2024-09-24 14:30,14.7,6.29,0,0.0375,0.08,17.633,0
2024-09-24 15:00,14.6,6.22,0,0.0375,0.08,17.612,0
2024-09-24 15:30,14.45,6.07,0,0.0375,0.08,17.59,0
2024-09-24 16:00,14.3,5.92,0,0.0375,0.08,17.568,0
2024-09-24 16:30,13.7,5.81,0,0.0375,0.08,17.54,0
2024-09-24 17:00,13.1,5.69,0,0.0375,0.08,17.509,0
2024-09-24 17:30,12.45,5.5,1,0.0375,0.08,17.473,0
2024-09-24 18:00,11.8,5.31,1,0.1625,0.08,17.44,0
2024-09-24 18:30,11.35,5.15,1,1.4625,0.08,17.491,0
2024-09-24 19:00,10.9,5.0,1,2.3875,0.08,17.601,0
2024-09-24 19:30,10.7,5.06,1,0.0375,0.08,17.55,0
2024-09-24 20:00,10.5,5.11,1,0.0375,0.08,17.499,0
2024-09-24 20:30,10.45,5.17,1,0.1625,0.08,17.456,0
2024-09-24 21:00,10.4,5.22,1,2.3375,0.08,17.558,0
2024-09-24 21:30,10.25,5.14,1,0.995833,0.08,17.569,0
2024-09-24 22:00,10.1,5.06,1,0.995833,0.08,17.578,0
2024-09-24 22:30,9.95,4.94,1,1.808333,0.08,17.64,0
2024-09-24 23:00,9.8,4.83,1,2.225,0.08,17.729,0
2024-09-24 23:30,9.8,4.61,1,0.0375,0.08,17.671,0
2024-09-25 00:00,9.8,4.39,1,0.0375,0.08,17.613,0
2024-09-25 00:30,9.8,4.4,1,0.0375,0.08,17.556,0
2024-09-25 01:00,9.8,4.42,1,0.0375,0.08,17.499,0
2024-09-25 01:30,9.7,3.92,1,1.2875,0.08,17.525,0
2024-09-25 02:00,9.6,3.42,1,0.0375,0.08,17.467,0
2024-09-25 02:30,9.25,2.71,1,0.0375,0.08,17.407,0
2024-09-25 03:00,8.9,2.0,1,0.0375,0.08,17.344,0
2024-09-25 03:30,8.2,2.26,1,0.0375,0.08,17.277,0
2024-09-25 04:00,7.5,2.53,1,0.0375,0.08,17.204,0
2024-09-25 04:30,8.3,1.86,1,1.2875,0.08,17.222,0
2024-09-25 05:00,9.1,1.19,1,0.0375,0.08,17.163,0
2024-09-25 05:30,8.45,0.9,1,0.0375,0.08,17.099,0
2024-09-25 06:00,7.8,0.61,1,0.0375,0.08,17.03,0
2024-09-25 06:30,8.0,1.24,1,0.0375,0.08,16.963,0
2024-09-25 07:00,8.2,1.86,1,1.3375,0.08,16.986,0
2024-09-25 07:30,9.0,1.93,1,0.0375,0.08,16.927,0
2024-09-25 08:00,9.8,2.0,1,0.0375,0.08,16.875,0
2024-09-25 08:30,10.35,2.14,0,0.0375,0.08,16.828,0
2024-09-25 09:00,10.9,2.28,0,0.0375,0.08,16.785,0
2024-09-25 09:30,11.45,2.64,0,0.0375,0.08,16.746,0
2024-09-25 10:00,12.0,3.0,0,0.0375,0.08,16.712,0
2024-09-25 10:30,12.05,3.19,0,0.0375,0.08,16.679,0
2024-09-25 11:00,12.1,3.39,0,0.0375,0.08,16.647,0
2024-09-25 11:30,12.4,3.4,0,0.0375,0.08,16.617,0
2024-09-25 12:00,12.7,3.42,0,0.0375,0.08,16.589,0
2024-09-25 12:30,13.2,3.5,0,0.0375,0.08,16.566,0
2024-09-25 13:00,13.7,3.58,0,0.0375,0.08,16.546,0
2024-09-25 13:30,13.45,3.74,0,0.0375,0.08,16.525,0
2024-09-25 14:00,13.2,3.89,0,0.0375,0.08,16.502,0
2024-09-25 14:30,13.45,4.12,0,0.0375,0.08,16.481,0
2024-09-25 15:00,13.7,4.36,0,0.0375,0.08,16.463,0
2024-09-25 15:30,13.6,4.56,0,0.0375,0.08,16.443,0
2024-09-25 16:00,13.5,4.75,0,0.0375,0.08,16.423,0
2024-09-25 16:30,13.05,4.6,0,0.0375,0.08,16.4,0
2024-09-25 17:00,12.6,4.44,0,0.0375,0.08,16.373,0
2024-09-25 17:30,12.2,4.39,1,0.0375,0.08,16.344,0
2024-09-25 18:00,11.8,4.33,1,0.1625,0.08,16.32,0
2024-09-25 18:30,11.6,4.31,1,0.0375,0.08,16.286,0
2024-09-25 19:00,11.4,4.28,1,0.0375,0.08,16.251,0
2024-09-25 19:30,11.35,4.1,1,1.0875,0.08,16.287,0
2024-09-25 20:00,11.3,3.92,1,1.1,0.08,16.322,0
2024-09-25 20:30,11.3,4.32,1,0.975,0.08,16.349,0
2024-09-25 21:00,11.3,4.72,1,0.1625,0.08,16.321,0
2024-09-25 21:30,11.45,4.71,1,0.0375,0.08,16.286,0
2024-09-25 22:00,11.6,4.69,1,0.870833,0.08,16.309,0
2024-09-25 22:30,11.65,4.49,1,0.995833,0.08,16.339,0
2024-09-25 23:00,11.7,4.28,1,0.870833,0.08,16.362,0
2024-09-25 23:30,11.65,3.89,1,1.2875,0.08,16.412,0
2024-09-26 00:00,11.6,3.5,1,0.0375,0.08,16.378,0
2024-09-26 00:30,11.6,3.29,1,0.0375,0.08,16.344,0
2024-09-26 01:00,11.6,3.08,1,0.0375,0.08,16.31,0
2024-09-26 01:30,11.75,2.86,1,1.2875,0.08,16.361,0
2024-09-26 02:00,11.9,2.64,1,0.0375,0.08,16.329,0
2024-09-26 02:30,12.0,2.03,1,1.2875,0.08,16.382,0
2024-09-26 03:00,12.1,1.42,1,0.0375,0.08,16.352,0
2024-09-26 03:30,11.85,1.04,1,0.0375,0.08,16.32,0
2024-09-26 04:00,11.6,0.67,1,0.0375,0.08,16.287,0
2024-09-26 04:30,11.55,1.1,1,0.0375,0.08,16.253,0
2024-09-26 05:00,11.5,1.53,1,0.0375,0.08,16.219,0
2024-09-26 05:30,11.45,1.72,1,0.0375,0.08,16.185,0
2024-09-26 06:00,11.4,1.92,1,0.0375,0.08,16.151,0
2024-09-26 06:30,11.5,1.81,1,0.0375,0.08,16.118,0
2024-09-26 07:00,11.6,1.69,1,1.1,0.08,16.157,0
2024-09-26 07:30,11.85,2.08,1,2.995833,0.08,16.324,0
2024-09-26 08:00,12.1,2.47,1,1.808333,0.08,16.413,0
2024-09-26 08:30,12.4,1.75,0,0.870833,0.08,16.44,0
2024-09-26 09:00,12.7,1.03,0,0.0375,0.08,16.414,0
2024-09-26 09:30,12.8,0.78,0,0.0375,0.08,16.389,0
2024-09-26 10:00,12.9,0.53,0,0.0375,0.08,16.365,0
2024-09-26 10:30,13.05,0.72,0,0.0375,0.08,16.342,0
2024-09-26 11:00,13.2,0.92,0,0.0375,0.08,16.32,0
2024-09-26 11:30,13.6,1.17,0,0.0375,0.08,16.302,0
2024-09-26 12:00,14.0,1.42,0,0.0375,0.08,16.287,0
2024-09-26 12:30,14.25,2.4,0,0.0375,0.08,16.274,0
2024-09-26 13:00,14.5,3.39,0,0.0375,0.08,16.263,0
2024-09-26 13:30,14.6,2.86,0,0.0375,0.08,16.252,0
2024-09-26 14:00,14.7,2.33,0,0.0375,0.08,16.243,0
2024-09-26 14:30,13.6,5.14,0,0.0375,0.08,16.225,0
2024-09-26 15:00,12.5,7.94,0,0.0375,0.08,16.199,0
2024-09-26 15:30,12.05,7.67,0,0.0375,0.08,16.17,0
2024-09-26 16:00,11.6,7.39,0,0.0375,0.08,16.138,0
2024-09-26 16:30,11.4,7.32,0,0.0375,0.08,16.104,0
2024-09-26 17:00,11.2,7.25,0,0.0375,0.08,16.069,0
2024-09-26 17:30,11.05,8.01,1,0.0375,0.08,16.033,0
2024-09-26 18:00,10.9,8.78,1,0.0375,0.08,15.996,0
2024-09-26 18:30,10.8,8.44,1,0.0375,0.08,15.959,0
2024-09-26 19:00,10.7,8.11,1,0.0375,0.08,15.921,0
2024-09-26 19:30,10.6,8.5,1,0.0375,0.08,15.883,0
2024-09-26 20:00,10.5,8.89,1,1.2125,0.08,15.923,0
2024-09-26 20:30,10.2,9.31,1,0.0375,0.08,15.881,0
2024-09-26 21:00,9.9,9.72,1,0.0375,0.08,15.838,0
2024-09-26 21:30,9.9,9.97,1,1.4125,0.08,15.887,0
2024-09-26 22:00,9.9,10.22,1,0.1625,0.08,15.852,0
2024-09-26 22:30,9.75,10.08,1,1.0875,0.08,15.878,0
2024-09-26 23:00,9.6,9.94,1,0.0375,0.08,15.833,0
2024-09-26 23:30,9.65,9.85,1,0.0375,0.08,15.788,0
2024-09-27 00:00,9.7,9.75,1,0.0375,0.08,15.744,0
2024-09-27 00:30,9.7,9.63,1,0.0375,0.08,15.7,0
2024-09-27 01:00,9.7,9.5,1,0.0375,0.08,15.656,0
2024-09-27 01:30,9.55,9.47,1,0.0375,0.08,15.612,0
2024-09-27 02:00,9.4,9.44,1,0.0375,0.08,15.567,0
2024-09-27 02:30,9.35,8.69,1,1.2875,0.08,15.606,0
2024-09-27 03:00,9.3,7.94,1,0.0375,0.08,15.56,0
2024-09-27 03:30,9.4,7.85,1,0.0375,0.08,15.515,0
2024-09-27 04:00,9.5,7.75,1,0.0375,0.08,15.472,0
2024-09-27 04:30,9.65,7.53,1,0.0375,0.08,15.43,0
2024-09-27 05:00,9.8,7.31,1,0.0375,0.08,15.389,0
2024-09-27 05:30,9.65,7.64,1,0.0375,0.08,15.348,0
2024-09-27 06:00,9.5,7.97,1,0.0375,0.08,15.305,0
2024-09-27 06:30,9.4,7.83,1,0.0375,0.08,15.263,0
2024-09-27 07:00,9.3,7.69,1,0.1625,0.08,15.228,0
2024-09-27 07:30,9.6,7.57,1,0.0375,0.08,15.187,0
2024-09-27 08:00,9.9,7.44,1,0.1625,0.08,15.158,0
2024-09-27 08:30,10.15,7.96,0,0.0375,0.08,15.122,0
2024-09-27 09:00,10.4,8.47,0,0.0375,0.08,15.088,0
2024-09-27 09:30,10.75,8.97,0,0.0375,0.08,15.058,0
2024-09-27 10:00,11.1,9.47,0,0.0375,0.08,15.03,0
2024-09-27 10:30,11.45,9.11,0,0.0375,0.08,15.005,0
2024-09-27 11:00,11.8,8.75,0,0.0375,0.08,14.983,0
2024-09-27 11:30,12.1,8.61,0,0.0375,0.08,14.963,0
2024-09-27 12:00,12.4,8.47,0,0.0375,0.08,14.946,0
2024-09-27 12:30,12.1,8.22,0,0.0375,0.08,14.927,0
2024-09-27 13:00,11.8,7.97,0,0.0375,0.08,14.906,0
2024-09-27 13:30,11.85,7.43,0,0.0375,0.08,14.885,0
2024-09-27 14:00,11.9,6.89,0,0.0375,0.08,14.864,0
2024-09-27 14:30,11.9,6.76,0,0.0375,0.08,14.844,0
2024-09-27 15:00,11.9,6.64,0,0.0375,0.08,14.824,0
2024-09-27 15:30,11.65,6.12,0,0.0375,0.08,14.802,0
2024-09-27 16:00,11.4,5.61,0,0.0375,0.08,14.779,0
2024-09-27 16:30,11.15,5.31,0,0.0375,0.08,14.753,0
2024-09-27 17:00,10.9,5.0,0,0.0375,0.08,14.727,0
2024-09-27 17:30,10.3,4.79,1,0.0375,0.08,14.695,0
2024-09-27 18:00,9.7,4.58,1,1.2875,0.08,14.743,0
2024-09-27 18:30,9.2,4.49,1,1.4125,0.08,14.795,0
2024-09-27 19:00,8.7,4.39,1,1.2125,0.08,14.829,0
2024-09-27 19:30,8.25,4.18,1,0.0375,0.08,14.781,0
2024-09-27 20:00,7.8,3.97,1,0.0375,0.08,14.731,0
2024-09-27 20:30,7.5,3.86,1,0.1625,0.08,14.686,0
2024-09-27 21:00,7.2,3.75,1,1.2125,0.08,14.71,0
2024-09-27 21:30,7.0,3.75,1,0.0375,0.08,14.653,0
2024-09-27 22:00,6.8,3.75,1,0.975,0.08,14.658,0
2024-09-27 22:30,6.7,3.92,1,0.975,0.08,14.663,0
2024-09-27 23:00,6.6,4.08,1,0.0375,0.08,14.603,0
2024-09-27 23:30,6.45,3.96,1,0.0375,0.08,14.544,0
2024-09-28 00:00,6.3,3.83,1,0.0375,0.08,14.483,0
2024-09-28 00:30,6.1,3.58,1,0.0375,0.08,14.421,0
2024-09-28 01:00,5.9,3.33,1,1.2875,0.08,14.442,0
2024-09-28 01:30,5.75,3.46,1,0.0375,0.08,14.378,0
2024-09-28 02:00,5.6,3.58,1,0.0375,0.08,14.313,0
2024-09-28 02:30,5.45,3.47,1,2.5375,0.08,14.415,0
2024-09-28 03:00,5.3,3.36,1,0.0375,0.08,14.348,0
2024-09-28 03:30,5.2,3.31,1,0.0375,0.08,14.28,0
2024-09-28 04:00,5.1,3.25,1,0.0375,0.08,14.213,0
2024-09-28 04:30,5.05,3.32,1,0.0375,0.08,14.145,0
2024-09-28 05:00,5.0,3.39,1,0.0375,0.08,14.078,0
2024-09-28 05:30,4.9,3.35,1,0.0375,0.08,14.01,0
2024-09-28 06:00,4.8,3.31,1,0.0375,0.08,13.942,0
2024-09-28 06:30,5.25,3.4,1,0.0375,0.08,13.878,0
2024-09-28 07:00,5.7,3.5,1,0.0375,0.08,13.818,0
2024-09-28 07:30,6.7,3.43,1,0.0375,0.08,13.766,0
2024-09-28 08:00,7.7,3.36,1,0.0375,0.08,13.722,0
2024-09-28 08:30,8.65,3.47,1,0.0375,0.08,13.686,0
2024-09-28 09:00,9.6,3.58,1,0.0375,0.08,13.657,0
2024-09-28 09:30,10.4,3.54,1,1.0875,0.08,13.705,0
2024-09-28 10:00,11.2,3.5,1,0.0375,0.08,13.688,0
2024-09-28 10:30,11.85,3.78,1,0.1625,0.08,13.685,0
2024-09-28 11:00,12.5,4.06,1,0.0375,0.08,13.678,0
2024-09-28 11:30,13.05,4.38,1,0.0375,0.08,13.676,0
2024-09-28 12:00,13.6,4.69,1,1.2125,0.08,13.756,0
2024-09-28 12:30,13.5,4.75,1,0.975,0.08,13.819,0
2024-09-28 13:00,13.4,4.81,1,1.808333,0.08,13.937,0
2024-09-28 13:30,13.2,4.85,1,0.870833,0.08,13.99,0
2024-09-28 14:00,13.0,4.89,1,0.870833,0.08,14.04,0
2024-09-28 14:30,13.0,4.78,1,0.0375,0.08,14.035,0
2024-09-28 15:00,13.0,4.67,1,0.0375,0.08,14.029,0
2024-09-28 15:30,12.8,4.51,1,0.0375,0.08,14.023,0
2024-09-28 16:00,12.6,4.36,1,0.1625,0.08,14.023,0
2024-09-28 16:30,12.15,4.19,1,0.0375,0.08,14.011,0
2024-09-28 17:00,11.7,4.03,1,0.1625,0.08,14.004,0
2024-09-28 17:30,11.25,3.62,1,0.0375,0.08,13.985,0
2024-09-28 18:00,10.8,3.22,1,0.2875,0.08,13.98,0
2024-09-28 18:30,10.75,3.22,1,0.0375,0.08,13.958,0
2024-09-28 19:00,10.7,3.22,1,0.0375,0.08,13.936,0
2024-09-28 19:30,10.65,3.15,1,0.0375,0.08,13.913,0
2024-09-28 20:00,10.6,3.08,1,0.0375,0.08,13.89,0
2024-09-28 20:30,10.3,2.65,1,0.0375,0.08,13.865,0
2024-09-28 21:00,10.0,2.22,1,0.0375,0.08,13.838,0
2024-09-28 21:30,9.0,1.86,1,0.0375,0.08,13.803,0
2024-09-28 22:00,8.0,1.5,1,0.0375,0.08,13.762,0
2024-09-28 22:30,7.65,1.78,1,0.0375,0.08,13.717,0
2024-09-28 23:00,7.3,2.06,1,0.0375,0.08,13.671,0
2024-09-28 23:30,7.05,2.12,1,0.0375,0.08,13.622,0
2024-09-29 00:00,6.8,2.19,1,1.2875,0.08,13.656,0
2024-09-29 00:30,6.8,2.19,1,0.0375,0.08,13.606,0
2024-09-29 01:00,6.8,2.19,1,0.0375,0.08,13.557,0
2024-09-29 01:30,6.6,2.15,1,0.0375,0.08,13.506,0
2024-09-29 02:00,6.4,2.11,1,0.0375,0.08,13.454,0
2024-09-29 02:30,6.3,2.04,1,0.0375,0.08,13.402,0
2024-09-29 03:00,6.2,1.97,1,0.0375,0.08,13.349,0
2024-09-29 03:30,6.35,2.04,1,0.0375,0.08,13.298,0
2024-09-29 04:00,6.5,2.11,1,0.0375,0.08,13.249,0
2024-09-29 04:30,6.5,2.25,1,1.2875,0.08,13.283,0
2024-09-29 05:00,6.5,2.39,1,0.0375,0.08,13.234,0
2024-09-29 05:30,6.75,2.53,1,0.0375,0.08,13.187,0
2024-09-29 06:00,7.0,2.67,1,0.0375,0.08,13.142,0
2024-09-29 06:30,7.15,2.88,1,0.0375,0.08,13.098,0
2024-09-29 07:00,7.3,3.08,1,0.0375,0.08,13.056,0
2024-09-29 07:30,7.85,3.03,1,0.0375,0.08,13.019,0
2024-09-29 08:00,8.4,2.97,1,0.0375,0.08,12.986,0
2024-09-29 08:30,8.9,3.04,1,0.1625,0.08,12.966,0
2024-09-29 09:00,9.4,3.11,1,0.975,0.08,13.004,0
2024-09-29 09:30,9.95,3.31,1,0.975,0.08,13.046,0
2024-09-29 10:00,10.5,3.5,1,0.0375,0.08,13.029,0
2024-09-29 10:30,11.0,3.71,1,0.0375,0.08,13.016,0
2024-09-29 11:00,11.5,3.92,1,0.0375,0.08,13.006,0
2024-09-29 11:30,11.95,4.56,1,1.0875,0.08,13.071,0
2024-09-29 12:00,12.4,5.19,1,1.0875,0.08,13.139,0
2024-09-29 12:30,12.35,5.44,1,0.0375,0.08,13.135,0
2024-09-29 13:00,12.3,5.69,1,0.0375,0.08,13.131,0
2024-09-29 13:30,12.55,6.5,1,0.0375,0.08,13.129,0
2024-09-29 14:00,12.8,7.31,1,0.0375,0.08,13.129,0
2024-09-29 14:30,13.1,7.56,1,0.1625,0.08,13.14,0
2024-09-29 15:00,13.4,7.81,1,0.0375,0.08,13.4,0
2024-09-29 15:30,13.6,7.57,1,0.0375,0.08,13.6,0
2024-09-29 16:00,13.8,7.33,1,0.1625,0.08,13.8,0
2024-09-29 16:30,13.5,7.03,1,0.0375,0.08,13.8,0
2024-09-29 17:00,13.2,6.72,1,0.1625,0.08,13.806,0
2024-09-29 17:30,12.6,6.85,1,0.1625,0.08,13.808,0
2024-09-29 18:00,12.0,6.97,1,0.975,0.08,13.859,0
2024-09-29 18:30,11.8,7.24,1,0.975,0.08,13.909,0
2024-09-29 19:00,11.6,7.5,1,0.0375,0.08,13.894,0
2024-09-29 19:30,11.05,7.44,1,0.0375,0.08,13.874,0
2024-09-29 20:00,10.5,7.39,1,0.0375,0.08,13.851,0
2024-09-29 20:30,10.5,7.85,1,0.0375,0.08,13.828,0
2024-09-29 21:00,10.5,8.31,1,1.2875,0.08,13.889,0
2024-09-29 21:30,10.65,8.17,1,0.0375,0.08,13.866,0
2024-09-29 22:00,10.8,8.03,1,0.1625,0.08,13.854,0
2024-09-29 22:30,10.7,7.93,1,0.0375,0.08,13.832,0
2024-09-29 23:00,10.6,7.83,1,0.0375,0.08,13.81,0
2024-09-29 23:30,10.5,7.39,1,0.0375,0.08,13.787,0
2024-09-30 00:00,10.4,6.94,1,0.0375,0.08,13.764,0
2024-09-30 00:30,10.65,6.78,1,0.0375,0.08,13.742,0
2024-09-30 01:00,10.9,6.61,1,0.0375,0.08,13.723,0
2024-09-30 01:30,11.1,6.5,1,0.0375,0.08,13.705,0
2024-09-30 02:00,11.3,6.39,1,0.0375,0.08,13.69,0
2024-09-30 02:30,11.35,6.25,1,0.0375,0.08,13.674,0
2024-09-30 03:00,11.4,6.11,1,0.0375,0.08,13.659,0
2024-09-30 03:30,11.4,6.18,1,0.0375,0.08,13.644,0
2024-09-30 04:00,11.4,6.25,1,0.0375,0.08,13.63,0
2024-09-30 04:30,11.5,6.12,1,0.0375,0.08,13.616,0
2024-09-30 05:00,11.6,6.0,1,0.0375,0.08,13.603,0
2024-09-30 05:30,11.65,6.0,1,0.0375,0.08,13.591,0
2024-09-30 06:00,11.7,6.0,1,0.0375,0.08,13.579,0
2024-09-30 06:30,11.5,5.69,1,0.0375,0.08,13.565,0
2024-09-30 07:00,11.3,5.39,1,0.0375,0.08,13.55,0
2024-09-30 07:30,11.35,5.36,1,1.2875,0.08,13.62,0
2024-09-30 08:00,11.4,5.33,1,0.1625,0.08,13.613,0
2024-09-30 08:30,11.7,5.28,0,0.0375,0.08,13.601,0
2024-09-30 09:00,12.0,5.22,0,0.0375,0.08,13.592,0
2024-09-30 09:30,12.25,5.49,0,0.0375,0.08,13.584,0
2024-09-30 10:00,12.5,5.75,0,0.0375,0.08,13.578,0
2024-09-30 10:30,12.7,5.79,0,0.0375,0.08,13.574,0
2024-09-30 11:00,12.9,5.83,0,0.0375,0.08,13.571,0
2024-09-30 11:30,12.8,5.69,0,0.0375,0.08,13.568,0
2024-09-30 12:00,12.7,5.56,0,0.0375,0.08,13.564,0
2024-09-30 12:30,12.8,5.9,0,0.0375,0.08,13.56,0
2024-09-30 13:00,12.9,6.25,0,0.0375,0.08,13.558,0
2024-09-30 13:30,12.75,6.42,0,0.0375,0.08,13.554,0
2024-09-30 14:00,12.6,6.58,0,0.0375,0.08,13.549,0
2024-09-30 14:30,12.5,6.93,0,0.0375,0.08,13.544,0
2024-09-30 15:00,12.4,7.28,0,0.0375,0.08,13.538,0
2024-09-30 15:30,12.25,7.57,0,0.0375,0.08,13.53,0
2024-09-30 16:00,12.1,7.86,0,0.0375,0.08,13.522,0
2024-09-30 16:30,12.0,7.89,0,0.0375,0.08,13.513,0
2024-09-30 17:00,11.9,7.92,0,0.0375,0.08,13.503,0
2024-09-30 17:30,11.85,7.78,1,0.995833,0.08,13.557,0
2024-09-30 18:00,11.8,7.64,1,0.870833,0.08,13.601,0
2024-09-30 18:30,11.8,7.43,1,2.170833,0.08,13.733,0
2024-09-30 19:00,11.8,7.22,1,1.3375,0.08,13.807,0
2024-09-30 19:30,11.75,6.89,1,2.475,0.08,13.957,0
2024-09-30 20:00,11.7,6.56,1,1.1,0.08,14.013,0
2024-09-30 20:30,11.65,6.44,1,1.0875,0.08,14.068,0
2024-09-30 21:00,11.6,6.33,1,1.0875,0.08,14.122,0
2024-09-30 21:30,11.55,6.17,1,0.0375,0.08,14.105,0
2024-09-30 22:00,11.5,6.0,1,0.0375,0.08,14.087,0
2024-09-30 22:30,11.5,5.92,1,1.4125,0.08,14.162,0
2024-09-30 23:00,11.5,5.83,1,0.0375,0.08,14.144,0
2024-09-30 23:30,11.5,5.79,1,0.0375,0.08,14.126,0
2024-10-01 00:00,11.5,5.75,1,0.0375,12.08,14.822,1
2024-10-01 00:30,11.5,5.57,1,0.0375,12.08,15.513,1
2024-10-01 01:00,11.5,5.39,1,0.0375,8.733101,16.0,1
2024-10-01 01:30,11.45,5.39,1,0.0375,0.623261,16.0,1
2024-10-01 02:00,11.4,5.39,1,0.0375,0.629694,16.0,1
2024-10-01 02:30,11.35,5.33,1,0.0375,0.636127,16.0,1
2024-10-01 03:00,11.3,5.28,1,0.0375,0.64256,16.0,1
2024-10-01 03:30,11.3,5.35,1,0.0375,0.64256,16.0,1
2024-10-01 04:00,11.3,5.42,1,0.0375,0.64256,16.0,1
2024-10-01 04:30,11.3,5.32,1,0.0375,0.64256,16.0,1
2024-10-01 05:00,11.3,5.22,1,0.0375,0.64256,16.0,1
2024-10-01 05:30,11.45,5.46,1,0.0375,0.623261,16.0,1
2024-10-01 06:00,11.6,5.69,1,0.0375,0.603962,16.0,1
2024-10-01 06:30,11.65,6.0,1,0.0375,0.597529,16.0,1
2024-10-01 07:00,11.7,6.31,1,0.0375,12.08,16.683,1
2024-10-01 07:30,11.75,6.54,1,0.0375,12.08,17.362,1
2024-10-01 08:00,11.8,6.78,1,1.2875,12.08,18.12,1
2024-10-01 08:30,11.8,6.74,0,0.0375,0.08,18.074,0
2024-10-01 09:00,11.8,6.69,0,0.0375,0.08,18.028,0
2024-10-01 09:30,11.85,6.86,0,0.0375,0.08,17.983,0
2024-10-01 10:00,11.9,7.03,0,0.0375,0.08,17.939,0
2024-10-01 10:30,12.15,7.5,0,0.0375,0.08,17.898,0
2024-10-01 11:00,12.4,7.97,0,0.0375,0.08,17.858,0
2024-10-01 11:30,12.55,8.19,0,0.0375,0.08,17.82,0
2024-10-01 12:00,12.7,8.42,0,0.0375,0.08,17.783,0
2024-10-01 12:30,12.7,7.99,0,0.0375,0.08,17.747,0
2024-10-01 13:00,12.7,7.56,0,0.0375,0.08,17.711,0
2024-10-01 13:30,12.65,7.4,0,0.0375,0.08,17.674,0
2024-10-01 14:00,12.6,7.25,0,0.0375,0.08,17.638,0
2024-10-01 14:30,12.7,7.28,0,0.0375,0.08,17.603,0
2024-10-01 15:00,12.8,7.31,0,0.0375,0.08,17.569,0
2024-10-01 15:30,12.7,7.33,0,0.0375,0.08,17.534,0
2024-10-01 16:00,12.6,7.36,0,0.0375,0.08,17.499,0
2024-10-01 16:30,12.5,7.24,0,0.0375,0.08,17.463,0
2024-10-01 17:00,12.4,7.11,0,0.0375,0.08,17.427,0
2024-10-01 17:30,12.3,6.93,1,0.2875,12.08,18.12,1
2024-10-01 18:00,12.2,6.75,1,0.1625,12.08,18.8,1
2024-10-01 18:30,12.15,6.68,1,0.0375,12.08,19.465,1
2024-10-01 19:00,12.1,6.61,1,0.0375,9.972415,20.0,1
2024-10-01 19:30,12.1,6.47,1,0.0375,1.054267,20.0,1
2024-10-01 20:00,12.1,6.33,1,0.0375,1.054267,20.0,1
2024-10-01 20:30,12.15,6.58,1,0.0375,1.047834,20.0,1
2024-10-01 21:00,12.2,6.83,1,1.0875,0.08,20.013,0
2024-10-01 21:30,12.2,6.97,1,1.2875,0.08,20.039,0
2024-10-01 22:00,12.2,7.11,1,1.0875,0.08,20.052,0
2024-10-01 22:30,12.15,6.82,1,2.6,0.08,20.165,0
2024-10-01 23:00,12.1,6.53,1,0.975,0.08,20.169,0
2024-10-01 23:30,12.0,6.28,1,0.0375,0.08,20.109,0
2024-10-02 00:00,11.9,6.03,1,0.0375,0.08,20.048,0
2024-10-02 00:30,11.95,6.12,1,0.0375,0.08,19.989,0
2024-10-02 01:00,12.0,6.22,1,0.0375,0.08,19.93,0
2024-10-02 01:30,12.05,6.42,1,0.0375,0.08,19.872,0
2024-10-02 02:00,12.1,6.61,1,0.0375,0.08,19.815,0
2024-10-02 02:30,12.0,6.36,1,0.0375,0.08,19.758,0
2024-10-02 03:00,11.9,6.11,1,0.0375,0.08,19.7,0
2024-10-02 03:30,11.85,6.07,1,0.0375,0.08,19.643,0
2024-10-02 04:00,11.8,6.03,1,0.0375,0.08,19.585,0
2024-10-02 04:30,11.8,6.07,1,0.0375,0.08,19.528,0
2024-10-02 05:00,11.8,6.11,1,0.0375,0.08,19.472,0
2024-10-02 05:30,12.0,6.06,1,0.0375,0.08,19.417,0
2024-10-02 06:00,12.2,6.0,1,0.0375,0.08,19.364,0
2024-10-02 06:30,12.2,6.22,1,0.0375,0.08,19.312,0
2024-10-02 07:00,12.2,6.44,1,0.975,11.465656,20.0,1
2024-10-02 07:30,12.2,6.46,1,1.1,0.08,20.014,0
2024-10-02 08:00,12.2,6.47,1,0.1625,0.670311,20.0,1
2024-10-02 08:30,12.4,6.32,0,0.0375,0.08,19.944,0
2024-10-02 09:00,12.6,6.17,0,0.0375,0.08,19.891,0
2024-10-02 09:30,12.95,6.47,0,0.0375,0.08,19.84,0
2024-10-02 10:00,13.3,6.78,0,0.0375,0.08,19.792,0
2024-10-02 10:30,14.0,7.04,0,0.0375,0.08,19.751,0
2024-10-02 11:00,14.7,7.31,0,0.0375,0.08,19.714,0
2024-10-02 11:30,14.95,7.24,0,0.0375,0.08,19.681,0
2024-10-02 12:00,15.2,7.17,0,0.0375,0.08,19.649,0
2024-10-02 12:30,14.8,7.03,0,0.0375,0.08,19.614,0
2024-10-02 13:00,14.4,6.89,0,0.0375,0.08,19.577,0
2024-10-02 13:30,14.35,6.65,0,0.0375,0.08,19.539,0
2024-10-02 14:00,14.3,6.42,0,0.0375,0.08,19.502,0
2024-10-02 14:30,14.15,6.21,0,0.0375,0.08,19.463,0
2024-10-02 15:00,14.0,6.0,0,0.0375,0.08,19.424,0
2024-10-02 15:30,13.7,5.93,0,0.0375,0.08,19.383,0
2024-10-02 16:00,13.4,5.86,0,0.0375,0.08,19.339,0
2024-10-02 16:30,12.8,5.43,0,0.0375,0.08,19.292,0
2024-10-02 17:00,12.2,5.0,0,0.0375,0.08,19.24,0
2024-10-02 17:30,11.5,4.57,1,0.0375,12.08,19.897,1
2024-10-02 18:00,10.8,4.14,1,0.1625,2.797183,20.0,1
2024-10-02 18:30,10.5,3.96,1,0.0375,1.26012,20.0,1
2024-10-02 19:00,10.2,3.78,1,0.0375,1.298718,20.0,1
2024-10-02 19:30,9.8,3.42,1,2.35,0.08,20.079,0
2024-10-02 20:00,9.4,3.06,1,0.975,0.08,20.062,0
2024-10-02 20:30,8.95,3.04,1,1.0875,0.08,20.05,0
2024-10-02 21:00,8.5,3.03,1,1.0875,0.08,20.034,0
2024-10-02 21:30,8.3,2.81,1,1.4125,0.08,20.039,0
2024-10-02 22:00,8.1,2.58,1,1.2875,0.08,20.034,0
2024-10-02 22:30,8.1,2.71,1,0.1625,0.86706,20.0,1
2024-10-02 23:00,8.1,2.83,1,0.0375,0.08,19.911,0
2024-10-02 23:30,8.35,3.01,1,0.0375,0.08,19.825,0
2024-10-03 00:00,8.6,3.19,1,0.0375,0.08,19.742,0
2024-10-03 00:30,8.45,3.26,1,0.0375,0.08,19.658,0
2024-10-03 01:00,8.3,3.33,1,0.0375,0.08,19.574,0
2024-10-03 01:30,8.2,3.28,1,0.0375,0.08,19.489,0
2024-10-03 02:00,8.1,3.22,1,0.0375,0.08,19.404,0
2024-10-03 02:30,7.9,2.99,1,0.0375,0.08,19.319,0
2024-10-03 03:00,7.7,2.75,1,0.0375,0.08,19.232,0
2024-10-03 03:30,7.75,2.62,1,0.0375,0.08,19.147,0
2024-10-03 04:00,7.8,2.5,1,0.0375,0.08,19.063,0
2024-10-03 04:30,7.8,2.5,1,0.0375,0.08,18.979,0
2024-10-03 05:00,7.8,2.5,1,0.0375,0.08,18.896,0
2024-10-03 05:30,7.85,2.53,1,0.0375,0.08,18.814,0
2024-10-03 06:00,7.9,2.56,1,0.0375,0.08,18.733,0
2024-10-03 06:30,8.15,2.75,1,1.2875,0.08,18.738,0
2024-10-03 07:00,8.4,2.94,1,0.1625,12.08,19.384,1
2024-10-03 07:30,9.1,2.82,1,1.4125,10.176804,20.0,1
2024-10-03 08:00,9.8,2.69,1,0.1625,1.209732,20.0,1
2024-10-03 08:30,10.6,2.5,0,0.0375,0.08,19.931,0
2024-10-03 09:00,11.4,2.31,0,0.0375,0.08,19.868,0
2024-10-03 09:30,12.25,2.69,0,0.0375,0.08,19.812,0
2024-10-03 10:00,13.1,3.08,0,0.0375,0.08,19.763,0
2024-10-03 10:30,13.65,4.01,0,0.0375,0.08,19.719,0
2024-10-03 11:00,14.2,4.94,0,0.0375,0.08,19.679,0
2024-10-03 11:30,14.4,5.1,0,0.0375,0.08,19.641,0
2024-10-03 12:00,14.6,5.25,0,0.0375,0.08,19.605,0
2024-10-03 12:30,14.7,5.04,0,0.0375,0.08,19.57,0
2024-10-03 13:00,14.8,4.83,0,0.0375,0.08,19.536,0
2024-10-03 13:30,14.95,4.74,0,0.0375,0.08,19.503,0
2024-10-03 14:00,15.1,4.64,0,0.0375,0.08,19.472,0
2024-10-03 14:30,14.95,4.43,0,0.0375,0.08,19.44,0
2024-10-03 15:00,14.8,4.22,0,0.0375,0.08,19.407,0
2024-10-03 15:30,14.45,4.31,0,0.0375,0.08,19.372,0
2024-10-03 16:00,14.1,4.39,0,0.0375,0.08,19.334,0
2024-10-03 16:30,13.5,4.04,0,0.0375,0.08,19.292,0
2024-10-03 17:00,12.9,3.69,0,0.0375,0.08,19.245,0
2024-10-03 17:30,12.0,3.36,1,0.0375,12.08,19.906,1
2024-10-03 18:00,11.1,3.03,1,0.0375,2.746514,20.0,1
2024-10-03 18:30,10.5,2.71,1,1.3375,0.08,20.017,0
2024-10-03 19:00,9.9,2.39,1,2.3875,0.08,20.099,0
2024-10-03 19:30,9.3,2.1,1,1.0875,0.08,20.089,0
2024-10-03 20:00,8.7,1.81,1,0.1625,0.08,20.013,0
2024-10-03 20:30,7.85,2.22,1,0.975,0.337916,20.0,1
2024-10-03 21:00,7.0,2.64,1,0.975,0.657054,20.0,1
2024-10-03 21:30,6.65,2.64,1,0.0375,1.755455,20.0,1
2024-10-03 22:00,6.3,2.64,1,0.2875,1.519587,20.0,1
2024-10-03 22:30,5.95,2.64,1,0.975,0.792145,20.0,1
2024-10-03 23:00,5.6,2.64,1,0.975,0.08,19.955,0
2024-10-03 23:30,5.55,2.58,1,1.2875,0.08,19.931,0
2024-10-04 00:00,5.5,2.53,1,0.0375,0.08,19.823,0
2024-10-04 00:30,5.75,2.22,1,0.0375,0.08,19.718,0
2024-10-04 01:00,6.0,1.92,1,0.0375,0.08,19.615,0
2024-10-04 01:30,6.25,2.1,1,0.0375,0.08,19.515,0
2024-10-04 02:00,6.5,2.28,1,0.0375,0.08,19.418,0
2024-10-04 02:30,6.45,2.32,1,0.0375,0.08,19.321,0
2024-10-04 03:00,6.4,2.36,1,0.0375,0.08,19.225,0
2024-10-04 03:30,6.3,2.32,1,0.0375,0.08,19.129,0
2024-10-04 04:00,6.2,2.28,1,0.0375,0.08,19.032,0
2024-10-04 04:30,6.4,2.17,1,0.0375,0.08,18.938,0
2024-10-04 05:00,6.6,2.06,1,0.0375,0.08,18.846,0
2024-10-04 05:30,6.3,1.99,1,0.0375,0.08,18.753,0
2024-10-04 06:00,6.0,1.92,1,0.0375,0.08,18.657,0
2024-10-04 06:30,6.2,2.14,1,0.0375,0.08,18.565,0
2024-10-04 07:00,6.4,2.36,1,0.0375,12.08,19.188,1
2024-10-04 07:30,7.55,2.51,1,0.975,12.08,19.878,1
2024-10-04 08:00,8.7,2.67,1,0.975,2.475005,20.0,1
2024-10-04 08:30,9.8,2.75,0,0.0375,0.08,19.924,0
2024-10-04 09:00,10.9,2.83,0,0.0375,0.08,19.858,0
2024-10-04 09:30,11.85,3.19,0,0.0375,0.08,19.799,0
2024-10-04 10:00,12.8,3.56,0,0.0375,0.08,19.748,0
2024-10-04 10:30,13.5,4.64,0,0.0375,0.08,19.703,0
2024-10-04 11:00,14.2,5.72,0,0.0375,0.08,19.663,0
2024-10-04 11:30,14.5,6.04,0,0.0375,0.08,19.626,0
2024-10-04 12:00,14.8,6.36,0,0.0375,0.08,19.592,0
2024-10-04 12:30,14.95,6.36,0,0.0375,0.08,19.559,0
2024-10-04 13:00,15.1,6.36,0,0.0375,0.08,19.527,0
2024-10-04 13:30,15.1,6.14,0,0.0375,0.08,19.496,0
2024-10-04 14:00,15.1,5.92,0,0.0375,0.08,19.464,0
2024-10-04 14:30,15.0,5.53,0,0.0375,0.08,19.433,0
2024-10-04 15:00,14.9,5.14,0,0.0375,0.08,19.401,0
2024-10-04 15:30,14.7,4.49,0,0.0375,0.08,19.367,0
2024-10-04 16:00,14.5,3.83,0,0.0375,0.08,19.332,0
2024-10-04 16:30,13.8,3.47,0,0.0375,0.08,19.293,0
2024-10-04 17:00,13.1,3.11,0,0.0375,0.08,19.248,0
2024-10-04 17:30,12.35,3.11,1,0.1625,12.08,19.92,1
2024-10-04 18:00,11.6,3.11,1,0.1625,2.318418,20.0,1
2024-10-04 18:30,11.05,3.18,1,1.2875,0.08,20.018,0
2024-10-04 19:00,10.5,3.25,1,0.0375,0.967243,20.0,1
2024-10-04 19:30,10.3,3.5,1,0.0375,1.285852,20.0,1
2024-10-04 20:00,10.1,3.75,1,1.4125,0.08,20.019,0
2024-10-04 20:30,9.9,3.67,1,0.2875,0.745455,20.0,1
2024-10-04 21:00,9.7,3.58,1,0.1625,1.222597,20.0,1
2024-10-04 21:30,9.5,3.62,1,1.0875,0.209003,20.0,1
2024-10-04 22:00,9.3,3.67,1,1.0875,0.234735,20.0,1
2024-10-04 22:30,9.05,3.64,1,1.3375,0.08,20.006,0
2024-10-04 23:00,8.8,3.61,1,2.5875,0.08,20.093,0
2024-10-04 23:30,8.6,3.58,1,0.0375,0.08,20.007,0
2024-10-05 00:00,8.4,3.56,1,0.0375,0.08,19.921,0
2024-10-05 00:30,8.6,3.46,1,0.0375,0.08,19.837,0
2024-10-05 01:00,8.8,3.36,1,0.0375,0.08,19.755,0
2024-10-05 01:30,8.65,3.26,1,0.0375,0.08,19.672,0
2024-10-05 02:00,8.5,3.17,1,0.0375,0.08,19.589,0
2024-10-05 02:30,8.25,3.12,1,0.0375,0.08,19.505,0
2024-10-05 03:00,8.0,3.08,1,1.2875,0.08,19.503,0
2024-10-05 03:30,7.75,2.96,1,0.0375,0.08,19.416,0
2024-10-05 04:00,7.5,2.83,1,0.0375,0.08,19.327,0
2024-10-05 04:30,7.25,3.08,1,0.0375,0.08,19.237,0
2024-10-05 05:00,7.0,3.33,1,0.0375,0.08,19.146,0
2024-10-05 05:30,6.75,3.33,1,0.0375,0.08,19.053,0
2024-10-05 06:00,6.5,3.33,1,0.0375,0.08,18.96,0
2024-10-05 06:30,6.6,3.46,1,0.0375,0.08,18.868,0
2024-10-05 07:00,6.7,3.58,1,0.0375,12.08,19.491,1
2024-10-05 07:30,7.5,3.6,1,0.0375,10.135194,20.0,1
2024-10-05 08:00,8.3,3.61,1,0.1625,1.402719,20.0,1
2024-10-05 08:30,9.25,3.69,1,0.995833,0.08,19.984,0
2024-10-05 09:00,10.2,3.78,1,0.995833,0.08,19.976,0
2024-10-05 09:30,11.05,4.15,1,1.920833,0.08,20.036,0
2024-10-05 10:00,11.9,4.53,1,0.0375,0.08,19.976,0
2024-10-05 10:30,12.9,4.75,1,1.0875,0.08,19.995,0
2024-10-05 11:00,13.9,4.97,1,0.0375,0.08,19.951,0
2024-10-05 11:30,14.6,5.82,1,0.0375,0.08,19.912,0
2024-10-05 12:00,15.3,6.67,1,0.0375,0.08,19.879,0
2024-10-05 12:30,15.45,6.78,1,0.0375,0.08,19.848,0
2024-10-05 13:00,15.6,6.89,1,0.975,0.08,19.881,0
2024-10-05 13:30,15.8,6.9,1,0.975,0.08,19.915,0
2024-10-05 14:00,16.0,6.92,1,0.1625,0.08,19.896,0
2024-10-05 14:30,15.9,6.88,1,0.0375,0.08,19.867,0
2024-10-05 15:00,15.8,6.83,1,0.0375,0.08,19.839,0
2024-10-05 15:30,15.6,5.97,1,0.1625,0.08,19.817,0
2024-10-05 16:00,15.4,5.11,1,0.0375,0.08,19.786,0
2024-10-05 16:30,14.75,4.71,1,0.0375,0.08,19.75,0
2024-10-05 17:00,14.1,4.31,1,0.0375,0.08,19.709,0
2024-10-05 17:30,13.45,4.22,1,0.1625,5.591602,20.0,1
2024-10-05 18:00,12.8,4.14,1,0.975,0.08,20.01,0
2024-10-05 18:30,12.4,4.11,1,0.975,0.08,20.017,0
2024-10-05 19:00,12.0,4.08,1,0.0375,0.783746,20.0,1
2024-10-05 19:30,11.4,4.04,1,0.0375,1.144328,20.0,1
2024-10-05 20:00,10.8,4.0,1,0.0375,1.221523,20.0,1
2024-10-05 20:30,10.35,4.43,1,0.0375,1.279419,20.0,1
2024-10-05 21:00,9.9,4.86,1,0.0375,1.337315,20.0,1
2024-10-05 21:30,9.9,5.4,1,0.0375,1.337315,20.0,1
2024-10-05 22:00,9.9,5.94,1,0.0375,1.337315,20.0,1
2024-10-05 22:30,10.05,5.67,1,1.2875,0.08,20.01,0
2024-10-05 23:00,10.2,5.39,1,0.0375,0.08,19.937,0
2024-10-05 23:30,10.2,5.28,1,1.2875,0.08,19.949,0
2024-10-06 00:00,10.2,5.17,1,0.0375,0.08,19.877,0
2024-10-06 00:30,10.25,4.97,1,0.0375,0.08,19.806,0
2024-10-06 01:00,10.3,4.78,1,0.0375,0.08,19.735,0
2024-10-06 01:30,10.45,4.83,1,0.0375,0.08,19.667,0
2024-10-06 02:00,10.6,4.89,1,0.0375,0.08,19.6,0
2024-10-06 02:30,10.65,5.13,1,0.0375,0.08,19.534,0
2024-10-06 03:00,10.7,5.36,1,0.0375,0.08,19.469,0
2024-10-06 03:30,10.7,5.13,1,0.0375,0.08,19.404,0
2024-10-06 04:00,10.7,4.89,1,0.0375,0.08,19.34,0
2024-10-06 04:30,10.55,4.92,1,0.0375,0.08,19.275,0
2024-10-06 05:00,10.4,4.94,1,0.0375,0.08,19.21,0
2024-10-06 05:30,10.4,5.04,1,0.0375,0.08,19.145,0
2024-10-06 06:00,10.4,5.14,1,0.0375,0.08,19.08,0
2024-10-06 06:30,10.4,5.01,1,0.0375,0.08,19.017,0
2024-10-06 07:00,10.4,4.89,1,0.0375,12.08,19.667,1
2024-10-06 07:30,10.6,5.04,1,0.0375,6.801834,20.0,1
2024-10-06 08:00,10.8,5.19,1,0.0375,1.221523,20.0,1
2024-10-06 08:30,11.25,5.32,1,0.0375,0.08,19.936,0
2024-10-06 09:00,11.7,5.44,1,0.0375,0.08,19.875,0
2024-10-06 09:30,11.65,5.18,1,0.0375,0.08,19.815,0
2024-10-06 10:00,11.6,4.92,1,0.0375,0.08,19.754,0
2024-10-06 10:30,12.25,6.06,1,0.0375,0.08,19.699,0
2024-10-06 11:00,12.9,7.19,1,0.0375,0.08,19.65,0
2024-10-06 11:30,13.3,6.93,1,1.2875,0.08,19.687,0
2024-10-06 12:00,13.7,6.67,1,0.0375,0.08,19.644,0
2024-10-06 12:30,14.25,6.6,1,0.0375,0.08,19.605,0
2024-10-06 13:00,14.8,6.53,1,0.0375,0.08,19.571,0
2024-10-06 13:30,14.75,5.97,1,1.2875,0.08,19.62,0
2024-10-06 14:00,14.7,5.42,1,0.0375,0.08,19.585,0
2024-10-06 14:30,14.45,4.71,1,0.0375,0.08,19.548,0
2024-10-06 15:00,14.2,4.0,1,0.0375,0.08,19.51,0
2024-10-06 15:30,14.05,3.71,1,0.0375,0.08,19.47,0
2024-10-06 16:00,13.9,3.42,1,0.0375,0.08,19.43,0
2024-10-06 16:30,13.6,3.33,1,1.0875,0.08,19.458,0
2024-10-06 17:00,13.3,3.25,1,0.0375,0.08,19.414,0
2024-10-06 17:30,13.1,3.22,1,0.0375,10.706524,20.0,1
2024-10-06 18:00,12.9,3.19,1,0.0375,0.95134,20.0,1
2024-10-06 18:30,12.75,2.93,1,0.0375,0.970639,20.0,1
2024-10-06 19:00,12.6,2.67,1,0.1625,0.849488,20.0,1
2024-10-06 19:30,12.5,2.46,1,0.0375,1.002803,20.0,1
2024-10-06 20:00,12.4,2.25,1,0.975,0.08,20.007,0
2024-10-06 20:30,12.25,2.12,1,2.15,0.08,20.091,0
2024-10-06 21:00,12.1,2.0,1,0.0375,0.08,20.033,0
2024-10-06 21:30,12.0,1.99,1,0.1625,0.381479,20.0,1
2024-10-06 22:00,11.9,1.97,1,0.1625,0.939549,20.0,1
2024-10-06 22:30,11.85,1.76,1,1.5375,0.08,20.04,0
2024-10-06 23:00,11.8,1.56,1,0.0375,0.08,19.98,0
2024-10-06 23:30,11.75,1.44,1,0.0375,0.08,19.919,0
2024-10-07 00:00,11.7,1.33,1,0.0375,0.08,19.859,0
2024-10-07 00:30,12.1,2.22,1,0.0375,0.08,19.802,0
2024-10-07 01:00,12.5,3.11,1,0.0375,0.08,19.749,0
2024-10-07 01:30,11.9,3.33,1,0.0375,0.08,19.691,0
2024-10-07 02:00,11.3,3.56,1,1.2875,0.08,19.713,0
2024-10-07 02:30,10.8,3.14,1,0.0375,0.08,19.647,0
2024-10-07 03:00,10.3,2.72,1,0.0375,0.08,19.578,0
2024-10-07 03:30,9.9,2.62,1,0.0375,0.08,19.507,0
2024-10-07 04:00,9.5,2.53,1,1.2875,0.08,19.516,0
2024-10-07 04:30,9.45,2.71,1,0.0375,0.08,19.442,0
2024-10-07 05:00,9.4,2.89,1,0.0375,0.08,19.367,0
2024-10-07 05:30,9.6,2.89,1,0.0375,0.08,19.295,0
2024-10-07 06:00,9.8,2.89,1,0.0375,0.08,19.225,0
2024-10-07 06:30,10.05,2.89,1,0.0375,0.08,19.157,0
2024-10-07 07:00,10.3,2.89,1,1.0875,12.08,19.876,1
2024-10-07 07:30,10.95,3.5,1,1.808333,1.283294,20.0,1
2024-10-07 08:00,11.6,4.11,1,1.808333,0.08,20.057,0
2024-10-07 08:30,12.4,4.43,0,0.870833,0.08,20.056,0
2024-10-07 09:00,13.2,4.75,0,0.0375,0.08,20.006,0
2024-10-07 09:30,13.75,5.18,0,0.0375,0.08,19.961,0
2024-10-07 10:00,14.3,5.61,0,0.0375,0.08,19.92,0
2024-10-07 10:30,15.0,5.57,0,0.0375,0.08,19.885,0
2024-10-07 11:00,15.7,5.53,0,0.0375,0.08,19.855,0
2024-10-07 11:30,16.1,5.14,0,0.0375,0.08,19.829,0
2024-10-07 12:00,16.5,4.75,0,0.0375,0.08,19.806,0
2024-10-07 12:30,16.35,4.56,0,0.0375,0.08,19.782,0
2024-10-07 13:00,16.2,4.36,0,0.0375,0.08,19.757,0
2024-10-07 13:30,16.65,4.39,0,0.0375,0.08,19.736,0
2024-10-07 14:00,17.1,4.42,0,0.0375,0.08,19.718,0
2024-10-07 14:30,17.05,4.28,0,0.0375,0.08,19.7,0
2024-10-07 15:00,17.0,4.14,0,0.0375,0.08,19.682,0
2024-10-07 15:30,16.7,3.67,0,0.0375,0.08,19.662,0
2024-10-07 16:00,16.4,3.19,0,0.0375,0.08,19.639,0
2024-10-07 16:30,15.2,2.53,0,0.0375,0.08,19.608,0
2024-10-07 17:00,14.0,1.86,0,0.0375,0.08,19.568,0
2024-10-07 17:30,13.1,2.18,1,0.0375,8.138666,20.0,1
2024-10-07 18:00,12.2,2.5,1,0.0375,1.041401,20.0,1
2024-10-07 18:30,11.95,2.54,1,0.0375,1.073565,20.0,1
2024-10-07 19:00,11.7,2.58,1,0.0375,1.10573,20.0,1
2024-10-07 19:30,11.75,3.24,1,0.1625,0.958848,20.0,1
2024-10-07 20:00,11.8,3.89,1,0.0375,1.092864,20.0,1
2024-10-07 20:30,11.7,3.1,1,0.0375,1.10573,20.0,1
2024-10-07 21:00,11.6,2.31,1,0.0375,1.118596,20.0,1
2024-10-07 21:30,11.35,2.17,1,2.525,0.08,20.103,0
2024-10-07 22:00,11.1,2.03,1,0.975,0.08,20.099,0
2024-10-07 22:30,10.55,1.9,1,0.1625,0.08,20.037,0
2024-10-07 23:00,10.0,1.78,1,0.0375,0.08,19.962,0
2024-10-07 23:30,9.8,1.76,1,1.2875,0.08,19.971,0
2024-10-08 00:00,9.6,1.75,1,0.0375,0.08,19.894,0
2024-10-08 00:30,9.75,1.92,1,0.0375,0.08,19.819,0
2024-10-08 01:00,9.9,2.08,1,0.0375,0.08,19.745,0
2024-10-08 01:30,9.7,1.71,1,0.0375,0.08,19.671,0
2024-10-08 02:00,9.5,1.33,1,0.0375,0.08,19.595,0
2024-10-08 02:30,9.85,1.53,1,1.2875,0.08,19.607,0
2024-10-08 03:00,10.2,1.72,1,0.0375,0.08,19.537,0
2024-10-08 03:30,10.35,2.14,1,0.0375,0.08,19.47,0
2024-10-08 04:00,10.5,2.56,1,1.2875,0.08,19.487,0
2024-10-08 04:30,10.45,2.43,1,0.0375,0.08,19.42,0
2024-10-08 05:00,10.4,2.31,1,0.0375,0.08,19.354,0
2024-10-08 05:30,10.65,2.26,1,0.0375,0.08,19.29,0
2024-10-08 06:00,10.9,2.22,1,0.0375,0.08,19.228,0
2024-10-08 06:30,11.05,2.33,1,0.0375,0.08,19.168,0
2024-10-08 07:00,11.2,2.44,1,0.2875,12.08,19.84,1
2024-10-08 07:30,11.4,2.64,1,0.1625,3.672222,20.0,1
2024-10-08 08:00,11.6,2.83,1,3.3875,0.08,20.162,0
2024-10-08 08:30,12.05,3.03,0,0.0375,0.08,20.103,0
2024-10-08 09:00,12.5,3.22,0,0.0375,0.08,20.047,0
2024-10-08 09:30,13.2,2.93,0,0.0375,0.08,19.997,0
2024-10-08 10:00,13.9,2.64,0,0.0375,0.08,19.953,0
2024-10-08 10:30,14.2,2.79,0,0.0375,0.08,19.911,0
2024-10-08 11:00,14.5,2.94,0,0.0375,0.08,19.872,0
2024-10-08 11:30,14.6,3.18,0,0.0375,0.08,19.835,0
2024-10-08 12:00,14.7,3.42,0,0.0375,0.08,19.798,0
2024-10-08 12:30,15.25,3.74,0,0.0375,0.08,19.765,0
2024-10-08 13:00,15.8,4.06,0,0.0375,0.08,19.738,0
2024-10-08 13:30,15.9,3.74,0,0.0375,0.08,19.711,0
2024-10-08 14:00,16.0,3.42,0,0.0375,0.08,19.685,0
2024-10-08 14:30,16.05,3.33,0,0.0375,0.08,19.66,0
2024-10-08 15:00,16.1,3.25,0,0.0375,0.08,19.635,0
2024-10-08 15:30,15.3,3.33,0,0.0375,0.08,19.604,0
2024-10-08 16:00,14.5,3.42,0,0.0375,0.08,19.568,0
2024-10-08 16:30,13.9,2.78,0,0.0375,0.08,19.527,0
2024-10-08 17:00,13.3,2.14,0,0.0375,0.08,19.482,0
2024-10-08 17:30,12.75,2.51,1,0.0375,9.61924,20.0,1
2024-10-08 18:00,12.2,2.89,1,0.0375,1.041401,20.0,1
2024-10-08 18:30,11.85,2.83,1,0.1625,0.945982,20.0,1
2024-10-08 19:00,11.5,2.78,1,0.0375,1.131462,20.0,1
2024-10-08 19:30,11.5,2.75,1,0.0375,1.131462,20.0,1
2024-10-08 20:00,11.5,2.72,1,0.1625,0.991012,20.0,1
2024-10-08 20:30,11.55,2.75,1,0.0375,1.125029,20.0,1
2024-10-08 21:00,11.6,2.78,1,0.975,0.08,20.001,0
2024-10-08 21:30,11.55,2.69,1,2.0375,0.08,20.072,0
2024-10-08 22:00,11.5,2.61,1,0.975,0.08,20.072,0
2024-10-08 22:30,11.4,2.56,1,1.3375,0.08,20.095,0
2024-10-08 23:00,11.3,2.5,1,1.3375,0.08,20.117,0
2024-10-08 23:30,11.15,2.43,1,0.0375,0.08,20.051,0
2024-10-09 00:00,11.0,2.36,1,0.0375,0.08,19.984,0
2024-10-09 00:30,11.2,2.67,1,0.0375,0.08,19.919,0
2024-10-09 01:00,11.4,2.97,1,0.0375,0.08,19.857,0
2024-10-09 01:30,11.2,2.76,1,0.0375,0.08,19.793,0
2024-10-09 02:00,11.0,2.56,1,0.0375,0.08,19.728,0
2024-10-09 02:30,11.0,2.65,1,0.0375,0.08,19.664,0
2024-10-09 03:00,11.0,2.75,1,0.0375,0.08,19.6,0
2024-10-09 03:30,11.05,3.15,1,0.0375,0.08,19.537,0
2024-10-09 04:00,11.1,3.56,1,0.0375,0.08,19.475,0
2024-10-09 04:30,11.1,3.56,1,1.2875,0.08,19.497,0
2024-10-09 05:00,11.1,3.56,1,0.0375,0.08,19.435,0
2024-10-09 05:30,11.05,3.64,1,0.0375,0.08,19.374,0
2024-10-09 06:00,11.0,3.72,1,0.0375,0.08,19.312,0
2024-10-09 06:30,11.1,4.01,1,0.0375,0.08,19.252,0
2024-10-09 07:00,11.2,4.31,1,1.2125,12.08,19.985,1
2024-10-09 07:30,11.45,4.28,1,0.0375,1.388473,20.0,1
2024-10-09 08:00,11.7,4.25,1,0.0375,1.10573,20.0,1
2024-10-09 08:30,12.25,5.0,0,0.0375,0.08,19.943,0
2024-10-09 09:00,12.8,5.75,0,0.0375,0.08,19.891,0
2024-10-09 09:30,13.0,5.67,0,0.0375,0.08,19.841,0
2024-10-09 10:00,13.2,5.58,0,0.0375,0.08,19.792,0
2024-10-09 10:30,13.5,6.11,0,0.0375,0.08,19.747,0
2024-10-09 11:00,13.8,6.64,0,0.0375,0.08,19.704,0
2024-10-09 11:30,12.95,7.43,0,0.0375,0.08,19.655,0
2024-10-09 12:00,12.1,8.22,0,0.0375,0.08,19.599,0
2024-10-09 12:30,12.4,7.79,0,0.0375,0.08,19.547,0
2024-10-09 13:00,12.7,7.36,0,0.0375,0.08,19.497,0
2024-10-09 13:30,12.85,6.85,0,0.0375,0.08,19.448,0
2024-10-09 14:00,13.0,6.33,0,0.0375,0.08,19.402,0
2024-10-09 14:30,13.0,6.39,0,0.0375,0.08,19.355,0
2024-10-09 15:00,13.0,6.44,0,0.0375,0.08,19.309,0
2024-10-09 15:30,12.9,6.4,0,0.0375,0.08,19.262,0
2024-10-09 16:00,12.8,6.36,0,0.0375,0.08,19.215,0
2024-10-09 16:30,12.35,6.21,0,0.0375,0.08,19.165,0
2024-10-09 17:00,11.9,6.06,0,0.0375,0.08,19.112,0
2024-10-09 17:30,11.65,6.04,1,0.1625,12.08,19.78,1
2024-10-09 18:00,11.4,6.03,1,0.0375,4.81503,20.0,1
2024-10-09 18:30,11.3,6.89,1,1.35,0.08,20.024,0
2024-10-09 19:00,11.2,7.75,1,2.025,0.08,20.091,0
2024-10-09 19:30,10.95,7.65,1,0.0375,0.08,20.024,0
2024-10-09 20:00,10.7,7.56,1,0.0375,0.8339,20.0,1
2024-10-09 20:30,10.5,7.62,1,0.0375,1.26012,20.0,1
2024-10-09 21:00,10.3,7.69,1,1.4125,0.08,20.02,0
2024-10-09 21:30,10.1,7.62,1,0.870833,0.08,20.002,0
2024-10-09 22:00,9.9,7.56,1,0.870833,0.360059,20.0,1
2024-10-09 22:30,9.75,7.47,1,0.870833,0.420284,20.0,1
2024-10-09 23:00,9.6,7.39,1,1.2875,0.08,20.006,0
2024-10-09 23:30,9.4,6.86,1,0.0375,0.08,19.928,0
2024-10-10 00:00,9.2,6.33,1,0.0375,0.08,19.848,0
2024-10-10 00:30,8.7,6.17,1,0.0375,0.08,19.765,0
2024-10-10 01:00,8.2,6.0,1,0.0375,0.08,19.679,0
2024-10-10 01:30,8.05,5.86,1,0.0375,0.08,19.593,0
2024-10-10 02:00,7.9,5.72,1,0.0375,0.08,19.506,0
2024-10-10 02:30,7.8,5.64,1,0.0375,0.08,19.419,0
2024-10-10 03:00,7.7,5.56,1,0.0375,0.08,19.332,0
2024-10-10 03:30,7.4,5.29,1,0.0375,0.08,19.243,0
2024-10-10 04:00,7.1,5.03,1,0.0375,0.08,19.152,0
2024-10-10 04:30,6.8,5.19,1,0.0375,0.08,19.06,0
2024-10-10 05:00,6.5,5.36,1,0.0375,0.08,18.967,0
2024-10-10 05:30,6.1,5.08,1,0.0375,0.08,18.871,0
2024-10-10 06:00,5.7,4.81,1,0.0375,0.08,18.772,0
2024-10-10 06:30,5.55,4.79,1,1.2875,0.08,18.757,0
2024-10-10 07:00,5.4,4.78,1,1.1,12.08,19.442,1
2024-10-10 07:30,5.85,5.15,1,0.975,10.105874,20.0,1
2024-10-10 08:00,6.3,5.53,1,0.0375,1.800486,20.0,1
2024-10-10 08:30,6.75,5.25,0,0.0375,0.08,19.901,0
2024-10-10 09:00,7.2,4.97,0,0.0375,0.08,19.806,0
2024-10-10 09:30,7.65,4.96,0,0.0375,0.08,19.716,0
2024-10-10 10:00,8.1,4.94,0,0.0375,0.08,19.629,0
2024-10-10 10:30,8.55,4.94,0,0.0375,0.08,19.547,0
2024-10-10 11:00,9.0,4.94,0,0.0375,0.08,19.469,0
2024-10-10 11:30,9.3,4.81,0,0.0375,0.08,19.394,0
2024-10-10 12:00,9.6,4.67,0,0.0375,0.08,19.321,0
2024-10-10 12:30,9.4,4.4,0,0.0375,0.08,19.248,0
2024-10-10 13:00,9.2,4.14,0,0.0375,0.08,19.173,0
2024-10-10 13:30,9.2,3.93,0,0.0375,0.08,19.099,0
2024-10-10 14:00,9.2,3.72,0,0.0375,0.08,19.026,0
2024-10-10 14:30,9.1,3.81,0,0.0375,0.08,18.953,0
2024-10-10 15:00,9.0,3.89,0,0.0375,0.08,18.879,0
2024-10-10 15:30,8.85,3.49,0,0.0375,0.08,18.805,0
2024-10-10 16:00,8.7,3.08,0,0.0375,0.08,18.73,0
2024-10-10 16:30,8.1,2.4,0,0.0375,0.08,18.651,0
2024-10-10 17:00,7.5,1.72,0,0.0375,0.08,18.568,0
2024-10-10 17:30,6.6,1.68,1,0.0375,12.08,19.193,1
2024-10-10 18:00,5.7,1.64,1,2.475,12.08,19.969,1
2024-10-10 18:30,5.35,1.64,1,2.858333,0.08,20.048,0
2024-10-10 19:00,5.0,1.64,1,0.870833,0.225622,20.0,1
2024-10-10 19:30,4.8,2.03,1,0.870833,1.057144,20.0,1
2024-10-10 20:00,4.6,2.42,1,1.2125,0.69898,20.0,1
2024-10-10 20:30,4.6,2.61,1,0.2875,1.738306,20.0,1
2024-10-10 21:00,4.6,2.81,1,0.0375,2.019205,20.0,1
2024-10-10 21:30,4.5,2.78,1,0.0375,2.032071,20.0,1
2024-10-10 22:00,4.4,2.75,1,0.0375,2.044936,20.0,1
2024-10-10 22:30,4.3,2.69,1,0.0375,2.057802,20.0,1
2024-10-10 23:00,4.2,2.64,1,0.0375,0.08,19.882,0
2024-10-10 23:30,3.95,2.49,1,1.2875,0.08,19.846,0
2024-10-11 00:00,3.7,2.33,1,0.0375,0.08,19.725,0
2024-10-11 00:30,3.85,2.65,1,0.0375,0.08,19.606,0
2024-10-11 01:00,4.0,2.97,1,0.0375,0.08,19.489,0
2024-10-11 01:30,4.15,3.25,1,0.0375,0.08,19.374,0
2024-10-11 02:00,4.3,3.53,1,0.0375,0.08,19.261,0
2024-10-11 02:30,4.3,3.46,1,0.0375,0.08,19.149,0
2024-10-11 03:00,4.3,3.39,1,0.0375,0.08,19.038,0
2024-10-11 03:30,4.25,3.29,1,1.2875,0.08,19.011,0
2024-10-11 04:00,4.2,3.19,1,1.2875,0.08,18.983,0
2024-10-11 04:30,4.15,3.08,1,0.0375,0.08,18.872,0
2024-10-11 05:00,4.1,2.97,1,0.0375,0.08,18.762,0
2024-10-11 05:30,4.0,2.78,1,0.0375,0.08,18.651,0
2024-10-11 06:00,3.9,2.58,1,0.0375,0.08,18.541,0
2024-10-11 06:30,4.1,2.54,1,0.0375,0.08,18.433,0
2024-10-11 07:00,4.3,2.5,1,0.0375,12.08,19.041,1
2024-10-11 07:30,5.5,2.9,1,0.0375,12.08,19.654,1
2024-10-11 08:00,6.7,3.31,1,0.0375,7.52329,20.0,1
2024-10-11 08:30,8.0,3.74,0,0.0375,0.08,19.911,0
2024-10-11 09:00,9.3,4.17,0,0.0375,0.08,19.832,0
2024-10-11 09:30,9.75,4.49,0,0.0375,0.08,19.757,0
2024-10-11 10:00,10.2,4.81,0,0.0375,0.08,19.687,0
2024-10-11 10:30,10.55,4.9,0,0.0375,0.08,19.619,0
2024-10-11 11:00,10.9,5.0,0,0.0375,0.08,19.555,0
2024-10-11 11:30,11.25,5.21,0,0.0375,0.08,19.494,0
2024-10-11 12:00,11.6,5.42,0,0.0375,0.08,19.436,0
2024-10-11 12:30,11.35,5.35,0,0.0375,0.08,19.377,0
2024-10-11 13:00,11.1,5.28,0,0.0375,0.08,19.316,0
2024-10-11 13:30,11.15,5.22,0,0.0375,0.08,19.256,0
2024-10-11 14:00,11.2,5.17,0,0.0375,0.08,19.197,0
2024-10-11 14:30,11.0,5.07,0,0.0375,0.08,19.136,0
2024-10-11 15:00,10.8,4.97,0,0.0375,0.08,19.075,0
2024-10-11 15:30,10.6,4.1,0,0.0375,0.08,19.013,0
2024-10-11 16:00,10.4,3.22,0,0.0375,0.08,18.949,0
2024-10-11 16:30,9.4,2.43,0,0.0375,0.08,18.879,0
2024-10-11 17:00,8.4,1.64,0,0.0375,0.08,18.801,0
2024-10-11 17:30,7.15,1.88,1,0.2875,12.08,19.445,1
2024-10-11 18:00,5.9,2.11,1,0.0375,11.109932,20.0,1
2024-10-11 18:30,5.6,2.18,1,0.0375,1.890546,20.0,1
2024-10-11 19:00,5.3,2.25,1,0.0375,1.929144,20.0,1
2024-10-11 19:30,4.9,2.36,1,0.870833,1.044278,20.0,1
2024-10-11 20:00,4.5,2.47,1,0.995833,0.955292,20.0,1
2024-10-11 20:30,4.5,2.61,1,0.995833,0.955292,20.0,1
2024-10-11 21:00,4.5,2.75,1,1.0875,0.852295,20.0,1
2024-10-11 21:30,4.9,2.96,1,1.0875,0.800832,20.0,1
2024-10-11 22:00,5.3,3.17,1,0.2875,1.648245,20.0,1
2024-10-11 22:30,5.3,3.15,1,0.975,0.875773,20.0,1
2024-10-11 23:00,5.3,3.14,1,2.225,0.08,20.036,0
2024-10-11 23:30,4.85,3.03,1,0.0375,0.08,19.922,0
2024-10-12 00:00,4.4,2.92,1,0.0375,0.08,19.806,0
2024-10-12 00:30,3.95,2.58,1,0.0375,0.08,19.687,0
2024-10-12 01:00,3.5,2.25,1,0.0375,0.08,19.566,0
2024-10-12 01:30,4.1,2.07,1,0.0375,0.08,19.45,0
2024-10-12 02:00,4.7,1.89,1,0.0375,0.08,19.34,0
2024-10-12 02:30,5.25,1.92,1,0.0375,0.08,19.234,0
2024-10-12 03:00,5.8,1.94,1,0.0375,0.08,19.134,0
2024-10-12 03:30,5.8,2.25,1,0.0375,0.08,19.034,0
2024-10-12 04:00,5.8,2.56,1,0.0375,0.08,18.936,0
2024-10-12 04:30,5.9,2.44,1,0.0375,0.08,18.838,0
2024-10-12 05:00,6.0,2.33,1,0.0375,0.08,18.743,0
2024-10-12 05:30,5.75,2.15,1,0.0375,0.08,18.646,0
2024-10-12 06:00,5.5,1.97,1,0.0375,0.08,18.548,0
2024-10-12 06:30,5.65,1.97,1,0.0375,0.08,18.451,0
2024-10-12 07:00,5.8,1.97,1,0.0375,12.08,19.071,1
2024-10-12 07:30,6.7,2.71,1,0.0375,12.08,19.693,1
2024-10-12 08:00,7.6,3.44,1,0.0375,6.759799,20.0,1
2024-10-12 08:30,7.9,3.78,1,0.0375,0.08,19.91,0
2024-10-12 09:00,8.2,4.11,1,0.0375,0.08,19.823,0
2024-10-12 09:30,8.45,3.96,1,0.0375,0.08,19.738,0
2024-10-12 10:00,8.7,3.81,1,1.2875,0.08,19.74,0
2024-10-12 10:30,9.05,3.64,1,0.1625,0.08,19.669,0
2024-10-12 11:00,9.4,3.47,1,0.0375,0.08,19.593,0
2024-10-12 11:30,10.1,3.67,1,0.0375,0.08,19.523,0
2024-10-12 12:00,10.8,3.86,1,0.0375,0.08,19.458,0
2024-10-12 12:30,10.95,4.51,1,0.0375,0.08,19.396,0
2024-10-12 13:00,11.1,5.17,1,0.0375,0.08,19.335,0
2024-10-12 13:30,11.5,5.56,1,1.0875,0.08,19.347,0
2024-10-12 14:00,11.9,5.94,1,1.3375,0.08,19.38,0
2024-10-12 14:30,11.65,7.03,1,1.3375,0.08,19.41,0
2024-10-12 15:00,11.4,8.11,1,1.0875,0.08,19.421,0
2024-10-12 15:30,10.3,7.54,1,0.0375,0.08,19.354,0
2024-10-12 16:00,9.2,6.97,1,1.2875,0.08,19.363,0
2024-10-12 16:30,8.65,7.1,1,0.0375,0.08,19.283,0
2024-10-12 17:00,8.1,7.22,1,0.1625,0.08,19.208,0
2024-10-12 17:30,8.05,7.69,1,0.0375,12.08,19.839,1
2024-10-12 18:00,8.0,8.17,1,0.0375,4.262386,20.0,1
2024-10-12 18:30,7.75,8.79,1,0.2875,1.333032,20.0,1
2024-10-12 19:00,7.5,9.42,1,0.0375,1.646095,20.0,1
2024-10-12 19:30,7.55,10.04,1,0.0375,1.639662,20.0,1
2024-10-12 20:00,7.6,10.67,1,1.2875,0.228735,20.0,1
2024-10-12 20:30,7.4,11.01,1,0.0375,1.658961,20.0,1
2024-10-12 21:00,7.2,11.36,1,0.0375,1.684693,20.0,1
2024-10-12 21:30,7.2,10.33,1,0.1625,1.544243,20.0,1
2024-10-12 22:00,7.2,9.31,1,0.1625,1.544243,20.0,1
2024-10-12 22:30,7.1,8.62,1,0.975,0.644188,20.0,1
2024-10-12 23:00,7.0,7.94,1,0.975,0.08,19.966,0
2024-10-12 23:30,6.6,7.49,1,0.0375,0.08,19.866,0
2024-10-13 00:00,6.2,7.03,1,0.0375,0.08,19.764,0
2024-10-13 00:30,6.2,6.81,1,0.0375,0.08,19.662,0
2024-10-13 01:00,6.2,6.58,1,0.0375,0.08,19.562,0
2024-10-13 01:30,6.1,6.24,1,0.0375,0.08,19.461,0
2024-10-13 02:00,6.0,5.89,1,0.0375,0.08,19.361,0
2024-10-13 02:30,5.75,5.4,1,0.0375,0.08,19.259,0
2024-10-13 03:00,5.5,4.92,1,0.0375,0.08,19.156,0
2024-10-13 03:30,5.25,4.36,1,0.0375,0.08,19.052,0
2024-10-13 04:00,5.0,3.81,1,0.0375,0.08,18.947,0
2024-10-13 04:30,4.75,3.65,1,0.0375,0.08,18.841,0
2024-10-13 05:00,4.5,3.5,1,0.0375,0.08,18.734,0
2024-10-13 05:30,4.35,3.47,1,0.0375,0.08,18.626,0
2024-10-13 06:00,4.2,3.44,1,0.0375,0.08,18.518,0
2024-10-13 06:30,4.1,3.68,1,0.0375,0.08,18.411,0
2024-10-13 07:00,4.0,3.92,1,0.0375,12.08,19.017,1
2024-10-13 07:30,4.8,3.86,1,0.0375,12.08,19.624,1
2024-10-13 08:00,5.6,3.81,1,1.2875,6.752548,20.0,1
2024-10-13 08:30,6.15,3.67,1,0.0375,0.08,19.896,0
2024-10-13 09:00,6.7,3.53,1,1.2875,0.08,19.882,0
2024-10-13 09:30,7.35,3.32,1,0.1625,0.08,19.796,0
2024-10-13 10:00,8.0,3.11,1,1.0875,0.08,19.779,0
2024-10-13 10:30,8.2,2.71,1,0.0375,0.08,19.693,0
2024-10-13 11:00,8.4,2.31,1,0.0375,0.08,19.609,0
2024-10-13 11:30,8.75,2.17,1,0.1625,0.08,19.537,0
2024-10-13 12:00,9.1,2.03,1,0.0375,0.08,19.459,0
2024-10-13 12:30,9.0,1.62,1,0.0375,0.08,19.382,0
2024-10-13 13:00,8.9,1.22,1,0.0375,0.08,19.304,0
2024-10-13 13:30,9.2,1.38,1,0.0375,0.08,19.229,0
2024-10-13 14:00,9.5,1.53,1,0.0375,0.08,19.157,0
2024-10-13 14:30,9.45,1.57,1,0.0375,0.08,19.085,0
2024-10-13 15:00,9.4,1.61,1,0.0375,0.08,19.014,0
2024-10-13 15:30,9.1,1.12,1,0.0375,0.08,18.94,0
2024-10-13 16:00,8.8,0.64,1,0.1625,0.08,18.874,0
2024-10-13 16:30,8.75,0.53,1,0.0375,0.08,18.799,0
2024-10-13 17:00,8.7,0.42,1,0.0375,0.08,18.724,0
2024-10-13 17:30,8.05,0.71,1,0.1625,12.08,19.367,1
2024-10-13 18:00,7.4,1.0,1,0.0375,12.08,19.992,1
2024-10-13 18:30,7.3,1.28,1,2.5875,0.08,20.068,0
2024-10-13 19:00,7.2,1.56,1,1.3375,0.08,20.058,0
2024-10-13 19:30,7.0,1.57,1,0.0375,0.735454,20.0,1
2024-10-13 20:00,6.8,1.58,1,0.0375,1.736156,20.0,1
2024-10-13 20:30,6.6,1.49,1,0.975,0.708517,20.0,1
2024-10-13 21:00,6.4,1.39,1,2.0375,0.08,20.032,0
2024-10-13 21:30,6.3,1.82,1,0.975,0.211673,20.0,1
2024-10-13 22:00,6.2,2.25,1,0.995833,0.736572,20.0,1
2024-10-13 22:30,6.1,2.5,1,1.920833,0.08,20.022,0
2024-10-13 23:00,6.0,2.75,1,0.870833,0.08,19.973,0
2024-10-13 23:30,5.9,2.53,1,0.0375,0.08,19.868,0
2024-10-14 00:00,5.8,2.31,1,0.0375,0.08,19.763,0
2024-10-14 00:30,5.8,2.01,1,0.0375,0.08,19.658,0
2024-10-14 01:00,5.8,1.72,1,0.0375,0.08,19.555,0
2024-10-14 01:30,5.75,1.74,1,0.0375,0.08,19.451,0
2024-10-14 02:00,5.7,1.75,1,0.0375,0.08,19.349,0
2024-10-14 02:30,5.65,1.71,1,0.0375,0.08,19.246,0
2024-10-14 03:00,5.6,1.67,1,0.0375,0.08,19.144,0
2024-10-14 03:30,5.6,1.62,1,0.0375,0.08,19.043,0
2024-10-14 04:00,5.6,1.58,1,1.2875,0.08,19.026,0
2024-10-14 04:30,5.55,1.78,1,1.2875,0.08,19.009,0
2024-10-14 05:00,5.5,1.97,1,0.0375,0.08,18.908,0
2024-10-14 05:30,4.7,1.96,1,0.0375,0.08,18.802,0
2024-10-14 06:00,3.9,1.94,1,0.0375,0.08,18.691,0
2024-10-14 06:30,3.55,1.94,1,0.0375,0.08,18.577,0
2024-10-14 07:00,3.2,1.94,1,2.3375,12.08,19.33,1
2024-10-14 07:30,4.3,1.86,1,0.1625,12.08,19.939,1
2024-10-14 08:00,5.4,1.78,1,0.0375,2.927049,20.0,1
2024-10-14 08:30,6.3,1.43,0,0.0375,0.08,19.898,0
2024-10-14 09:00,7.2,1.08,0,0.0375,0.08,19.803,0
2024-10-14 09:30,8.0,1.22,0,0.0375,0.08,19.715,0
2024-10-14 10:00,8.8,1.36,0,0.0375,0.08,19.634,0
2024-10-14 10:30,9.6,1.74,0,0.0375,0.08,19.56,0
2024-10-14 11:00,10.4,2.11,0,0.0375,0.08,19.492,0
2024-10-14 11:30,11.05,2.51,0,0.0375,0.08,19.43,0
2024-10-14 12:00,11.7,2.92,0,0.0375,0.08,19.373,0
2024-10-14 12:30,11.9,3.1,0,0.0375,0.08,19.319,0
2024-10-14 13:00,12.1,3.28,0,0.0375,0.08,19.266,0
2024-10-14 13:30,12.05,3.26,0,0.0375,0.08,19.213,0
2024-10-14 14:00,12.0,3.25,0,0.0375,0.08,19.161,0
2024-10-14 14:30,11.9,3.43,0,0.0375,0.08,19.107,0
2024-10-14 15:00,11.8,3.61,0,0.0375,0.08,19.054,0
2024-10-14 15:30,11.65,3.11,0,0.0375,0.08,19.0,0
2024-10-14 16:00,11.5,2.61,0,0.0375,0.08,18.945,0
2024-10-14 16:30,10.55,2.19,0,0.0375,0.08,18.883,0
2024-10-14 17:00,9.6,1.78,0,0.0375,0.08,18.815,0
2024-10-14 17:30,9.75,1.86,1,0.995833,12.08,19.526,1
2024-10-14 18:00,9.9,1.94,1,0.995833,8.170714,20.0,1
2024-10-14 18:30,10.15,2.43,1,0.870833,0.368821,20.0,1
2024-10-14 19:00,10.4,2.92,1,0.0375,1.272986,20.0,1
2024-10-14 19:30,10.2,3.06,1,0.0375,1.298718,20.0,1
2024-10-14 20:00,10.0,3.19,1,0.0375,1.324449,20.0,1
2024-10-14 20:30,10.0,3.21,1,0.1625,1.184,20.0,1
2024-10-14 21:00,10.0,3.22,1,0.0375,1.324449,20.0,1
2024-10-14 21:30,9.85,3.19,1,2.025,0.08,20.058,0
2024-10-14 22:00,9.7,3.17,1,1.1,0.08,20.052,0
2024-10-14 22:30,9.6,3.19,1,1.1,0.08,20.045,0
2024-10-14 23:00,9.5,3.22,1,0.975,0.08,20.03,0
2024-10-14 23:30,9.55,3.22,1,0.0375,0.08,19.952,0
2024-10-15 00:00,9.6,3.22,1,0.0375,0.08,19.875,0
2024-10-15 00:30,9.0,3.15,1,0.0375,0.08,19.795,0
2024-10-15 01:00,8.4,3.08,1,0.0375,0.08,19.71,0
2024-10-15 01:30,8.35,3.24,1,0.0375,0.08,19.626,0
2024-10-15 02:00,8.3,3.39,1,0.0375,0.08,19.541,0
2024-10-15 02:30,8.5,3.47,1,0.0375,0.08,19.459,0
2024-10-15 03:00,8.7,3.56,1,0.0375,0.08,19.38,0
2024-10-15 03:30,8.7,3.6,1,0.0375,0.08,19.3,0
2024-10-15 04:00,8.7,3.64,1,1.2875,0.08,19.305,0
2024-10-15 04:30,8.65,3.68,1,0.0375,0.08,19.226,0
2024-10-15 05:00,8.6,3.72,1,0.0375,0.08,19.147,0
2024-10-15 05:30,8.5,3.71,1,0.0375,0.08,19.068,0
2024-10-15 06:00,8.4,3.69,1,0.0375,0.08,18.989,0
2024-10-15 06:30,8.7,3.97,1,0.0375,0.08,18.913,0
2024-10-15 07:00,9.0,4.25,1,0.0375,12.08,19.554,1
2024-10-15 07:30,9.35,4.82,1,0.5375,8.293978,20.0,1
2024-10-15 08:00,9.7,5.39,1,0.0375,1.363047,20.0,1
2024-10-15 08:30,9.9,4.87,0,0.0375,0.08,19.925,0
2024-10-15 09:00,10.1,4.36,0,0.0375,0.08,19.853,0
2024-10-15 09:30,10.55,5.25,0,0.0375,0.08,19.784,0
2024-10-15 10:00,11.0,6.14,0,0.0375,0.08,19.719,0
2024-10-15 10:30,11.25,5.76,0,0.0375,0.08,19.657,0
2024-10-15 11:00,11.5,5.39,0,0.0375,0.08,19.597,0
2024-10-15 11:30,11.85,5.38,0,0.0375,0.08,19.54,0
2024-10-15 12:00,12.2,5.36,0,0.0375,0.08,19.486,0
2024-10-15 12:30,12.15,5.25,0,0.0375,0.08,19.433,0
2024-10-15 13:00,12.1,5.14,0,0.0375,0.08,19.379,0
2024-10-15 13:30,12.35,5.12,0,0.0375,0.08,19.328,0
2024-10-15 14:00,12.6,5.11,0,0.0375,0.08,19.279,0
2024-10-15 14:30,12.95,4.82,0,0.0375,0.08,19.233,0
2024-10-15 15:00,13.3,4.53,0,0.0375,0.08,19.19,0
2024-10-15 15:30,13.3,4.25,0,0.0375,0.08,19.147,0
2024-10-15 16:00,13.3,3.97,0,0.0375,0.08,19.105,0
2024-10-15 16:30,13.15,4.14,0,0.0375,0.08,19.062,0
2024-10-15 17:00,13.0,4.31,0,0.0375,0.08,19.018,0
2024-10-15 17:30,13.0,4.61,1,0.0375,12.08,19.689,1
2024-10-15 18:00,13.0,4.92,1,0.0375,6.133795,20.0,1
2024-10-15 18:30,13.05,5.24,1,0.0375,0.932041,20.0,1
2024-10-15 19:00,13.1,5.56,1,0.0375,0.925608,20.0,1
2024-10-15 19:30,12.9,5.64,1,0.1625,0.810891,20.0,1
2024-10-15 20:00,12.7,5.72,1,1.0875,0.08,20.017,0
2024-10-15 20:30,12.65,5.87,1,0.0375,0.702965,20.0,1
2024-10-15 21:00,12.6,6.03,1,1.2125,0.08,20.024,0
2024-10-15 21:30,12.35,5.85,1,0.0375,0.614955,20.0,1
2024-10-15 22:00,12.1,5.67,1,0.975,0.08,20.005,0
2024-10-15 22:30,12.05,5.58,1,3.525,0.08,20.179,0
2024-10-15 23:00,12.0,5.5,1,1.3375,0.08,20.206,0
2024-10-15 23:30,12.15,5.57,1,1.2875,0.08,20.231,0
2024-10-16 00:00,12.3,5.64,1,0.0375,0.08,20.172,0
2024-10-16 00:30,12.3,5.62,1,0.0375,0.08,20.115,0
2024-10-16 01:00,12.3,5.61,1,0.0375,0.08,20.057,0
2024-10-16 01:30,12.35,6.12,1,0.0375,0.08,20.001,0
2024-10-16 02:00,12.4,6.64,1,0.0375,0.08,19.945,0
2024-10-16 02:30,12.55,7.01,1,0.0375,0.08,19.891,0
2024-10-16 03:00,12.7,7.39,1,0.0375,0.08,19.839,0
2024-10-16 03:30,12.75,6.72,1,0.0375,0.08,19.787,0
2024-10-16 04:00,12.8,6.06,1,0.0375,0.08,19.736,0
2024-10-16 04:30,12.8,5.57,1,0.0375,0.08,19.685,0
2024-10-16 05:00,12.8,5.08,1,0.0375,0.08,19.635,0
2024-10-16 05:30,12.85,4.74,1,1.2875,0.08,19.669,0
2024-10-16 06:00,12.9,4.39,1,0.0375,0.08,19.62,0
2024-10-16 06:30,13.1,4.67,1,0.0375,0.08,19.573,0
2024-10-16 07:00,13.3,4.94,1,0.0375,8.030265,20.0,1
2024-10-16 07:30,13.4,4.75,1,0.975,0.08,20.015,0
2024-10-16 08:00,13.5,4.56,1,1.9125,0.08,20.093,0
2024-10-16 08:30,13.8,4.42,0,0.975,0.08,20.11,0
2024-10-16 09:00,14.1,4.28,0,0.0375,0.08,20.066,0
2024-10-16 09:30,14.6,4.78,0,0.0375,0.08,20.027,0
2024-10-16 10:00,15.1,5.28,0,0.0375,0.08,19.992,0
2024-10-16 10:30,15.1,5.38,0,0.0375,0.08,19.957,0
2024-10-16 11:00,15.1,5.47,0,0.0375,0.08,19.922,0
2024-10-16 11:30,15.25,5.4,0,0.0375,0.08,19.889,0
2024-10-16 12:00,15.4,5.33,0,0.0375,0.08,19.857,0
2024-10-16 12:30,14.75,4.53,0,0.0375,0.08,19.82,0
2024-10-16 13:00,14.1,3.72,0,0.0375,0.08,19.779,0
2024-10-16 13:30,14.75,4.12,0,0.0375,0.08,19.743,0
2024-10-16 14:00,15.4,4.53,0,0.0375,0.08,19.712,0
2024-10-16 14:30,15.7,4.53,0,0.0375,0.08,19.684,0
2024-10-16 15:00,16.0,4.53,0,0.0375,0.08,19.658,0
2024-10-16 15:30,16.1,4.01,0,0.0375,0.08,19.634,0
2024-10-16 16:00,16.2,3.5,0,0.0375,0.08,19.61,0
2024-10-16 16:30,16.45,3.68,0,0.0375,0.08,19.588,0
2024-10-16 17:00,16.7,3.86,0,0.0375,0.08,19.569,0
2024-10-16 17:30,16.75,3.86,1,2.1375,5.291606,20.0,1
2024-10-16 18:00,16.8,3.86,1,0.1625,0.309123,20.0,1
2024-10-16 18:30,16.8,4.15,1,0.0375,0.449572,20.0,1
2024-10-16 19:00,16.8,4.44,1,2.7125,0.08,20.157,0
2024-10-16 19:30,16.7,4.64,1,1.4625,0.08,20.228,0
2024-10-16 20:00,16.6,4.83,1,1.4125,0.08,20.295,0
2024-10-16 20:30,16.55,5.11,1,0.1625,0.08,20.277,0
2024-10-16 21:00,16.5,5.39,1,0.0375,0.08,20.251,0
2024-10-16 21:30,16.4,5.33,1,0.1625,0.08,20.232,0
2024-10-16 22:00,16.3,5.28,1,0.0375,0.08,20.204,0
2024-10-16 22:30,16.25,4.76,1,0.0375,0.08,20.177,0
2024-10-16 23:00,16.2,4.25,1,0.0375,0.08,20.149,0
2024-10-16 23:30,16.2,3.87,1,0.0375,0.08,20.121,0
2024-10-17 00:00,16.2,3.5,1,0.0375,0.08,20.093,0
2024-10-17 00:30,15.95,3.46,1,0.0375,0.08,20.064,0
2024-10-17 01:00,15.7,3.42,1,0.0375,0.08,20.033,0
2024-10-17 01:30,15.45,3.22,1,0.0375,0.08,20.001,0
2024-10-17 02:00,15.2,3.03,1,0.0375,0.08,19.967,0
2024-10-17 02:30,15.2,3.14,1,0.0375,0.08,19.933,0
2024-10-17 03:00,15.2,3.25,1,1.2875,0.08,19.982,0
2024-10-17 03:30,15.15,3.21,1,0.0375,0.08,19.948,0
2024-10-17 04:00,15.1,3.17,1,0.0375,0.08,19.913,0
2024-10-17 04:30,14.85,3.22,1,1.2875,0.08,19.961,0
2024-10-17 05:00,14.6,3.28,1,0.0375,0.08,19.922,0
2024-10-17 05:30,13.7,2.64,1,0.0375,0.08,19.877,0
2024-10-17 06:00,12.8,2.0,1,1.2875,0.08,19.909,0
2024-10-17 06:30,11.8,2.21,1,0.0375,0.08,19.849,0
2024-10-17 07:00,10.8,2.42,1,0.0375,3.734955,20.0,1
2024-10-17 07:30,11.8,2.56,1,0.995833,0.08,20.004,0
2024-10-17 08:00,12.8,2.69,1,0.995833,0.08,20.015,0
2024-10-17 08:30,13.4,2.85,0,0.870833,0.08,20.023,0
2024-10-17 09:00,14.0,3.0,0,0.0375,0.08,19.979,0
2024-10-17 09:30,14.45,2.82,0,0.0375,0.08,19.939,0
2024-10-17 10:00,14.9,2.64,0,0.0375,0.08,19.903,0
2024-10-17 10:30,15.5,3.49,0,0.0375,0.08,19.872,0
2024-10-17 11:00,16.1,4.33,0,0.0375,0.08,19.846,0
2024-10-17 11:30,16.25,4.57,0,0.0375,0.08,19.821,0
2024-10-17 12:00,16.4,4.81,0,0.0375,0.08,19.797,0
2024-10-17 12:30,16.7,4.88,0,0.0375,0.08,19.776,0
2024-10-17 13:00,17.0,4.94,0,0.0375,0.08,19.757,0
2024-10-17 13:30,17.05,4.89,0,0.0375,0.08,19.739,0
2024-10-17 14:00,17.1,4.83,0,0.0375,0.08,19.721,0
2024-10-17 14:30,17.15,4.87,0,0.0375,0.08,19.704,0
2024-10-17 15:00,17.2,4.92,0,0.0375,0.08,19.687,0
2024-10-17 15:30,16.6,4.53,0,0.0375,0.08,19.666,0
2024-10-17 16:00,16.0,4.14,0,0.0375,0.08,19.641,0
2024-10-17 16:30,15.15,3.79,0,0.0375,0.08,19.609,0
2024-10-17 17:00,14.3,3.44,0,0.0375,0.08,19.571,0
2024-10-17 17:30,13.65,3.44,1,0.1625,7.874836,20.0,1
2024-10-17 18:00,13.0,3.44,1,0.0375,0.938474,20.0,1
2024-10-17 18:30,12.65,3.29,1,0.0375,0.983505,20.0,1
2024-10-17 19:00,12.3,3.14,1,0.0375,1.028535,20.0,1
2024-10-17 19:30,12.0,2.9,1,0.0375,1.067133,20.0,1
2024-10-17 20:00,11.7,2.67,1,2.15,0.08,20.08,0
2024-10-17 20:30,11.4,2.81,1,3.325,0.08,20.236,0
2024-10-17 21:00,11.1,2.94,1,1.3375,0.08,20.255,0
2024-10-17 21:30,10.9,2.85,1,0.1625,0.08,20.195,0
2024-10-17 22:00,10.7,2.75,1,0.0375,0.08,20.125,0
2024-10-17 22:30,10.5,2.56,1,0.1625,0.08,20.062,0
2024-10-17 23:00,10.3,2.36,1,0.0375,0.08,19.99,0
2024-10-17 23:30,9.85,2.21,1,0.0375,0.08,19.914,0
2024-10-18 00:00,9.4,2.06,1,0.0375,0.08,19.836,0
2024-10-18 00:30,9.35,2.12,1,0.0375,0.08,19.759,0
2024-10-18 01:00,9.3,2.19,1,0.0375,0.08,19.681,0
2024-10-18 01:30,9.25,2.36,1,0.0375,0.08,19.604,0
2024-10-18 02:00,9.2,2.53,1,0.0375,0.08,19.527,0
2024-10-18 02:30,9.4,2.22,1,0.0375,0.08,19.452,0
2024-10-18 03:00,9.6,1.92,1,0.0375,0.08,19.379,0
2024-10-18 03:30,8.9,2.01,1,0.0375,0.08,19.301,0
2024-10-18 04:00,8.2,2.11,1,1.2875,0.08,19.302,0
2024-10-18 04:30,8.0,2.06,1,0.0375,0.08,19.218,0
2024-10-18 05:00,7.8,2.0,1,0.0375,0.08,19.133,0
2024-10-18 05:30,7.55,1.97,1,0.0375,0.08,19.047,0
2024-10-18 06:00,7.3,1.94,1,0.0375,0.08,18.96,0
2024-10-18 06:30,7.45,2.26,1,0.0375,0.08,18.874,0
2024-10-18 07:00,7.6,2.58,1,0.0375,12.08,19.504,1
2024-10-18 07:30,8.5,2.9,1,0.1625,9.645839,20.0,1
2024-10-18 08:00,9.4,3.22,1,1.0875,0.221869,20.0,1
2024-10-18 08:30,10.35,3.24,0,0.0375,0.08,19.929,0
2024-10-18 09:00,11.3,3.25,0,0.0375,0.08,19.865,0
2024-10-18 09:30,11.9,3.74,0,0.0375,0.08,19.807,0
2024-10-18 10:00,12.5,4.22,0,0.0375,0.08,19.753,0
2024-10-18 10:30,12.9,4.58,0,0.0375,0.08,19.703,0
2024-10-18 11:00,13.3,4.94,0,0.0375,0.08,19.657,0
2024-10-18 11:30,13.55,5.4,0,0.0375,0.08,19.613,0
2024-10-18 12:00,13.8,5.86,0,0.0375,0.08,19.571,0
2024-10-18 12:30,14.05,6.43,0,0.0375,0.08,19.531,0
2024-10-18 13:00,14.3,7.0,0,0.0375,0.08,19.493,0
2024-10-18 13:30,14.65,6.78,0,0.0375,0.08,19.459,0
2024-10-18 14:00,15.0,6.56,0,0.0375,0.08,19.427,0
2024-10-18 14:30,14.9,6.47,0,0.0375,0.08,19.395,0
2024-10-18 15:00,14.8,6.39,0,0.0375,0.08,19.362,0
2024-10-18 15:30,14.45,6.15,0,0.0375,0.08,19.327,0
2024-10-18 16:00,14.1,5.92,0,0.0375,0.08,19.29,0
2024-10-18 16:30,13.85,5.65,0,0.0375,0.08,19.251,0
2024-10-18 17:00,13.6,5.39,0,0.0375,0.08,19.21,0
2024-10-18 17:30,13.5,5.46,1,0.0375,12.08,19.883,1
2024-10-18 18:00,13.4,5.53,1,0.975,1.793241,20.0,1
2024-10-18 18:30,13.45,5.78,1,1.1,0.08,20.023,0
2024-10-18 19:00,13.5,6.03,1,0.0375,0.483912,20.0,1
2024-10-18 19:30,13.4,6.15,1,2.3375,0.08,20.106,0
2024-10-18 20:00,13.3,6.28,1,0.0375,0.08,20.056,0
2024-10-18 20:30,13.3,6.42,1,0.1625,0.08,20.015,0
2024-10-18 21:00,13.3,6.56,1,0.1625,0.504267,20.0,1
2024-10-18 21:30,13.4,6.46,1,0.2875,0.606112,20.0,1
2024-10-18 22:00,13.5,6.36,1,1.2875,0.08,20.036,0
2024-10-18 22:30,13.65,6.49,1,0.0375,0.249168,20.0,1
2024-10-18 23:00,13.8,6.61,1,0.0375,0.08,19.955,0
2024-10-18 23:30,13.8,6.43,1,0.0375,0.08,19.91,0
2024-10-19 00:00,13.8,6.25,1,0.0375,0.08,19.866,0
2024-10-19 00:30,13.65,5.93,1,0.0375,0.08,19.821,0
2024-10-19 01:00,13.5,5.61,1,0.0375,0.08,19.775,0
2024-10-19 01:30,13.45,4.89,1,0.0375,0.08,19.729,0
2024-10-19 02:00,13.4,4.17,1,0.0375,0.08,19.683,0
2024-10-19 02:30,13.35,3.43,1,1.2875,0.08,19.721,0
2024-10-19 03:00,13.3,2.69,1,0.0375,0.08,19.674,0
2024-10-19 03:30,13.25,2.21,1,0.0375,0.08,19.628,0
2024-10-19 04:00,13.2,1.72,1,0.0375,0.08,19.581,0
2024-10-19 04:30,13.05,1.49,1,0.0375,0.08,19.533,0
2024-10-19 05:00,12.9,1.25,1,0.0375,0.08,19.485,0
2024-10-19 05:30,12.8,1.26,1,0.0375,0.08,19.437,0
2024-10-19 06:00,12.7,1.28,1,0.0375,0.08,19.388,0
2024-10-19 06:30,12.6,2.04,1,0.0375,0.08,19.338,0
2024-10-19 07:00,12.5,2.81,1,0.0375,12.044163,20.0,1
2024-10-19 07:30,12.35,2.96,1,0.0375,1.022102,20.0,1
2024-10-19 08:00,12.2,3.11,1,0.0375,1.041401,20.0,1
2024-10-19 08:30,12.15,3.36,1,0.1625,0.08,19.951,0
2024-10-19 09:00,12.1,3.61,1,1.0875,0.08,19.963,0
2024-10-19 09:30,12.15,3.81,1,0.0375,0.08,19.906,0
2024-10-19 10:00,12.2,4.0,1,0.0375,0.08,19.85,0
2024-10-19 10:30,12.9,4.36,1,0.1625,0.08,19.807,0
2024-10-19 11:00,13.6,4.72,1,0.0375,0.08,19.762,0
2024-10-19 11:30,14.1,4.4,1,0.0375,0.08,19.721,0
2024-10-19 12:00,14.6,4.08,1,1.2875,0.08,19.768,0
2024-10-19 12:30,14.8,4.12,1,0.0375,0.08,19.733,0
2024-10-19 13:00,15.0,4.17,1,0.1625,0.08,19.707,0
2024-10-19 13:30,15.2,4.1,1,0.2875,0.08,19.692,0
2024-10-19 14:00,15.4,4.03,1,0.0375,0.08,19.662,0
2024-10-19 14:30,15.25,4.14,1,1.2875,0.08,19.714,0
2024-10-19 15:00,15.1,4.25,1,0.0375,0.08,19.681,0
2024-10-19 15:30,14.55,3.6,1,0.0375,0.08,19.645,0
2024-10-19 16:00,14.0,2.94,1,0.0375,0.08,19.604,0
2024-10-19 16:30,12.6,2.43,1,0.0375,0.08,19.553,0
2024-10-19 17:00,11.2,1.92,1,1.0875,0.08,19.561,0
2024-10-19 17:30,10.35,2.03,1,0.0375,8.594341,20.0,1
2024-10-19 18:00,9.5,2.14,1,0.0375,1.388779,20.0,1
2024-10-19 18:30,8.85,1.94,1,0.0375,1.472407,20.0,1
2024-10-19 19:00,8.2,1.75,1,0.870833,0.619705,20.0,1
2024-10-19 19:30,8.0,1.71,1,0.870833,0.645437,20.0,1
2024-10-19 20:00,7.8,1.67,1,0.870833,0.671168,20.0,1
2024-10-19 20:30,8.15,1.86,1,0.975,0.509097,20.0,1
2024-10-19 21:00,8.5,2.06,1,0.975,0.464066,20.0,1
2024-10-19 21:30,8.55,2.1,1,0.0375,1.511004,20.0,1
2024-10-19 22:00,8.6,2.14,1,0.0375,1.504571,20.0,1
2024-10-19 22:30,8.75,2.31,1,0.1625,1.344823,20.0,1
2024-10-19 23:00,8.9,2.47,1,0.0375,0.08,19.918,0
2024-10-19 23:30,9.35,2.97,1,0.0375,0.08,19.839,0
2024-10-20 00:00,9.8,3.47,1,1.2875,0.08,19.848,0
2024-10-20 00:30,9.4,3.62,1,0.0375,0.08,19.771,0
2024-10-20 01:00,9.0,3.78,1,0.0375,0.08,19.691,0
2024-10-20 01:30,9.2,4.15,1,0.0375,0.08,19.613,0
2024-10-20 02:00,9.4,4.53,1,0.0375,0.08,19.538,0
2024-10-20 02:30,9.75,4.96,1,0.0375,0.08,19.465,0
2024-10-20 03:00,10.1,5.39,1,0.0375,0.08,19.396,0
2024-10-20 03:30,10.0,5.53,1,1.2875,0.08,19.41,0
2024-10-20 04:00,9.9,5.67,1,0.0375,0.08,19.34,0
2024-10-20 04:30,10.2,5.89,1,0.0375,0.08,19.272,0
2024-10-20 05:00,10.5,6.11,1,0.0375,0.08,19.208,0
2024-10-20 05:30,11.0,6.88,1,0.0375,0.08,19.147,0
2024-10-20 06:00,11.5,7.64,1,0.0375,0.08,19.091,0
2024-10-20 06:30,11.8,8.36,1,0.0375,0.08,19.038,0
2024-10-20 07:00,12.1,9.08,1,0.0375,12.08,19.701,1
2024-10-20 07:30,12.2,9.28,1,0.0375,6.022594,20.0,1
2024-10-20 08:00,12.3,9.47,1,0.0375,1.028535,20.0,1
2024-10-20 08:30,12.45,10.33,1,0.1625,0.08,19.953,0
2024-10-20 09:00,12.6,11.19,1,0.0375,0.08,19.899,0
2024-10-20 09:30,13.05,11.56,1,0.975,0.08,19.912,0
2024-10-20 10:00,13.5,11.92,1,2.275,0.08,20.015,0
2024-10-20 10:30,13.95,10.57,1,1.3375,0.08,20.058,0
2024-10-20 11:00,14.4,9.22,1,0.0375,0.08,20.017,0
2024-10-20 11:30,14.6,8.42,1,0.0375,0.08,19.978,0
2024-10-20 12:00,14.8,7.61,1,0.0375,0.08,19.941,0
2024-10-20 12:30,15.1,7.37,1,0.1625,0.08,19.915,0
2024-10-20 13:00,15.4,7.14,1,0.0375,0.08,19.883,0
2024-10-20 13:30,15.85,7.76,1,0.0375,0.08,19.855,0
2024-10-20 14:00,16.3,8.39,1,0.0375,0.08,19.83,0
2024-10-20 14:30,16.25,8.47,1,1.0875,0.08,19.875,0
2024-10-20 15:00,16.2,8.56,1,0.0375,0.08,19.85,0
2024-10-20 15:30,15.9,8.76,1,0.1625,0.08,19.83,0
2024-10-20 16:00,15.6,8.97,1,0.1625,0.08,19.809,0
2024-10-20 16:30,15.25,9.21,1,0.0375,0.08,19.776,0
2024-10-20 17:00,14.9,9.44,1,0.0375,0.08,19.741,0
2024-10-20 17:30,14.65,9.54,1,0.0375,5.039474,20.0,1
2024-10-20 18:00,14.4,9.64,1,1.2125,0.08,20.038,0
2024-10-20 18:30,14.2,9.92,1,0.0375,0.147125,20.0,1
2024-10-20 19:00,14.0,10.19,1,0.0375,0.809816,20.0,1
2024-10-20 19:30,13.85,10.17,1,0.0375,0.829114,20.0,1
2024-10-20 20:00,13.7,10.14,1,0.0375,0.848413,20.0,1
2024-10-20 20:30,13.5,9.58,1,0.0375,0.874145,20.0,1
2024-10-20 21:00,13.3,9.03,1,0.0375,0.899877,20.0,1
2024-10-20 21:30,13.2,9.31,1,0.0375,0.912742,20.0,1
2024-10-20 22:00,13.1,9.58,1,0.1625,0.785159,20.0,1
2024-10-20 22:30,13.0,9.65,1,0.0375,0.938474,20.0,1
2024-10-20 23:00,12.9,9.72,1,1.2875,0.08,20.032,0
2024-10-20 23:30,12.9,9.38,1,0.0375,0.08,19.98,0
2024-10-21 00:00,12.9,9.03,1,0.0375,0.08,19.928,0
2024-10-21 00:30,12.9,9.22,1,0.0375,0.08,19.877,0
2024-10-21 01:00,12.9,9.42,1,0.0375,0.08,19.826,0
2024-10-21 01:30,12.85,9.06,1,1.2875,0.08,19.858,0
2024-10-21 02:00,12.8,8.69,1,0.0375,0.08,19.807,0
2024-10-21 02:30,12.65,8.49,1,0.0375,0.08,19.755,0
2024-10-21 03:00,12.5,8.28,1,0.0375,0.08,19.702,0
2024-10-21 03:30,12.5,8.15,1,0.0375,0.08,19.649,0
2024-10-21 04:00,12.5,8.03,1,0.0375,0.08,19.597,0
2024-10-21 04:30,12.6,7.93,1,0.0375,0.08,19.546,0
2024-10-21 05:00,12.7,7.83,1,0.0375,0.08,19.496,0
2024-10-21 05:30,12.55,7.61,1,0.0375,0.08,19.445,0
2024-10-21 06:00,12.4,7.39,1,0.0375,0.08,19.394,0
2024-10-21 06:30,12.3,7.08,1,0.0375,0.08,19.342,0
2024-10-21 07:00,12.2,6.78,1,0.0375,12.017124,20.0,1
2024-10-21 07:30,12.2,6.79,1,0.1625,0.900951,20.0,1
2024-10-21 08:00,12.2,6.81,1,0.2875,0.760502,20.0,1
2024-10-21 08:30,12.45,6.86,0,0.0375,0.08,19.945,0
2024-10-21 09:00,12.7,6.92,0,0.0375,0.08,19.892,0
2024-10-21 09:30,12.8,7.08,0,0.0375,0.08,19.84,0
2024-10-21 10:00,12.9,7.25,0,0.0375,0.08,19.789,0
2024-10-21 10:30,13.2,6.53,0,0.0375,0.08,19.741,0
2024-10-21 11:00,13.5,5.81,0,0.0375,0.08,19.696,0
2024-10-21 11:30,13.8,5.5,0,0.0375,0.08,19.654,0
2024-10-21 12:00,14.1,5.19,0,0.0375,0.08,19.614,0
2024-10-21 12:30,14.05,4.85,0,0.0375,0.08,19.573,0
2024-10-21 13:00,14.0,4.5,0,0.0375,0.08,19.533,0
2024-10-21 13:30,13.95,4.69,0,0.0375,0.08,19.493,0
2024-10-21 14:00,13.9,4.89,0,0.0375,0.08,19.453,0
2024-10-21 14:30,13.65,4.58,0,0.0375,0.08,19.411,0
2024-10-21 15:00,13.4,4.28,0,0.0375,0.08,19.367,0
2024-10-21 15:30,13.1,3.99,0,0.0375,0.08,19.322,0
2024-10-21 16:00,12.8,3.69,0,0.0375,0.08,19.275,0
2024-10-21 16:30,12.35,3.92,0,0.0375,0.08,19.224,0
2024-10-21 17:00,11.9,4.14,0,0.0375,0.08,19.17,0
2024-10-21 17:30,11.45,4.24,1,0.0375,12.08,19.828,1
2024-10-21 18:00,11.0,4.33,1,1.808333,2.078743,20.0,1
2024-10-21 18:30,10.75,4.32,1,1.933333,0.08,20.058,0
2024-10-21 19:00,10.5,4.31,1,0.870833,0.08,20.043,0
2024-10-21 19:30,10.45,4.36,1,2.1375,0.08,20.113,0
2024-10-21 20:00,10.4,4.42,1,0.1625,0.08,20.049,0
2024-10-21 20:30,10.3,4.33,1,0.0375,0.460991,20.0,1
2024-10-21 21:00,10.2,4.25,1,1.2875,0.08,20.011,0
2024-10-21 21:30,10.3,4.49,1,0.0375,1.101497,20.0,1
2024-10-21 22:00,10.4,4.72,1,0.1625,1.132537,20.0,1
2024-10-21 22:30,10.45,4.94,1,0.0375,1.266553,20.0,1
2024-10-21 23:00,10.5,5.17,1,0.0375,0.08,19.93,0
2024-10-21 23:30,10.75,5.81,1,1.2875,0.08,19.946,0
2024-10-22 00:00,11.0,6.44,1,0.0375,0.08,19.88,0
2024-10-22 00:30,10.9,6.44,1,0.0375,0.08,19.813,0
2024-10-22 01:00,10.8,6.44,1,0.0375,0.08,19.747,0
2024-10-22 01:30,10.65,5.94,1,1.2875,0.08,19.763,0
2024-10-22 02:00,10.5,5.44,1,0.0375,0.08,19.695,0
2024-10-22 02:30,10.5,5.08,1,2.5375,0.08,19.794,0
2024-10-22 03:00,10.5,4.72,1,0.0375,0.08,19.726,0
2024-10-22 03:30,10.5,4.64,1,0.0375,0.08,19.657,0
2024-10-22 04:00,10.5,4.56,1,0.0375,0.08,19.59,0
2024-10-22 04:30,10.45,4.46,1,0.0375,0.08,19.522,0
2024-10-22 05:00,10.4,4.36,1,0.0375,0.08,19.455,0
2024-10-22 05:30,10.4,4.15,1,0.0375,0.08,19.388,0
2024-10-22 06:00,10.4,3.94,1,0.0375,0.08,19.322,0
2024-10-22 06:30,10.45,3.92,1,0.0375,0.08,19.257,0
2024-10-22 07:00,10.5,3.89,1,0.1625,12.08,19.914,1
2024-10-22 07:30,11.0,4.12,1,0.0375,2.624468,20.0,1
2024-10-22 08:00,11.5,4.36,1,1.2125,0.08,20.016,0
2024-10-22 08:30,11.95,4.43,0,0.0375,0.08,19.957,0
2024-10-22 09:00,12.4,4.5,0,0.0375,0.08,19.901,0
2024-10-22 09:30,12.65,5.14,0,0.0375,0.08,19.848,0
2024-10-22 10:00,12.9,5.78,0,0.0375,0.08,19.798,0
2024-10-22 10:30,13.35,5.42,0,0.0375,0.08,19.751,0
2024-10-22 11:00,13.8,5.06,0,0.0375,0.08,19.708,0
2024-10-22 11:30,14.1,5.31,0,0.0375,0.08,19.667,0
2024-10-22 12:00,14.4,5.56,0,0.0375,0.08,19.63,0
2024-10-22 12:30,14.5,5.38,0,0.0375,0.08,19.593,0
2024-10-22 13:00,14.6,5.19,0,0.0375,0.08,19.557,0
2024-10-22 13:30,14.55,5.11,0,0.0375,0.08,19.521,0
2024-10-22 14:00,14.5,5.03,0,0.0375,0.08,19.485,0
2024-10-22 14:30,14.3,4.53,0,0.0375,0.08,19.448,0
2024-10-22 15:00,14.1,4.03,0,0.0375,0.08,19.41,0
2024-10-22 15:30,13.55,3.31,0,0.0375,0.08,19.367,0
2024-10-22 16:00,13.0,2.58,0,0.0375,0.08,19.321,0
2024-10-22 16:30,11.5,2.31,0,0.0375,0.08,19.264,0
2024-10-22 17:00,10.0,2.03,0,0.0375,0.08,19.195,0
2024-10-22 17:30,9.25,2.03,1,0.1625,12.08,19.844,1
2024-10-22 18:00,8.5,2.03,1,0.0375,4.117624,20.0,1
2024-10-22 18:30,8.0,1.88,1,2.6375,0.08,20.084,0
2024-10-22 19:00,7.5,1.72,1,1.3375,0.08,20.078,0
2024-10-22 19:30,6.9,1.57,1,0.0375,0.429971,20.0,1
2024-10-22 20:00,6.3,1.42,1,0.0375,1.800486,20.0,1
2024-10-22 20:30,5.95,1.36,1,0.0375,1.845516,20.0,1
2024-10-22 21:00,5.6,1.31,1,0.0375,1.890546,20.0,1
2024-10-22 21:30,5.6,1.51,1,0.0375,1.890546,20.0,1
2024-10-22 22:00,5.6,1.72,1,0.870833,0.954217,20.0,1
2024-10-22 22:30,5.85,1.75,1,1.933333,0.08,20.021,0
2024-10-22 23:00,6.1,1.78,1,1.808333,0.08,20.035,0
2024-10-22 23:30,6.3,1.94,1,0.0375,0.08,19.933,0
2024-10-23 00:00,6.5,2.11,1,0.0375,0.08,19.832,0
2024-10-23 00:30,6.85,2.21,1,0.0375,0.08,19.735,0
2024-10-23 01:00,7.2,2.31,1,0.0375,0.08,19.642,0
2024-10-23 01:30,7.45,2.28,1,1.2875,0.08,19.635,0
2024-10-23 02:00,7.7,2.25,1,0.0375,0.08,19.546,0
2024-10-23 02:30,7.7,2.19,1,0.0375,0.08,19.458,0
2024-10-23 03:00,7.7,2.14,1,1.2875,0.08,19.454,0
2024-10-23 03:30,7.65,2.15,1,0.0375,0.08,19.366,0
2024-10-23 04:00,7.6,2.17,1,0.0375,0.08,19.278,0
2024-10-23 04:30,7.3,2.1,1,0.0375,0.08,19.189,0
2024-10-23 05:00,7.0,2.03,1,0.0375,0.08,19.098,0
2024-10-23 05:30,7.1,2.06,1,0.0375,0.08,19.009,0
2024-10-23 06:00,7.2,2.08,1,0.0375,0.08,18.921,0
2024-10-23 06:30,7.85,2.18,1,0.0375,0.08,18.839,0
2024-10-23 07:00,8.5,2.28,1,0.0375,12.08,19.476,1
2024-10-23 07:30,9.05,2.68,1,0.0375,10.182448,20.0,1
2024-10-23 08:00,9.6,3.08,1,1.0875,0.196137,20.0,1
2024-10-23 08:30,10.15,3.26,0,0.0375,0.08,19.927,0
2024-10-23 09:00,10.7,3.44,0,0.0375,0.08,19.859,0
2024-10-23 09:30,11.05,3.44,0,0.0375,0.08,19.794,0
2024-10-23 10:00,11.4,3.44,0,0.0375,0.08,19.732,0
2024-10-23 10:30,11.95,3.64,0,0.0375,0.08,19.675,0
2024-10-23 11:00,12.5,3.83,0,0.0375,0.08,19.623,0
2024-10-23 11:30,12.8,4.11,0,0.0375,0.08,19.573,0
2024-10-23 12:00,13.1,4.39,0,0.0375,0.08,19.526,0
2024-10-23 12:30,13.45,4.75,0,0.0375,0.08,19.482,0
2024-10-23 13:00,13.8,5.11,0,0.0375,0.08,19.441,0
2024-10-23 13:30,14.0,4.86,0,0.0375,0.08,19.402,0
2024-10-23 14:00,14.2,4.61,0,0.0375,0.08,19.365,0
2024-10-23 14:30,14.05,4.83,0,0.0375,0.08,19.326,0
2024-10-23 15:00,13.9,5.06,0,0.0375,0.08,19.287,0
2024-10-23 15:30,13.6,4.42,0,0.0375,0.08,19.246,0
2024-10-23 16:00,13.3,3.78,0,0.0375,0.08,19.203,0
2024-10-23 16:30,12.35,3.64,0,0.0375,0.08,19.153,0
2024-10-23 17:00,11.4,3.5,0,0.0375,0.08,19.097,0
2024-10-23 17:30,10.9,3.69,1,1.1,12.08,19.821,1
2024-10-23 18:00,10.4,3.89,1,0.975,3.199787,20.0,1
2024-10-23 18:30,10.35,4.04,1,1.1,0.085599,20.0,1
2024-10-23 19:00,10.3,4.19,1,1.1,0.092032,20.0,1
2024-10-23 19:30,10.5,4.26,1,0.870833,0.323791,20.0,1
2024-10-23 20:00,10.7,4.33,1,0.870833,0.298059,20.0,1
2024-10-23 20:30,10.9,4.35,1,0.870833,0.272327,20.0,1
2024-10-23 21:00,11.1,4.36,1,1.2125,0.08,20.013,0
2024-10-23 21:30,11.3,4.79,1,0.1625,0.801108,20.0,1
2024-10-23 22:00,11.5,5.22,1,0.1625,0.991012,20.0,1
2024-10-23 22:30,11.35,5.43,1,0.0375,1.15076,20.0,1
2024-10-23 23:00,11.2,5.64,1,1.2875,0.08,20.019,0
2024-10-23 23:30,10.75,5.76,1,0.0375,0.08,19.95,0
2024-10-24 00:00,10.3,5.89,1,0.0375,0.08,19.879,0
2024-10-24 00:30,9.9,5.89,1,0.0375,0.08,19.805,0
2024-10-24 01:00,9.5,5.89,1,1.2875,0.08,19.812,0
2024-10-24 01:30,9.25,5.82,1,0.0375,0.08,19.734,0
2024-10-24 02:00,9.0,5.75,1,0.0375,0.08,19.654,0
2024-10-24 02:30,8.85,5.61,1,0.0375,0.08,19.574,0
2024-10-24 03:00,8.7,5.47,1,0.0375,0.08,19.493,0
2024-10-24 03:30,8.9,5.4,1,0.0375,0.08,19.415,0
2024-10-24 04:00,9.1,5.33,1,0.0375,0.08,19.338,0
2024-10-24 04:30,9.5,5.29,1,0.0375,0.08,19.266,0
2024-10-24 05:00,9.9,5.25,1,1.2875,0.08,19.28,0
2024-10-24 05:30,9.85,5.43,1,0.0375,0.08,19.21,0
2024-10-24 06:00,9.8,5.61,1,0.0375,0.08,19.141,0
2024-10-24 06:30,9.75,5.74,1,0.0375,0.08,19.071,0
2024-10-24 07:00,9.7,5.86,1,0.0375,12.08,19.716,1
2024-10-24 07:30,9.85,6.12,1,0.1625,5.940536,20.0,1
2024-10-24 08:00,10.0,6.39,1,0.0375,1.324449,20.0,1
2024-10-24 08:30,10.5,6.0,0,0.0375,0.08,19.93,0
2024-10-24 09:00,11.0,5.61,0,0.0375,0.08,19.864,0
2024-10-24 09:30,11.6,5.81,0,0.0375,0.08,19.803,0
2024-10-24 10:00,12.2,6.0,0,0.0375,0.08,19.748,0
2024-10-24 10:30,12.95,6.61,0,0.0375,0.08,19.698,0
2024-10-24 11:00,13.7,7.22,0,0.0375,0.08,19.655,0
2024-10-24 11:30,14.35,7.26,0,0.0375,0.08,19.616,0
2024-10-24 12:00,15.0,7.31,0,0.0375,0.08,19.584,0
2024-10-24 12:30,14.75,7.08,0,0.0375,0.08,19.549,0
2024-10-24 13:00,14.5,6.86,0,0.0375,0.08,19.513,0
2024-10-24 13:30,14.7,6.74,0,0.0375,0.08,19.479,0
2024-10-24 14:00,14.9,6.61,0,0.0375,0.08,19.446,0
2024-10-24 14:30,15.05,5.89,0,0.0375,0.08,19.415,0
2024-10-24 15:00,15.2,5.17,0,0.0375,0.08,19.385,0
2024-10-24 15:30,15.0,4.18,0,0.0375,0.08,19.354,0
2024-10-24 16:00,14.8,3.19,0,0.0375,0.08,19.322,0
2024-10-24 16:30,14.75,3.58,0,0.0375,0.08,19.289,0
2024-10-24 17:00,14.7,3.97,0,0.0375,0.08,19.257,0
2024-10-24 17:30,14.5,4.03,1,0.1625,12.08,19.945,1
2024-10-24 18:00,14.3,4.08,1,0.1625,1.546501,20.0,1
2024-10-24 18:30,14.1,4.19,1,0.0375,0.79695,20.0,1
2024-10-24 19:00,13.9,4.31,1,1.0875,0.08,20.026,0
2024-10-24 19:30,12.85,4.31,1,1.4125,0.08,20.065,0
2024-10-24 20:00,11.8,4.31,1,2.170833,0.08,20.147,0
2024-10-24 20:30,11.4,4.4,1,2.170833,0.08,20.225,0
2024-10-24 21:00,11.0,4.5,1,0.870833,0.08,20.213,0
2024-10-24 21:30,11.1,4.51,1,0.0375,0.08,20.146,0
2024-10-24 22:00,11.2,4.53,1,1.2125,0.08,20.158,0
2024-10-24 22:30,11.35,4.24,1,1.1,0.08,20.165,0
2024-10-24 23:00,11.5,3.94,1,0.975,0.08,20.163,0
2024-10-24 23:30,11.45,3.42,1,0.0375,0.08,20.099,0
2024-10-25 00:00,11.4,2.89,1,1.2875,0.08,20.119,0
2024-10-25 00:30,11.65,2.58,1,0.0375,0.08,20.056,0
2024-10-25 01:00,11.9,2.28,1,0.0375,0.08,19.996,0
2024-10-25 01:30,11.8,2.36,1,0.0375,0.08,19.936,0
2024-10-25 02:00,11.7,2.44,1,0.0375,0.08,19.876,0
2024-10-25 02:30,11.6,2.69,1,0.0375,0.08,19.815,0
2024-10-25 03:00,11.5,2.94,1,0.0375,0.08,19.754,0
2024-10-25 03:30,11.45,3.0,1,0.0375,0.08,19.693,0
2024-10-25 04:00,11.4,3.06,1,0.0375,0.08,19.632,0
2024-10-25 04:30,11.2,2.76,1,0.0375,0.08,19.57,0
2024-10-25 05:00,11.0,2.47,1,0.0375,0.08,19.507,0
2024-10-25 05:30,10.7,2.28,1,1.2875,0.08,19.525,0
2024-10-25 06:00,10.4,2.08,1,0.0375,0.08,19.458,0
2024-10-25 06:30,10.5,2.22,1,0.0375,0.08,19.392,0
2024-10-25 07:00,10.6,2.36,1,0.0375,11.391785,20.0,1
2024-10-25 07:30,10.7,2.46,1,0.0375,1.234388,20.0,1
2024-10-25 08:00,10.8,2.56,1,1.2125,0.08,20.011,0
2024-10-25 08:30,11.05,2.67,0,0.0375,0.08,19.945,0
2024-10-25 09:00,11.3,2.78,0,0.0375,0.08,19.881,0
2024-10-25 09:30,11.5,2.94,0,0.0375,0.08,19.819,0
2024-10-25 10:00,11.7,3.11,0,0.0375,0.08,19.76,0
2024-10-25 10:30,12.0,3.01,0,0.0375,0.08,19.703,0
2024-10-25 11:00,12.3,2.92,0,0.0375,0.08,19.649,0
2024-10-25 11:30,12.75,2.88,0,0.0375,0.08,19.598,0
2024-10-25 12:00,13.2,2.83,0,0.0375,0.08,19.552,0
2024-10-25 12:30,13.45,3.04,0,0.0375,0.08,19.508,0
2024-10-25 13:00,13.7,3.25,0,0.0375,0.08,19.466,0
2024-10-25 13:30,13.9,3.31,0,0.0375,0.08,19.426,0
2024-10-25 14:00,14.1,3.36,0,0.0375,0.08,19.387,0
2024-10-25 14:30,14.3,3.24,0,0.0375,0.08,19.351,0
2024-10-25 15:00,14.5,3.11,0,0.0375,0.08,19.316,0
2024-10-25 15:30,14.45,2.32,0,0.0375,0.08,19.282,0
2024-10-25 16:00,14.4,1.53,0,0.0375,0.08,19.247,0
2024-10-25 16:30,14.1,1.36,0,0.0375,0.08,19.21,0
2024-10-25 17:00,13.8,1.19,0,0.0375,0.08,19.171,0
2024-10-25 17:30,13.8,1.15,1,0.0375,12.08,19.846,1
2024-10-25 18:00,13.8,1.11,1,0.0375,3.401388,20.0,1
2024-10-25 18:30,13.45,1.21,1,0.0375,0.880578,20.0,1
2024-10-25 19:00,13.1,1.31,1,0.0375,0.925608,20.0,1
2024-10-25 19:30,12.95,1.28,1,0.1625,0.804458,20.0,1
2024-10-25 20:00,12.8,1.25,1,1.920833,0.08,20.073,0
2024-10-25 20:30,12.9,1.5,1,3.108333,0.08,20.226,0
2024-10-25 21:00,13.0,1.75,1,3.358333,0.08,20.395,0
2024-10-25 21:30,13.0,1.32,1,0.0375,0.08,20.341,0
2024-10-25 22:00,13.0,0.89,1,0.0375,0.08,20.288,0
2024-10-25 22:30,12.9,1.22,1,0.2875,0.08,20.25,0
2024-10-25 23:00,12.8,1.56,1,1.2875,0.08,20.279,0
2024-10-25 23:30,12.15,1.6,1,0.0375,0.08,20.22,0
2024-10-26 00:00,11.5,1.64,1,0.0375,0.08,20.155,0
2024-10-26 00:30,11.3,1.85,1,0.0375,0.08,20.09,0
2024-10-26 01:00,11.1,2.06,1,0.0375,0.08,20.024,0
2024-10-26 01:30,10.55,2.06,1,0.0375,0.08,19.954,0
2024-10-26 02:00,10.0,2.06,1,0.0375,0.08,19.88,0
2024-10-26 02:30,9.65,2.03,1,0.0375,0.08,19.804,0
2024-10-26 03:00,9.3,2.0,1,0.0375,0.08,19.726,0
2024-10-26 03:30,9.05,2.19,1,0.0375,0.08,19.647,0
2024-10-26 04:00,8.8,2.39,1,0.0375,0.08,19.567,0
2024-10-26 04:30,8.7,2.29,1,1.2875,0.08,19.57,0
2024-10-26 05:00,8.6,2.19,1,0.0375,0.08,19.488,0
2024-10-26 05:30,8.25,2.11,1,0.0375,0.08,19.405,0
2024-10-26 06:00,7.9,2.03,1,0.0375,0.08,19.319,0
2024-10-26 06:30,8.0,1.96,1,0.0375,0.08,19.235,0
2024-10-26 07:00,8.1,1.89,1,0.0375,12.08,19.866,1
2024-10-26 07:30,8.85,1.99,1,0.0375,3.706711,20.0,1
2024-10-26 08:00,9.6,2.08,1,1.4125,0.08,20.015,0
2024-10-26 08:30,10.4,2.47,1,1.2875,0.08,20.027,0
2024-10-26 09:00,11.2,2.86,1,2.2625,0.08,20.111,0
2024-10-26 09:30,12.05,2.54,1,0.0375,0.08,20.052,0
2024-10-26 10:00,12.9,2.22,1,0.0375,0.08,20.0,0
2024-10-26 10:30,13.55,2.14,1,0.2875,0.08,19.969,0
2024-10-26 11:00,14.2,2.06,1,0.975,0.08,19.99,0
2024-10-26 11:30,14.7,2.72,1,0.975,0.08,20.015,0
2024-10-26 12:00,15.2,3.39,1,0.0375,0.08,19.981,0
2024-10-26 12:30,15.1,3.39,1,0.0375,0.08,19.946,0
2024-10-26 13:00,15.0,3.39,1,0.0375,0.08,19.911,0
2024-10-26 13:30,14.9,3.18,1,0.0375,0.08,19.875,0
2024-10-26 14:00,14.8,2.97,1,0.0375,0.08,19.838,0
2024-10-26 14:30,14.65,3.03,1,0.0375,0.08,19.801,0
2024-10-26 15:00,14.5,3.08,1,0.0375,0.08,19.763,0
2024-10-26 15:30,13.8,2.96,1,0.0375,0.08,19.72,0
2024-10-26 16:00,13.1,2.83,1,0.0375,0.08,19.672,0
2024-10-26 16:30,12.2,2.67,1,0.0375,0.08,19.617,0
2024-10-26 17:00,11.3,2.5,1,0.0375,0.08,19.556,0
2024-10-26 17:30,10.55,2.5,1,0.870833,7.724491,20.0,1
2024-10-26 18:00,9.8,2.5,1,1.808333,0.08,20.043,0
2024-10-26 18:30,9.65,3.04,1,1.808333,0.08,20.084,0
2024-10-26 19:00,9.5,3.58,1,0.0375,0.08,20.006,0
2024-10-26 19:30,9.65,3.72,1,0.0375,1.275575,20.0,1
2024-10-26 20:00,9.8,3.86,1,0.0375,1.350181,20.0,1
2024-10-26 20:30,10.05,4.01,1,0.0375,1.318016,20.0,1
2024-10-26 21:00,10.3,4.17,1,0.0375,1.285852,20.0,1
2024-10-26 21:30,10.8,4.74,1,0.0375,1.221523,20.0,1
2024-10-26 22:00,11.3,5.31,1,0.0375,1.157193,20.0,1
2024-10-26 22:30,11.45,5.1,1,0.2875,0.856996,20.0,1
2024-10-26 23:00,11.6,4.89,1,0.0375,0.08,19.938,0
2024-10-26 23:30,11.0,4.61,1,0.0375,0.08,19.872,0
2024-10-27 00:00,10.4,4.33,1,0.0375,0.08,19.802,0
2024-10-27 00:30,10.15,4.54,1,0.0375,0.08,19.731,0
2024-10-27 01:00,9.9,4.75,1,0.0375,0.08,19.658,0
2024-10-27 01:30,9.35,5.0,1,0.0375,0.08,19.582,0
2024-10-27 02:00,8.8,5.25,1,0.0375,0.08,19.502,0
2024-10-27 02:30,8.35,5.04,1,0.0375,0.08,19.419,0
2024-10-27 03:00,7.9,4.83,1,0.0375,0.08,19.333,0
2024-10-27 03:30,7.55,4.47,1,0.0375,0.08,19.246,0
2024-10-27 04:00,7.2,4.11,1,0.0375,0.08,19.156,0
2024-10-27 04:30,6.9,3.68,1,0.0375,0.08,19.065,0
2024-10-27 05:00,6.6,3.25,1,0.0375,0.08,18.972,0
2024-10-27 05:30,6.4,3.19,1,0.0375,0.08,18.878,0
2024-10-27 06:00,6.2,3.14,1,0.0375,0.08,18.783,0
2024-10-27 06:30,6.1,3.01,1,1.2875,0.08,18.772,0
2024-10-27 07:00,6.0,2.89,1,0.0375,12.08,19.391,1
2024-10-27 07:30,6.5,3.14,1,0.0375,11.931865,20.0,1
2024-10-27 08:00,7.0,3.39,1,0.0375,1.710425,20.0,1
2024-10-27 08:30,8.0,3.54,1,0.0375,0.08,19.911,0
2024-10-27 09:00,9.0,3.69,1,2.1375,0.08,19.97,0
2024-10-27 09:30,9.75,3.51,1,0.0375,0.08,19.894,0
2024-10-27 10:00,10.5,3.33,1,0.1625,0.08,19.833,0
2024-10-27 10:30,10.85,3.39,1,0.0375,0.08,19.767,0
2024-10-27 11:00,11.2,3.44,1,0.0375,0.08,19.704,0
2024-10-27 11:30,11.45,3.33,1,0.0375,0.08,19.643,0
2024-10-27 12:00,11.7,3.22,1,0.0375,0.08,19.585,0
2024-10-27 12:30,11.75,3.32,1,0.1625,0.08,19.536,0
2024-10-27 13:00,11.8,3.42,1,1.2875,0.08,19.563,0
2024-10-27 13:30,11.75,3.33,1,0.0375,0.08,19.505,0
2024-10-27 14:00,11.7,3.25,1,0.0375,0.08,19.448,0
2024-10-27 14:30,11.5,3.39,1,0.0375,0.08,19.39,0
2024-10-27 15:00,11.3,3.53,1,0.0375,0.08,19.33,0
2024-10-27 15:30,10.95,3.29,1,0.0375,0.08,19.269,0
2024-10-27 16:00,10.6,3.06,1,0.1625,0.08,19.213,0
2024-10-27 16:30,10.35,3.28,1,0.0375,0.08,19.148,0
2024-10-27 17:00,10.1,3.5,1,0.0375,0.08,19.081,0
2024-10-27 17:30,10.2,3.74,1,0.0375,12.08,19.73,1
2024-10-27 18:00,10.3,3.97,1,0.0375,5.794995,20.0,1
2024-10-27 18:30,10.1,4.21,1,1.2875,0.08,20.01,0
2024-10-27 19:00,9.9,4.44,1,0.1625,1.025278,20.0,1
2024-10-27 19:30,9.85,4.21,1,0.0375,1.343748,20.0,1
2024-10-27 20:00,9.8,3.97,1,1.808333,0.08,20.043,0
2024-10-27 20:30,9.65,4.14,1,1.808333,0.08,20.084,0
2024-10-27 21:00,9.5,4.31,1,0.870833,0.08,20.061,0
2024-10-27 21:30,9.6,4.17,1,0.0375,0.352845,20.0,1
2024-10-27 22:00,9.7,4.03,1,0.1625,1.222597,20.0,1
2024-10-27 22:30,10.0,4.33,1,0.1625,1.184,20.0,1
2024-10-27 23:00,10.3,4.64,1,0.0375,0.08,19.928,0
2024-10-27 23:30,10.7,5.11,1,0.0375,0.08,19.86,0
2024-10-28 00:00,11.1,5.58,1,0.0375,0.08,19.796,0
2024-10-28 00:30,11.65,5.07,1,0.0375,0.08,19.736,0
2024-10-28 01:00,12.2,4.56,1,0.0375,0.08,19.681,0
2024-10-28 01:30,12.45,4.53,1,0.0375,0.08,19.628,0
2024-10-28 02:00,12.7,4.5,1,0.0375,0.08,19.577,0
2024-10-28 02:30,12.9,5.31,1,0.0375,0.08,19.529,0
2024-10-28 03:00,13.1,6.11,1,0.0375,0.08,19.482,0
2024-10-28 03:30,13.3,5.97,1,0.0375,0.08,19.437,0
2024-10-28 04:00,13.5,5.83,1,0.0375,0.08,19.394,0
2024-10-28 04:30,13.7,5.85,1,0.0375,0.08,19.353,0
2024-10-28 05:00,13.9,5.86,1,0.0375,0.08,19.314,0
2024-10-28 05:30,14.0,5.68,1,0.0375,0.08,19.276,0
2024-10-28 06:00,14.1,5.5,1,2.5375,0.08,19.406,0
2024-10-28 06:30,14.15,5.51,1,0.0375,0.08,19.368,0
2024-10-28 07:00,14.2,5.53,1,0.0375,11.32643,20.0,1
2024-10-28 07:30,14.45,5.12,1,0.0375,0.751919,20.0,1
2024-10-28 08:00,14.7,4.72,1,1.0875,0.08,20.032,0
2024-10-28 08:30,15.1,4.65,0,0.0375,0.08,19.997,0
2024-10-28 09:00,15.5,4.58,0,0.0375,0.08,19.965,0
2024-10-28 09:30,15.95,5.07,0,0.0375,0.08,19.937,0
2024-10-28 10:00,16.4,5.56,0,0.0375,0.08,19.912,0
2024-10-28 10:30,16.45,5.29,0,0.0375,0.08,19.888,0
2024-10-28 11:00,16.5,5.03,0,0.0375,0.08,19.865,0
2024-10-28 11:30,16.4,4.35,0,0.0375,0.08,19.841,0
2024-10-28 12:00,16.3,3.67,0,0.0375,0.08,19.816,0
2024-10-28 12:30,16.3,3.89,0,0.0375,0.08,19.792,0
2024-10-28 13:00,16.3,4.11,0,0.0375,0.08,19.768,0
2024-10-28 13:30,16.2,3.72,0,0.0375,0.08,19.743,0
2024-10-28 14:00,16.1,3.33,0,0.0375,0.08,19.717,0
2024-10-28 14:30,15.95,2.92,0,0.0375,0.08,19.691,0
2024-10-28 15:00,15.8,2.5,0,0.0375,0.08,19.664,0
2024-10-28 15:30,15.45,2.08,0,0.0375,0.08,19.634,0
2024-10-28 16:00,15.1,1.67,0,0.0375,0.08,19.602,0
2024-10-28 16:30,14.15,1.75,0,0.0375,0.08,19.563,0
2024-10-28 17:00,13.2,1.83,0,0.0375,0.08,19.516,0
2024-10-28 17:30,13.15,1.78,1,0.0375,8.985986,20.0,1
2024-10-28 18:00,13.1,1.72,1,0.0375,0.925608,20.0,1
2024-10-28 18:30,13.2,1.58,1,0.2875,0.631844,20.0,1
2024-10-28 19:00,13.3,1.44,1,0.0375,0.899877,20.0,1
2024-10-28 19:30,13.25,1.5,1,0.1625,0.76586,20.0,1
2024-10-28 20:00,13.2,1.56,1,0.975,0.08,20.013,0
2024-10-28 20:30,13.0,1.93,1,1.225,0.08,20.041,0
2024-10-28 21:00,12.8,2.31,1,1.2875,0.08,20.072,0
2024-10-28 21:30,12.7,2.46,1,0.975,0.08,20.081,0
2024-10-28 22:00,12.6,2.61,1,0.975,0.08,20.089,0
2024-10-28 22:30,12.55,2.58,1,2.045833,0.08,20.168,0
2024-10-28 23:00,12.5,2.56,1,0.870833,0.08,20.167,0
2024-10-28 23:30,12.5,2.81,1,0.870833,0.08,20.167,0
2024-10-29 00:00,12.5,3.06,1,0.0375,0.08,20.111,0
2024-10-29 00:30,12.5,3.5,1,0.0375,0.08,20.055,0
2024-10-29 01:00,12.5,3.94,1,0.0375,0.08,19.999,0
2024-10-29 01:30,12.55,3.69,1,0.0375,0.08,19.945,0
2024-10-29 02:00,12.6,3.44,1,0.0375,0.08,19.891,0
2024-10-29 02:30,12.7,3.32,1,0.0375,0.08,19.839,0
2024-10-29 03:00,12.8,3.19,1,0.0375,0.08,19.787,0
2024-10-29 03:30,12.75,3.31,1,1.2875,0.08,19.82,0
2024-10-29 04:00,12.7,3.42,1,1.2875,0.08,19.851,0
2024-10-29 04:30,12.75,3.57,1,0.0375,0.08,19.799,0
2024-10-29 05:00,12.8,3.72,1,0.0375,0.08,19.748,0
2024-10-29 05:30,12.8,3.78,1,0.0375,0.08,19.698,0
2024-10-29 06:00,12.8,3.83,1,0.0375,0.08,19.647,0
2024-10-29 06:30,12.8,3.79,1,0.0375,0.08,19.597,0
2024-10-29 07:00,12.8,3.75,1,0.0375,7.680633,20.0,1
2024-10-29 07:30,12.9,3.76,1,0.1625,0.810891,20.0,1
2024-10-29 08:00,13.0,3.78,1,2.4,0.08,20.107,0
2024-10-29 08:30,13.3,3.81,0,2.275,0.08,20.207,0
2024-10-29 09:00,13.6,3.83,0,0.0375,0.08,20.159,0
2024-10-29 09:30,14.05,4.06,0,0.0375,0.08,20.115,0
2024-10-29 10:00,14.5,4.28,0,0.0375,0.08,20.074,0
2024-10-29 10:30,14.7,4.22,0,0.0375,0.08,20.035,0
2024-10-29 11:00,14.9,4.17,0,0.0375,0.08,19.999,0
2024-10-29 11:30,15.05,4.17,0,0.0375,0.08,19.963,0
2024-10-29 12:00,15.2,4.17,0,0.0375,0.08,19.929,0
2024-10-29 12:30,15.2,4.58,0,0.0375,0.08,19.896,0
2024-10-29 13:00,15.2,5.0,0,0.0375,0.08,19.862,0
2024-10-29 13:30,15.05,4.97,0,0.0375,0.08,19.828,0
2024-10-29 14:00,14.9,4.94,0,0.0375,0.08,19.793,0
2024-10-29 14:30,14.65,4.64,0,0.0375,0.08,19.756,0
2024-10-29 15:00,14.4,4.33,0,0.0375,0.08,19.717,0
2024-10-29 15:30,14.15,4.19,0,0.0375,0.08,19.677,0
2024-10-29 16:00,13.9,4.06,0,0.0375,0.08,19.635,0
2024-10-29 16:30,13.6,4.01,0,0.0375,0.08,19.592,0
2024-10-29 17:00,13.3,3.97,0,0.0375,0.08,19.546,0
2024-10-29 17:30,13.05,3.9,1,0.0375,8.502867,20.0,1
2024-10-29 18:00,12.8,3.83,1,0.0375,0.964206,20.0,1
2024-10-29 18:30,12.65,3.87,1,1.0875,0.08,20.016,0
2024-10-29 19:00,12.5,3.92,1,0.870833,0.08,20.017,0
2024-10-29 19:30,12.4,3.75,1,1.120833,0.08,20.034,0
2024-10-29 20:00,12.3,3.58,1,0.870833,0.08,20.033,0
2024-10-29 20:30,12.15,3.67,1,1.2875,0.08,20.058,0
2024-10-29 21:00,12.0,3.75,1,0.1625,0.08,20.008,0
2024-10-29 21:30,12.05,3.51,1,0.1625,0.792501,20.0,1
2024-10-29 22:00,12.1,3.28,1,1.0875,0.08,20.012,0
2024-10-29 22:30,11.85,3.03,1,0.975,0.08,20.015,0
2024-10-29 23:00,11.6,2.78,1,0.975,0.08,20.016,0
2024-10-29 23:30,11.05,2.56,1,0.0375,0.08,19.95,0
2024-10-30 00:00,10.5,2.33,1,0.0375,0.08,19.88,0
2024-10-30 00:30,10.35,2.72,1,0.0375,0.08,19.809,0
2024-10-30 01:00,10.2,3.11,1,0.0375,0.08,19.738,0
2024-10-30 01:30,9.95,2.89,1,0.0375,0.08,19.666,0
2024-10-30 02:00,9.7,2.67,1,0.0375,0.08,19.592,0
2024-10-30 02:30,9.5,2.54,1,0.0375,0.08,19.517,0
2024-10-30 03:00,9.3,2.42,1,1.2875,0.08,19.525,0
2024-10-30 03:30,9.25,2.61,1,1.2875,0.08,19.533,0
2024-10-30 04:00,9.2,2.81,1,0.0375,0.08,19.456,0
2024-10-30 04:30,9.2,2.67,1,1.2875,0.08,19.464,0
2024-10-30 05:00,9.2,2.53,1,0.0375,0.08,19.388,0
2024-10-30 05:30,9.2,2.35,1,0.0375,0.08,19.312,0
2024-10-30 06:00,9.2,2.17,1,0.0375,0.08,19.237,0
2024-10-30 06:30,9.3,2.1,1,0.0375,0.08,19.164,0
2024-10-30 07:00,9.4,2.03,1,1.920833,12.08,19.931,1
2024-10-30 07:30,9.95,2.17,1,0.870833,1.542204,20.0,1
2024-10-30 08:00,10.5,2.31,1,0.870833,0.323791,20.0,1
2024-10-30 08:30,11.25,2.6,0,0.0375,0.08,19.936,0
2024-10-30 09:00,12.0,2.89,0,0.0375,0.08,19.877,0
2024-10-30 09:30,12.45,3.06,0,0.0375,0.08,19.823,0
2024-10-30 10:00,12.9,3.22,0,0.0375,0.08,19.772,0
2024-10-30 10:30,13.25,3.17,0,0.0375,0.08,19.725,0
2024-10-30 11:00,13.6,3.11,0,0.0375,0.08,19.681,0
2024-10-30 11:30,13.8,2.96,0,0.0375,0.08,19.638,0
2024-10-30 12:00,14.0,2.81,0,0.0375,0.08,19.598,0
2024-10-30 12:30,13.5,3.21,0,0.0375,0.08,19.553,0
2024-10-30 13:00,13.0,3.61,0,0.0375,0.08,19.506,0
2024-10-30 13:30,13.2,3.57,0,0.0375,0.08,19.46,0
2024-10-30 14:00,13.4,3.53,0,0.0375,0.08,19.416,0
2024-10-30 14:30,13.45,3.29,0,0.0375,0.08,19.373,0
2024-10-30 15:00,13.5,3.06,0,0.0375,0.08,19.33,0
2024-10-30 15:30,13.25,2.28,0,0.0375,0.08,19.286,0
2024-10-30 16:00,13.0,1.5,0,0.0375,0.08,19.241,0
2024-10-30 16:30,12.45,1.47,0,0.0375,0.08,19.191,0
2024-10-30 17:00,11.9,1.44,0,0.0375,0.08,19.138,0
2024-10-30 17:30,11.95,1.68,1,2.275,12.08,19.949,1
2024-10-30 18:00,12.0,1.92,1,2.4,0.08,20.049,0
2024-10-30 18:30,11.85,1.93,1,0.0375,0.275857,20.0,1
2024-10-30 19:00,11.7,1.94,1,0.0375,1.10573,20.0,1
2024-10-30 19:30,11.6,1.89,1,0.1625,0.978146,20.0,1
2024-10-30 20:00,11.5,1.83,1,0.1625,0.991012,20.0,1
2024-10-30 20:30,11.3,1.83,1,0.0375,1.157193,20.0,1
2024-10-30 21:00,11.1,1.83,1,0.0375,1.182925,20.0,1
2024-10-30 21:30,11.0,1.79,1,2.15,0.08,20.075,0
2024-10-30 22:00,10.9,1.75,1,0.975,0.08,20.07,0
2024-10-30 22:30,10.8,1.72,1,0.2875,0.08,20.018,0
2024-10-30 23:00,10.7,1.69,1,0.0375,0.08,19.949,0
2024-10-30 23:30,10.6,1.71,1,0.0375,0.08,19.88,0
2024-10-31 00:00,10.5,1.72,1,0.0375,0.08,19.811,0
2024-10-31 00:30,10.7,1.75,1,0.0375,0.08,19.744,0
2024-10-31 01:00,10.9,1.78,1,0.0375,0.08,19.678,0
2024-10-31 01:30,10.55,1.53,1,0.0375,0.08,19.611,0
2024-10-31 02:00,10.2,1.28,1,0.0375,0.08,19.542,0
2024-10-31 02:30,9.65,1.79,1,0.0375,0.08,19.468,0
2024-10-31 03:00,9.1,2.31,1,0.0375,0.08,19.392,0
2024-10-31 03:30,8.7,2.39,1,0.0375,0.08,19.312,0
2024-10-31 04:00,8.3,2.47,1,0.0375,0.08,19.23,0
2024-10-31 04:30,8.5,2.22,1,0.0375,0.08,19.151,0
2024-10-31 05:00,8.7,1.97,1,0.0375,0.08,19.073,0
2024-10-31 05:30,8.5,2.14,1,0.0375,0.08,18.995,0
2024-10-31 06:00,8.3,2.31,1,1.2875,0.08,18.999,0
2024-10-31 06:30,8.45,2.0,1,0.0375,0.08,18.921,0
2024-10-31 07:00,8.6,1.69,1,0.2875,12.08,19.575,1
2024-10-31 07:30,9.15,2.28,1,0.0375,8.523504,20.0,1
2024-10-31 08:00,9.7,2.86,1,0.0375,1.363047,20.0,1
2024-10-31 08:30,10.35,3.83,0,0.0375,0.08,19.929,0
2024-10-31 09:00,11.0,4.81,0,0.0375,0.08,19.863,0
2024-10-31 09:30,11.5,4.51,0,0.0375,0.08,19.801,0
2024-10-31 10:00,12.0,4.22,0,0.0375,0.08,19.744,0
2024-10-31 10:30,12.5,3.93,0,0.0375,0.08,19.691,0
2024-10-31 11:00,13.0,3.64,0,0.0375,0.08,19.642,0
2024-10-31 11:30,13.3,3.51,0,0.0375,0.08,19.596,0
2024-10-31 12:00,13.6,3.39,0,0.0375,0.08,19.553,0
2024-10-31 12:30,13.2,3.47,0,0.0375,0.08,19.507,0
2024-10-31 13:00,12.8,3.56,0,0.0375,0.08,19.458,0
2024-10-31 13:30,12.75,3.85,0,0.0375,0.08,19.409,0
2024-10-31 14:00,12.7,4.14,0,0.0375,0.08,19.36,0
2024-10-31 14:30,12.5,4.12,0,0.0375,0.08,19.31,0
2024-10-31 15:00,12.3,4.11,0,0.0375,0.08,19.259,0
2024-10-31 15:30,12.1,3.65,0,0.0375,0.08,19.207,0
2024-10-31 16:00,11.9,3.19,0,0.0375,0.08,19.154,0
2024-10-31 16:30,11.65,2.97,0,0.0375,0.08,19.099,0
2024-10-31 17:00,11.4,2.75,0,0.0375,0.08,19.042,0
2024-10-31 17:30,11.25,2.88,1,0.0375,12.08,19.699,1
2024-10-31 18:00,11.1,3.0,1,0.0375,6.204679,20.0,1
2024-10-31 18:30,10.9,2.93,1,1.0875,0.08,20.003,0
2024-10-31 19:00,10.7,2.86,1,2.275,0.08,20.084,0
2024-10-31 19:30,10.55,2.79,1,3.3375,0.08,20.234,0
2024-10-31 20:00,10.4,2.72,1,2.225,0.08,20.307,0
2024-10-31 20:30,10.5,2.82,1,0.0375,0.08,20.235,0
2024-10-31 21:00,10.6,2.92,1,0.2875,0.08,20.18,0
2024-10-31 21:30,10.4,2.82,1,2.3375,0.08,20.262,0
2024-10-31 22:00,10.2,2.72,1,0.1625,0.08,20.196,0
2024-10-31 22:30,9.95,2.44,1,0.870833,0.08,20.175,0
2024-10-31 23:00,9.7,2.17,1,0.870833,0.08,20.153,0
2024-10-31 23:30,9.75,2.36,1,0.870833,0.08,20.132,0
2024-11-01 00:00,9.8,2.56,1,0.0375,0.08,20.055,0
2024-11-01 00:30,9.4,2.5,1,0.0375,0.08,19.976,0
2024-11-01 01:00,9.0,2.44,1,0.0375,0.08,19.895,0
2024-11-01 01:30,9.45,3.11,1,1.2875,0.08,19.901,0
2024-11-01 02:00,9.9,3.78,1,0.0375,0.08,19.827,0
2024-11-01 02:30,10.1,4.42,1,0.0375,0.08,19.755,0
2024-11-01 03:00,10.3,5.06,1,0.0375,0.08,19.685,0
2024-11-01 03:30,10.5,5.46,1,0.0375,0.08,19.617,0
2024-11-01 04:00,10.7,5.86,1,0.0375,0.08,19.552,0
2024-11-01 04:30,10.75,5.94,1,0.0375,0.08,19.487,0
2024-11-01 05:00,10.8,6.03,1,0.0375,0.08,19.423,0
2024-11-01 05:30,10.8,6.03,1,0.0375,0.08,19.359,0
2024-11-01 06:00,10.8,6.03,1,0.0375,0.08,19.296,0
2024-11-01 06:30,10.75,5.61,1,0.0375,0.08,19.233,0
2024-11-01 07:00,10.7,5.19,1,1.2875,12.08,19.968,1
2024-11-01 07:30,11.0,5.01,1,0.0375,1.729314,20.0,1
2024-11-01 08:00,11.3,4.83,1,0.1625,1.016744,20.0,1
2024-11-01 08:30,11.55,4.93,0,0.0375,0.08,19.938,0
2024-11-01 09:00,11.8,5.03,0,0.0375,0.08,19.878,0
2024-11-01 09:30,12.1,4.82,0,0.0375,0.08,19.821,0
2024-11-01 10:00,12.4,4.61,0,0.0375,0.08,19.767,0
2024-11-01 10:30,12.85,5.25,0,0.0375,0.08,19.716,0
2024-11-01 11:00,13.3,5.89,0,0.0375,0.08,19.67,0
2024-11-01 11:30,13.65,5.72,0,0.0375,0.08,19.626,0
2024-11-01 12:00,14.0,5.56,0,0.0375,0.08,19.586,0
2024-11-01 12:30,13.7,5.72,0,0.0375,0.08,19.543,0
2024-11-01 13:00,13.4,5.89,0,0.0375,0.08,19.499,0
2024-11-01 13:30,13.3,5.65,0,0.0375,0.08,19.454,0
2024-11-01 14:00,13.2,5.42,0,0.0375,0.08,19.408,0
2024-11-01 14:30,13.05,4.94,0,0.0375,0.08,19.362,0
2024-11-01 15:00,12.9,4.47,0,0.0375,0.08,19.315,0
2024-11-01 15:30,12.4,3.85,0,0.0375,0.08,19.265,0
2024-11-01 16:00,11.9,3.22,0,0.0375,0.08,19.211,0
2024-11-01 16:30,11.15,3.04,0,0.0375,0.08,19.152,0
2024-11-01 17:00,10.4,2.86,0,0.0375,0.08,19.087,0
2024-11-01 17:30,10.1,2.72,1,0.975,12.08,19.797,1
2024-11-01 18:00,9.8,2.58,1,0.975,3.675821,20.0,1
2024-11-01 18:30,10.05,2.54,1,0.1625,1.177567,20.0,1
2024-11-01 19:00,10.3,2.5,1,0.0375,1.285852,20.0,1
2024-11-01 19:30,10.65,2.5,1,0.0375,1.240821,20.0,1
2024-11-01 20:00,11.0,2.5,1,0.0375,1.195791,20.0,1
2024-11-01 20:30,11.15,2.19,1,1.1,0.08,20.006,0
2024-11-01 21:00,11.3,1.89,1,3.575,0.08,20.178,0
2024-11-01 21:30,11.3,1.61,1,3.420833,0.08,20.339,0
2024-11-01 22:00,11.3,1.33,1,2.045833,0.08,20.406,0
2024-11-01 22:30,11.35,1.1,1,0.870833,0.08,20.395,0
2024-11-01 23:00,11.4,0.86,1,0.0375,0.08,20.329,0
2024-11-01 23:30,11.5,0.81,1,0.0375,0.08,20.264,0
2024-11-02 00:00,11.6,0.75,1,0.0375,0.08,20.2,0
2024-11-02 00:30,11.3,0.74,1,0.0375,0.08,20.134,0
2024-11-02 01:00,11.0,0.72,1,0.0375,0.08,20.067,0
2024-11-02 01:30,11.0,0.68,1,0.0375,0.08,20.0,0
2024-11-02 02:00,11.0,0.64,1,0.0375,0.08,19.934,0
2024-11-02 02:30,11.0,0.83,1,0.0375,0.08,19.868,0
2024-11-02 03:00,11.0,1.03,1,0.0375,0.08,19.803,0
2024-11-02 03:30,10.95,1.08,1,0.0375,0.08,19.737,0
2024-11-02 04:00,10.9,1.14,1,1.2875,0.08,19.756,0
2024-11-02 04:30,10.8,1.21,1,0.0375,0.08,19.69,0
2024-11-02 05:00,10.7,1.28,1,0.0375,0.08,19.623,0
2024-11-02 05:30,10.75,1.36,1,0.0375,0.08,19.558,0
2024-11-02 06:00,10.8,1.44,1,0.0375,0.08,19.493,0
2024-11-02 06:30,10.8,1.62,1,0.0375,0.08,19.429,0
2024-11-02 07:00,10.8,1.81,1,0.0375,10.739619,20.0,1
2024-11-02 07:30,10.95,1.97,1,0.0375,1.202224,20.0,1
2024-11-02 08:00,11.1,2.14,1,0.0375,1.182925,20.0,1
2024-11-02 08:30,11.4,2.53,1,0.0375,0.08,19.937,0
2024-11-02 09:00,11.7,2.92,1,0.975,0.08,19.939,0
2024-11-02 09:30,11.95,3.11,1,0.975,0.08,19.943,0
2024-11-02 10:00,12.2,3.31,1,0.1625,0.08,19.894,0
2024-11-02 10:30,12.55,3.14,1,1.2875,0.08,19.924,0
2024-11-02 11:00,12.9,2.97,1,0.0375,0.08,19.873,0
2024-11-02 11:30,13.2,3.47,1,0.0375,0.08,19.824,0
2024-11-02 12:00,13.5,3.97,1,0.0375,0.08,19.779,0
2024-11-02 12:30,13.15,3.61,1,1.3375,0.08,19.817,0
2024-11-02 13:00,12.8,3.25,1,0.0375,0.08,19.766,0
2024-11-02 13:30,12.85,3.14,1,0.0375,0.08,19.716,0
2024-11-02 14:00,12.9,3.03,1,1.0875,0.08,19.736,0
2024-11-02 14:30,12.85,2.88,1,0.0375,0.08,19.686,0
2024-11-02 15:00,12.8,2.72,1,0.1625,0.08,19.644,0
2024-11-02 15:30,12.6,2.25,1,0.0375,0.08,19.593,0
2024-11-02 16:00,12.4,1.78,1,0.0375,0.08,19.54,0
2024-11-02 16:30,12.2,1.81,1,0.0375,0.08,19.486,0
2024-11-02 17:00,12.0,1.83,1,0.0375,0.08,19.432,0
2024-11-02 17:30,11.9,1.97,1,0.0375,10.560397,20.0,1
2024-11-02 18:00,11.8,2.11,1,1.2875,0.08,20.023,0
2024-11-02 18:30,11.8,2.18,1,0.0375,0.704232,20.0,1
2024-11-02 19:00,11.8,2.25,1,0.0375,1.092864,20.0,1
2024-11-02 19:30,11.7,2.18,1,0.1625,0.965281,20.0,1
2024-11-02 20:00,11.6,2.11,1,0.1625,0.978146,20.0,1
2024-11-02 20:30,11.6,1.99,1,0.0375,1.118596,20.0,1
2024-11-02 21:00,11.6,1.86,1,0.0375,1.118596,20.0,1
2024-11-02 21:30,11.55,2.07,1,0.0375,1.125029,20.0,1
2024-11-02 22:00,11.5,2.28,1,0.0375,1.131462,20.0,1
2024-11-02 22:30,11.45,2.28,1,0.0375,1.137895,20.0,1
2024-11-02 23:00,11.4,2.28,1,0.0375,0.08,19.937,0
2024-11-02 23:30,11.5,2.47,1,0.0375,0.08,19.875,0
2024-11-03 00:00,11.6,2.67,1,0.0375,0.08,19.814,0
2024-11-03 00:30,11.3,2.1,1,0.0375,0.08,19.751,0
2024-11-03 01:00,11.0,1.53,1,0.0375,0.08,19.687,0
2024-11-03 01:30,11.05,1.39,1,0.0375,0.08,19.623,0
2024-11-03 02:00,11.1,1.25,1,0.0375,0.08,19.56,0
2024-11-03 02:30,11.1,1.56,1,0.0375,0.08,19.498,0
2024-11-03 03:00,11.1,1.86,1,0.0375,0.08,19.436,0
2024-11-03 03:30,11.1,2.19,1,0.0375,0.08,19.375,0
2024-11-03 04:00,11.1,2.53,1,0.0375,0.08,19.314,0
2024-11-03 04:30,11.0,2.5,1,0.0375,0.08,19.253,0
2024-11-03 05:00,10.9,2.47,1,0.0375,0.08,19.192,0
2024-11-03 05:30,10.75,2.35,1,0.0375,0.08,19.129,0
2024-11-03 06:00,10.6,2.22,1,0.0375,0.08,19.067,0
2024-11-03 06:30,10.65,2.11,1,0.0375,0.08,19.005,0
2024-11-03 07:00,10.7,2.0,1,0.0375,12.08,19.658,1
2024-11-03 07:30,10.7,1.96,1,0.0375,6.944948,20.0,1
2024-11-03 08:00,10.7,1.92,1,0.0375,1.234388,20.0,1
2024-11-03 08:30,11.05,1.72,1,1.2875,0.08,20.018,0
2024-11-03 09:00,11.4,1.53,1,0.0375,0.08,19.954,0
2024-11-03 09:30,11.7,1.88,1,2.3375,0.08,20.047,0
2024-11-03 10:00,12.0,2.22,1,1.2125,0.08,20.067,0
2024-11-03 10:30,12.15,2.46,1,0.0375,0.08,20.009,0
2024-11-03 11:00,12.3,2.69,1,0.0375,0.08,19.952,0
2024-11-03 11:30,12.3,2.75,1,0.0375,0.08,19.896,0
2024-11-03 12:00,12.3,2.81,1,0.870833,0.08,19.896,0
2024-11-03 12:30,11.7,2.53,1,0.870833,0.08,19.892,0
2024-11-03 13:00,11.1,2.25,1,0.870833,0.08,19.882,0
2024-11-03 13:30,11.15,2.25,1,0.1625,0.08,19.826,0
2024-11-03 14:00,11.2,2.25,1,0.0375,0.08,19.763,0
2024-11-03 14:30,11.2,2.24,1,0.0375,0.08,19.7,0
2024-11-03 15:00,11.2,2.22,1,0.0375,0.08,19.637,0
2024-11-03 15:30,11.05,2.11,1,0.0375,0.08,19.574,0
2024-11-03 16:00,10.9,2.0,1,0.0375,0.08,19.51,0
2024-11-03 16:30,10.75,1.72,1,0.2875,0.08,19.462,0
2024-11-03 17:00,10.6,1.44,1,1.9125,0.08,19.522,0
2024-11-03 17:30,10.55,1.47,1,1.9125,7.11301,20.0,1
2024-11-03 18:00,10.5,1.5,1,0.1625,1.119671,20.0,1
2024-11-03 18:30,10.45,1.79,1,0.0375,1.266553,20.0,1
2024-11-03 19:00,10.4,2.08,1,1.2875,0.08,20.013,0
2024-11-03 19:30,10.25,2.18,1,0.0375,1.082395,20.0,1
2024-11-03 20:00,10.1,2.28,1,0.0375,1.311584,20.0,1
2024-11-03 20:30,10.0,1.78,1,0.0375,1.324449,20.0,1
2024-11-03 21:00,9.9,1.28,1,0.0375,1.337315,20.0,1
2024-11-03 21:30,9.9,1.06,1,0.0375,1.337315,20.0,1
2024-11-03 22:00,9.9,0.83,1,0.1625,1.196866,20.0,1
2024-11-03 22:30,9.8,1.24,1,0.0375,1.350181,20.0,1
2024-11-03 23:00,9.7,1.64,1,0.0375,0.08,19.924,0
2024-11-03 23:30,9.65,1.75,1,0.0375,0.08,19.848,0
2024-11-04 00:00,9.6,1.86,1,0.0375,0.08,19.772,0
2024-11-04 00:30,9.5,1.68,1,0.0375,0.08,19.695,0
2024-11-04 01:00,9.4,1.5,1,0.0375,0.08,19.619,0
2024-11-04 01:30,9.4,1.39,1,0.0375,0.08,19.543,0
2024-11-04 02:00,9.4,1.28,1,0.0375,0.08,19.468,0
2024-11-04 02:30,9.3,1.36,1,0.0375,0.08,19.393,0
2024-11-04 03:00,9.2,1.44,1,0.0375,0.08,19.318,0
2024-11-04 03:30,9.15,1.5,1,0.0375,0.08,19.242,0
2024-11-04 04:00,9.1,1.56,1,0.0375,0.08,19.167,0
2024-11-04 04:30,9.0,1.5,1,0.0375,0.08,19.092,0
2024-11-04 05:00,8.9,1.44,1,0.0375,0.08,19.016,0
2024-11-04 05:30,8.85,1.46,1,0.0375,0.08,18.941,0
2024-11-04 06:00,8.8,1.47,1,0.0375,0.08,18.866,0
2024-11-04 06:30,8.85,1.4,1,0.0375,0.08,18.792,0
2024-11-04 07:00,8.9,1.33,1,0.0375,12.08,19.432,1
2024-11-04 07:30,9.0,1.64,1,0.0375,10.92114,20.0,1
2024-11-04 08:00,9.1,1.94,1,1.2125,0.120017,20.0,1
2024-11-04 08:30,9.4,1.94,0,0.0375,0.08,19.921,0
2024-11-04 09:00,9.7,1.94,0,0.0375,0.08,19.846,0
2024-11-04 09:30,10.0,2.04,0,0.0375,0.08,19.773,0
2024-11-04 10:00,10.3,2.14,0,0.0375,0.08,19.703,0
2024-11-04 10:30,10.6,2.49,0,0.0375,0.08,19.636,0
2024-11-04 11:00,10.9,2.83,0,0.0375,0.08,19.571,0
2024-11-04 11:30,11.2,2.94,0,0.0375,0.08,19.51,0
2024-11-04 12:00,11.5,3.06,0,0.0375,0.08,19.451,0
2024-11-04 12:30,11.5,2.88,0,0.0375,0.08,19.393,0
2024-11-04 13:00,11.5,2.69,0,0.0375,0.08,19.335,0
2024-11-04 13:30,11.5,2.58,0,0.0375,0.08,19.277,0
2024-11-04 14:00,11.5,2.47,0,0.0375,0.08,19.22,0
2024-11-04 14:30,11.45,2.36,0,0.0375,0.08,19.163,0
2024-11-04 15:00,11.4,2.25,0,0.0375,0.08,19.106,0
2024-11-04 15:30,11.2,1.75,0,0.0375,0.08,19.048,0
2024-11-04 16:00,11.0,1.25,0,0.0375,0.08,18.989,0
2024-11-04 16:30,10.65,1.17,0,0.0375,0.08,18.928,0
2024-11-04 17:00,10.3,1.08,0,0.0375,0.08,18.864,0
2024-11-04 17:30,10.25,1.21,1,0.975,12.08,19.577,1
2024-11-04 18:00,10.2,1.33,1,2.35,5.748468,20.0,1
2024-11-04 18:30,10.05,1.43,1,0.870833,0.381687,20.0,1
2024-11-04 19:00,9.9,1.53,1,2.370833,0.08,20.081,0
2024-11-04 19:30,9.75,1.46,1,1.120833,0.08,20.077,0
2024-11-04 20:00,9.6,1.39,1,1.0875,0.08,20.07,0
2024-11-04 20:30,9.4,1.35,1,0.0375,0.242056,20.0,1
2024-11-04 21:00,9.2,1.31,1,1.3375,0.08,20.007,0
2024-11-04 21:30,9.3,1.21,1,2.275,0.08,20.077,0
2024-11-04 22:00,9.4,1.11,1,0.975,0.08,20.06,0
2024-11-04 22:30,9.45,1.11,1,0.0375,0.389168,20.0,1
2024-11-04 23:00,9.5,1.11,1,0.0375,0.08,19.922,0
2024-11-04 23:30,9.55,1.18,1,1.2875,0.08,19.929,0
2024-11-05 00:00,9.6,1.25,1,0.0375,0.08,19.852,0
2024-11-05 00:30,9.35,1.12,1,0.0375,0.08,19.774,0
2024-11-05 01:00,9.1,1.0,1,0.0375,0.08,19.695,0
2024-11-05 01:30,9.0,1.01,1,1.2875,0.08,19.699,0
2024-11-05 02:00,8.9,1.03,1,0.0375,0.08,19.619,0
2024-11-05 02:30,9.0,0.86,1,0.0375,0.08,19.54,0
2024-11-05 03:00,9.1,0.69,1,0.0375,0.08,19.463,0
2024-11-05 03:30,9.05,0.56,1,0.0375,0.08,19.386,0
2024-11-05 04:00,9.0,0.42,1,1.2875,0.08,19.392,0
2024-11-05 04:30,9.05,0.43,1,0.0375,0.08,19.316,0
2024-11-05 05:00,9.1,0.44,1,0.0375,0.08,19.24,0
2024-11-05 05:30,9.05,0.57,1,0.0375,0.08,19.165,0
2024-11-05 06:00,9.0,0.69,1,1.2875,0.08,19.173,0
2024-11-05 06:30,8.85,0.85,1,0.0375,0.08,19.096,0
2024-11-05 07:00,8.7,1.0,1,0.0375,12.08,19.733,1
2024-11-05 07:30,8.9,1.06,1,0.0375,5.916594,20.0,1
2024-11-05 08:00,9.1,1.11,1,0.870833,0.503912,20.0,1
2024-11-05 08:30,9.45,0.99,0,0.870833,0.08,19.977,0
2024-11-05 09:00,9.8,0.86,0,0.870833,0.08,19.958,0
2024-11-05 09:30,10.3,0.89,0,0.0375,0.08,19.886,0
2024-11-05 10:00,10.8,0.92,0,0.0375,0.08,19.819,0
2024-11-05 10:30,11.3,1.18,0,0.0375,0.08,19.757,0
2024-11-05 11:00,11.8,1.44,0,0.0375,0.08,19.698,0
2024-11-05 11:30,12.4,1.71,0,0.0375,0.08,19.645,0
2024-11-05 12:00,13.0,1.97,0,0.0375,0.08,19.597,0
2024-11-05 12:30,12.25,1.32,0,0.0375,0.08,19.543,0
2024-11-05 13:00,11.5,0.67,0,0.0375,0.08,19.484,0
2024-11-05 13:30,11.65,0.71,0,0.0375,0.08,19.426,0
2024-11-05 14:00,11.8,0.75,0,0.0375,0.08,19.37,0
2024-11-05 14:30,11.95,0.64,0,0.0375,0.08,19.316,0
2024-11-05 15:00,12.1,0.53,0,0.0375,0.08,19.263,0
2024-11-05 15:30,11.8,0.89,0,0.0375,0.08,19.209,0
2024-11-05 16:00,11.5,1.25,0,0.0375,0.08,19.152,0
2024-11-05 16:30,11.25,1.42,0,0.0375,0.08,19.094,0
2024-11-05 17:00,11.0,1.58,0,0.0375,0.08,19.035,0
2024-11-05 17:30,10.65,1.72,1,0.1625,12.08,19.695,1
2024-11-05 18:00,10.3,1.86,1,0.0375,6.366048,20.0,1
2024-11-05 18:30,9.9,1.93,1,0.1625,1.196866,20.0,1
2024-11-05 19:00,9.5,2.0,1,0.1625,1.248329,20.0,1
2024-11-05 19:30,9.45,1.76,1,1.3375,0.08,20.009,0
2024-11-05 20:00,9.4,1.53,1,1.4625,0.08,20.025,0
2024-11-05 20:30,9.6,1.17,1,0.0375,0.955328,20.0,1
2024-11-05 21:00,9.8,0.81,1,0.1625,1.209732,20.0,1
2024-11-05 21:30,9.75,1.01,1,0.975,0.303243,20.0,1
2024-11-05 22:00,9.7,1.22,1,2.025,0.08,20.057,0
2024-11-05 22:30,9.0,1.21,1,1.2125,0.08,20.053,0
2024-11-05 23:00,8.3,1.19,1,0.0375,0.08,19.965,0
2024-11-05 23:30,8.2,1.22,1,0.0375,0.08,19.878,0
2024-11-06 00:00,8.1,1.25,1,0.0375,0.08,19.79,0
2024-11-06 00:30,7.35,1.49,1,0.0375,0.08,19.698,0
2024-11-06 01:00,6.6,1.72,1,0.0375,0.08,19.6,0
2024-11-06 01:30,6.9,1.51,1,0.0375,0.08,19.505,0
2024-11-06 02:00,7.2,1.31,1,0.0375,0.08,19.413,0
2024-11-06 02:30,7.7,1.32,1,0.0375,0.08,19.326,0
2024-11-06 03:00,8.2,1.33,1,0.0375,0.08,19.244,0
2024-11-06 03:30,7.55,1.32,1,0.0375,0.08,19.157,0
2024-11-06 04:00,6.9,1.31,1,0.0375,0.08,19.065,0
2024-11-06 04:30,6.35,1.76,1,0.0375,0.08,18.971,0
2024-11-06 05:00,5.8,2.22,1,0.0375,0.08,18.872,0
2024-11-06 05:30,5.65,2.26,1,1.2875,0.08,18.857,0
2024-11-06 06:00,5.5,2.31,1,0.0375,0.08,18.757,0
2024-11-06 06:30,5.6,2.18,1,1.2875,0.08,18.743,0
2024-11-06 07:00,5.7,2.06,1,0.0375,12.08,19.359,1
2024-11-06 07:30,6.3,1.65,1,0.1625,12.08,19.984,1
2024-11-06 08:00,6.9,1.25,1,0.1625,1.84801,20.0,1
2024-11-06 08:30,7.8,1.32,0,0.0375,0.08,19.909,0
2024-11-06 09:00,8.7,1.39,0,0.0375,0.08,19.826,0
2024-11-06 09:30,9.6,1.22,0,0.0375,0.08,19.75,0
2024-11-06 10:00,10.5,1.06,0,0.0375,0.08,19.682,0
2024-11-06 10:30,11.3,1.15,0,0.0375,0.08,19.62,0
2024-11-06 11:00,12.1,1.25,0,0.0375,0.08,19.565,0
2024-11-06 11:30,12.7,1.46,0,0.0375,0.08,19.515,0
2024-11-06 12:00,13.3,1.67,0,0.0375,0.08,19.47,0
2024-11-06 12:30,13.0,2.0,0,0.0375,0.08,19.423,0
2024-11-06 13:00,12.7,2.33,0,0.0375,0.08,19.374,0
2024-11-06 13:30,12.9,2.24,0,0.0375,0.08,19.327,0
2024-11-06 14:00,13.1,2.14,0,0.0375,0.08,19.282,0
2024-11-06 14:30,13.05,2.0,0,0.0375,0.08,19.237,0
2024-11-06 15:00,13.0,1.86,0,0.0375,0.08,19.191,0
2024-11-06 15:30,12.55,2.22,0,0.0375,0.08,19.143,0
2024-11-06 16:00,12.1,2.58,0,0.0375,0.08,19.092,0
2024-11-06 16:30,11.55,2.75,0,0.0375,0.08,19.036,0
2024-11-06 17:00,11.0,2.92,0,0.0375,0.08,18.977,0
2024-11-06 17:30,10.85,3.03,1,0.975,12.08,19.694,1
2024-11-06 18:00,10.7,3.14,1,1.1,5.139773,20.0,1
2024-11-06 18:30,10.5,2.99,1,3.345833,0.08,20.151,0
2024-11-06 19:00,10.3,2.83,1,3.108333,0.08,20.283,0
2024-11-06 19:30,10.2,2.72,1,1.808333,0.08,20.327,0
2024-11-06 20:00,10.1,2.61,1,0.1625,0.08,20.26,0
2024-11-06 20:30,10.15,2.68,1,1.2125,0.08,20.263,0
2024-11-06 21:00,10.2,2.75,1,0.0375,0.08,20.189,0
2024-11-06 21:30,10.2,2.38,1,0.0375,0.08,20.115,0
2024-11-06 22:00,10.2,2.0,1,1.2875,0.08,20.125,0
2024-11-06 22:30,10.1,1.94,1,0.0375,0.08,20.051,0
2024-11-06 23:00,10.0,1.89,1,0.0375,0.08,19.976,0
2024-11-06 23:30,9.95,1.93,1,0.0375,0.08,19.902,0
2024-11-07 00:00,9.9,1.97,1,0.0375,0.08,19.828,0
2024-11-07 00:30,10.05,2.32,1,0.0375,0.08,19.756,0
2024-11-07 01:00,10.2,2.67,1,0.0375,0.08,19.685,0
2024-11-07 01:30,10.2,2.74,1,0.0375,0.08,19.615,0
2024-11-07 02:00,10.2,2.81,1,0.0375,0.08,19.545,0
2024-11-07 02:30,10.2,2.75,1,0.0375,0.08,19.476,0
2024-11-07 03:00,10.2,2.69,1,0.0375,0.08,19.408,0
2024-11-07 03:30,10.25,2.82,1,0.0375,0.08,19.34,0
2024-11-07 04:00,10.3,2.94,1,0.0375,0.08,19.274,0
2024-11-07 04:30,10.2,2.93,1,1.2875,0.08,19.29,0
2024-11-07 05:00,10.1,2.92,1,0.0375,0.08,19.222,0
2024-11-07 05:30,10.15,2.97,1,0.0375,0.08,19.155,0
2024-11-07 06:00,10.2,3.03,1,0.0375,0.08,19.089,0
2024-11-07 06:30,10.15,3.17,1,0.0375,0.08,19.023,0
2024-11-07 07:00,10.1,3.31,1,0.0375,12.08,19.672,1
2024-11-07 07:30,10.25,3.47,1,1.2875,5.365469,20.0,1
2024-11-07 08:00,10.4,3.64,1,0.0375,1.272986,20.0,1
2024-11-07 08:30,10.6,3.82,0,0.0375,0.08,19.931,0
2024-11-07 09:00,10.8,4.0,0,0.0375,0.08,19.863,0
2024-11-07 09:30,11.1,4.24,0,0.0375,0.08,19.799,0
2024-11-07 10:00,11.4,4.47,0,0.0375,0.08,19.737,0
2024-11-07 10:30,11.6,4.61,0,0.0375,0.08,19.677,0
2024-11-07 11:00,11.8,4.75,0,0.0375,0.08,19.619,0
2024-11-07 11:30,12.0,4.75,0,0.0375,0.08,19.563,0
2024-11-07 12:00,12.2,4.75,0,0.0375,0.08,19.51,0
2024-11-07 12:30,11.7,4.67,0,0.0375,0.08,19.452,0
2024-11-07 13:00,11.2,4.58,0,0.0375,0.08,19.392,0
2024-11-07 13:30,11.4,4.33,0,0.0375,0.08,19.333,0
2024-11-07 14:00,11.6,4.08,0,0.0375,0.08,19.276,0
2024-11-07 14:30,11.55,3.68,0,0.0375,0.08,19.22,0
2024-11-07 15:00,11.5,3.28,0,0.0375,0.08,19.163,0
2024-11-07 15:30,11.45,3.03,0,0.0375,0.08,19.107,0
2024-11-07 16:00,11.4,2.78,0,0.0375,0.08,19.05,0
2024-11-07 16:30,11.3,2.81,0,0.0375,0.08,18.993,0
2024-11-07 17:00,11.2,2.83,0,0.0375,0.08,18.936,0
2024-11-07 17:30,11.15,2.96,1,0.1625,12.08,19.601,1
2024-11-07 18:00,11.1,3.08,1,0.1625,7.692569,20.0,1
2024-11-07 18:30,11.05,3.25,1,0.0375,1.189358,20.0,1
2024-11-07 19:00,11.0,3.42,1,0.995833,0.119012,20.0,1
2024-11-07 19:30,10.95,3.47,1,0.870833,0.265894,20.0,1
2024-11-07 20:00,10.9,3.53,1,1.808333,0.08,20.051,0
2024-11-07 20:30,10.9,3.24,1,0.975,0.08,20.046,0
2024-11-07 21:00,10.9,2.94,1,1.2125,0.08,20.057,0
2024-11-07 21:30,10.95,2.97,1,1.0875,0.08,20.06,0
2024-11-07 22:00,11.0,3.0,1,0.1625,0.08,20.002,0
2024-11-07 22:30,10.95,3.06,1,1.4125,0.08,20.027,0
2024-11-07 23:00,10.9,3.11,1,0.0375,0.08,19.96,0
2024-11-07 23:30,10.85,3.43,1,0.0375,0.08,19.892,0
2024-11-08 00:00,10.8,3.75,1,0.0375,0.08,19.825,0
2024-11-08 00:30,10.6,3.93,1,0.0375,0.08,19.757,0
2024-11-08 01:00,10.4,4.11,1,1.2875,0.08,19.772,0
2024-11-08 01:30,10.2,4.18,1,0.0375,0.08,19.701,0
2024-11-08 02:00,10.0,4.25,1,0.0375,0.08,19.629,0
2024-11-08 02:30,9.85,3.9,1,0.0375,0.08,19.557,0
2024-11-08 03:00,9.7,3.56,1,0.0375,0.08,19.484,0
2024-11-08 03:30,9.7,3.19,1,0.0375,0.08,19.412,0
2024-11-08 04:00,9.7,2.83,1,0.0375,0.08,19.34,0
2024-11-08 04:30,9.7,2.97,1,0.0375,0.08,19.268,0
2024-11-08 05:00,9.7,3.11,1,1.2875,0.08,19.281,0
2024-11-08 05:30,9.45,3.36,1,0.0375,0.08,19.209,0
2024-11-08 06:00,9.2,3.61,1,0.0375,0.08,19.134,0
2024-11-08 06:30,8.85,3.57,1,0.0375,0.08,19.058,0
2024-11-08 07:00,8.5,3.53,1,1.2125,12.08,19.772,1
2024-11-08 07:30,8.35,3.46,1,0.0375,5.334178,20.0,1
2024-11-08 08:00,8.2,3.39,1,1.4125,0.08,20.004,0
2024-11-08 08:30,8.25,3.31,0,0.0375,0.08,19.917,0
2024-11-08 09:00,8.3,3.22,0,0.0375,0.08,19.83,0
2024-11-08 09:30,8.45,3.32,0,0.0375,0.08,19.746,0
2024-11-08 10:00,8.6,3.42,0,0.0375,0.08,19.663,0
2024-11-08 10:30,8.8,3.56,0,0.0375,0.08,19.582,0
2024-11-08 11:00,9.0,3.69,0,0.0375,0.08,19.504,0
2024-11-08 11:30,9.1,3.68,0,0.0375,0.08,19.427,0
2024-11-08 12:00,9.2,3.67,0,0.0375,0.08,19.351,0
2024-11-08 12:30,9.25,3.53,0,0.0375,0.08,19.276,0
2024-11-08 13:00,9.3,3.39,0,0.0375,0.08,19.202,0
2024-11-08 13:30,9.6,3.44,0,0.0375,0.08,19.131,0
2024-11-08 14:00,9.9,3.5,0,0.0375,0.08,19.063,0
2024-11-08 14:30,10.0,3.33,0,0.0375,0.08,18.996,0
2024-11-08 15:00,10.1,3.17,0,0.0375,0.08,18.931,0
2024-11-08 15:30,10.0,2.46,0,0.0375,0.08,18.865,0
2024-11-08 16:00,9.9,1.75,0,0.0375,0.08,18.799,0
2024-11-08 16:30,9.65,1.58,0,0.0375,0.08,18.731,0
2024-11-08 17:00,9.4,1.42,0,0.0375,0.08,18.662,0
2024-11-08 17:30,9.3,1.32,1,0.0375,12.08,19.307,1
2024-11-08 18:00,9.2,1.22,1,0.0375,12.08,19.946,1
2024-11-08 18:30,9.15,1.24,1,0.1625,2.194638,20.0,1
2024-11-08 19:00,9.1,1.25,1,0.975,0.386871,20.0,1
2024-11-08 19:30,9.0,1.28,1,0.975,0.399737,20.0,1
2024-11-08 20:00,8.9,1.31,1,0.2875,1.185075,20.0,1
2024-11-08 20:30,8.7,1.75,1,1.2125,0.171481,20.0,1
2024-11-08 21:00,8.5,2.19,1,0.975,0.464066,20.0,1
2024-11-08 21:30,8.45,2.54,1,0.975,0.470499,20.0,1
2024-11-08 22:00,8.4,2.89,1,0.0375,1.530303,20.0,1
2024-11-08 22:30,8.3,2.75,1,0.0375,1.543169,20.0,1
2024-11-08 23:00,8.2,2.61,1,0.0375,0.08,19.912,0
2024-11-08 23:30,8.1,2.06,1,0.0375,0.08,19.824,0
2024-11-09 00:00,8.0,1.5,1,0.0375,0.08,19.736,0
2024-11-09 00:30,8.0,1.38,1,0.0375,0.08,19.649,0
2024-11-09 01:00,8.0,1.25,1,1.2875,0.08,19.646,0
2024-11-09 01:30,7.9,0.97,1,0.0375,0.08,19.558,0
2024-11-09 02:00,7.8,0.69,1,0.0375,0.08,19.471,0
2024-11-09 02:30,7.8,0.6,1,0.0375,0.08,19.384,0
2024-11-09 03:00,7.8,0.5,1,0.0375,0.08,19.298,0
2024-11-09 03:30,7.8,0.61,1,0.0375,0.08,19.212,0
2024-11-09 04:00,7.8,0.72,1,0.0375,0.08,19.128,0
2024-11-09 04:30,7.8,0.61,1,0.0375,0.08,19.043,0
2024-11-09 05:00,7.8,0.5,1,0.0375,0.08,18.96,0
2024-11-09 05:30,7.8,0.4,1,0.0375,0.08,18.877,0
2024-11-09 06:00,7.8,0.31,1,0.0375,0.08,18.795,0
2024-11-09 06:30,7.75,0.58,1,0.0375,0.08,18.713,0
2024-11-09 07:00,7.7,0.86,1,0.0375,12.08,19.345,1
2024-11-09 07:30,7.75,1.14,1,0.0375,12.08,19.972,1
2024-11-09 08:00,7.8,1.42,1,0.870833,1.13078,20.0,1
2024-11-09 08:30,7.9,1.51,1,0.995833,0.08,19.974,0
2024-11-09 09:00,8.0,1.61,1,0.870833,0.08,19.941,0
2024-11-09 09:30,8.1,1.39,1,0.0375,0.08,19.852,0
2024-11-09 10:00,8.2,1.17,1,0.0375,0.08,19.766,0
2024-11-09 10:30,8.35,0.79,1,1.1,0.08,19.752,0
2024-11-09 11:00,8.5,0.42,1,2.025,0.08,19.801,0
2024-11-09 11:30,8.6,0.38,1,0.0375,0.08,19.718,0
2024-11-09 12:00,8.7,0.33,1,0.0375,0.08,19.636,0
2024-11-09 12:30,8.8,0.64,1,0.0375,0.08,19.556,0
2024-11-09 13:00,8.9,0.94,1,0.0375,0.08,19.477,0
2024-11-09 13:30,9.05,1.31,1,0.0375,0.08,19.399,0
2024-11-09 14:00,9.2,1.67,1,0.0375,0.08,19.324,0
2024-11-09 14:30,9.05,1.93,1,0.0375,0.08,19.248,0
2024-11-09 15:00,8.9,2.19,1,1.4125,0.08,19.263,0
2024-11-09 15:30,8.8,2.1,1,0.0375,0.08,19.185,0
2024-11-09 16:00,8.7,2.0,1,0.0375,0.08,19.107,0
2024-11-09 16:30,8.5,1.76,1,0.2875,0.08,19.045,0
2024-11-09 17:00,8.3,1.53,1,0.0375,0.08,18.966,0
2024-11-09 17:30,8.1,1.25,1,0.1625,12.08,19.607,1
2024-11-09 18:00,7.9,0.97,1,0.0375,8.144296,20.0,1
2024-11-09 18:30,7.9,0.89,1,0.975,0.541261,20.0,1
2024-11-09 19:00,7.9,0.81,1,2.025,0.08,20.043,0
2024-11-09 19:30,7.75,0.96,1,0.0375,0.900916,20.0,1
2024-11-09 20:00,7.6,1.11,1,0.0375,1.63323,20.0,1
2024-11-09 20:30,7.55,1.31,1,0.0375,1.639662,20.0,1
2024-11-09 21:00,7.5,1.5,1,0.0375,1.646095,20.0,1
2024-11-09 21:30,7.5,1.53,1,1.2875,0.241601,20.0,1
2024-11-09 22:00,7.5,1.56,1,0.0375,1.646095,20.0,1
2024-11-09 22:30,7.25,1.32,1,0.0375,1.67826,20.0,1
2024-11-09 23:00,7.0,1.08,1,0.0375,0.08,19.903,0
2024-11-09 23:30,6.45,1.08,1,0.0375,0.08,19.803,0
2024-11-10 00:00,5.9,1.08,1,0.0375,0.08,19.699,0
2024-11-10 00:30,5.6,1.14,1,0.0375,0.08,19.593,0
2024-11-10 01:00,5.3,1.19,1,0.0375,0.08,19.486,0
2024-11-10 01:30,4.75,1.18,1,0.0375,0.08,19.376,0
2024-11-10 02:00,4.2,1.17,1,0.0375,0.08,19.262,0
2024-11-10 02:30,3.55,1.1,1,0.0375,0.08,19.145,0
2024-11-10 03:00,2.9,1.03,1,0.0375,0.08,19.023,0
2024-11-10 03:30,2.6,0.88,1,0.0375,0.08,18.9,0
2024-11-10 04:00,2.3,0.72,1,0.0375,0.08,18.775,0
2024-11-10 04:30,2.45,0.54,1,0.0375,0.08,18.653,0
2024-11-10 05:00,2.6,0.36,1,0.0375,0.08,18.532,0
2024-11-10 05:30,2.85,0.38,1,0.0375,0.08,18.415,0
2024-11-10 06:00,3.1,0.39,1,0.0375,0.08,18.3,0
2024-11-10 06:30,4.05,0.74,1,0.0375,0.08,18.193,0
2024-11-10 07:00,5.0,1.08,1,0.0375,12.08,18.809,1
2024-11-10 07:30,5.05,1.07,1,0.0375,12.08,19.42,1
2024-11-10 08:00,5.1,1.06,1,0.975,10.576715,20.0,1
2024-11-10 08:30,5.95,1.42,1,2.225,0.08,20.041,0
2024-11-10 09:00,6.8,1.78,1,1.0875,0.08,20.013,0
2024-11-10 09:30,7.45,1.6,1,1.2875,0.08,20.002,0
2024-11-10 10:00,8.1,1.42,1,0.0375,0.08,19.914,0
2024-11-10 10:30,8.75,1.57,1,1.1,0.08,19.902,0
2024-11-10 11:00,9.4,1.72,1,1.1,0.08,19.895,0
2024-11-10 11:30,9.8,1.58,1,0.0375,0.08,19.82,0
2024-11-10 12:00,10.2,1.44,1,0.1625,0.08,19.758,0
2024-11-10 12:30,11.25,1.47,1,0.0375,0.08,19.695,0
2024-11-10 13:00,12.3,1.5,1,0.0375,0.08,19.641,0
2024-11-10 13:30,12.6,1.96,1,0.0375,0.08,19.589,0
2024-11-10 14:00,12.9,2.42,1,0.0375,0.08,19.541,0
2024-11-10 14:30,12.75,2.43,1,0.0375,0.08,19.491,0
2024-11-10 15:00,12.6,2.44,1,1.3375,0.08,19.528,0
2024-11-10 15:30,12.5,2.53,1,1.3375,0.08,19.564,0
2024-11-10 16:00,12.4,2.61,1,0.0375,0.08,19.511,0
2024-11-10 16:30,12.4,2.78,1,0.0375,0.08,19.459,0
2024-11-10 17:00,12.4,2.94,1,0.1625,0.08,19.416,0
2024-11-10 17:30,12.35,3.08,1,0.0375,10.761251,20.0,1
2024-11-10 18:00,12.3,3.22,1,1.2125,0.08,20.022,0
2024-11-10 18:30,12.3,3.22,1,0.0375,0.65969,20.0,1
2024-11-10 19:00,12.3,3.22,1,0.870833,0.092205,20.0,1
2024-11-10 19:30,11.9,3.29,1,0.870833,0.143669,20.0,1
2024-11-10 20:00,11.5,3.36,1,0.870833,0.195132,20.0,1
2024-11-10 20:30,10.65,3.4,1,0.1625,1.100372,20.0,1
2024-11-10 21:00,9.8,3.44,1,1.2875,0.08,20.008,0
2024-11-10 21:30,9.3,3.58,1,0.0375,1.281225,20.0,1
2024-11-10 22:00,8.8,3.72,1,0.0375,1.478839,20.0,1
2024-11-10 22:30,8.6,3.99,1,0.0375,1.504571,20.0,1
2024-11-10 23:00,8.4,4.25,1,0.0375,0.08,19.914,0
2024-11-10 23:30,8.5,4.33,1,0.0375,0.08,19.829,0
2024-11-11 00:00,8.6,4.42,1,0.0375,0.08,19.745,0
2024-11-11 00:30,8.75,5.06,1,0.0375,0.08,19.664,0
2024-11-11 01:00,8.9,5.69,1,0.0375,0.08,19.584,0
2024-11-11 01:30,8.55,5.49,1,0.0375,0.08,19.502,0
2024-11-11 02:00,8.2,5.28,1,0.0375,0.08,19.418,0
2024-11-11 02:30,7.9,5.0,1,0.0375,0.08,19.332,0
2024-11-11 03:00,7.6,4.72,1,0.0375,0.08,19.245,0
2024-11-11 03:30,7.4,4.49,1,0.0375,0.08,19.157,0
2024-11-11 04:00,7.2,4.25,1,0.0375,0.08,19.068,0
2024-11-11 04:30,7.1,4.1,1,0.0375,0.08,18.979,0
2024-11-11 05:00,7.0,3.94,1,0.0375,0.08,18.89,0
2024-11-11 05:30,6.9,3.78,1,0.0375,0.08,18.8,0
2024-11-11 06:00,6.8,3.61,1,0.0375,0.08,18.711,0
2024-11-11 06:30,6.6,3.58,1,0.0375,0.08,18.621,0
2024-11-11 07:00,6.4,3.56,1,0.1625,12.08,19.252,1
2024-11-11 07:30,6.3,3.49,1,0.0375,12.08,19.869,1
2024-11-11 08:00,6.2,3.42,1,0.1625,3.853912,20.0,1
2024-11-11 08:30,6.8,3.43,0,0.0375,0.08,19.901,0
2024-11-11 09:00,7.4,3.44,0,0.0375,0.08,19.808,0
2024-11-11 09:30,8.1,3.28,0,0.0375,0.08,19.721,0
2024-11-11 10:00,8.8,3.11,0,0.0375,0.08,19.64,0
2024-11-11 10:30,9.45,3.11,0,0.0375,0.08,19.565,0
2024-11-11 11:00,10.1,3.11,0,0.0375,0.08,19.495,0
2024-11-11 11:30,10.5,3.14,0,0.0375,0.08,19.428,0
2024-11-11 12:00,10.9,3.17,0,0.0375,0.08,19.366,0
2024-11-11 12:30,10.95,3.14,0,0.0375,0.08,19.304,0
2024-11-11 13:00,11.0,3.11,0,0.0375,0.08,19.243,0
2024-11-11 13:30,11.0,3.17,0,0.0375,0.08,19.182,0
2024-11-11 14:00,11.0,3.22,0,0.0375,0.08,19.122,0
2024-11-11 14:30,10.7,2.82,0,0.0375,0.08,19.06,0
2024-11-11 15:00,10.4,2.42,0,0.0375,0.08,18.996,0
2024-11-11 15:30,9.3,2.29,0,0.0375,0.08,18.924,0
2024-11-11 16:00,8.2,2.17,0,0.0375,0.08,18.845,0
2024-11-11 16:30,7.55,2.31,0,0.0375,0.08,18.761,0
2024-11-11 17:00,6.9,2.44,0,0.0375,0.08,18.673,0
2024-11-11 17:30,6.6,2.71,1,1.0875,12.08,19.367,1
2024-11-11 18:00,6.3,2.97,1,0.0375,12.08,19.983,1
2024-11-11 18:30,6.05,2.83,1,1.5375,0.42687,20.0,1
2024-11-11 19:00,5.8,2.69,1,1.2875,0.46032,20.0,1
2024-11-11 19:30,5.55,2.72,1,1.2125,0.576755,20.0,1
2024-11-11 20:00,5.3,2.75,1,0.0375,1.929144,20.0,1
2024-11-11 20:30,5.15,2.72,1,0.0375,1.948443,20.0,1
2024-11-11 21:00,5.0,2.69,1,0.0375,1.967741,20.0,1
2024-11-11 21:30,4.85,2.71,1,0.0375,1.98704,20.0,1
2024-11-11 22:00,4.7,2.72,1,2.120833,0.08,20.025,0
2024-11-11 22:30,4.65,2.82,1,1.933333,0.08,20.036,0
2024-11-11 23:00,4.6,2.92,1,1.808333,0.08,20.039,0
2024-11-11 23:30,4.55,2.89,1,0.0375,0.08,19.923,0
2024-11-12 00:00,4.5,2.86,1,1.2875,0.08,19.891,0
2024-11-12 00:30,4.5,2.85,1,0.0375,0.08,19.776,0
2024-11-12 01:00,4.5,2.83,1,0.0375,0.08,19.661,0
2024-11-12 01:30,4.55,2.9,1,0.0375,0.08,19.548,0
2024-11-12 02:00,4.6,2.97,1,1.2875,0.08,19.52,0
2024-11-12 02:30,4.6,3.04,1,0.0375,0.08,19.408,0
2024-11-12 03:00,4.6,3.11,1,0.0375,0.08,19.297,0
2024-11-12 03:30,4.65,3.14,1,0.0375,0.08,19.188,0
2024-11-12 04:00,4.7,3.17,1,0.0375,0.08,19.079,0
2024-11-12 04:30,4.7,3.18,1,0.0375,0.08,18.972,0
2024-11-12 05:00,4.7,3.19,1,0.0375,0.08,18.865,0
2024-11-12 05:30,4.7,3.29,1,0.0375,0.08,18.759,0
2024-11-12 06:00,4.7,3.39,1,0.0375,0.08,18.654,0
2024-11-12 06:30,4.9,3.33,1,0.0375,0.08,18.551,0
2024-11-12 07:00,5.1,3.28,1,0.870833,12.08,19.22,1
2024-11-12 07:30,5.25,3.21,1,2.170833,12.08,19.972,1
2024-11-12 08:00,5.4,3.14,1,2.170833,0.08,20.006,0
2024-11-12 08:30,6.05,3.35,0,0.0375,0.08,19.902,0
2024-11-12 09:00,6.7,3.56,0,0.0375,0.08,19.803,0
2024-11-12 09:30,7.05,3.47,0,0.0375,0.08,19.708,0
2024-11-12 10:00,7.4,3.39,0,0.0375,0.08,19.616,0
2024-11-12 10:30,8.15,3.47,0,0.0375,0.08,19.531,0
2024-11-12 11:00,8.9,3.56,0,0.0375,0.08,19.452,0
2024-11-12 11:30,9.35,3.49,0,0.0375,0.08,19.377,0
2024-11-12 12:00,9.8,3.42,0,0.0375,0.08,19.307,0
2024-11-12 12:30,9.75,2.93,0,0.0375,0.08,19.236,0
2024-11-12 13:00,9.7,2.44,0,0.0375,0.08,19.165,0
2024-11-12 13:30,9.8,2.43,0,0.0375,0.08,19.096,0
2024-11-12 14:00,9.9,2.42,0,0.0375,0.08,19.028,0
2024-11-12 14:30,9.75,2.39,0,0.0375,0.08,18.96,0
2024-11-12 15:00,9.6,2.36,0,0.0375,0.08,18.891,0
2024-11-12 15:30,9.15,2.17,0,0.0375,0.08,18.819,0
2024-11-12 16:00,8.7,1.97,0,0.0375,0.08,18.744,0
2024-11-12 16:30,8.4,2.0,0,0.0375,0.08,18.667,0
2024-11-12 17:00,8.1,2.03,0,0.0375,0.08,18.589,0
2024-11-12 17:30,7.8,2.04,1,0.0375,12.08,19.222,1
2024-11-12 18:00,7.5,2.06,1,0.2875,12.08,19.866,1
2024-11-12 18:30,7.55,1.99,1,2.225,1.418941,20.0,1
2024-11-12 19:00,7.6,1.92,1,0.975,0.579859,20.0,1
2024-11-12 19:30,7.5,1.74,1,0.1625,1.505646,20.0,1
2024-11-12 20:00,7.4,1.56,1,0.1625,1.518512,20.0,1
2024-11-12 20:30,7.3,1.58,1,0.0375,1.671827,20.0,1
2024-11-12 21:00,7.2,1.61,1,0.0375,1.684693,20.0,1
2024-11-12 21:30,7.0,1.5,1,2.2625,0.08,20.052,0
2024-11-12 22:00,6.8,1.39,1,0.0375,0.873237,20.0,1
2024-11-12 22:30,6.15,1.36,1,0.1625,1.679335,20.0,1
2024-11-12 23:00,5.5,1.33,1,0.0375,0.08,19.892,0
2024-11-12 23:30,5.3,1.33,1,0.0375,0.08,19.782,0
2024-11-13 00:00,5.1,1.33,1,0.0375,0.08,19.672,0
2024-11-13 00:30,4.9,1.51,1,0.0375,0.08,19.562,0
2024-11-13 01:00,4.7,1.69,1,0.0375,0.08,19.451,0
2024-11-13 01:30,4.75,1.75,1,0.0375,0.08,19.341,0
2024-11-13 02:00,4.8,1.81,1,0.0375,0.08,19.232,0
2024-11-13 02:30,4.75,1.86,1,0.0375,0.08,19.124,0
2024-11-13 03:00,4.7,1.92,1,0.0375,0.08,19.016,0
2024-11-13 03:30,4.6,1.97,1,0.0375,0.08,18.908,0
2024-11-13 04:00,4.5,2.03,1,2.5375,0.08,18.967,0
2024-11-13 04:30,4.55,2.11,1,0.0375,0.08,18.859,0
2024-11-13 05:00,4.6,2.19,1,0.0375,0.08,18.753,0
2024-11-13 05:30,4.7,2.42,1,0.0375,0.08,18.648,0
2024-11-13 06:00,4.8,2.64,1,0.0375,0.08,18.544,0
2024-11-13 06:30,4.7,2.43,1,0.0375,0.08,18.441,0
2024-11-13 07:00,4.6,2.22,1,0.0375,12.08,19.051,1
2024-11-13 07:30,4.6,2.17,1,0.975,12.08,19.72,1
2024-11-13 08:00,4.6,2.11,1,0.975,5.643188,20.0,1
2024-11-13 08:30,5.45,2.46,0,0.0375,0.08,19.891,0
2024-11-13 09:00,6.3,2.81,0,0.0375,0.08,19.79,0
2024-11-13 09:30,7.0,2.58,0,0.0375,0.08,19.694,0
2024-11-13 10:00,7.7,2.36,0,0.0375,0.08,19.605,0
2024-11-13 10:30,8.3,2.35,0,0.0375,0.08,19.521,0
2024-11-13 11:00,8.9,2.33,0,0.0375,0.08,19.442,0
2024-11-13 11:30,9.35,2.44,0,0.0375,0.08,19.367,0
2024-11-13 12:00,9.8,2.56,0,0.0375,0.08,19.297,0
2024-11-13 12:30,10.25,2.94,0,0.0375,0.08,19.23,0
2024-11-13 13:00,10.7,3.33,0,0.0375,0.08,19.167,0
2024-11-13 13:30,10.7,3.46,0,0.0375,0.08,19.105,0
2024-11-13 14:00,10.7,3.58,0,0.0375,0.08,19.043,0
2024-11-13 14:30,10.4,3.71,0,0.0375,0.08,18.979,0
2024-11-13 15:00,10.1,3.83,0,0.0375,0.08,18.914,0
2024-11-13 15:30,9.75,3.81,0,0.0375,0.08,18.846,0
2024-11-13 16:00,9.4,3.78,0,0.0375,0.08,18.776,0
2024-11-13 16:30,9.4,3.89,0,0.0375,0.08,18.707,0
2024-11-13 17:00,9.4,4.0,0,0.0375,0.08,18.638,0
2024-11-13 17:30,9.3,3.78,1,0.2875,12.08,19.3,1
2024-11-13 18:00,9.2,3.56,1,0.1625,12.08,19.948,1
2024-11-13 18:30,9.35,3.57,1,1.4125,0.737499,20.0,1
2024-11-13 19:00,9.5,3.58,1,2.170833,0.08,20.065,0
2024-11-13 19:30,9.7,3.61,1,0.870833,0.08,20.044,0
2024-11-13 20:00,9.9,3.64,1,1.920833,0.08,20.094,0
2024-11-13 20:30,10.05,3.53,1,0.0375,0.08,20.02,0
2024-11-13 21:00,10.2,3.42,1,0.0375,0.965093,20.0,1
2024-11-13 21:30,10.35,3.38,1,0.0375,1.279419,20.0,1
2024-11-13 22:00,10.5,3.33,1,0.0375,1.26012,20.0,1
2024-11-13 22:30,10.55,3.26,1,0.0375,1.253687,20.0,1
2024-11-13 23:00,10.6,3.19,1,0.0375,0.08,19.931,0
2024-11-13 23:30,10.5,2.96,1,0.0375,0.08,19.861,0
2024-11-14 00:00,10.4,2.72,1,0.0375,0.08,19.791,0
2024-11-14 00:30,10.45,2.62,1,0.0375,0.08,19.722,0
2024-11-14 01:00,10.5,2.53,1,1.2875,0.08,19.737,0
2024-11-14 01:30,10.55,2.57,1,0.0375,0.08,19.67,0
2024-11-14 02:00,10.6,2.61,1,0.0375,0.08,19.603,0
2024-11-14 02:30,10.65,2.57,1,0.0375,0.08,19.537,0
2024-11-14 03:00,10.7,2.53,1,0.0375,0.08,19.472,0
2024-11-14 03:30,10.6,2.46,1,0.0375,0.08,19.406,0
2024-11-14 04:00,10.5,2.39,1,0.0375,0.08,19.341,0
2024-11-14 04:30,10.4,2.22,1,0.0375,0.08,19.275,0
2024-11-14 05:00,10.3,2.06,1,1.2875,0.08,19.292,0
2024-11-14 05:30,10.25,2.14,1,0.0375,0.08,19.225,0
2024-11-14 06:00,10.2,2.22,1,1.2875,0.08,19.242,0
2024-11-14 06:30,9.9,1.96,1,0.0375,0.08,19.173,0
2024-11-14 07:00,9.6,1.69,1,0.975,12.08,19.879,1
2024-11-14 07:30,8.85,1.67,1,1.933333,1.35978,20.0,1
2024-11-14 08:00,8.1,1.64,1,0.995833,0.492121,20.0,1
2024-11-14 08:30,8.4,1.93,0,0.870833,0.08,19.969,0
2024-11-14 09:00,8.7,2.22,0,0.0375,0.08,19.886,0
2024-11-14 09:30,9.1,2.12,0,0.0375,0.08,19.806,0
2024-11-14 10:00,9.5,2.03,0,0.0375,0.08,19.729,0
2024-11-14 10:30,9.9,2.12,0,0.0375,0.08,19.657,0
2024-11-14 11:00,10.3,2.22,0,0.0375,0.08,19.587,0
2024-11-14 11:30,10.55,2.26,0,0.0375,0.08,19.521,0
2024-11-14 12:00,10.8,2.31,0,0.0375,0.08,19.457,0
2024-11-14 12:30,10.9,1.97,0,0.0375,0.08,19.394,0
2024-11-14 13:00,11.0,1.64,0,0.0375,0.08,19.332,0
2024-11-14 13:30,10.9,1.69,0,0.0375,0.08,19.27,0
2024-11-14 14:00,10.8,1.75,0,0.0375,0.08,19.207,0
2024-11-14 14:30,10.5,1.22,0,0.0375,0.08,19.143,0
2024-11-14 15:00,10.2,0.69,0,0.0375,0.08,19.077,0
2024-11-14 15:30,9.65,0.47,0,0.0375,0.08,19.008,0
2024-11-14 16:00,9.1,0.25,0,0.0375,0.08,18.934,0
2024-11-14 16:30,8.55,0.28,0,0.0375,0.08,18.857,0
2024-11-14 17:00,8.0,0.31,0,0.0375,0.08,18.777,0
2024-11-14 17:30,7.3,0.39,1,0.1625,12.08,19.414,1
2024-11-14 18:00,6.6,0.47,1,0.0375,11.541503,20.0,1
2024-11-14 18:30,5.95,0.67,1,0.1625,1.705067,20.0,1
2024-11-14 19:00,5.3,0.86,1,0.0375,1.929144,20.0,1
2024-11-14 19:30,4.75,0.97,1,0.0375,1.999906,20.0,1
2024-11-14 20:00,4.2,1.08,1,0.0375,2.070668,20.0,1
2024-11-14 20:30,3.95,1.26,1,2.5125,0.08,20.045,0
2024-11-14 21:00,3.7,1.44,1,2.3875,0.08,20.08,0
2024-11-14 21:30,3.45,1.49,1,0.0375,0.839685,20.0,1
2024-11-14 22:00,3.2,1.53,1,0.1625,2.058877,20.0,1
2024-11-14 22:30,3.05,1.42,1,0.0375,2.218625,20.0,1
2024-11-14 23:00,2.9,1.31,1,0.0375,0.08,19.872,0
2024-11-14 23:30,2.65,1.24,1,0.0375,0.08,19.742,0
2024-11-15 00:00,2.4,1.17,1,0.0375,0.08,19.612,0
2024-11-15 00:30,2.25,1.28,1,1.2875,0.08,19.565,0
2024-11-15 01:00,2.1,1.39,1,0.0375,0.08,19.434,0
2024-11-15 01:30,2.4,1.47,1,0.0375,0.08,19.306,0
2024-11-15 02:00,2.7,1.56,1,0.0375,0.08,19.182,0
2024-11-15 02:30,3.2,1.58,1,0.0375,0.08,19.062,0
2024-11-15 03:00,3.7,1.61,1,0.0375,0.08,18.947,0
2024-11-15 03:30,4.05,1.74,1,0.0375,0.08,18.835,0
2024-11-15 04:00,4.4,1.86,1,0.0375,0.08,18.727,0
2024-11-15 04:30,4.75,1.89,1,0.0375,0.08,18.623,0
2024-11-15 05:00,5.1,1.92,1,0.0375,0.08,18.522,0
2024-11-15 05:30,5.15,1.85,1,0.0375,0.08,18.422,0
2024-11-15 06:00,5.2,1.78,1,0.0375,0.08,18.323,0
2024-11-15 06:30,5.25,1.83,1,0.0375,0.08,18.226,0
2024-11-15 07:00,5.3,1.89,1,2.4625,12.08,19.005,1
2024-11-15 07:30,5.55,2.01,1,0.0375,12.08,19.619,1
2024-11-15 08:00,5.8,2.14,1,1.0875,7.046338,20.0,1
2024-11-15 08:30,6.2,2.21,0,0.0375,0.08,19.897,0
2024-11-15 09:00,6.6,2.28,0,0.0375,0.08,19.798,0
2024-11-15 09:30,7.35,2.17,0,0.0375,0.08,19.705,0
2024-11-15 10:00,8.1,2.06,0,0.0375,0.08,19.619,0
2024-11-15 10:30,8.9,1.97,0,0.0375,0.08,19.539,0
2024-11-15 11:00,9.7,1.89,0,0.0375,0.08,19.466,0
2024-11-15 11:30,10.25,1.83,0,0.0375,0.08,19.398,0
2024-11-15 12:00,10.8,1.78,0,0.0375,0.08,19.335,0
2024-11-15 12:30,11.1,2.26,0,0.0375,0.08,19.274,0
2024-11-15 13:00,11.4,2.75,0,0.0375,0.08,19.217,0
2024-11-15 13:30,11.35,2.67,0,0.0375,0.08,19.159,0
2024-11-15 14:00,11.3,2.58,0,0.0375,0.08,19.101,0
2024-11-15 14:30,11.15,2.6,0,0.0375,0.08,19.043,0
2024-11-15 15:00,11.0,2.61,0,0.0375,0.08,18.984,0
2024-11-15 15:30,10.85,2.78,0,0.0375,0.08,18.924,0
2024-11-15 16:00,10.7,2.94,0,0.0375,0.08,18.864,0
2024-11-15 16:30,10.55,2.89,0,0.0375,0.08,18.802,0
2024-11-15 17:00,10.4,2.83,0,0.0375,0.08,18.741,0
2024-11-15 17:30,9.5,2.38,1,0.995833,12.08,19.45,1
2024-11-15 18:00,8.6,1.92,1,0.870833,9.735531,20.0,1
2024-11-15 18:30,8.9,2.46,1,0.870833,0.529644,20.0,1
2024-11-15 19:00,9.2,3.0,1,0.0375,1.427376,20.0,1
2024-11-15 19:30,9.15,3.19,1,0.0375,1.433809,20.0,1
2024-11-15 20:00,9.1,3.39,1,0.0375,1.440242,20.0,1
2024-11-15 20:30,9.05,3.51,1,1.4125,0.08,20.011,0
2024-11-15 21:00,9.0,3.64,1,0.0375,1.276203,20.0,1
2024-11-15 21:30,8.95,3.29,1,0.1625,1.319091,20.0,1
2024-11-15 22:00,8.9,2.94,1,0.2875,1.185075,20.0,1
2024-11-15 22:30,9.4,3.12,1,0.975,0.348274,20.0,1
2024-11-15 23:00,9.9,3.31,1,0.975,0.08,19.988,0
2024-11-15 23:30,10.0,3.24,1,0.0375,0.08,19.914,0
2024-11-16 00:00,10.1,3.17,1,0.0375,0.08,19.841,0
2024-11-16 00:30,10.4,3.69,1,0.0375,0.08,19.772,0
2024-11-16 01:00,10.7,4.22,1,1.2875,0.08,19.788,0
2024-11-16 01:30,10.8,4.42,1,0.0375,0.08,19.722,0
2024-11-16 02:00,10.9,4.61,1,0.0375,0.08,19.657,0
2024-11-16 02:30,10.95,4.53,1,0.0375,0.08,19.593,0
2024-11-16 03:00,11.0,4.44,1,0.0375,0.08,19.529,0
2024-11-16 03:30,11.05,4.49,1,0.0375,0.08,19.467,0
2024-11-16 04:00,11.1,4.53,1,0.0375,0.08,19.406,0
2024-11-16 04:30,11.15,4.6,1,0.0375,0.08,19.345,0
2024-11-16 05:00,11.2,4.67,1,0.0375,0.08,19.285,0
2024-11-16 05:30,11.1,4.54,1,0.0375,0.08,19.225,0
2024-11-16 06:00,11.0,4.42,1,0.0375,0.08,19.164,0
2024-11-16 06:30,11.0,4.31,1,0.0375,0.08,19.104,0
2024-11-16 07:00,11.0,4.19,1,0.0375,12.08,19.759,1
2024-11-16 07:30,11.2,4.11,1,0.0375,5.192888,20.0,1
2024-11-16 08:00,11.4,4.03,1,0.0375,1.144328,20.0,1
2024-11-16 08:30,11.45,3.86,1,1.2875,0.08,20.021,0
2024-11-16 09:00,11.5,3.69,1,0.0375,0.08,19.958,0
2024-11-16 09:30,11.45,3.53,1,0.0375,0.08,19.895,0
2024-11-16 10:00,11.4,3.36,1,0.0375,0.08,19.833,0
2024-11-16 10:30,11.2,3.46,1,0.1625,0.08,19.778,0
2024-11-16 11:00,11.0,3.56,1,0.0375,0.08,19.713,0
2024-11-16 11:30,10.95,3.49,1,0.0375,0.08,19.648,0
2024-11-16 12:00,10.9,3.42,1,0.2875,0.08,19.601,0
2024-11-16 12:30,10.9,3.76,1,0.0375,0.08,19.536,0
2024-11-16 13:00,10.9,4.11,1,2.025,0.08,19.606,0
2024-11-16 13:30,10.6,4.15,1,1.1,0.08,19.61,0
2024-11-16 14:00,10.3,4.19,1,0.0375,0.08,19.542,0
2024-11-16 14:30,10.2,3.9,1,0.0375,0.08,19.473,0
2024-11-16 15:00,10.1,3.61,1,0.0375,0.08,19.403,0
2024-11-16 15:30,9.6,3.74,1,0.0375,0.08,19.331,0
2024-11-16 16:00,9.1,3.86,1,0.0375,0.08,19.255,0
2024-11-16 16:30,8.6,3.97,1,0.0375,0.08,19.176,0
2024-11-16 17:00,8.1,4.08,1,0.975,0.08,19.156,0
2024-11-16 17:30,8.25,4.36,1,2.225,12.08,19.936,1
2024-11-16 18:00,8.4,4.64,1,0.0375,2.60569,20.0,1
2024-11-16 18:30,8.25,4.53,1,1.0875,0.369826,20.0,1
2024-11-16 19:00,8.1,4.42,1,0.1625,1.428451,20.0,1
2024-11-16 19:30,8.05,4.32,1,1.3375,0.114659,20.0,1
2024-11-16 20:00,8.0,4.22,1,1.3375,0.121092,20.0,1
2024-11-16 20:30,7.55,4.12,1,0.0375,1.639662,20.0,1
2024-11-16 21:00,7.1,4.03,1,0.0375,1.697559,20.0,1
2024-11-16 21:30,7.3,4.21,1,0.1625,1.531378,20.0,1
2024-11-16 22:00,7.5,4.39,1,0.0375,1.646095,20.0,1
2024-11-16 22:30,7.25,4.39,1,0.0375,1.67826,20.0,1
2024-11-16 23:00,7.0,4.39,1,0.0375,0.08,19.903,0
2024-11-16 23:30,6.75,4.5,1,0.0375,0.08,19.805,0
2024-11-17 00:00,6.5,4.61,1,0.0375,0.08,19.706,0
2024-11-17 00:30,6.2,4.24,1,0.0375,0.08,19.605,0
2024-11-17 01:00,5.9,3.86,1,1.2875,0.08,19.586,0
2024-11-17 01:30,5.65,3.65,1,0.0375,0.08,19.482,0
2024-11-17 02:00,5.4,3.44,1,0.0375,0.08,19.376,0
2024-11-17 02:30,5.3,3.57,1,0.0375,0.08,19.271,0
2024-11-17 03:00,5.2,3.69,1,0.0375,0.08,19.166,0
2024-11-17 03:30,5.2,3.83,1,0.0375,0.08,19.062,0
2024-11-17 04:00,5.2,3.97,1,0.0375,0.08,18.958,0
2024-11-17 04:30,5.05,4.14,1,0.0375,0.08,18.854,0
2024-11-17 05:00,4.9,4.31,1,0.0375,0.08,18.75,0
2024-11-17 05:30,4.8,4.24,1,0.0375,0.08,18.645,0
2024-11-17 06:00,4.7,4.17,1,0.0375,0.08,18.541,0
2024-11-17 06:30,4.5,3.97,1,0.0375,0.08,18.436,0
2024-11-17 07:00,4.3,3.78,1,0.0375,12.08,19.044,1
2024-11-17 07:30,4.2,3.76,1,0.0375,12.08,19.647,1
2024-11-17 08:00,4.1,3.75,1,0.1625,7.827257,20.0,1
2024-11-17 08:30,4.6,4.01,1,1.1,0.08,19.956,0
2024-11-17 09:00,5.1,4.28,1,0.975,0.08,19.907,0
2024-11-17 09:30,5.8,4.07,1,0.1625,0.08,19.81,0
2024-11-17 10:00,6.5,3.86,1,0.0375,0.08,19.711,0
2024-11-17 10:30,7.05,4.18,1,0.0375,0.08,19.616,0
2024-11-17 11:00,7.6,4.5,1,0.0375,0.08,19.527,0
2024-11-17 11:30,7.9,4.65,1,0.0375,0.08,19.44,0
2024-11-17 12:00,8.2,4.81,1,0.1625,0.08,19.365,0
2024-11-17 12:30,7.7,4.43,1,0.0375,0.08,19.278,0
2024-11-17 13:00,7.2,4.06,1,0.870833,0.08,19.244,0
2024-11-17 13:30,6.35,3.75,1,0.870833,0.08,19.204,0
2024-11-17 14:00,5.5,3.44,1,0.870833,0.08,19.157,0
2024-11-17 14:30,5.7,2.89,1,0.0375,0.08,19.056,0
2024-11-17 15:00,5.9,2.33,1,0.0375,0.08,18.958,0
2024-11-17 15:30,5.8,2.44,1,0.0375,0.08,18.86,0
2024-11-17 16:00,5.7,2.56,1,0.0375,0.08,18.762,0
2024-11-17 16:30,5.7,2.49,1,0.0375,0.08,18.664,0
2024-11-17 17:00,5.7,2.42,1,1.1,0.08,18.639,0
2024-11-17 17:30,5.65,2.62,1,0.975,12.08,19.318,1
2024-11-17 18:00,5.6,2.83,1,1.0875,12.08,20.0,1
2024-11-17 18:30,5.05,2.67,1,0.0375,1.963039,20.0,1
2024-11-17 19:00,4.5,2.5,1,0.0375,2.032071,20.0,1
2024-11-17 19:30,4.3,2.5,1,0.0375,2.057802,20.0,1
2024-11-17 20:00,4.1,2.5,1,1.0875,0.903759,20.0,1
2024-11-17 20:30,4.2,2.38,1,2.6625,0.08,20.057,0
2024-11-17 21:00,4.3,2.25,1,0.0375,1.106371,20.0,1
2024-11-17 21:30,4.05,2.26,1,0.0375,2.089967,20.0,1
2024-11-17 22:00,3.8,2.28,1,0.0375,2.122132,20.0,1
2024-11-17 22:30,3.4,2.19,1,0.0375,2.173595,20.0,1
2024-11-17 23:00,3.0,2.11,1,0.0375,0.08,19.872,0
2024-11-17 23:30,2.7,2.04,1,0.0375,0.08,19.743,0
2024-11-18 00:00,2.4,1.97,1,1.2875,0.08,19.697,0
2024-11-18 00:30,2.2,1.74,1,0.0375,0.08,19.565,0
2024-11-18 01:00,2.0,1.5,1,1.2875,0.08,19.517,0
2024-11-18 01:30,2.1,1.57,1,0.0375,0.08,19.386,0
2024-11-18 02:00,2.2,1.64,1,0.0375,0.08,19.257,0
2024-11-18 02:30,1.7,1.65,1,0.0375,0.08,19.125,0
2024-11-18 03:00,1.2,1.67,1,0.0375,0.08,18.991,0
2024-11-18 03:30,0.5,1.56,1,0.0375,0.08,18.852,0
2024-11-18 04:00,-0.2,1.44,1,0.0375,0.08,18.708,0
2024-11-18 04:30,-0.35,1.43,1,0.0375,0.08,18.565,0
2024-11-18 05:00,-0.5,1.42,1,0.0375,0.08,18.421,0
2024-11-18 05:30,-0.75,1.31,1,0.0375,0.08,18.277,0
2024-11-18 06:00,-1.0,1.19,1,0.0375,0.08,18.132,0
2024-11-18 06:30,-1.35,1.11,1,0.0375,0.08,17.986,0
2024-11-18 07:00,-1.7,1.03,1,0.975,12.08,18.614,1
2024-11-18 07:30,-1.95,1.18,1,2.025,12.08,19.306,1
2024-11-18 08:00,-2.2,1.33,1,0.2875,12.08,19.874,1
2024-11-18 08:30,-1.25,1.67,0,0.0375,0.08,19.715,0
2024-11-18 09:00,-0.3,2.0,0,0.0375,0.08,19.564,0
2024-11-18 09:30,0.55,1.94,0,0.0375,0.08,19.421,0
2024-11-18 10:00,1.4,1.89,0,0.0375,0.08,19.286,0
2024-11-18 10:30,2.15,1.57,0,0.0375,0.08,19.157,0
2024-11-18 11:00,2.9,1.25,0,0.0375,0.08,19.035,0
2024-11-18 11:30,3.25,0.88,0,0.0375,0.08,18.917,0
2024-11-18 12:00,3.6,0.5,0,0.0375,0.08,18.802,0
2024-11-18 12:30,3.6,0.4,0,0.0375,0.08,18.688,0
2024-11-18 13:00,3.6,0.31,0,0.0375,0.08,18.576,0
2024-11-18 13:30,3.65,0.68,0,0.0375,0.08,18.464,0
2024-11-18 14:00,3.7,1.06,0,0.0375,0.08,18.353,0
2024-11-18 14:30,3.55,1.32,0,0.0375,0.08,18.242,0
2024-11-18 15:00,3.4,1.58,0,0.0375,0.08,18.131,0
2024-11-18 15:30,3.05,1.57,0,0.0375,0.08,18.018,0
2024-11-18 16:00,2.7,1.56,0,0.0375,0.08,17.904,0
2024-11-18 16:30,2.65,1.86,0,0.0375,0.08,17.789,0
2024-11-18 17:00,2.6,2.17,0,0.0375,0.08,17.676,0
2024-11-18 17:30,2.3,2.1,1,0.0375,12.08,18.274,1
2024-11-18 18:00,2.0,2.03,1,0.1625,12.08,18.875,1
2024-11-18 18:30,1.7,2.17,1,1.0875,12.08,19.53,1
2024-11-18 19:00,1.4,2.31,1,0.0375,10.274656,20.0,1
2024-11-18 19:30,1.25,2.28,1,0.0375,2.450211,20.0,1
2024-11-18 20:00,1.1,2.25,1,0.0375,2.469509,20.0,1
2024-11-18 20:30,0.95,2.36,1,0.0375,2.488808,20.0,1
2024-11-18 21:00,0.8,2.47,1,0.1625,2.367657,20.0,1
2024-11-18 21:30,0.65,2.78,1,1.1,1.333585,20.0,1
2024-11-18 22:00,0.5,3.08,1,2.35,0.08,20.008,0
2024-11-18 22:30,0.2,2.85,1,1.3375,0.994025,20.0,1
2024-11-18 23:00,-0.1,2.61,1,1.3375,0.08,19.936,0
2024-11-18 23:30,-0.2,2.57,1,0.0375,0.08,19.784,0
2024-11-19 00:00,-0.3,2.53,1,0.0375,0.08,19.633,0
2024-11-19 00:30,-0.35,2.28,1,0.0375,0.08,19.482,0
2024-11-19 01:00,-0.4,2.03,1,0.0375,0.08,19.333,0
2024-11-19 01:30,-0.35,2.42,1,0.0375,0.08,19.184,0
2024-11-19 02:00,-0.3,2.81,1,0.0375,0.08,19.038,0
2024-11-19 02:30,-0.15,2.58,1,0.0375,0.08,18.893,0
2024-11-19 03:00,0.0,2.36,1,0.0375,0.08,18.751,0
2024-11-19 03:30,-0.05,2.33,1,0.0375,0.08,18.61,0
2024-11-19 04:00,-0.1,2.31,1,0.0375,0.08,18.469,0
2024-11-19 04:30,0.0,2.49,1,0.0375,0.08,18.33,0
2024-11-19 05:00,0.1,2.67,1,0.0375,0.08,18.193,0
2024-11-19 05:30,0.15,2.64,1,0.0375,0.08,18.058,0
2024-11-19 06:00,0.2,2.61,1,0.0375,0.08,17.924,0
2024-11-19 06:30,0.25,2.75,1,0.0375,0.08,17.791,0
2024-11-19 07:00,0.3,2.89,1,1.4125,12.08,18.465,1
2024-11-19 07:30,0.35,2.88,1,0.0375,12.08,19.043,1
2024-11-19 08:00,0.4,2.86,1,0.0375,12.08,19.617,1
2024-11-19 08:30,0.65,3.06,0,0.0375,0.08,19.474,0
2024-11-19 09:00,0.9,3.25,0,0.0375,0.08,19.334,0
2024-11-19 09:30,1.3,3.01,0,0.0375,0.08,19.199,0
2024-11-19 10:00,1.7,2.78,0,0.0375,0.08,19.067,0
2024-11-19 10:30,1.9,2.62,0,0.0375,0.08,18.939,0
2024-11-19 11:00,2.1,2.47,0,0.0375,0.08,18.812,0
2024-11-19 11:30,2.75,2.67,0,0.0375,0.08,18.692,0
2024-11-19 12:00,3.4,2.86,0,0.0375,0.08,18.577,0
2024-11-19 12:30,2.9,3.25,0,0.0375,0.08,18.46,0
2024-11-19 13:00,2.4,3.64,0,0.0375,0.08,18.339,0
2024-11-19 13:30,2.45,3.68,0,0.0375,0.08,18.22,0
2024-11-19 14:00,2.5,3.72,0,0.0375,0.08,18.102,0
2024-11-19 14:30,2.3,3.5,0,0.0375,0.08,17.984,0
2024-11-19 15:00,2.1,3.28,0,0.0375,0.08,17.865,0
2024-11-19 15:30,1.55,2.89,0,0.0375,0.08,17.742,0
2024-11-19 16:00,1.0,2.5,0,0.0375,0.08,17.617,0
2024-11-19 16:30,0.75,2.76,0,0.0375,0.08,17.49,0
2024-11-19 17:00,0.5,3.03,0,0.0375,0.08,17.363,0
2024-11-19 17:30,0.3,3.46,1,0.0375,12.08,17.949,1
2024-11-19 18:00,0.1,3.89,1,0.0375,12.08,18.528,1
2024-11-19 18:30,-0.1,4.15,1,0.0375,12.08,19.102,1
2024-11-19 19:00,-0.3,4.42,1,1.1,12.08,19.741,1
2024-11-19 19:30,-0.5,4.58,1,1.35,5.519991,20.0,1
2024-11-19 20:00,-0.7,4.75,1,0.0375,2.701094,20.0,1
2024-11-19 20:30,-0.8,4.86,1,1.4125,1.169016,20.0,1
2024-11-19 21:00,-0.9,4.97,1,1.0875,1.547051,20.0,1
2024-11-19 21:30,-0.9,5.0,1,0.0375,2.726826,20.0,1
2024-11-19 22:00,-0.9,5.03,1,2.3375,0.142556,20.0,1
2024-11-19 22:30,-1.0,4.92,1,0.975,1.686321,20.0,1
2024-11-19 23:00,-1.1,4.81,1,0.975,0.08,19.904,0
2024-11-19 23:30,-1.3,4.49,1,0.0375,0.08,19.744,0
2024-11-20 00:00,-1.5,4.17,1,0.0375,0.08,19.584,0
2024-11-20 00:30,-1.1,4.29,1,1.2875,0.08,19.512,0
2024-11-20 01:00,-0.7,4.42,1,0.0375,0.08,19.359,0
2024-11-20 01:30,-0.7,4.33,1,0.0375,0.08,19.208,0
2024-11-20 02:00,-0.7,4.25,1,0.0375,0.08,19.058,0
2024-11-20 02:30,-0.8,4.18,1,0.0375,0.08,18.909,0
2024-11-20 03:00,-0.9,4.11,1,0.0375,0.08,18.76,0
2024-11-20 03:30,-0.8,4.17,1,1.2875,0.08,18.696,0
2024-11-20 04:00,-0.7,4.22,1,0.0375,0.08,18.55,0
2024-11-20 04:30,-0.7,4.26,1,0.0375,0.08,18.405,0
2024-11-20 05:00,-0.7,4.31,1,0.0375,0.08,18.262,0
2024-11-20 05:30,-0.75,4.22,1,0.0375,0.08,18.119,0
2024-11-20 06:00,-0.8,4.14,1,0.0375,0.08,17.976,0
2024-11-20 06:30,-0.75,4.19,1,0.0375,0.08,17.836,0
2024-11-20 07:00,-0.7,4.25,1,0.0375,12.08,18.41,1
2024-11-20 07:30,-0.55,4.49,1,0.0375,12.08,18.981,1
2024-11-20 08:00,-0.4,4.72,1,0.870833,12.08,19.605,1
2024-11-20 08:30,0.0,4.69,0,0.870833,0.08,19.513,0
2024-11-20 09:00,0.4,4.67,0,0.870833,0.08,19.425,0
2024-11-20 09:30,0.85,4.68,0,0.0375,0.08,19.286,0
2024-11-20 10:00,1.3,4.69,0,0.0375,0.08,19.15,0
2024-11-20 10:30,1.65,4.43,0,0.0375,0.08,19.019,0
2024-11-20 11:00,2.0,4.17,0,0.0375,0.08,18.891,0
2024-11-20 11:30,2.25,4.39,0,0.0375,0.08,18.766,0
2024-11-20 12:00,2.5,4.61,0,0.0375,0.08,18.644,0
2024-11-20 12:30,2.55,5.03,0,0.0375,0.08,18.524,0
2024-11-20 13:00,2.6,5.44,0,0.0375,0.08,18.404,0
2024-11-20 13:30,2.45,5.38,0,0.0375,0.08,18.285,0
2024-11-20 14:00,2.3,5.31,0,0.0375,0.08,18.165,0
2024-11-20 14:30,1.85,4.92,0,0.0375,0.08,18.042,0
2024-11-20 15:00,1.4,4.53,0,0.0375,0.08,17.918,0
2024-11-20 15:30,0.9,4.43,0,0.0375,0.08,17.79,0
2024-11-20 16:00,0.4,4.33,0,0.0375,0.08,17.659,0
2024-11-20 16:30,0.1,4.29,0,0.0375,0.08,17.527,0
2024-11-20 17:00,-0.2,4.25,0,0.0375,0.08,17.394,0
2024-11-20 17:30,-0.45,4.12,1,0.1625,12.08,17.982,1
2024-11-20 18:00,-0.7,4.0,1,0.1625,12.08,18.564,1
2024-11-20 18:30,-0.9,3.69,1,0.0375,12.08,19.131,1
2024-11-20 19:00,-1.1,3.39,1,1.2875,12.08,19.777,1
2024-11-20 19:30,-0.9,3.64,1,0.975,5.399811,20.0,1
2024-11-20 20:00,-0.7,3.89,1,1.1,1.507274,20.0,1
2024-11-20 20:30,-0.5,4.03,1,1.3375,1.214689,20.0,1
2024-11-20 21:00,-0.3,4.17,1,1.0875,1.469856,20.0,1
2024-11-20 21:30,-0.3,4.19,1,0.1625,2.509182,20.0,1
2024-11-20 22:00,-0.3,4.22,1,0.0375,2.649631,20.0,1
2024-11-20 22:30,-0.35,4.18,1,0.0375,2.656064,20.0,1
2024-11-20 23:00,-0.4,4.14,1,0.0375,0.08,19.846,0
2024-11-20 23:30,-0.55,3.92,1,0.0375,0.08,19.693,0
2024-11-21 00:00,-0.7,3.69,1,0.0375,0.08,19.539,0
2024-11-21 00:30,-1.05,3.44,1,0.0375,0.08,19.384,0
2024-11-21 01:00,-1.4,3.19,1,0.0375,0.08,19.228,0
2024-11-21 01:30,-1.5,3.19,1,0.0375,0.08,19.071,0
2024-11-21 02:00,-1.6,3.19,1,0.0375,0.08,18.916,0
2024-11-21 02:30,-1.7,3.18,1,0.0375,0.08,18.76,0
2024-11-21 03:00,-1.8,3.17,1,0.0375,0.08,18.605,0
2024-11-21 03:30,-1.8,3.33,1,0.0375,0.08,18.452,0
2024-11-21 04:00,-1.8,3.5,1,0.0375,0.08,18.299,0
2024-11-21 04:30,-1.7,3.46,1,0.0375,0.08,18.149,0
2024-11-21 05:00,-1.6,3.42,1,0.0375,0.08,18.0,0
2024-11-21 05:30,-1.65,3.31,1,1.2875,0.08,17.936,0
2024-11-21 06:00,-1.7,3.19,1,0.0375,0.08,17.788,0
2024-11-21 06:30,-1.75,2.99,1,0.0375,0.08,17.641,0
2024-11-21 07:00,-1.8,2.78,1,1.4625,12.08,18.304,1
2024-11-21 07:30,-1.85,2.76,1,1.3375,12.08,18.953,1
2024-11-21 08:00,-1.9,2.75,1,0.975,12.08,19.572,1
2024-11-21 08:30,-1.3,2.86,0,0.975,0.08,19.478,0
2024-11-21 09:00,-0.7,2.97,0,0.0375,0.08,19.326,0
2024-11-21 09:30,0.05,2.99,0,0.0375,0.08,19.181,0
2024-11-21 10:00,0.8,3.0,0,0.0375,0.08,19.043,0
2024-11-21 10:30,1.45,2.61,0,0.0375,0.08,18.91,0
2024-11-21 11:00,2.1,2.22,0,0.0375,0.08,18.784,0
2024-11-21 11:30,2.4,2.51,0,0.0375,0.08,18.661,0
2024-11-21 12:00,2.7,2.81,0,0.0375,0.08,18.542,0
2024-11-21 12:30,2.8,3.35,0,0.0375,0.08,18.424,0
2024-11-21 13:00,2.9,3.89,0,0.0375,0.08,18.307,0
2024-11-21 13:30,2.65,4.08,0,0.0375,0.08,18.19,0
2024-11-21 14:00,2.4,4.28,0,0.0375,0.08,18.072,0
2024-11-21 14:30,2.1,4.49,0,0.0375,0.08,17.952,0
2024-11-21 15:00,1.8,4.69,0,0.0375,0.08,17.831,0
2024-11-21 15:30,1.35,4.75,0,0.0375,0.08,17.707,0
2024-11-21 16:00,0.9,4.81,0,0.0375,0.08,17.581,0
2024-11-21 16:30,0.8,4.72,0,0.0375,0.08,17.455,0
2024-11-21 17:00,0.7,4.64,0,0.0375,0.08,17.329,0
2024-11-21 17:30,0.6,4.54,1,0.1625,12.08,17.926,1
2024-11-21 18:00,0.5,4.44,1,1.4125,12.08,18.601,1
2024-11-21 18:30,0.5,4.53,1,0.0375,12.08,19.179,1
2024-11-21 19:00,0.5,4.61,1,0.1625,12.08,19.761,1
2024-11-21 19:30,0.7,4.96,1,1.920833,4.396675,20.0,1
2024-11-21 20:00,0.9,5.31,1,0.870833,1.558911,20.0,1
2024-11-21 20:30,1.25,5.71,1,1.920833,0.334106,20.0,1
2024-11-21 21:00,1.6,6.11,1,0.975,1.351809,20.0,1
2024-11-21 21:30,1.7,6.26,1,0.975,1.338943,20.0,1
2024-11-21 22:00,1.8,6.42,1,0.1625,2.238999,20.0,1
2024-11-21 22:30,1.8,6.33,1,1.4125,0.834505,20.0,1
2024-11-21 23:00,1.8,6.25,1,0.0375,0.08,19.863,0
2024-11-21 23:30,1.8,5.81,1,0.0375,0.08,19.727,0
2024-11-22 00:00,1.8,5.36,1,0.0375,0.08,19.593,0
2024-11-22 00:30,1.65,5.0,1,0.0375,0.08,19.458,0
2024-11-22 01:00,1.5,4.64,1,0.0375,0.08,19.323,0
2024-11-22 01:30,1.6,4.92,1,0.0375,0.08,19.19,0
2024-11-22 02:00,1.7,5.19,1,0.0375,0.08,19.058,0
2024-11-22 02:30,1.4,4.86,1,0.0375,0.08,18.926,0
2024-11-22 03:00,1.1,4.53,1,0.0375,0.08,18.792,0
2024-11-22 03:30,0.9,4.5,1,0.0375,0.08,18.657,0
2024-11-22 04:00,0.7,4.47,1,0.0375,0.08,18.522,0
2024-11-22 04:30,0.65,4.68,1,0.0375,0.08,18.388,0
2024-11-22 05:00,0.6,4.89,1,0.0375,0.08,18.255,0
2024-11-22 05:30,0.65,5.03,1,0.0375,0.08,18.122,0
2024-11-22 06:00,0.7,5.17,1,0.0375,0.08,17.991,0
2024-11-22 06:30,0.55,4.94,1,0.0375,0.08,17.86,0
2024-11-22 07:00,0.4,4.72,1,1.4125,12.08,18.535,1
2024-11-22 07:30,0.35,4.57,1,0.1625,12.08,19.121,1
2024-11-22 08:00,0.3,4.42,1,1.2125,12.08,19.772,1
2024-11-22 08:30,0.7,4.24,0,0.0375,0.08,19.628,0
2024-11-22 09:00,1.1,4.06,0,0.0375,0.08,19.489,0
2024-11-22 09:30,1.7,4.14,0,0.0375,0.08,19.355,0
2024-11-22 10:00,2.3,4.22,0,0.0375,0.08,19.227,0
2024-11-22 10:30,2.85,3.72,0,0.0375,0.08,19.104,0
2024-11-22 11:00,3.4,3.22,0,0.0375,0.08,18.987,0
2024-11-22 11:30,3.8,3.24,0,0.0375,0.08,18.873,0
2024-11-22 12:00,4.2,3.25,0,0.0375,0.08,18.763,0
2024-11-22 12:30,4.45,3.4,0,0.0375,0.08,18.656,0
2024-11-22 13:00,4.7,3.56,0,0.0375,0.08,18.552,0
2024-11-22 13:30,4.3,3.67,0,0.0375,0.08,18.445,0
2024-11-22 14:00,3.9,3.78,0,0.0375,0.08,18.336,0
2024-11-22 14:30,3.35,3.85,0,0.0375,0.08,18.224,0
2024-11-22 15:00,2.8,3.92,0,0.0375,0.08,18.109,0
2024-11-22 15:30,2.1,3.5,0,0.0375,0.08,17.989,0
2024-11-22 16:00,1.4,3.08,0,0.0375,0.08,17.864,0
2024-11-22 16:30,1.15,2.96,0,0.0375,0.08,17.739,0
2024-11-22 17:00,0.9,2.83,0,0.0375,0.08,17.612,0
2024-11-22 17:30,0.85,2.71,1,0.975,12.08,18.263,1
2024-11-22 18:00,0.8,2.58,1,1.225,12.08,18.925,1
2024-11-22 18:30,0.3,2.29,1,0.0375,12.08,19.499,1
2024-11-22 19:00,-0.2,2.0,1,0.975,9.940115,20.0,1
2024-11-22 19:30,-0.15,2.04,1,2.225,0.172467,20.0,1
2024-11-22 20:00,-0.1,2.08,1,0.1625,2.48345,20.0,1
2024-11-22 20:30,-0.1,2.0,1,0.0375,2.623899,20.0,1
2024-11-22 21:00,-0.1,1.92,1,2.3375,0.08,20.002,0
2024-11-22 21:30,-0.05,1.86,1,0.0375,2.577405,20.0,1
2024-11-22 22:00,0.0,1.81,1,0.0375,2.611034,20.0,1
2024-11-22 22:30,-0.25,1.58,1,1.3375,1.182524,20.0,1
2024-11-22 23:00,-0.5,1.36,1,1.3375,0.08,19.932,0
2024-11-22 23:30,-0.6,1.4,1,0.0375,0.08,19.778,0
2024-11-23 00:00,-0.7,1.44,1,0.0375,0.08,19.624,0
2024-11-23 00:30,0.05,1.97,1,0.0375,0.08,19.476,0
2024-11-23 01:00,0.8,2.5,1,0.0375,0.08,19.336,0
2024-11-23 01:30,0.9,2.62,1,0.0375,0.08,19.197,0
2024-11-23 02:00,1.0,2.75,1,0.0375,0.08,19.06,0
2024-11-23 02:30,1.15,3.14,1,0.0375,0.08,18.926,0
2024-11-23 03:00,1.3,3.53,1,0.0375,0.08,18.793,0
2024-11-23 03:30,1.3,3.67,1,0.0375,0.08,18.662,0
2024-11-23 04:00,1.3,3.81,1,1.2875,0.08,18.615,0
2024-11-23 04:30,1.15,3.86,1,0.0375,0.08,18.484,0
2024-11-23 05:00,1.0,3.92,1,0.0375,0.08,18.353,0
2024-11-23 05:30,0.95,4.35,1,0.0375,0.08,18.222,0
2024-11-23 06:00,0.9,4.78,1,1.2875,0.08,18.176,0
2024-11-23 06:30,0.9,5.75,1,0.0375,0.08,18.046,0
2024-11-23 07:00,0.9,6.72,1,1.2875,12.08,18.715,1
2024-11-23 07:30,1.05,7.51,1,0.0375,12.08,19.296,1
2024-11-23 08:00,1.2,8.31,1,0.0375,12.08,19.874,1
2024-11-23 08:30,1.65,8.21,1,0.0375,0.08,19.737,0
2024-11-23 09:00,2.1,8.11,1,0.0375,0.08,19.604,0
2024-11-23 09:30,3.15,8.39,1,0.0375,0.08,19.481,0
2024-11-23 10:00,4.2,8.67,1,0.0375,0.08,19.366,0
2024-11-23 10:30,5.0,8.28,1,0.0375,0.08,19.259,0
2024-11-23 11:00,5.8,7.89,1,0.0375,0.08,19.158,0
2024-11-23 11:30,6.4,7.11,1,0.0375,0.08,19.063,0
2024-11-23 12:00,7.0,6.33,1,0.0375,0.08,18.973,0
2024-11-23 12:30,8.1,8.08,1,0.1625,0.08,18.901,0
2024-11-23 13:00,9.2,9.83,1,0.1625,0.08,18.838,0
2024-11-23 13:30,10.0,10.46,1,0.1625,0.08,18.781,0
2024-11-23 14:00,10.8,11.08,1,0.0375,0.08,18.722,0
2024-11-23 14:30,11.05,10.1,1,0.0375,0.08,18.666,0
2024-11-23 15:00,11.3,9.11,1,0.0375,0.08,18.612,0
2024-11-23 15:30,11.65,8.75,1,0.1625,0.08,18.57,0
2024-11-23 16:00,12.0,8.39,1,0.0375,0.08,18.522,0
2024-11-23 16:30,12.1,7.78,1,0.1625,0.08,18.484,0
2024-11-23 17:00,12.2,7.17,1,0.0375,0.08,18.438,0
2024-11-23 17:30,12.15,7.03,1,1.0875,12.08,19.177,1
2024-11-23 18:00,12.1,6.89,1,0.0375,12.08,19.839,1
2024-11-23 18:30,12.4,6.79,1,1.0875,2.525013,20.0,1
2024-11-23 19:00,12.7,6.69,1,0.0375,0.977072,20.0,1
2024-11-23 19:30,12.95,6.43,1,0.0375,0.944907,20.0,1
2024-11-23 20:00,13.2,6.17,1,0.0375,0.912742,20.0,1
2024-11-23 20:30,13.5,6.9,1,0.0375,0.874145,20.0,1
2024-11-23 21:00,13.8,7.64,1,0.1625,0.695098,20.0,1
2024-11-23 21:30,14.1,7.36,1,0.0375,0.79695,20.0,1
2024-11-23 22:00,14.4,7.08,1,0.975,0.08,20.022,0
2024-11-23 22:30,14.55,7.54,1,0.975,0.08,20.046,0
2024-11-23 23:00,14.7,8.0,1,0.0375,0.08,20.007,0
2024-11-23 23:30,14.8,8.07,1,0.0375,0.08,19.97,0
2024-11-24 00:00,14.9,8.14,1,0.0375,0.08,19.934,0
2024-11-24 00:30,15.05,8.83,1,0.0375,0.08,19.899,0
2024-11-24 01:00,15.2,9.53,1,0.0375,0.08,19.865,0
2024-11-24 01:30,15.25,9.4,1,0.0375,0.08,19.832,0
2024-11-24 02:00,15.3,9.28,1,0.0375,0.08,19.8,0
2024-11-24 02:30,15.2,9.36,1,0.0375,0.08,19.768,0
2024-11-24 03:00,15.1,9.44,1,0.0375,0.08,19.734,0
2024-11-24 03:30,14.7,9.24,1,0.0375,0.08,19.698,0
2024-11-24 04:00,14.3,9.03,1,0.0375,0.08,19.659,0
2024-11-24 04:30,14.4,9.19,1,0.0375,0.08,19.622,0
2024-11-24 05:00,14.5,9.36,1,0.0375,0.08,19.585,0
2024-11-24 05:30,14.6,9.08,1,1.2875,0.08,19.633,0
2024-11-24 06:00,14.7,8.81,1,0.0375,0.08,19.598,0
2024-11-24 06:30,14.5,8.24,1,0.0375,0.08,19.561,0
2024-11-24 07:00,14.3,7.67,1,0.0375,8.091472,20.0,1
2024-11-24 07:30,14.25,7.26,1,0.0375,0.777651,20.0,1
2024-11-24 08:00,14.2,6.86,1,0.0375,0.784084,20.0,1
2024-11-24 08:30,14.2,6.53,1,1.2875,0.08,20.042,0
2024-11-24 09:00,14.2,6.19,1,0.0375,0.08,19.999,0
2024-11-24 09:30,14.3,6.43,1,1.4125,0.08,20.05,0
2024-11-24 10:00,14.4,6.67,1,0.0375,0.08,20.01,0
2024-11-24 10:30,14.2,6.65,1,0.0375,0.08,19.968,0
2024-11-24 11:00,14.0,6.64,1,0.0375,0.08,19.924,0
2024-11-24 11:30,13.8,6.74,1,0.0375,0.08,19.88,0
2024-11-24 12:00,13.6,6.83,1,1.0875,0.08,19.905,0
2024-11-24 12:30,13.45,6.6,1,0.0375,0.08,19.858,0
2024-11-24 13:00,13.3,6.36,1,0.0375,0.08,19.81,0
2024-11-24 13:30,13.05,6.29,1,0.0375,0.08,19.761,0
2024-11-24 14:00,12.8,6.22,1,0.0375,0.08,19.71,0
2024-11-24 14:30,12.5,5.97,1,0.0375,0.08,19.657,0
2024-11-24 15:00,12.2,5.72,1,0.1625,0.08,19.611,0
2024-11-24 15:30,11.9,5.71,1,0.0375,0.08,19.555,0
2024-11-24 16:00,11.6,5.69,1,0.975,0.08,19.559,0
2024-11-24 16:30,11.35,5.96,1,0.975,0.08,19.561,0
2024-11-24 17:00,11.1,6.22,1,1.1,0.08,19.57,0
2024-11-24 17:30,10.85,6.51,1,1.1,7.193324,20.0,1
2024-11-24 18:00,10.6,6.81,1,0.1625,1.106805,20.0,1
2024-11-24 18:30,10.4,6.89,1,0.0375,1.272986,20.0,1
2024-11-24 19:00,10.2,6.97,1,1.920833,0.08,20.053,0
2024-11-24 19:30,10.25,6.93,1,0.995833,0.08,20.045,0
2024-11-24 20:00,10.3,6.89,1,0.870833,0.08,20.029,0
2024-11-24 20:30,10.4,6.86,1,0.0375,0.796946,20.0,1
2024-11-24 21:00,10.5,6.83,1,0.0375,1.26012,20.0,1
2024-11-24 21:30,10.5,6.78,1,0.0375,1.26012,20.0,1
2024-11-24 22:00,10.5,6.72,1,0.0375,1.26012,20.0,1
2024-11-24 22:30,10.5,6.79,1,0.0375,1.26012,20.0,1
2024-11-24 23:00,10.5,6.86,1,0.0375,0.08,19.93,0
2024-11-24 23:30,10.35,6.88,1,0.0375,0.08,19.859,0
2024-11-25 00:00,10.2,6.89,1,0.0375,0.08,19.788,0
2024-11-25 00:30,10.25,6.9,1,0.0375,0.08,19.717,0
2024-11-25 01:00,10.3,6.92,1,0.0375,0.08,19.647,0
2024-11-25 01:30,10.3,7.0,1,0.0375,0.08,19.578,0
2024-11-25 02:00,10.3,7.08,1,0.0375,0.08,19.51,0
2024-11-25 02:30,10.4,7.18,1,0.0375,0.08,19.443,0
2024-11-25 03:00,10.5,7.28,1,0.0375,0.08,19.377,0
2024-11-25 03:30,10.4,7.15,1,0.0375,0.08,19.311,0
2024-11-25 04:00,10.3,7.03,1,0.0375,0.08,19.244,0
2024-11-25 04:30,10.15,6.76,1,1.2875,0.08,19.261,0
2024-11-25 05:00,10.0,6.5,1,0.0375,0.08,19.192,0
2024-11-25 05:30,9.5,6.29,1,0.0375,0.08,19.121,0
2024-11-25 06:00,9.0,6.08,1,1.2875,0.08,19.129,0
2024-11-25 06:30,8.7,6.06,1,0.0375,0.08,19.052,0
2024-11-25 07:00,8.4,6.03,1,0.995833,12.08,19.751,1
2024-11-25 07:30,8.15,5.97,1,1.920833,3.604394,20.0,1
2024-11-25 08:00,7.9,5.92,1,0.995833,0.517853,20.0,1
2024-11-25 08:30,7.95,5.96,0,0.0375,0.08,19.91,0
2024-11-25 09:00,8.0,6.0,0,0.0375,0.08,19.822,0
2024-11-25 09:30,8.35,6.24,0,0.0375,0.08,19.736,0
2024-11-25 10:00,8.7,6.47,0,0.0375,0.08,19.654,0
2024-11-25 10:30,8.9,6.17,0,0.0375,0.08,19.575,0
2024-11-25 11:00,9.1,5.86,0,0.0375,0.08,19.497,0
2024-11-25 11:30,9.15,6.32,0,0.0375,0.08,19.42,0
2024-11-25 12:00,9.2,6.78,0,0.0375,0.08,19.344,0
2024-11-25 12:30,9.05,6.43,0,0.0375,0.08,19.268,0
2024-11-25 13:00,8.9,6.08,0,0.0375,0.08,19.191,0
2024-11-25 13:30,8.75,6.21,0,0.0375,0.08,19.114,0
2024-11-25 14:00,8.6,6.33,0,0.0375,0.08,19.036,0
2024-11-25 14:30,8.3,6.26,0,0.0375,0.08,18.956,0
2024-11-25 15:00,8.0,6.19,0,0.0375,0.08,18.875,0
2024-11-25 15:30,7.65,5.79,0,0.0375,0.08,18.792,0
2024-11-25 16:00,7.3,5.39,0,0.0375,0.08,18.706,0
2024-11-25 16:30,7.0,4.9,0,0.0375,0.08,18.619,0
2024-11-25 17:00,6.7,4.42,0,0.0375,0.08,18.53,0
2024-11-25 17:30,6.5,4.07,1,0.0375,12.08,19.155,1
2024-11-25 18:00,6.3,3.72,1,0.2875,12.08,19.789,1
2024-11-25 18:30,6.15,3.74,1,0.0375,5.334248,20.0,1
2024-11-25 19:00,6.0,3.75,1,0.1625,1.698634,20.0,1
2024-11-25 19:30,5.85,3.89,1,1.2875,0.453887,20.0,1
2024-11-25 20:00,5.7,4.03,1,0.0375,1.877681,20.0,1
2024-11-25 20:30,5.6,4.12,1,0.0375,1.890546,20.0,1
2024-11-25 21:00,5.5,4.22,1,0.975,0.850041,20.0,1
2024-11-25 21:30,5.5,4.46,1,0.975,0.850041,20.0,1
2024-11-25 22:00,5.5,4.69,1,1.2125,0.583188,20.0,1
2024-11-25 22:30,5.4,4.62,1,0.0375,1.916278,20.0,1
2024-11-25 23:00,5.3,4.56,1,0.0375,0.08,19.89,0
2024-11-25 23:30,5.25,4.36,1,0.0375,0.08,19.78,0
2024-11-26 00:00,5.2,4.17,1,1.2875,0.08,19.755,0
2024-11-26 00:30,5.25,4.04,1,0.0375,0.08,19.646,0
2024-11-26 01:00,5.3,3.92,1,0.0375,0.08,19.539,0
2024-11-26 01:30,5.15,3.67,1,0.0375,0.08,19.431,0
2024-11-26 02:00,5.0,3.42,1,0.0375,0.08,19.324,0
2024-11-26 02:30,4.85,3.42,1,0.0375,0.08,19.215,0
2024-11-26 03:00,4.7,3.42,1,0.0375,0.08,19.107,0
2024-11-26 03:30,4.6,3.5,1,0.0375,0.08,18.998,0
2024-11-26 04:00,4.5,3.58,1,0.0375,0.08,18.89,0
2024-11-26 04:30,4.5,3.56,1,0.0375,0.08,18.782,0
2024-11-26 05:00,4.5,3.53,1,1.2875,0.08,18.759,0
2024-11-26 05:30,4.45,3.42,1,0.0375,0.08,18.652,0
2024-11-26 06:00,4.4,3.31,1,0.0375,0.08,18.545,0
2024-11-26 06:30,4.55,3.44,1,0.0375,0.08,18.441,0
2024-11-26 07:00,4.7,3.58,1,0.0375,12.08,19.052,1
2024-11-26 07:30,4.55,3.46,1,0.1625,12.08,19.666,1
2024-11-26 08:00,4.4,3.33,1,0.0375,7.62369,20.0,1
2024-11-26 08:30,4.7,3.35,0,0.0375,0.08,19.885,0
2024-11-26 09:00,5.0,3.36,0,0.0375,0.08,19.774,0
2024-11-26 09:30,5.6,3.5,0,0.0375,0.08,19.668,0
2024-11-26 10:00,6.2,3.64,0,0.0375,0.08,19.567,0
2024-11-26 10:30,6.55,3.04,0,0.0375,0.08,19.47,0
2024-11-26 11:00,6.9,2.44,0,0.0375,0.08,19.377,0
2024-11-26 11:30,7.2,2.71,0,0.0375,0.08,19.286,0
2024-11-26 12:00,7.5,2.97,0,0.0375,0.08,19.198,0
2024-11-26 12:30,7.7,3.56,0,0.0375,0.08,19.113,0
2024-11-26 13:00,7.9,4.14,0,0.0375,0.08,19.029,0
2024-11-26 13:30,7.8,4.07,0,0.0375,0.08,18.946,0
2024-11-26 14:00,7.7,4.0,0,0.0375,0.08,18.862,0
2024-11-26 14:30,7.4,3.51,0,0.0375,0.08,18.777,0
2024-11-26 15:00,7.1,3.03,0,0.0375,0.08,18.69,0
2024-11-26 15:30,5.85,2.39,0,0.0375,0.08,18.594,0
2024-11-26 16:00,4.6,1.75,0,0.0375,0.08,18.49,0
2024-11-26 16:30,3.95,1.62,0,0.0375,0.08,18.381,0
2024-11-26 17:00,3.3,1.5,0,0.0375,0.08,18.268,0
2024-11-26 17:30,3.0,1.58,1,1.0875,12.08,18.938,1
2024-11-26 18:00,2.7,1.67,1,0.1625,12.08,19.538,1
2024-11-26 18:30,2.35,1.64,1,0.0375,10.009051,20.0,1
2024-11-26 19:00,2.0,1.61,1,1.3375,0.893043,20.0,1
2024-11-26 19:30,1.8,1.71,1,1.4625,0.778325,20.0,1
2024-11-26 20:00,1.6,1.81,1,0.0375,2.40518,20.0,1
2024-11-26 20:30,1.3,1.75,1,1.1,1.249957,20.0,1
2024-11-26 21:00,1.0,1.69,1,2.025,0.249229,20.0,1
2024-11-26 21:30,0.6,1.54,1,0.1625,2.393389,20.0,1
2024-11-26 22:00,0.2,1.39,1,0.1625,2.444852,20.0,1
2024-11-26 22:30,0.1,0.96,1,0.0375,2.598168,20.0,1
2024-11-26 23:00,0.0,0.53,1,1.2875,0.08,19.933,0
2024-11-26 23:30,0.05,0.36,1,0.0375,0.08,19.783,0
2024-11-27 00:00,0.1,0.19,1,0.0375,0.08,19.635,0
2024-11-27 00:30,-0.1,0.31,1,0.0375,0.08,19.487,0
2024-11-27 01:00,-0.3,0.42,1,0.0375,0.08,19.338,0
2024-11-27 01:30,-0.25,0.68,1,1.2875,0.08,19.274,0
2024-11-27 02:00,-0.2,0.94,1,0.0375,0.08,19.127,0
2024-11-27 02:30,-0.05,0.86,1,0.0375,0.08,18.983,0
2024-11-27 03:00,0.1,0.78,1,0.0375,0.08,18.841,0
2024-11-27 03:30,0.25,0.76,1,0.0375,0.08,18.701,0
2024-11-27 04:00,0.4,0.75,1,0.0375,0.08,18.564,0
2024-11-27 04:30,0.65,0.96,1,0.0375,0.08,18.429,0
2024-11-27 05:00,0.9,1.17,1,0.0375,0.08,18.297,0
2024-11-27 05:30,1.05,1.49,1,0.0375,0.08,18.168,0
2024-11-27 06:00,1.2,1.81,1,0.0375,0.08,18.04,0
2024-11-27 06:30,1.4,2.06,1,0.0375,0.08,17.916,0
2024-11-27 07:00,1.6,2.31,1,2.2625,12.08,18.656,1
2024-11-27 07:30,1.6,2.36,1,0.0375,12.08,19.242,1
2024-11-27 08:00,1.6,2.42,1,0.0375,12.08,19.823,1
2024-11-27 08:30,1.7,2.72,0,0.0375,0.08,19.687,0
2024-11-27 09:00,1.8,3.03,0,0.0375,0.08,19.552,0
2024-11-27 09:30,2.25,3.17,0,0.0375,0.08,19.423,0
2024-11-27 10:00,2.7,3.31,0,0.0375,0.08,19.297,0
2024-11-27 10:30,3.35,3.43,0,0.0375,0.08,19.177,0
2024-11-27 11:00,4.0,3.56,0,0.0375,0.08,19.064,0
2024-11-27 11:30,4.5,4.32,0,0.0375,0.08,18.955,0
2024-11-27 12:00,5.0,5.08,0,0.0375,0.08,18.851,0
2024-11-27 12:30,5.25,4.88,0,0.0375,0.08,18.749,0
2024-11-27 13:00,5.5,4.67,0,0.0375,0.08,18.65,0
2024-11-27 13:30,5.65,4.42,0,0.0375,0.08,18.553,0
2024-11-27 14:00,5.8,4.17,0,0.0375,0.08,18.458,0
2024-11-27 14:30,5.45,3.97,0,0.0375,0.08,18.361,0
2024-11-27 15:00,5.1,3.78,0,0.0375,0.08,18.262,0
2024-11-27 15:30,4.8,3.68,0,0.0375,0.08,18.161,0
2024-11-27 16:00,4.5,3.58,0,0.0375,0.08,18.059,0
2024-11-27 16:30,4.45,3.36,0,0.0375,0.08,17.958,0
2024-11-27 17:00,4.4,3.14,0,0.0375,0.08,17.856,0
2024-11-27 17:30,3.8,2.93,1,0.0375,12.08,18.465,1
2024-11-27 18:00,3.2,2.72,1,1.5375,12.08,19.165,1
2024-11-27 18:30,2.9,2.72,1,0.975,12.08,19.82,1
2024-11-27 19:00,2.6,2.72,1,1.1,4.09157,20.0,1
2024-11-27 19:30,2.3,2.64,1,0.0375,2.315119,20.0,1
2024-11-27 20:00,2.0,2.56,1,0.0375,2.353717,20.0,1
2024-11-27 20:30,1.75,2.53,1,1.2875,0.981387,20.0,1
2024-11-27 21:00,1.5,2.5,1,0.1625,2.277596,20.0,1
2024-11-27 21:30,1.35,2.53,1,0.0375,2.437345,20.0,1
2024-11-27 22:00,1.2,2.56,1,1.4625,0.85552,20.0,1
2024-11-27 22:30,1.05,2.51,1,1.3375,1.015268,20.0,1
2024-11-27 23:00,0.9,2.47,1,0.0375,0.08,19.856,0
2024-11-27 23:30,0.75,2.44,1,0.0375,0.08,19.713,0
2024-11-28 00:00,0.6,2.42,1,0.0375,0.08,19.569,0
2024-11-28 00:30,0.6,2.4,1,0.0375,0.08,19.426,0
2024-11-28 01:00,0.6,2.39,1,0.0375,0.08,19.285,0
2024-11-28 01:30,0.4,2.18,1,0.0375,0.08,19.142,0
2024-11-28 02:00,0.2,1.97,1,0.0375,0.08,19.0,0
2024-11-28 02:30,0.15,1.93,1,0.0375,0.08,18.858,0
2024-11-28 03:00,0.1,1.89,1,0.0375,0.08,18.717,0
2024-11-28 03:30,-0.05,1.86,1,0.0375,0.08,18.576,0
2024-11-28 04:00,-0.2,1.83,1,0.0375,0.08,18.435,0
2024-11-28 04:30,-0.3,1.81,1,0.0375,0.08,18.294,0
2024-11-28 05:00,-0.4,1.78,1,0.0375,0.08,18.153,0
2024-11-28 05:30,-0.65,1.72,1,0.0375,0.08,18.012,0
2024-11-28 06:00,-0.9,1.67,1,0.0375,0.08,17.87,0
2024-11-28 06:30,-1.1,1.61,1,0.0375,0.08,17.727,0
2024-11-28 07:00,-1.3,1.56,1,0.0375,12.08,18.298,1
2024-11-28 07:30,-1.5,1.5,1,0.1625,12.08,18.871,1
2024-11-28 08:00,-1.7,1.44,1,0.0375,12.08,19.43,1
2024-11-28 08:30,-1.0,1.22,0,0.0375,0.08,19.276,0
2024-11-28 09:00,-0.3,1.0,0,0.0375,0.08,19.129,0
2024-11-28 09:30,0.6,0.85,0,0.0375,0.08,18.989,0
2024-11-28 10:00,1.5,0.69,0,0.0375,0.08,18.858,0
2024-11-28 10:30,2.2,0.81,0,0.0375,0.08,18.733,0
2024-11-28 11:00,2.9,0.92,0,0.0375,0.08,18.614,0
2024-11-28 11:30,3.45,0.69,0,0.0375,0.08,18.501,0
2024-11-28 12:00,4.0,0.47,0,0.0375,0.08,18.392,0
2024-11-28 12:30,4.15,0.65,0,0.0375,0.08,18.286,0
2024-11-28 13:00,4.3,0.83,0,0.0375,0.08,18.181,0
2024-11-28 13:30,4.3,1.25,0,0.0375,0.08,18.078,0
2024-11-28 14:00,4.3,1.67,0,0.0375,0.08,17.975,0
2024-11-28 14:30,3.9,1.82,0,0.0375,0.08,17.869,0
2024-11-28 15:00,3.5,1.97,0,0.0375,0.08,17.762,0
2024-11-28 15:30,3.1,2.18,0,0.0375,0.08,17.652,0
2024-11-28 16:00,2.7,2.39,0,0.0375,0.08,17.54,0
2024-11-28 16:30,2.45,2.51,0,0.0375,0.08,17.427,0
2024-11-28 17:00,2.2,2.64,0,0.0375,0.08,17.313,0
2024-11-28 17:30,2.25,2.92,1,0.1625,12.08,17.923,1
2024-11-28 18:00,2.3,3.19,1,2.7125,12.08,18.698,1
2024-11-28 18:30,2.45,3.44,1,1.3375,12.08,19.377,1
2024-11-28 19:00,2.6,3.69,1,0.1625,12.08,19.974,1
2024-11-28 19:30,2.95,3.89,1,0.870833,1.735384,20.0,1
2024-11-28 20:00,3.3,4.08,1,0.870833,1.250131,20.0,1
2024-11-28 20:30,3.5,4.21,1,2.120833,0.08,20.015,0
2024-11-28 21:00,3.7,4.33,1,0.1625,1.736444,20.0,1
2024-11-28 21:30,3.4,4.24,1,1.4125,0.628651,20.0,1
2024-11-28 22:00,3.1,4.14,1,0.0375,2.212192,20.0,1
2024-11-28 22:30,2.9,4.01,1,3.075,0.08,20.075,0
2024-11-28 23:00,2.7,3.89,1,0.975,0.08,20.007,0
2024-11-28 23:30,2.7,3.92,1,0.0375,0.08,19.877,0
2024-11-29 00:00,2.7,3.94,1,0.0375,0.08,19.748,0
2024-11-29 00:30,3.5,4.06,1,1.2875,0.08,19.71,0
2024-11-29 01:00,4.3,4.17,1,0.0375,0.08,19.594,0
2024-11-29 01:30,4.35,4.33,1,0.0375,0.08,19.48,0
2024-11-29 02:00,4.4,4.5,1,0.0375,0.08,19.367,0
2024-11-29 02:30,4.3,4.49,1,0.0375,0.08,19.254,0
2024-11-29 03:00,4.2,4.47,1,0.0375,0.08,19.142,0
2024-11-29 03:30,4.1,4.46,1,0.0375,0.08,19.029,0
2024-11-29 04:00,4.0,4.44,1,0.0375,0.08,18.916,0
2024-11-29 04:30,3.95,4.39,1,0.0375,0.08,18.804,0
2024-11-29 05:00,3.9,4.33,1,0.0375,0.08,18.693,0
2024-11-29 05:30,3.95,4.25,1,0.0375,0.08,18.582,0
2024-11-29 06:00,4.0,4.17,1,0.0375,0.08,18.473,0
2024-11-29 06:30,3.95,4.18,1,0.0375,0.08,18.365,0
2024-11-29 07:00,3.9,4.19,1,1.0875,12.08,19.041,1
2024-11-29 07:30,3.8,4.04,1,0.0375,12.08,19.64,1
2024-11-29 08:00,3.7,3.89,1,0.995833,7.05798,20.0,1
2024-11-29 08:30,4.05,3.71,0,0.870833,0.08,19.936,0
2024-11-29 09:00,4.4,3.53,0,0.870833,0.08,19.875,0
2024-11-29 09:30,4.85,3.53,0,0.0375,0.08,19.763,0
2024-11-29 10:00,5.3,3.53,0,0.0375,0.08,19.655,0
2024-11-29 10:30,5.8,3.36,0,0.0375,0.08,19.551,0
2024-11-29 11:00,6.3,3.19,0,0.0375,0.08,19.452,0
2024-11-29 11:30,6.7,3.39,0,0.0375,0.08,19.357,0
2024-11-29 12:00,7.1,3.58,0,0.0375,0.08,19.266,0
2024-11-29 12:30,7.35,3.72,0,0.0375,0.08,19.177,0
2024-11-29 13:00,7.6,3.86,0,0.0375,0.08,19.091,0
2024-11-29 13:30,7.85,4.76,0,0.0375,0.08,19.008,0
2024-11-29 14:00,8.1,5.67,0,0.0375,0.08,18.927,0
2024-11-29 14:30,8.15,5.65,0,0.0375,0.08,18.847,0
2024-11-29 15:00,8.2,5.64,0,0.0375,0.08,18.768,0
2024-11-29 15:30,7.85,5.43,0,0.0375,0.08,18.687,0
2024-11-29 16:00,7.5,5.22,0,0.0375,0.08,18.603,0
2024-11-29 16:30,7.4,5.18,0,0.0375,0.08,18.52,0
2024-11-29 17:00,7.3,5.14,0,0.0375,0.08,18.437,0
2024-11-29 17:30,7.25,5.22,1,0.1625,12.08,19.076,1
2024-11-29 18:00,7.2,5.31,1,1.1,12.08,19.772,1
2024-11-29 18:30,7.3,5.4,1,0.975,4.414014,20.0,1
2024-11-29 19:00,7.4,5.5,1,2.3375,0.08,20.06,0
2024-11-29 19:30,7.35,5.35,1,0.0375,0.667781,20.0,1
2024-11-29 20:00,7.3,5.19,1,1.4125,0.126883,20.0,1
2024-11-29 20:30,7.3,5.04,1,0.0375,1.671827,20.0,1
2024-11-29 21:00,7.3,4.89,1,0.0375,1.671827,20.0,1
2024-11-29 21:30,7.5,4.79,1,0.1625,1.505646,20.0,1
2024-11-29 22:00,7.7,4.69,1,0.1625,1.479914,20.0,1
2024-11-29 22:30,8.0,4.72,1,0.0375,1.581766,20.0,1
2024-11-29 23:00,8.3,4.75,1,0.0375,0.08,19.913,0
2024-11-29 23:30,8.6,4.82,1,0.0375,0.08,19.829,0
2024-11-30 00:00,8.9,4.89,1,0.0375,0.08,19.748,0
2024-11-30 00:30,9.05,5.17,1,0.0375,0.08,19.668,0
2024-11-30 01:00,9.2,5.44,1,0.0375,0.08,19.591,0
2024-11-30 01:30,9.45,5.21,1,0.0375,0.08,19.516,0
2024-11-30 02:00,9.7,4.97,1,0.0375,0.08,19.443,0
2024-11-30 02:30,9.65,4.61,1,0.0375,0.08,19.371,0
2024-11-30 03:00,9.6,4.25,1,0.0375,0.08,19.298,0
2024-11-30 03:30,9.75,4.18,1,0.0375,0.08,19.228,0
2024-11-30 04:00,9.9,4.11,1,0.0375,0.08,19.159,0
2024-11-30 04:30,10.1,4.07,1,0.0375,0.08,19.092,0
2024-11-30 05:00,10.3,4.03,1,0.0375,0.08,19.027,0
2024-11-30 05:30,10.25,3.9,1,0.0375,0.08,18.963,0
2024-11-30 06:00,10.2,3.78,1,0.0375,0.08,18.898,0
2024-11-30 06:30,10.3,3.74,1,0.0375,0.08,18.835,0
2024-11-30 07:00,10.4,3.69,1,0.0375,12.08,19.486,1
2024-11-30 07:30,10.7,3.51,1,0.0375,9.799905,20.0,1
2024-11-30 08:00,11.0,3.33,1,0.0375,1.195791,20.0,1
2024-11-30 08:30,11.25,3.21,1,1.2875,0.08,20.019,0
2024-11-30 09:00,11.5,3.08,1,0.0375,0.08,19.956,0
2024-11-30 09:30,11.8,3.1,1,0.1625,0.08,19.905,0
2024-11-30 10:00,12.1,3.11,1,1.2125,0.08,19.926,0
2024-11-30 10:30,12.35,3.35,1,0.0375,0.08,19.871,0
2024-11-30 11:00,12.6,3.58,1,0.0375,0.08,19.818,0
2024-11-30 11:30,12.75,3.76,1,0.0375,0.08,19.766,0
2024-11-30 12:00,12.9,3.94,1,0.0375,0.08,19.716,0
2024-11-30 12:30,13.25,3.87,1,1.2875,0.08,19.752,0
2024-11-30 13:00,13.6,3.81,1,1.0875,0.08,19.778,0
2024-11-30 13:30,13.55,3.56,1,0.1625,0.08,19.741,0
2024-11-30 14:00,13.5,3.31,1,0.0375,0.08,19.696,0
2024-11-30 14:30,12.95,3.33,1,0.0375,0.08,19.647,0
2024-11-30 15:00,12.4,3.36,1,0.0375,0.08,19.594,0
2024-11-30 15:30,11.95,3.49,1,0.0375,0.08,19.538,0
2024-11-30 16:00,11.5,3.61,1,0.0375,0.08,19.479,0
2024-11-30 16:30,11.65,3.6,1,0.0375,0.08,19.421,0
2024-11-30 17:00,11.8,3.58,1,0.0375,0.08,19.366,0
2024-11-30 17:30,11.8,3.56,1,3.233333,8.083709,20.0,1
2024-11-30 18:00,11.8,3.53,1,3.108333,0.08,20.145,0
2024-11-30 18:30,12.2,3.93,1,0.870833,0.08,20.142,0
2024-11-30 19:00,12.6,4.33,1,0.0375,0.08,20.087,0
2024-11-30 19:30,12.5,4.61,1,0.0375,0.08,20.032,0
2024-11-30 20:00,12.4,4.89,1,0.1625,0.347786,20.0,1
2024-11-30 20:30,12.6,5.24,1,1.4125,0.08,20.038,0
2024-11-30 21:00,12.8,5.58,1,0.0375,0.33406,20.0,1
2024-11-30 21:30,12.85,5.49,1,0.0375,0.957773,20.0,1
2024-11-30 22:00,12.9,5.39,1,0.0375,0.95134,20.0,1
2024-11-30 22:30,12.95,5.46,1,0.0375,0.944907,20.0,1
2024-11-30 23:00,13.0,5.53,1,0.0375,0.08,19.949,0
2024-11-30 23:30,12.95,5.67,1,0.0375,0.08,19.898,0
2024-12-01 00:00,12.9,5.81,1,0.0375,0.08,19.847,0
2024-12-01 00:30,12.9,5.83,1,0.0375,0.08,19.796,0
2024-12-01 01:00,12.9,5.86,1,0.0375,0.08,19.746,0
2024-12-01 01:30,12.8,5.75,1,1.2875,0.08,19.779,0
2024-12-01 02:00,12.7,5.64,1,0.0375,0.08,19.727,0
2024-12-01 02:30,12.5,5.47,1,0.0375,0.08,19.674,0
2024-12-01 03:00,12.3,5.31,1,0.0375,0.08,19.62,0
2024-12-01 03:30,12.1,5.4,1,0.0375,0.08,19.565,0
2024-12-01 04:00,11.9,5.5,1,0.0375,0.08,19.509,0
2024-12-01 04:30,11.85,5.62,1,0.0375,0.08,19.453,0
2024-12-01 05:00,11.8,5.75,1,0.0375,0.08,19.397,0
2024-12-01 05:30,11.6,6.01,1,0.0375,0.08,19.34,0
2024-12-01 06:00,11.4,6.28,1,0.0375,0.08,19.281,0
2024-12-01 06:30,11.3,6.29,1,0.0375,0.08,19.223,0
2024-12-01 07:00,11.2,6.31,1,0.0375,12.08,19.878,1
2024-12-01 07:30,11.25,6.19,1,0.0375,3.200085,20.0,1
2024-12-01 08:00,11.3,6.08,1,0.975,0.103823,20.0,1
2024-12-01 08:30,11.4,5.79,1,0.975,0.08,19.999,0
2024-12-01 09:00,11.5,5.5,1,0.870833,0.08,19.993,0
2024-12-01 09:30,11.5,5.19,1,1.808333,0.08,20.048,0
2024-12-01 10:00,11.5,4.89,1,1.808333,0.08,20.104,0
2024-12-01 10:30,11.45,4.9,1,0.0375,0.08,20.04,0
2024-12-01 11:00,11.4,4.92,1,0.0375,0.08,19.976,0
2024-12-01 11:30,11.85,4.47,1,0.0375,0.08,19.917,0
2024-12-01 12:00,12.3,4.03,1,0.1625,0.08,19.869,0
2024-12-01 12:30,12.8,4.12,1,0.0375,0.08,19.818,0
2024-12-01 13:00,13.3,4.22,1,1.2125,0.08,19.849,0
2024-12-01 13:30,13.25,3.97,1,0.0375,0.08,19.801,0
2024-12-01 14:00,13.2,3.72,1,1.0875,0.08,19.823,0
2024-12-01 14:30,12.95,3.53,1,0.0375,0.08,19.773,0
2024-12-01 15:00,12.7,3.33,1,0.0375,0.08,19.721,0
2024-12-01 15:30,12.2,3.31,1,0.0375,0.08,19.666,0
2024-12-01 16:00,11.7,3.28,1,0.1625,0.08,19.616,0
2024-12-01 16:30,11.5,3.35,1,0.1625,0.08,19.565,0
2024-12-01 17:00,11.3,3.42,1,0.0375,0.08,19.504,0
2024-12-01 17:30,11.3,3.6,1,0.0375,9.428258,20.0,1
2024-12-01 18:00,11.3,3.78,1,0.0375,1.157193,20.0,1
2024-12-01 18:30,11.25,3.61,1,1.2875,0.08,20.019,0
2024-12-01 19:00,11.2,3.44,1,0.1625,0.711198,20.0,1
2024-12-01 19:30,11.0,3.49,1,0.0375,1.195791,20.0,1
2024-12-01 20:00,10.8,3.53,1,0.0375,1.221523,20.0,1
2024-12-01 20:30,10.95,3.69,1,0.0375,1.202224,20.0,1
2024-12-01 21:00,11.1,3.86,1,0.1625,1.042476,20.0,1
2024-12-01 21:30,11.0,3.93,1,0.0375,1.195791,20.0,1
2024-12-01 22:00,10.9,4.0,1,0.0375,1.208657,20.0,1
2024-12-01 22:30,10.7,3.71,1,0.0375,1.234388,20.0,1
2024-12-01 23:00,10.5,3.42,1,0.0375,0.08,19.93,0
2024-12-01 23:30,10.5,3.5,1,1.2875,0.08,19.944,0
2024-12-02 00:00,10.5,3.58,1,0.0375,0.08,19.874,0
2024-12-02 00:30,10.0,3.38,1,0.0375,0.08,19.801,0
2024-12-02 01:00,9.5,3.17,1,0.0375,0.08,19.724,0
2024-12-02 01:30,9.45,3.25,1,1.2875,0.08,19.732,0
2024-12-02 02:00,9.4,3.33,1,0.0375,0.08,19.655,0
2024-12-02 02:30,9.1,3.46,1,0.0375,0.08,19.577,0
2024-12-02 03:00,8.8,3.58,1,0.0375,0.08,19.497,0
2024-12-02 03:30,8.8,3.38,1,0.0375,0.08,19.418,0
2024-12-02 04:00,8.8,3.17,1,0.0375,0.08,19.339,0
2024-12-02 04:30,8.55,3.07,1,0.0375,0.08,19.259,0
2024-12-02 05:00,8.3,2.97,1,0.0375,0.08,19.177,0
2024-12-02 05:30,8.4,2.89,1,0.0375,0.08,19.098,0
2024-12-02 06:00,8.5,2.81,1,0.0375,0.08,19.019,0
2024-12-02 06:30,8.65,2.96,1,1.2875,0.08,19.026,0
2024-12-02 07:00,8.8,3.11,1,2.2625,12.08,19.812,1
2024-12-02 07:30,8.75,3.22,1,0.0375,4.613376,20.0,1
2024-12-02 08:00,8.7,3.33,1,2.4,0.08,20.074,0
2024-12-02 08:30,8.65,3.36,0,2.275,0.08,20.139,0
2024-12-02 09:00,8.6,3.39,0,0.0375,0.08,20.053,0
2024-12-02 09:30,8.7,3.6,0,0.0375,0.08,19.968,0
2024-12-02 10:00,8.8,3.81,0,0.0375,0.08,19.885,0
2024-12-02 10:30,8.6,4.81,0,0.0375,0.08,19.802,0
2024-12-02 11:00,8.4,5.81,0,0.0375,0.08,19.717,0
2024-12-02 11:30,8.05,5.5,0,0.0375,0.08,19.63,0
2024-12-02 12:00,7.7,5.19,0,0.0375,0.08,19.541,0
2024-12-02 12:30,7.85,4.83,0,0.0375,0.08,19.454,0
2024-12-02 13:00,8.0,4.47,0,0.0375,0.08,19.369,0
2024-12-02 13:30,8.0,4.32,0,0.0375,0.08,19.284,0
2024-12-02 14:00,8.0,4.17,0,0.0375,0.08,19.201,0
2024-12-02 14:30,7.9,4.43,0,0.0375,0.08,19.117,0
2024-12-02 15:00,7.8,4.69,0,0.0375,0.08,19.033,0
2024-12-02 15:30,7.6,4.68,0,0.0375,0.08,18.948,0
2024-12-02 16:00,7.4,4.67,0,0.0375,0.08,18.862,0
2024-12-02 16:30,7.25,4.75,0,0.0375,0.08,18.775,0
2024-12-02 17:00,7.1,4.83,0,0.0375,0.08,18.688,0
2024-12-02 17:30,6.85,4.82,1,0.0375,12.08,19.314,1
2024-12-02 18:00,6.6,4.81,1,0.1625,12.08,19.942,1
2024-12-02 18:30,6.3,4.51,1,0.1625,2.63303,20.0,1
2024-12-02 19:00,6.0,4.22,1,0.0375,1.839083,20.0,1
2024-12-02 19:30,5.5,3.86,1,0.0375,1.903412,20.0,1
2024-12-02 20:00,5.0,3.5,1,0.0375,1.967741,20.0,1
2024-12-02 20:30,4.85,3.21,1,0.0375,1.98704,20.0,1
2024-12-02 21:00,4.7,2.92,1,0.2875,1.72544,20.0,1
2024-12-02 21:30,4.55,2.96,1,0.0375,2.025638,20.0,1
2024-12-02 22:00,4.4,3.0,1,0.0375,2.044936,20.0,1
2024-12-02 22:30,4.2,2.97,1,0.0375,2.070668,20.0,1
2024-12-02 23:00,4.0,2.94,1,0.0375,0.08,19.88,0
2024-12-02 23:30,3.75,2.75,1,1.2875,0.08,19.843,0
2024-12-03 00:00,3.5,2.56,1,0.0375,0.08,19.72,0
2024-12-03 00:30,3.3,2.26,1,0.0375,0.08,19.597,0
2024-12-03 01:00,3.1,1.97,1,0.0375,0.08,19.473,0
2024-12-03 01:30,3.4,2.1,1,1.2875,0.08,19.436,0
2024-12-03 02:00,3.7,2.22,1,0.0375,0.08,19.318,0
2024-12-03 02:30,3.8,2.12,1,0.0375,0.08,19.202,0
2024-12-03 03:00,3.9,2.03,1,0.0375,0.08,19.087,0
2024-12-03 03:30,3.95,1.85,1,0.0375,0.08,18.974,0
2024-12-03 04:00,4.0,1.67,1,0.0375,0.08,18.862,0
2024-12-03 04:30,3.8,1.49,1,0.0375,0.08,18.749,0
2024-12-03 05:00,3.6,1.31,1,0.0375,0.08,18.636,0
2024-12-03 05:30,3.05,1.29,1,0.0375,0.08,18.519,0
2024-12-03 06:00,2.5,1.28,1,0.0375,0.08,18.399,0
2024-12-03 06:30,2.25,1.31,1,0.0375,0.08,18.278,0
2024-12-03 07:00,2.0,1.33,1,2.025,12.08,19.002,1
2024-12-03 07:30,1.5,1.42,1,2.225,12.08,19.731,1
2024-12-03 08:00,1.0,1.5,1,0.1625,6.829056,20.0,1
2024-12-03 08:30,1.2,1.35,0,0.0375,0.08,19.859,0
2024-12-03 09:00,1.4,1.19,0,0.0375,0.08,19.72,0
2024-12-03 09:30,2.2,0.94,0,0.0375,0.08,19.588,0
2024-12-03 10:00,3.0,0.69,0,0.0375,0.08,19.464,0
2024-12-03 10:30,3.55,0.56,0,0.0375,0.08,19.344,0
2024-12-03 11:00,4.1,0.42,0,0.0375,0.08,19.23,0
2024-12-03 11:30,4.45,0.6,0,0.0375,0.08,19.12,0
2024-12-03 12:00,4.8,0.78,0,0.0375,0.08,19.013,0
2024-12-03 12:30,5.2,0.79,0,0.0375,0.08,18.909,0
2024-12-03 13:00,5.6,0.81,0,0.0375,0.08,18.81,0
2024-12-03 13:30,5.6,1.15,0,0.0375,0.08,18.711,0
2024-12-03 14:00,5.6,1.5,0,0.0375,0.08,18.614,0
2024-12-03 14:30,5.0,1.47,0,0.0375,0.08,18.512,0
2024-12-03 15:00,4.4,1.44,0,0.0375,0.08,18.406,0
2024-12-03 15:30,3.4,1.57,0,0.0375,0.08,18.294,0
2024-12-03 16:00,2.4,1.69,0,0.0375,0.08,18.175,0
2024-12-03 16:30,2.35,1.85,0,0.0375,0.08,18.056,0
2024-12-03 17:00,2.3,2.0,0,0.0375,0.08,17.938,0
2024-12-03 17:30,2.1,1.93,1,1.0875,12.08,18.603,1
2024-12-03 18:00,1.9,1.86,1,0.0375,12.08,19.192,1
2024-12-03 18:30,1.85,2.0,1,0.0375,12.08,19.776,1
2024-12-03 19:00,1.8,2.14,1,1.2875,4.715895,20.0,1
2024-12-03 19:30,2.05,2.4,1,1.1,1.153464,20.0,1
2024-12-03 20:00,2.3,2.67,1,1.35,0.8404,20.0,1
2024-12-03 20:30,2.6,2.6,1,0.1625,2.136072,20.0,1
2024-12-03 21:00,2.9,2.53,1,0.0375,2.237924,20.0,1
2024-12-03 21:30,2.7,2.46,1,0.0375,2.263656,20.0,1
2024-12-03 22:00,2.5,2.39,1,0.870833,1.353058,20.0,1
2024-12-03 22:30,3.1,2.85,1,0.870833,1.275863,20.0,1
2024-12-03 23:00,3.7,3.31,1,0.870833,0.08,19.933,0
2024-12-03 23:30,4.1,3.44,1,0.0375,0.08,19.815,0
2024-12-04 00:00,4.5,3.58,1,0.0375,0.08,19.7,0
2024-12-04 00:30,4.45,3.53,1,0.0375,0.08,19.586,0
2024-12-04 01:00,4.4,3.47,1,0.0375,0.08,19.472,0
2024-12-04 01:30,4.75,3.5,1,0.0375,0.08,19.362,0
2024-12-04 02:00,5.1,3.53,1,0.0375,0.08,19.255,0
2024-12-04 02:30,5.25,3.49,1,0.0375,0.08,19.151,0
2024-12-04 03:00,5.4,3.44,1,0.0375,0.08,19.048,0
2024-12-04 03:30,5.15,3.21,1,0.0375,0.08,18.944,0
2024-12-04 04:00,4.9,2.97,1,0.0375,0.08,18.839,0
2024-12-04 04:30,4.9,2.54,1,0.0375,0.08,18.735,0
2024-12-04 05:00,4.9,2.11,1,0.0375,0.08,18.631,0
2024-12-04 05:30,4.05,1.89,1,0.0375,0.08,18.522,0
2024-12-04 06:00,3.2,1.67,1,0.0375,0.08,18.408,0
2024-12-04 06:30,2.95,1.79,1,0.0375,0.08,18.292,0
2024-12-04 07:00,2.7,1.92,1,2.5875,12.08,19.059,1
2024-12-04 07:30,3.25,2.54,1,0.1625,12.08,19.663,1
2024-12-04 08:00,3.8,3.17,1,0.975,6.689916,20.0,1
2024-12-04 08:30,4.25,3.11,0,0.975,0.08,19.945,0
2024-12-04 09:00,4.7,3.06,0,0.0375,0.08,19.83,0
2024-12-04 09:30,5.3,2.96,0,0.0375,0.08,19.722,0
2024-12-04 10:00,5.9,2.86,0,0.0375,0.08,19.618,0
2024-12-04 10:30,6.35,2.44,0,0.0375,0.08,19.519,0
2024-12-04 11:00,6.8,2.03,0,0.0375,0.08,19.425,0
2024-12-04 11:30,7.05,2.0,0,0.0375,0.08,19.332,0
2024-12-04 12:00,7.3,1.97,0,0.0375,0.08,19.243,0
2024-12-04 12:30,6.95,2.26,0,0.0375,0.08,19.151,0
2024-12-04 13:00,6.6,2.56,0,0.0375,0.08,19.058,0
2024-12-04 13:30,6.6,2.79,0,0.0375,0.08,18.965,0
2024-12-04 14:00,6.6,3.03,0,0.0375,0.08,18.873,0
2024-12-04 14:30,6.4,3.36,0,0.0375,0.08,18.78,0
2024-12-04 15:00,6.2,3.69,0,0.0375,0.08,18.686,0
2024-12-04 15:30,6.05,3.89,0,0.0375,0.08,18.592,0
2024-12-04 16:00,5.9,4.08,0,0.0375,0.08,18.497,0
2024-12-04 16:30,6.15,4.35,0,0.0375,0.08,18.405,0
2024-12-04 17:00,6.4,4.61,0,0.0375,0.08,18.316,0
2024-12-04 17:30,6.7,4.93,1,0.975,12.08,19.006,1
2024-12-04 18:00,7.0,5.25,1,1.808333,12.08,19.749,1
2024-12-04 18:30,7.3,5.65,1,2.170833,3.46649,20.0,1
2024-12-04 19:00,7.6,6.06,1,3.345833,0.08,20.129,0
2024-12-04 19:30,7.65,6.11,1,0.1625,0.08,20.044,0
2024-12-04 20:00,7.7,6.17,1,1.2875,0.08,20.036,0
2024-12-04 20:30,7.85,6.12,1,0.0375,1.006108,20.0,1
2024-12-04 21:00,8.0,6.08,1,0.0375,1.581766,20.0,1
2024-12-04 21:30,8.35,6.6,1,0.0375,1.536736,20.0,1
2024-12-04 22:00,8.7,7.11,1,0.0375,1.491705,20.0,1
2024-12-04 22:30,8.85,7.31,1,0.1625,1.331957,20.0,1
2024-12-04 23:00,9.0,7.5,1,1.2875,0.08,20.002,0
2024-12-04 23:30,9.25,7.17,1,0.0375,0.08,19.922,0
2024-12-05 00:00,9.5,6.83,1,0.0375,0.08,19.845,0
2024-12-05 00:30,9.85,7.19,1,0.0375,0.08,19.771,0
2024-12-05 01:00,10.2,7.56,1,0.0375,0.08,19.7,0
2024-12-05 01:30,10.2,7.39,1,0.0375,0.08,19.63,0
2024-12-05 02:00,10.2,7.22,1,1.2875,0.08,19.644,0
2024-12-05 02:30,10.35,6.81,1,0.0375,0.08,19.575,0
2024-12-05 03:00,10.5,6.39,1,0.0375,0.08,19.508,0
2024-12-05 03:30,10.7,6.38,1,0.0375,0.08,19.443,0
2024-12-05 04:00,10.9,6.36,1,0.0375,0.08,19.38,0
2024-12-05 04:30,11.15,6.17,1,0.0375,0.08,19.32,0
2024-12-05 05:00,11.4,5.97,1,0.0375,0.08,19.262,0
2024-12-05 05:30,11.45,5.96,1,0.0375,0.08,19.204,0
2024-12-05 06:00,11.5,5.94,1,0.0375,0.08,19.148,0
2024-12-05 06:30,11.3,5.89,1,0.0375,0.08,19.09,0
2024-12-05 07:00,11.1,5.83,1,1.4625,12.08,19.841,1
2024-12-05 07:30,10.65,5.51,1,1.3375,2.433128,20.0,1
2024-12-05 08:00,10.2,5.19,1,1.4125,0.08,20.019,0
2024-12-05 08:30,10.0,5.12,0,0.0375,0.08,19.945,0
2024-12-05 09:00,9.8,5.06,0,0.0375,0.08,19.87,0
2024-12-05 09:30,10.0,5.0,0,0.0375,0.08,19.797,0
2024-12-05 10:00,10.2,4.94,0,0.0375,0.08,19.726,0
2024-12-05 10:30,10.4,4.88,0,0.0375,0.08,19.657,0
2024-12-05 11:00,10.6,4.81,0,0.0375,0.08,19.59,0
2024-12-05 11:30,10.8,3.92,0,0.0375,0.08,19.526,0
2024-12-05 12:00,11.0,3.03,0,0.0375,0.08,19.463,0
2024-12-05 12:30,11.1,3.21,0,0.0375,0.08,19.401,0
2024-12-05 13:00,11.2,3.39,0,0.0375,0.08,19.341,0
2024-12-05 13:30,11.0,3.96,0,0.0375,0.08,19.28,0
2024-12-05 14:00,10.8,4.53,0,0.0375,0.08,19.217,0
2024-12-05 14:30,10.8,4.56,0,0.0375,0.08,19.155,0
2024-12-05 15:00,10.8,4.58,0,0.0375,0.08,19.094,0
2024-12-05 15:30,10.6,4.67,0,0.0375,0.08,19.031,0
2024-12-05 16:00,10.4,4.75,0,0.0375,0.08,18.968,0
2024-12-05 16:30,10.7,5.17,0,0.0375,0.08,18.907,0
2024-12-05 17:00,11.0,5.58,0,0.0375,0.08,18.849,0
2024-12-05 17:30,10.8,6.47,1,1.920833,12.08,19.63,1
2024-12-05 18:00,10.6,7.36,1,1.933333,5.291777,20.0,1
2024-12-05 18:30,10.15,8.28,1,1.808333,0.08,20.045,0
2024-12-05 19:00,9.7,9.19,1,0.0375,0.604349,20.0,1
2024-12-05 19:30,9.0,8.62,1,0.0375,1.453108,20.0,1
2024-12-05 20:00,8.3,8.06,1,0.1625,1.402719,20.0,1
2024-12-05 20:30,8.05,8.51,1,1.0875,0.395558,20.0,1
2024-12-05 21:00,7.8,8.97,1,0.0375,1.607498,20.0,1
2024-12-05 21:30,7.55,8.64,1,1.4125,0.094719,20.0,1
2024-12-05 22:00,7.3,8.31,1,0.0375,1.671827,20.0,1
2024-12-05 22:30,7.4,8.29,1,0.1625,1.518512,20.0,1
2024-12-05 23:00,7.5,8.28,1,0.0375,0.08,19.907,0
2024-12-05 23:30,7.35,8.15,1,0.0375,0.08,19.813,0
2024-12-06 00:00,7.2,8.03,1,0.0375,0.08,19.719,0
2024-12-06 00:30,7.25,7.9,1,0.0375,0.08,19.626,0
2024-12-06 01:00,7.3,7.78,1,0.0375,0.08,19.534,0
2024-12-06 01:30,7.3,7.75,1,0.0375,0.08,19.443,0
2024-12-06 02:00,7.3,7.72,1,0.0375,0.08,19.353,0
2024-12-06 02:30,7.25,7.67,1,0.0375,0.08,19.263,0
2024-12-06 03:00,7.2,7.61,1,0.0375,0.08,19.173,0
2024-12-06 03:30,7.05,7.29,1,0.0375,0.08,19.083,0
2024-12-06 04:00,6.9,6.97,1,0.0375,0.08,18.992,0
2024-12-06 04:30,6.9,7.07,1,0.0375,0.08,18.902,0
2024-12-06 05:00,6.9,7.17,1,0.0375,0.08,18.812,0
2024-12-06 05:30,6.85,6.99,1,0.0375,0.08,18.723,0
2024-12-06 06:00,6.8,6.81,1,0.0375,0.08,18.635,0
2024-12-06 06:30,6.75,6.56,1,0.0375,0.08,18.546,0
2024-12-06 07:00,6.7,6.31,1,0.0375,12.08,19.172,1
2024-12-06 07:30,6.5,5.97,1,2.35,12.08,19.946,1
2024-12-06 08:00,6.3,5.64,1,2.35,0.104274,20.0,1
2024-12-06 08:30,6.3,5.14,0,0.0375,0.08,19.898,0
2024-12-06 09:00,6.3,4.64,0,0.0375,0.08,19.796,0
2024-12-06 09:30,6.6,4.25,0,0.0375,0.08,19.698,0
2024-12-06 10:00,6.9,3.86,0,0.0375,0.08,19.602,0
2024-12-06 10:30,7.25,3.58,0,0.0375,0.08,19.51,0
2024-12-06 11:00,7.6,3.31,0,0.0375,0.08,19.421,0
2024-12-06 11:30,7.75,3.17,0,0.0375,0.08,19.335,0
2024-12-06 12:00,7.9,3.03,0,0.0375,0.08,19.25,0
2024-12-06 12:30,7.9,2.72,0,0.0375,0.08,19.165,0
2024-12-06 13:00,7.9,2.42,0,0.0375,0.08,19.082,0
2024-12-06 13:30,7.85,2.51,0,0.0375,0.08,18.998,0
2024-12-06 14:00,7.8,2.61,0,0.0375,0.08,18.915,0
2024-12-06 14:30,7.5,2.64,0,0.0375,0.08,18.83,0
2024-12-06 15:00,7.2,2.67,0,0.0375,0.08,18.743,0
2024-12-06 15:30,6.8,3.01,0,0.0375,0.08,18.655,0
2024-12-06 16:00,6.4,3.36,0,0.0375,0.08,18.563,0
2024-12-06 16:30,6.45,4.01,0,0.0375,0.08,18.473,0
2024-12-06 17:00,6.5,4.67,0,0.0375,0.08,18.384,0
2024-12-06 17:30,6.55,4.97,1,0.0375,12.08,19.01,1
2024-12-06 18:00,6.6,5.28,1,0.995833,12.08,19.695,1
2024-12-06 18:30,6.4,6.19,1,1.808333,4.881518,20.0,1
2024-12-06 19:00,6.2,7.11,1,1.808333,0.08,20.015,0
2024-12-06 19:30,6.45,7.28,1,0.1625,1.38635,20.0,1
2024-12-06 20:00,6.7,7.44,1,0.0375,1.749022,20.0,1
2024-12-06 20:30,6.85,7.6,1,0.0375,1.729723,20.0,1
2024-12-06 21:00,7.0,7.75,1,1.0875,0.530649,20.0,1
2024-12-06 21:30,7.3,7.67,1,1.0875,0.492052,20.0,1
2024-12-06 22:00,7.6,7.58,1,0.0375,1.63323,20.0,1
2024-12-06 22:30,8.3,7.61,1,0.2875,1.26227,20.0,1
2024-12-06 23:00,9.0,7.64,1,1.2875,0.08,20.002,0
2024-12-06 23:30,9.75,7.64,1,0.0375,0.08,19.926,0
2024-12-07 00:00,10.5,7.64,1,0.0375,0.08,19.856,0
2024-12-07 00:30,10.9,8.01,1,0.0375,0.08,19.79,0
2024-12-07 01:00,11.3,8.39,1,0.0375,0.08,19.728,0
2024-12-07 01:30,10.9,8.4,1,0.0375,0.08,19.663,0
2024-12-07 02:00,10.5,8.42,1,0.0375,0.08,19.595,0
2024-12-07 02:30,10.25,7.76,1,0.0375,0.08,19.526,0
2024-12-07 03:00,10.0,7.11,1,0.0375,0.08,19.456,0
2024-12-07 03:30,9.7,6.62,1,0.0375,0.08,19.383,0
2024-12-07 04:00,9.4,6.14,1,0.0375,0.08,19.31,0
2024-12-07 04:30,8.9,5.75,1,0.0375,0.08,19.232,0
2024-12-07 05:00,8.4,5.36,1,0.0375,0.08,19.152,0
2024-12-07 05:30,8.1,4.53,1,0.0375,0.08,19.07,0
2024-12-07 06:00,7.8,3.69,1,0.0375,0.08,18.986,0
2024-12-07 06:30,7.7,3.32,1,0.0375,0.08,18.902,0
2024-12-07 07:00,7.6,2.94,1,0.0375,12.08,19.532,1
2024-12-07 07:30,7.85,3.68,1,0.0375,9.404854,20.0,1
2024-12-07 08:00,8.1,4.42,1,0.0375,1.5689,20.0,1
2024-12-07 08:30,8.4,4.9,1,0.0375,0.08,19.914,0
2024-12-07 09:00,8.7,5.39,1,0.1625,0.08,19.839,0
2024-12-07 09:30,8.9,5.86,1,0.0375,0.08,19.758,0
2024-12-07 10:00,9.1,6.33,1,0.0375,0.08,19.678,0
2024-12-07 10:30,9.1,7.14,1,0.0375,0.08,19.6,0
2024-12-07 11:00,9.1,7.94,1,0.1625,0.08,19.53,0
2024-12-07 11:30,8.65,8.88,1,1.4125,0.08,19.542,0
2024-12-07 12:00,8.2,9.81,1,0.0375,0.08,19.457,0
2024-12-07 12:30,7.7,9.62,1,0.0375,0.08,19.37,0
2024-12-07 13:00,7.2,9.44,1,0.0375,0.08,19.279,0
2024-12-07 13:30,7.25,9.86,1,0.1625,0.08,19.198,0
2024-12-07 14:00,7.3,10.28,1,0.0375,0.08,19.109,0
2024-12-07 14:30,7.1,10.35,1,1.4125,0.08,19.112,0
2024-12-07 15:00,6.9,10.42,1,0.975,0.08,19.084,0
2024-12-07 15:30,6.95,10.22,1,0.975,0.08,19.056,0
2024-12-07 16:00,7.0,10.03,1,0.0375,0.08,18.966,0
2024-12-07 16:30,6.9,10.12,1,0.0375,0.08,18.876,0
2024-12-07 17:00,6.8,10.22,1,0.0375,0.08,18.786,0
2024-12-07 17:30,6.6,9.86,1,0.0375,12.08,19.41,1
2024-12-07 18:00,6.4,9.5,1,1.0875,10.457384,20.0,1
2024-12-07 18:30,6.45,9.04,1,0.0375,1.781187,20.0,1
2024-12-07 19:00,6.5,8.58,1,1.2875,0.370259,20.0,1
2024-12-07 19:30,6.45,8.46,1,1.0875,0.601411,20.0,1
2024-12-07 20:00,6.4,8.33,1,0.0375,1.78762,20.0,1
2024-12-07 20:30,6.3,9.12,1,0.0375,1.800486,20.0,1
2024-12-07 21:00,6.2,9.92,1,1.1,0.619531,20.0,1
2024-12-07 21:30,6.25,9.93,1,0.975,0.753548,20.0,1
2024-12-07 22:00,6.3,9.94,1,0.0375,1.800486,20.0,1
2024-12-07 22:30,6.35,9.49,1,0.0375,1.794053,20.0,1
2024-12-07 23:00,6.4,9.03,1,0.0375,0.08,19.898,0
2024-12-07 23:30,6.6,9.08,1,0.0375,0.08,19.799,0
2024-12-08 00:00,6.8,9.14,1,0.0375,0.08,19.702,0
2024-12-08 00:30,6.75,9.42,1,0.0375,0.08,19.606,0
2024-12-08 01:00,6.7,9.69,1,0.0375,0.08,19.509,0
2024-12-08 01:30,6.35,9.47,1,0.0375,0.08,19.411,0
2024-12-08 02:00,6.0,9.25,1,0.0375,0.08,19.311,0
2024-12-08 02:30,5.65,9.22,1,0.0375,0.08,19.209,0
2024-12-08 03:00,5.3,9.19,1,0.0375,0.08,19.105,0
2024-12-08 03:30,5.05,9.58,1,0.0375,0.08,19.0,0
2024-12-08 04:00,4.8,9.97,1,1.2875,0.08,18.977,0
2024-12-08 04:30,4.7,10.03,1,0.0375,0.08,18.87,0
2024-12-08 05:00,4.6,10.08,1,0.0375,0.08,18.764,0
2024-12-08 05:30,4.6,9.83,1,0.0375,0.08,18.658,0
2024-12-08 06:00,4.6,9.58,1,0.0375,0.08,18.553,0
2024-12-08 06:30,4.9,9.32,1,0.0375,0.08,18.451,0
2024-12-08 07:00,5.2,9.06,1,0.0375,12.08,19.066,1
2024-12-08 07:30,5.6,8.79,1,0.0375,12.08,19.679,1
2024-12-08 08:00,6.0,8.53,1,0.1625,7.052761,20.0,1
2024-12-08 08:30,6.15,8.54,1,0.0375,0.08,19.896,0
2024-12-08 09:00,6.3,8.56,1,0.0375,0.08,19.795,0
2024-12-08 09:30,6.2,8.56,1,1.0875,0.08,19.764,0
2024-12-08 10:00,6.1,8.56,1,0.975,0.08,19.724,0
2024-12-08 10:30,5.85,8.43,1,0.975,0.08,19.683,0
2024-12-08 11:00,5.6,8.31,1,0.0375,0.08,19.578,0
2024-12-08 11:30,5.7,8.12,1,2.3875,0.08,19.631,0
2024-12-08 12:00,5.8,7.94,1,1.3375,0.08,19.615,0
2024-12-08 12:30,5.9,7.94,1,1.1,0.08,19.583,0
2024-12-08 13:00,6.0,7.94,1,0.975,0.08,19.545,0
2024-12-08 13:30,6.15,7.68,1,0.1625,0.08,19.453,0
2024-12-08 14:00,6.3,7.42,1,0.0375,0.08,19.355,0
2024-12-08 14:30,6.45,7.1,1,0.0375,0.08,19.258,0
2024-12-08 15:00,6.6,6.78,1,0.0375,0.08,19.164,0
2024-12-08 15:30,6.6,6.75,1,0.0375,0.08,19.07,0
2024-12-08 16:00,6.6,6.72,1,0.0375,0.08,18.977,0
2024-12-08 16:30,6.75,6.62,1,0.0375,0.08,18.886,0
2024-12-08 17:00,6.9,6.53,1,0.0375,0.08,18.797,0
2024-12-08 17:30,7.0,6.4,1,0.0375,12.08,19.423,1
2024-12-08 18:00,7.1,6.28,1,1.2875,9.913799,20.0,1
2024-12-08 18:30,7.2,6.32,1,0.0375,1.684693,20.0,1
2024-12-08 19:00,7.3,6.36,1,0.1625,1.531378,20.0,1
2024-12-08 19:30,7.35,6.24,1,0.0375,1.665394,20.0,1
2024-12-08 20:00,7.4,6.11,1,0.1625,1.518512,20.0,1
2024-12-08 20:30,7.35,5.99,1,0.0375,1.665394,20.0,1
2024-12-08 21:00,7.3,5.86,1,0.0375,1.671827,20.0,1
2024-12-08 21:30,7.25,5.64,1,1.2875,0.273766,20.0,1
2024-12-08 22:00,7.2,5.42,1,0.0375,1.684693,20.0,1
2024-12-08 22:30,7.1,5.21,1,0.1625,1.557109,20.0,1
2024-12-08 23:00,7.0,5.0,1,0.0375,0.08,19.903,0
2024-12-08 23:30,6.9,4.92,1,0.0375,0.08,19.806,0
2024-12-09 00:00,6.8,4.83,1,0.0375,0.08,19.709,0
2024-12-09 00:30,6.8,4.71,1,0.0375,0.08,19.613,0
2024-12-09 01:00,6.8,4.58,1,1.2875,0.08,19.601,0
2024-12-09 01:30,6.65,4.58,1,0.0375,0.08,19.504,0
2024-12-09 02:00,6.5,4.58,1,0.0375,0.08,19.407,0
2024-12-09 02:30,6.55,4.61,1,0.0375,0.08,19.311,0
2024-12-09 03:00,6.6,4.64,1,0.0375,0.08,19.216,0
2024-12-09 03:30,6.65,4.71,1,0.0375,0.08,19.123,0
2024-12-09 04:00,6.7,4.78,1,0.0375,0.08,19.03,0
2024-12-09 04:30,6.75,4.9,1,1.2875,0.08,19.022,0
2024-12-09 05:00,6.8,5.03,1,0.0375,0.08,18.931,0
2024-12-09 05:30,6.75,5.07,1,0.0375,0.08,18.84,0
2024-12-09 06:00,6.7,5.11,1,0.0375,0.08,18.75,0
2024-12-09 06:30,6.7,5.11,1,0.0375,0.08,18.66,0
2024-12-09 07:00,6.7,5.11,1,0.0375,12.08,19.285,1
2024-12-09 07:30,6.8,5.35,1,0.0375,12.08,19.906,1
2024-12-09 08:00,6.9,5.58,1,0.0375,3.292741,20.0,1
2024-12-09 08:30,6.95,5.25,0,0.0375,0.08,19.903,0
2024-12-09 09:00,7.0,4.92,0,0.0375,0.08,19.806,0
2024-12-09 09:30,7.15,5.04,0,0.0375,0.08,19.712,0
2024-12-09 10:00,7.3,5.17,0,0.0375,0.08,19.62,0
2024-12-09 10:30,7.5,5.22,0,0.0375,0.08,19.529,0
2024-12-09 11:00,7.7,5.28,0,0.0375,0.08,19.441,0
2024-12-09 11:30,7.9,5.44,0,0.0375,0.08,19.355,0
2024-12-09 12:00,8.1,5.61,0,0.0375,0.08,19.272,0
2024-12-09 12:30,7.8,5.5,0,0.0375,0.08,19.186,0
2024-12-09 13:00,7.5,5.39,0,0.0375,0.08,19.099,0
2024-12-09 13:30,7.5,5.18,0,0.0375,0.08,19.013,0
2024-12-09 14:00,7.5,4.97,0,0.0375,0.08,18.928,0
2024-12-09 14:30,7.45,4.99,0,0.0375,0.08,18.842,0
2024-12-09 15:00,7.4,5.0,0,0.0375,0.08,18.757,0
2024-12-09 15:30,7.3,5.18,0,0.0375,0.08,18.672,0
2024-12-09 16:00,7.2,5.36,0,0.0375,0.08,18.587,0
2024-12-09 16:30,7.05,5.26,0,0.0375,0.08,18.501,0
2024-12-09 17:00,6.9,5.17,0,0.0375,0.08,18.415,0
2024-12-09 17:30,6.85,5.01,1,0.1625,12.08,19.051,1
2024-12-09 18:00,6.8,4.86,1,0.975,12.08,19.736,1
2024-12-09 18:30,6.7,4.9,1,1.1,4.956108,20.0,1
2024-12-09 19:00,6.6,4.94,1,0.0375,1.761888,20.0,1
2024-12-09 19:30,6.4,4.81,1,1.4625,0.186496,20.0,1
2024-12-09 20:00,6.2,4.67,1,0.0375,1.813351,20.0,1
2024-12-09 20:30,6.4,4.78,1,1.2125,0.467395,20.0,1
2024-12-09 21:00,6.6,4.89,1,2.225,0.08,20.046,0
2024-12-09 21:30,6.65,4.75,1,0.975,0.08,20.009,0
2024-12-09 22:00,6.7,4.61,1,0.0375,1.602201,20.0,1
2024-12-09 22:30,6.55,4.58,1,0.0375,1.768321,20.0,1
2024-12-09 23:00,6.4,4.56,1,0.0375,0.08,19.898,0
2024-12-09 23:30,6.3,4.5,1,0.0375,0.08,19.797,0
2024-12-10 00:00,6.2,4.44,1,0.0375,0.08,19.695,0
2024-12-10 00:30,6.05,4.4,1,0.0375,0.08,19.593,0
2024-12-10 01:00,5.9,4.36,1,0.0375,0.08,19.491,0
2024-12-10 01:30,5.85,4.33,1,0.0375,0.08,19.389,0
2024-12-10 02:00,5.8,4.31,1,0.0375,0.08,19.288,0
2024-12-10 02:30,5.85,4.26,1,0.0375,0.08,19.187,0
2024-12-10 03:00,5.9,4.22,1,0.0375,0.08,19.088,0
2024-12-10 03:30,5.85,4.18,1,0.0375,0.08,18.989,0
2024-12-10 04:00,5.8,4.14,1,0.0375,0.08,18.891,0
2024-12-10 04:30,5.8,4.15,1,1.2875,0.08,18.877,0
2024-12-10 05:00,5.8,4.17,1,0.0375,0.08,18.779,0
2024-12-10 05:30,5.75,4.11,1,0.0375,0.08,18.682,0
2024-12-10 06:00,5.7,4.06,1,0.0375,0.08,18.585,0
2024-12-10 06:30,5.65,4.08,1,0.0375,0.08,18.489,0
2024-12-10 07:00,5.6,4.11,1,2.225,12.08,19.252,1
2024-12-10 07:30,5.65,4.21,1,1.1,12.08,19.936,1
2024-12-10 08:00,5.7,4.31,1,0.1625,2.807911,20.0,1
2024-12-10 08:30,5.8,4.29,0,0.0375,0.08,19.894,0
2024-12-10 09:00,5.9,4.28,0,0.0375,0.08,19.789,0
2024-12-10 09:30,6.1,4.12,0,0.0375,0.08,19.687,0
2024-12-10 10:00,6.3,3.97,0,0.0375,0.08,19.587,0
2024-12-10 10:30,6.45,3.57,0,0.0375,0.08,19.489,0
2024-12-10 11:00,6.6,3.17,0,0.0375,0.08,19.393,0
2024-12-10 11:30,6.75,4.08,0,0.0375,0.08,19.299,0
2024-12-10 12:00,6.9,5.0,0,0.0375,0.08,19.206,0
2024-12-10 12:30,6.65,4.72,0,0.0375,0.08,19.113,0
2024-12-10 13:00,6.4,4.44,0,0.0375,0.08,19.018,0
2024-12-10 13:30,6.45,4.08,0,0.0375,0.08,18.924,0
2024-12-10 14:00,6.5,3.72,0,0.0375,0.08,18.831,0
2024-12-10 14:30,6.35,3.4,0,0.0375,0.08,18.738,0
2024-12-10 15:00,6.2,3.08,0,0.0375,0.08,18.645,0
2024-12-10 15:30,5.85,2.93,0,0.0375,0.08,18.55,0
2024-12-10 16:00,5.5,2.78,0,0.0375,0.08,18.452,0
2024-12-10 16:30,5.4,2.85,0,0.0375,0.08,18.355,0
2024-12-10 17:00,5.3,2.92,0,0.0375,0.08,18.257,0
2024-12-10 17:30,5.35,2.97,1,0.0375,12.08,18.875,1
2024-12-10 18:00,5.4,3.03,1,0.2875,12.08,19.505,1
2024-12-10 18:30,5.25,3.1,1,1.0875,9.013436,20.0,1
2024-12-10 19:00,5.1,3.17,1,0.0375,1.954876,20.0,1
2024-12-10 19:30,5.05,2.99,1,1.0875,0.781533,20.0,1
2024-12-10 20:00,5.0,2.81,1,0.0375,1.967741,20.0,1
2024-12-10 20:30,4.95,2.69,1,2.35,0.08,20.042,0
2024-12-10 21:00,4.9,2.58,1,1.808333,0.08,20.047,0
2024-12-10 21:30,4.85,2.62,1,0.870833,0.268897,20.0,1
2024-12-10 22:00,4.8,2.67,1,0.995833,0.916694,20.0,1
2024-12-10 22:30,4.8,2.65,1,0.0375,1.993473,20.0,1
2024-12-10 23:00,4.8,2.64,1,0.0375,0.08,19.886,0
2024-12-10 23:30,4.8,2.72,1,0.0375,0.08,19.773,0
2024-12-11 00:00,4.8,2.81,1,0.0375,0.08,19.661,0
2024-12-11 00:30,4.9,2.6,1,0.0375,0.08,19.551,0
2024-12-11 01:00,5.0,2.39,1,0.0375,0.08,19.442,0
2024-12-11 01:30,4.95,2.18,1,0.0375,0.08,19.333,0
2024-12-11 02:00,4.9,1.97,1,0.0375,0.08,19.225,0
2024-12-11 02:30,4.8,2.03,1,0.0375,0.08,19.117,0
2024-12-11 03:00,4.7,2.08,1,1.2875,0.08,19.093,0
2024-12-11 03:30,4.75,2.17,1,0.0375,0.08,18.986,0
2024-12-11 04:00,4.8,2.25,1,0.0375,0.08,18.88,0
2024-12-11 04:30,4.75,2.14,1,0.0375,0.08,18.774,0
2024-12-11 05:00,4.7,2.03,1,0.0375,0.08,18.669,0
2024-12-11 05:30,4.75,1.97,1,0.0375,0.08,18.565,0
2024-12-11 06:00,4.8,1.92,1,0.0375,0.08,18.462,0
2024-12-11 06:30,4.8,1.88,1,0.0375,0.08,18.36,0
2024-12-11 07:00,4.8,1.83,1,2.35,12.08,19.127,1
2024-12-11 07:30,4.8,1.76,1,0.975,12.08,19.797,1
2024-12-11 08:00,4.8,1.69,1,0.0375,5.385847,20.0,1
2024-12-11 08:30,4.85,1.76,0,0.0375,0.08,19.887,0
2024-12-11 09:00,4.9,1.83,0,0.0375,0.08,19.774,0
2024-12-11 09:30,5.1,1.76,0,0.0375,0.08,19.665,0
2024-12-11 10:00,5.3,1.69,0,0.0375,0.08,19.557,0
2024-12-11 10:30,5.6,1.85,0,0.0375,0.08,19.453,0
2024-12-11 11:00,5.9,2.0,0,0.0375,0.08,19.352,0
2024-12-11 11:30,6.1,2.12,0,0.0375,0.08,19.253,0
2024-12-11 12:00,6.3,2.25,0,0.0375,0.08,19.156,0
2024-12-11 12:30,6.3,2.38,0,0.0375,0.08,19.06,0
2024-12-11 13:00,6.3,2.5,0,0.0375,0.08,18.965,0
2024-12-11 13:30,6.35,2.39,0,0.0375,0.08,18.871,0
2024-12-11 14:00,6.4,2.28,0,0.0375,0.08,18.778,0
2024-12-11 14:30,6.25,1.75,0,0.0375,0.08,18.685,0
2024-12-11 15:00,6.1,1.22,0,0.0375,0.08,18.591,0
2024-12-11 15:30,5.9,1.22,0,0.0375,0.08,18.496,0
2024-12-11 16:00,5.7,1.22,0,0.0375,0.08,18.401,0
2024-12-11 16:30,5.55,1.29,0,0.0375,0.08,18.305,0
2024-12-11 17:00,5.4,1.36,0,0.0375,0.08,18.209,0
2024-12-11 17:30,5.35,1.56,1,0.1625,12.08,18.835,1
2024-12-11 18:00,5.3,1.75,1,0.0375,12.08,19.448,1
2024-12-11 18:30,5.3,1.69,1,0.1625,11.001308,20.0,1
2024-12-11 19:00,5.3,1.64,1,0.0375,1.929144,20.0,1
2024-12-11 19:30,5.15,1.33,1,0.0375,1.948443,20.0,1
2024-12-11 20:00,5.0,1.03,1,2.3375,0.08,20.041,0
2024-12-11 20:30,4.8,0.64,1,0.1625,1.161827,20.0,1
2024-12-11 21:00,4.6,0.25,1,0.870833,1.082875,20.0,1
2024-12-11 21:30,4.3,0.35,1,0.995833,0.981023,20.0,1
2024-12-11 22:00,4.0,0.44,1,2.045833,0.08,20.014,0
2024-12-11 22:30,4.0,0.68,1,0.0375,1.858084,20.0,1
2024-12-11 23:00,4.0,0.92,1,0.0375,0.08,19.88,0
2024-12-11 23:30,4.05,1.08,1,0.0375,0.08,19.761,0
2024-12-12 00:00,4.1,1.25,1,0.0375,0.08,19.644,0
2024-12-12 00:30,3.85,1.25,1,0.0375,0.08,19.526,0
2024-12-12 01:00,3.6,1.25,1,0.0375,0.08,19.406,0
2024-12-12 01:30,4.05,1.15,1,0.0375,0.08,19.291,0
2024-12-12 02:00,4.5,1.06,1,0.0375,0.08,19.181,0
2024-12-12 02:30,4.55,1.12,1,0.0375,0.08,19.071,0
2024-12-12 03:00,4.6,1.19,1,0.0375,0.08,18.963,0
2024-12-12 03:30,4.65,1.43,1,0.0375,0.08,18.856,0
2024-12-12 04:00,4.7,1.67,1,0.0375,0.08,18.75,0
2024-12-12 04:30,4.75,1.67,1,0.0375,0.08,18.645,0
2024-12-12 05:00,4.8,1.67,1,1.2875,0.08,18.625,0
2024-12-12 05:30,4.9,1.62,1,1.2875,0.08,18.606,0
2024-12-12 06:00,5.0,1.58,1,0.0375,0.08,18.505,0
2024-12-12 06:30,5.05,1.61,1,0.0375,0.08,18.404,0
2024-12-12 07:00,5.1,1.64,1,0.870833,12.08,19.074,1
2024-12-12 07:30,5.2,1.67,1,1.920833,12.08,19.811,1
2024-12-12 08:00,5.3,1.69,1,2.170833,2.691463,20.0,1
2024-12-12 08:30,5.45,1.67,0,1.3375,0.08,19.978,0
2024-12-12 09:00,5.6,1.64,0,0.0375,0.08,19.87,0
2024-12-12 09:30,5.75,1.6,0,0.0375,0.08,19.765,0
2024-12-12 10:00,5.9,1.56,0,0.0375,0.08,19.661,0
2024-12-12 10:30,6.1,1.61,0,0.0375,0.08,19.56,0
2024-12-12 11:00,6.3,1.67,0,0.0375,0.08,19.461,0
2024-12-12 11:30,6.45,1.76,0,0.0375,0.08,19.364,0
2024-12-12 12:00,6.6,1.86,0,0.0375,0.08,19.269,0
2024-12-12 12:30,6.3,1.81,0,0.0375,0.08,19.172,0
2024-12-12 13:00,6.0,1.75,0,0.0375,0.08,19.074,0
2024-12-12 13:30,6.05,1.85,0,0.0375,0.08,18.976,0
2024-12-12 14:00,6.1,1.94,0,0.0375,0.08,18.88,0
2024-12-12 14:30,6.1,2.03,0,0.0375,0.08,18.785,0
2024-12-12 15:00,6.1,2.11,0,0.0375,0.08,18.691,0
2024-12-12 15:30,6.1,2.08,0,0.0375,0.08,18.597,0
2024-12-12 16:00,6.1,2.06,0,0.0375,0.08,18.504,0
2024-12-12 16:30,6.15,2.04,0,0.0375,0.08,18.411,0
2024-12-12 17:00,6.2,2.03,0,0.0375,0.08,18.321,0
2024-12-12 17:30,6.25,1.99,1,0.1625,12.08,18.953,1
2024-12-12 18:00,6.3,1.94,1,0.975,12.08,19.635,1
2024-12-12 18:30,6.4,1.89,1,0.975,6.82038,20.0,1
2024-12-12 19:00,6.5,1.83,1,1.2875,0.370259,20.0,1
2024-12-12 19:30,6.55,1.86,1,0.0375,1.768321,20.0,1
2024-12-12 20:00,6.6,1.89,1,0.1625,1.621439,20.0,1
2024-12-12 20:30,6.6,1.94,1,0.0375,1.761888,20.0,1
2024-12-12 21:00,6.6,2.0,1,0.1625,1.621439,20.0,1
2024-12-12 21:30,6.65,2.07,1,1.4625,0.154331,20.0,1
2024-12-12 22:00,6.7,2.14,1,0.0375,1.749022,20.0,1
2024-12-12 22:30,6.75,2.28,1,0.0375,1.742589,20.0,1
2024-12-12 23:00,6.8,2.42,1,0.0375,0.08,19.901,0
2024-12-12 23:30,6.8,2.38,1,0.0375,0.08,19.804,0
2024-12-13 00:00,6.8,2.33,1,0.0375,0.08,19.707,0
2024-12-13 00:30,6.45,2.03,1,0.0375,0.08,19.608,0
2024-12-13 01:00,6.1,1.72,1,0.0375,0.08,19.507,0
2024-12-13 01:30,6.05,1.57,1,0.0375,0.08,19.406,0
2024-12-13 02:00,6.0,1.42,1,0.0375,0.08,19.306,0
2024-12-13 02:30,6.0,1.31,1,1.2875,0.08,19.29,0
2024-12-13 03:00,6.0,1.19,1,0.0375,0.08,19.191,0
2024-12-13 03:30,6.05,1.35,1,0.0375,0.08,19.093,0
2024-12-13 04:00,6.1,1.5,1,0.0375,0.08,18.996,0
2024-12-13 04:30,6.1,1.5,1,1.2875,0.08,18.984,0
2024-12-13 05:00,6.1,1.5,1,0.0375,0.08,18.887,0
2024-12-13 05:30,6.15,1.68,1,0.0375,0.08,18.792,0
2024-12-13 06:00,6.2,1.86,1,0.0375,0.08,18.699,0
2024-12-13 06:30,6.15,1.61,1,0.0375,0.08,18.605,0
2024-12-13 07:00,6.1,1.36,1,0.0375,12.08,19.226,1
2024-12-13 07:30,6.05,1.13,1,0.0375,12.08,19.841,1
2024-12-13 08:00,6.0,0.89,1,1.0875,3.306556,20.0,1
2024-12-13 08:30,6.05,0.93,0,0.0375,0.08,19.896,0
2024-12-13 09:00,6.1,0.97,0,0.0375,0.08,19.793,0
2024-12-13 09:30,6.2,1.35,0,0.0375,0.08,19.691,0
2024-12-13 10:00,6.3,1.72,0,0.0375,0.08,19.591,0
2024-12-13 10:30,6.35,1.81,0,0.0375,0.08,19.492,0
2024-12-13 11:00,6.4,1.89,0,0.0375,0.08,19.395,0
2024-12-13 11:30,6.45,1.54,0,0.0375,0.08,19.298,0
2024-12-13 12:00,6.5,1.19,0,0.0375,0.08,19.203,0
2024-12-13 12:30,6.5,1.17,0,0.0375,0.08,19.108,0
2024-12-13 13:00,6.5,1.14,0,0.0375,0.08,19.014,0
2024-12-13 13:30,6.35,1.14,0,0.0375,0.08,18.919,0
2024-12-13 14:00,6.2,1.14,0,0.0375,0.08,18.825,0
2024-12-13 14:30,6.1,0.81,0,0.0375,0.08,18.73,0
2024-12-13 15:00,6.0,0.47,0,0.0375,0.08,18.635,0
2024-12-13 15:30,5.8,0.44,0,0.0375,0.08,18.539,0
2024-12-13 16:00,5.6,0.42,0,0.0375,0.08,18.442,0
2024-12-13 16:30,5.55,0.44,0,0.0375,0.08,18.346,0
2024-12-13 17:00,5.5,0.47,0,0.0375,0.08,18.25,0
2024-12-13 17:30,5.45,0.57,1,0.0375,12.08,18.869,1
2024-12-13 18:00,5.4,0.67,1,0.0375,12.08,19.482,1
2024-12-13 18:30,5.4,0.94,1,0.1625,10.412302,20.0,1
2024-12-13 19:00,5.4,1.22,1,0.1625,1.775829,20.0,1
2024-12-13 19:30,5.25,1.67,1,1.808333,0.08,20.008,0
2024-12-13 20:00,5.1,2.11,1,2.983333,0.08,20.093,0
2024-12-13 20:30,5.05,2.47,1,2.245833,0.08,20.128,0
2024-12-13 21:00,5.0,2.83,1,1.1,0.08,20.086,0
2024-12-13 21:30,4.9,2.89,1,0.975,0.08,20.035,0
2024-12-13 22:00,4.8,2.94,1,0.0375,1.410587,20.0,1
2024-12-13 22:30,4.75,2.9,1,0.1625,1.859457,20.0,1
2024-12-13 23:00,4.7,2.86,1,0.0375,0.08,19.885,0
2024-12-13 23:30,4.8,3.15,1,0.0375,0.08,19.772,0
2024-12-14 00:00,4.9,3.44,1,0.0375,0.08,19.661,0
2024-12-14 00:30,5.15,3.6,1,0.0375,0.08,19.553,0
2024-12-14 01:00,5.4,3.75,1,0.0375,0.08,19.447,0
2024-12-14 01:30,5.35,3.6,1,0.0375,0.08,19.341,0
2024-12-14 02:00,5.3,3.44,1,0.0375,0.08,19.236,0
2024-12-14 02:30,5.3,3.32,1,0.0375,0.08,19.132,0
2024-12-14 03:00,5.3,3.19,1,0.0375,0.08,19.029,0
2024-12-14 03:30,5.4,3.17,1,0.0375,0.08,18.927,0
2024-12-14 04:00,5.5,3.14,1,0.0375,0.08,18.827,0
2024-12-14 04:30,5.35,3.15,1,0.0375,0.08,18.726,0
2024-12-14 05:00,5.2,3.17,1,0.0375,0.08,18.625,0
2024-12-14 05:30,5.35,3.46,1,0.0375,0.08,18.526,0
2024-12-14 06:00,5.5,3.75,1,0.0375,0.08,18.429,0
2024-12-14 06:30,5.05,3.69,1,0.0375,0.08,18.329,0
2024-12-14 07:00,4.6,3.64,1,0.0375,12.08,18.94,1
2024-12-14 07:30,4.15,3.75,1,0.0375,12.08,19.543,1
2024-12-14 08:00,3.7,3.86,1,0.0375,9.750796,20.0,1
2024-12-14 08:30,3.6,3.79,1,0.1625,0.08,19.885,0
2024-12-14 09:00,3.5,3.72,1,0.0375,0.08,19.762,0
2024-12-14 09:30,4.05,3.79,1,0.0375,0.08,19.645,0
2024-12-14 10:00,4.6,3.86,1,0.0375,0.08,19.532,0
2024-12-14 10:30,5.25,4.06,1,0.1625,0.08,19.434,0
2024-12-14 11:00,5.9,4.25,1,0.0375,0.08,19.332,0
2024-12-14 11:30,6.35,4.04,1,0.0375,0.08,19.236,0
2024-12-14 12:00,6.8,3.83,1,0.0375,0.08,19.143,0
2024-12-14 12:30,6.95,4.33,1,0.0375,0.08,19.052,0
2024-12-14 13:00,7.1,4.83,1,0.870833,0.08,19.019,0
2024-12-14 13:30,7.05,4.71,1,0.870833,0.08,18.985,0
2024-12-14 14:00,7.0,4.58,1,1.120833,0.08,18.969,0
2024-12-14 14:30,6.75,4.44,1,0.0375,0.08,18.878,0
2024-12-14 15:00,6.5,4.31,1,1.2875,0.08,18.869,0
2024-12-14 15:30,6.3,4.19,1,1.0875,0.08,18.845,0
2024-12-14 16:00,6.1,4.08,1,0.0375,0.08,18.75,0
2024-12-14 16:30,6.3,4.18,1,1.2875,0.08,18.741,0
2024-12-14 17:00,6.5,4.28,1,1.4125,0.08,18.742,0
2024-12-14 17:30,6.75,4.39,1,0.0375,12.08,19.366,1
2024-12-14 18:00,7.0,4.5,1,0.0375,12.08,19.988,1
2024-12-14 18:30,7.15,4.42,1,0.975,0.833774,20.0,1
2024-12-14 19:00,7.3,4.33,1,0.975,0.618456,20.0,1
2024-12-14 19:30,7.4,4.53,1,0.0375,1.658961,20.0,1
2024-12-14 20:00,7.5,4.72,1,0.0375,1.646095,20.0,1
2024-12-14 20:30,7.7,4.74,1,0.0375,1.620364,20.0,1
2024-12-14 21:00,7.9,4.75,1,1.0875,0.414857,20.0,1
2024-12-14 21:30,8.1,4.78,1,0.1625,1.428451,20.0,1
2024-12-14 22:00,8.3,4.81,1,0.0375,1.543169,20.0,1
2024-12-14 22:30,8.45,5.11,1,0.0375,1.52387,20.0,1
2024-12-14 23:00,8.6,5.42,1,0.0375,0.08,19.915,0
2024-12-14 23:30,8.7,5.6,1,0.0375,0.08,19.832,0
2024-12-15 00:00,8.8,5.78,1,0.0375,0.08,19.75,0
2024-12-15 00:30,9.0,6.14,1,0.0375,0.08,19.67,0
2024-12-15 01:00,9.2,6.5,1,0.0375,0.08,19.593,0
2024-12-15 01:30,9.35,6.1,1,0.0375,0.08,19.517,0
2024-12-15 02:00,9.5,5.69,1,0.0375,0.08,19.443,0
2024-12-15 02:30,9.85,5.87,1,0.0375,0.08,19.372,0
2024-12-15 03:00,10.2,6.06,1,0.0375,0.08,19.304,0
2024-12-15 03:30,10.25,5.86,1,0.0375,0.08,19.237,0
2024-12-15 04:00,10.3,5.67,1,0.0375,0.08,19.171,0
2024-12-15 04:30,10.55,5.75,1,0.0375,0.08,19.108,0
2024-12-15 05:00,10.8,5.83,1,0.0375,0.08,19.047,0
2024-12-15 05:30,11.0,5.72,1,0.0375,0.08,18.988,0
2024-12-15 06:00,11.2,5.61,1,0.0375,0.08,18.93,0
2024-12-15 06:30,11.25,5.71,1,0.0375,0.08,18.874,0
2024-12-15 07:00,11.3,5.81,1,0.0375,12.08,19.533,1
2024-12-15 07:30,11.3,5.28,1,0.0375,8.953194,20.0,1
2024-12-15 08:00,11.3,4.75,1,0.0375,1.157193,20.0,1
2024-12-15 08:30,11.3,4.07,1,1.0875,0.08,20.006,0
2024-12-15 09:00,11.3,3.39,1,1.3375,0.08,20.029,0
2024-12-15 09:30,11.4,3.68,1,1.3375,0.08,20.052,0
2024-12-15 10:00,11.5,3.97,1,0.1625,0.08,19.998,0
2024-12-15 10:30,11.45,4.29,1,0.0375,0.08,19.935,0
2024-12-15 11:00,11.4,4.61,1,0.0375,0.08,19.872,0
2024-12-15 11:30,11.45,5.47,1,0.0375,0.08,19.81,0
2024-12-15 12:00,11.5,6.33,1,2.4625,0.08,19.911,0
2024-12-15 12:30,11.6,8.1,1,0.0375,0.08,19.85,0
2024-12-15 13:00,11.7,9.86,1,0.0375,0.08,19.79,0
2024-12-15 13:30,11.5,10.12,1,0.0375,0.08,19.729,0
2024-12-15 14:00,11.3,10.39,1,0.0375,0.08,19.667,0
2024-12-15 14:30,11.25,9.96,1,0.0375,0.08,19.605,0
2024-12-15 15:00,11.2,9.53,1,0.0375,0.08,19.543,0
2024-12-15 15:30,11.2,9.26,1,1.2875,0.08,19.565,0
2024-12-15 16:00,11.2,9.0,1,0.2875,0.08,19.521,0
2024-12-15 16:30,11.3,8.79,1,0.0375,0.08,19.46,0
2024-12-15 17:00,11.4,8.58,1,0.1625,0.08,19.409,0
2024-12-15 17:30,11.6,8.64,1,0.0375,10.970006,20.0,1
2024-12-15 18:00,11.8,8.69,1,2.225,0.08,20.086,0
2024-12-15 18:30,11.85,8.72,1,0.975,0.08,20.088,0
2024-12-15 19:00,11.9,8.75,1,0.0375,0.08,20.028,0
2024-12-15 19:30,11.85,8.51,1,0.870833,0.08,20.024,0
2024-12-15 20:00,11.8,8.28,1,0.870833,0.08,20.019,0
2024-12-15 20:30,11.75,8.07,1,0.870833,0.08,20.014,0
2024-12-15 21:00,11.7,7.86,1,0.0375,0.876599,20.0,1
2024-12-15 21:30,11.6,7.71,1,0.975,0.08,20.001,0
2024-12-15 22:00,11.5,7.56,1,0.975,0.08,20.001,0
2024-12-15 22:30,11.45,7.39,1,0.1625,0.981001,20.0,1
2024-12-15 23:00,11.4,7.22,1,0.0375,0.08,19.937,0
2024-12-15 23:30,11.25,7.01,1,0.0375,0.08,19.873,0
2024-12-16 00:00,11.1,6.81,1,0.0375,0.08,19.808,0
2024-12-16 00:30,11.1,6.46,1,0.0375,0.08,19.744,0
2024-12-16 01:00,11.1,6.11,1,0.0375,0.08,19.68,0
2024-12-16 01:30,11.0,6.08,1,0.0375,0.08,19.616,0
2024-12-16 02:00,10.9,6.06,1,0.0375,0.08,19.552,0
2024-12-16 02:30,10.75,5.97,1,0.0375,0.08,19.487,0
2024-12-16 03:00,10.6,5.89,1,0.0375,0.08,19.422,0
2024-12-16 03:30,10.5,5.97,1,0.0375,0.08,19.356,0
2024-12-16 04:00,10.4,6.06,1,0.0375,0.08,19.29,0
2024-12-16 04:30,10.35,6.22,1,0.0375,0.08,19.224,0
2024-12-16 05:00,10.3,6.39,1,0.0375,0.08,19.158,0
2024-12-16 05:30,10.25,6.26,1,0.0375,0.08,19.093,0
2024-12-16 06:00,10.2,6.14,1,0.0375,0.08,19.027,0
2024-12-16 06:30,10.15,6.06,1,0.0375,0.08,18.962,0
2024-12-16 07:00,10.1,5.97,1,1.0875,12.08,19.68,1
2024-12-16 07:30,10.05,5.81,1,0.0375,6.651018,20.0,1
2024-12-16 08:00,10.0,5.64,1,1.5375,0.08,20.026,0
2024-12-16 08:30,10.0,5.54,0,0.0375,0.08,19.952,0
2024-12-16 09:00,10.0,5.44,0,0.0375,0.08,19.878,0
2024-12-16 09:30,10.1,5.47,0,0.0375,0.08,19.806,0
2024-12-16 10:00,10.2,5.5,0,0.0375,0.08,19.735,0
2024-12-16 10:30,10.35,5.56,0,0.0375,0.08,19.666,0
2024-12-16 11:00,10.5,5.61,0,0.0375,0.08,19.598,0
2024-12-16 11:30,10.6,5.28,0,0.0375,0.08,19.532,0
2024-12-16 12:00,10.7,4.94,0,0.0375,0.08,19.467,0
2024-12-16 12:30,11.05,5.72,0,0.0375,0.08,19.405,0
2024-12-16 13:00,11.4,6.5,0,0.0375,0.08,19.346,0
2024-12-16 13:30,11.3,6.08,0,0.0375,0.08,19.287,0
2024-12-16 14:00,11.2,5.67,0,0.0375,0.08,19.227,0
2024-12-16 14:30,11.05,5.51,0,0.0375,0.08,19.167,0
2024-12-16 15:00,10.9,5.36,0,0.0375,0.08,19.107,0
2024-12-16 15:30,10.6,5.26,0,0.0375,0.08,19.044,0
2024-12-16 16:00,10.3,5.17,0,0.0375,0.08,18.98,0
2024-12-16 16:30,10.1,5.22,0,0.0375,0.08,18.914,0
2024-12-16 17:00,9.9,5.28,0,0.0375,0.08,18.848,0
2024-12-16 17:30,9.85,5.15,1,0.0375,12.08,19.495,1
2024-12-16 18:00,9.8,5.03,1,0.0375,9.771927,20.0,1
2024-12-16 18:30,9.7,4.81,1,0.0375,1.363047,20.0,1
2024-12-16 19:00,9.6,4.58,1,1.0875,0.196137,20.0,1
2024-12-16 19:30,9.4,4.71,1,0.975,0.348274,20.0,1
2024-12-16 20:00,9.2,4.83,1,1.1,0.233556,20.0,1
2024-12-16 20:30,9.3,4.85,1,1.2875,0.08,20.004,0
2024-12-16 21:00,9.4,4.86,1,0.1625,1.191747,20.0,1
2024-12-16 21:30,9.6,4.82,1,0.1625,1.235463,20.0,1
2024-12-16 22:00,9.8,4.78,1,1.2875,0.08,20.008,0
2024-12-16 22:30,9.8,4.68,1,0.1625,1.076446,20.0,1
2024-12-16 23:00,9.8,4.58,1,0.0375,0.08,19.924,0
2024-12-16 23:30,9.8,4.54,1,0.0375,0.08,19.849,0
2024-12-17 00:00,9.8,4.5,1,1.2875,0.08,19.859,0
2024-12-17 00:30,9.6,4.54,1,0.0375,0.08,19.783,0
2024-12-17 01:00,9.4,4.58,1,0.0375,0.08,19.706,0
2024-12-17 01:30,9.3,4.26,1,1.2875,0.08,19.712,0
2024-12-17 02:00,9.2,3.94,1,1.2875,0.08,19.718,0
2024-12-17 02:30,8.85,3.51,1,0.0375,0.08,19.637,0
2024-12-17 03:00,8.5,3.08,1,0.0375,0.08,19.554,0
2024-12-17 03:30,7.95,2.36,1,0.0375,0.08,19.468,0
2024-12-17 04:00,7.4,1.64,1,0.0375,0.08,19.378,0
2024-12-17 04:30,7.25,1.75,1,0.0375,0.08,19.288,0
2024-12-17 05:00,7.1,1.86,1,0.0375,0.08,19.197,0
2024-12-17 05:30,7.2,2.06,1,0.0375,0.08,19.108,0
2024-12-17 06:00,7.3,2.25,1,0.0375,0.08,19.02,0
2024-12-17 06:30,7.25,2.28,1,0.0375,0.08,18.932,0
2024-12-17 07:00,7.2,2.31,1,0.1625,12.08,19.567,1
2024-12-17 07:30,7.3,2.31,1,1.35,7.417436,20.0,1
2024-12-17 08:00,7.4,2.31,1,2.025,0.08,20.039,0
2024-12-17 08:30,7.5,2.67,0,0.0375,0.08,19.945,0
2024-12-17 09:00,7.6,3.03,0,0.0375,0.08,19.853,0
2024-12-17 09:30,7.65,3.33,0,0.0375,0.08,19.763,0
2024-12-17 10:00,7.7,3.64,0,0.0375,0.08,19.673,0
2024-12-17 10:30,7.95,4.1,0,0.0375,0.08,19.586,0
2024-12-17 11:00,8.2,4.56,0,0.0375,0.08,19.501,0
2024-12-17 11:30,8.55,4.25,0,0.0375,0.08,19.42,0
2024-12-17 12:00,8.9,3.94,0,0.0375,0.08,19.342,0
2024-12-17 12:30,8.85,4.03,0,0.0375,0.08,19.264,0
2024-12-17 13:00,8.8,4.11,0,0.0375,0.08,19.186,0
2024-12-17 13:30,9.05,4.21,0,0.0375,0.08,19.111,0
2024-12-17 14:00,9.3,4.31,0,0.0375,0.08,19.039,0
2024-12-17 14:30,9.55,4.61,0,0.0375,0.08,18.968,0
2024-12-17 15:00,9.8,4.92,0,0.0375,0.08,18.901,0
2024-12-17 15:30,9.65,4.82,0,0.0375,0.08,18.832,0
2024-12-17 16:00,9.5,4.72,0,0.0375,0.08,18.763,0
2024-12-17 16:30,9.15,4.58,0,0.0375,0.08,18.692,0
2024-12-17 17:00,8.8,4.44,0,0.0375,0.08,18.619,0
2024-12-17 17:30,8.85,4.76,1,1.3375,12.08,19.348,1
2024-12-17 18:00,8.9,5.08,1,2.170833,9.948866,20.0,1
2024-12-17 18:30,8.9,5.99,1,1.920833,0.08,20.043,0
2024-12-17 19:00,8.9,6.89,1,0.870833,0.08,20.016,0
2024-12-17 19:30,8.8,6.94,1,0.1625,1.065595,20.0,1
2024-12-17 20:00,8.7,7.0,1,0.1625,1.351256,20.0,1
2024-12-17 20:30,8.85,7.18,1,0.0375,1.472407,20.0,1
2024-12-17 21:00,9.0,7.36,1,0.975,0.399737,20.0,1
2024-12-17 21:30,9.5,7.61,1,0.975,0.335408,20.0,1
2024-12-17 22:00,10.0,7.86,1,0.0375,1.324449,20.0,1
2024-12-17 22:30,10.4,7.53,1,0.0375,1.272986,20.0,1
2024-12-17 23:00,10.8,7.19,1,0.0375,0.08,19.932,0
2024-12-17 23:30,11.05,6.92,1,0.0375,0.08,19.867,0
2024-12-18 00:00,11.3,6.64,1,0.0375,0.08,19.804,0
2024-12-18 00:30,11.15,6.46,1,0.0375,0.08,19.74,0
2024-12-18 01:00,11.0,6.28,1,0.0375,0.08,19.675,0
2024-12-18 01:30,11.25,6.22,1,0.0375,0.08,19.613,0
2024-12-18 02:00,11.5,6.17,1,0.0375,0.08,19.554,0
2024-12-18 02:30,12.1,6.49,1,0.0375,0.08,19.499,0
2024-12-18 03:00,12.7,6.81,1,1.2875,0.08,19.533,0
2024-12-18 03:30,12.8,6.67,1,0.0375,0.08,19.484,0
2024-12-18 04:00,12.9,6.53,1,0.0375,0.08,19.436,0
2024-12-18 04:30,12.95,6.49,1,0.0375,0.08,19.389,0
2024-12-18 05:00,13.0,6.44,1,0.0375,0.08,19.343,0
2024-12-18 05:30,13.3,7.37,1,0.0375,0.08,19.299,0
2024-12-18 06:00,13.6,8.31,1,0.0375,0.08,19.258,0
2024-12-18 06:30,13.5,8.51,1,0.0375,0.08,19.216,0
2024-12-18 07:00,13.4,8.72,1,1.0875,12.08,19.959,1
2024-12-18 07:30,13.3,9.11,1,1.2875,0.187361,20.0,1
2024-12-18 08:00,13.2,9.5,1,0.0375,0.912742,20.0,1
2024-12-18 08:30,13.35,9.08,0,0.0375,0.08,19.952,0
2024-12-18 09:00,13.5,8.67,0,0.0375,0.08,19.905,0
2024-12-18 09:30,13.15,8.9,0,0.0375,0.08,19.856,0
2024-12-18 10:00,12.8,9.14,0,0.0375,0.08,19.804,0
2024-12-18 10:30,12.25,9.1,0,0.0375,0.08,19.749,0
2024-12-18 11:00,11.7,9.06,0,0.0375,0.08,19.69,0
2024-12-18 11:30,11.6,9.21,0,0.0375,0.08,19.63,0
2024-12-18 12:00,11.5,9.36,0,0.0375,0.08,19.57,0
2024-12-18 12:30,11.4,8.11,0,0.0375,0.08,19.51,0
2024-12-18 13:00,11.3,6.86,0,0.0375,0.08,19.45,0
2024-12-18 13:30,11.15,6.78,0,0.0375,0.08,19.389,0
2024-12-18 14:00,11.0,6.69,0,0.0375,0.08,19.327,0
2024-12-18 14:30,10.8,5.62,0,0.0375,0.08,19.265,0
2024-12-18 15:00,10.6,4.56,0,0.0375,0.08,19.201,0
2024-12-18 15:30,10.4,3.97,0,0.0375,0.08,19.136,0
2024-12-18 16:00,10.2,3.39,0,0.0375,0.08,19.07,0
2024-12-18 16:30,9.85,2.72,0,0.0375,0.08,19.002,0
2024-12-18 17:00,9.5,2.06,0,0.0375,0.08,18.932,0
2024-12-18 17:30,8.9,1.58,1,1.1,12.08,19.642,1
2024-12-18 18:00,8.3,1.11,1,1.1,6.313715,20.0,1
2024-12-18 18:30,8.45,1.18,1,0.1625,1.38342,20.0,1
2024-12-18 19:00,8.6,1.25,1,1.2125,0.184346,20.0,1
2024-12-18 19:30,8.65,0.68,1,0.0375,1.498138,20.0,1
2024-12-18 20:00,8.7,0.11,1,0.1625,1.351256,20.0,1
2024-12-18 20:30,8.45,1.47,1,0.0375,1.52387,20.0,1
2024-12-18 21:00,8.2,2.83,1,0.1625,1.415585,20.0,1
2024-12-18 21:30,7.75,3.68,1,0.0375,1.613931,20.0,1
2024-12-18 22:00,7.3,4.53,1,1.2875,0.267333,20.0,1
2024-12-18 22:30,6.9,4.31,1,0.0375,1.72329,20.0,1
2024-12-18 23:00,6.5,4.08,1,0.0375,0.08,19.899,0
2024-12-18 23:30,6.5,4.58,1,0.0375,0.08,19.799,0
2024-12-19 00:00,6.5,5.08,1,0.0375,0.08,19.7,0
2024-12-19 00:30,6.2,5.18,1,0.0375,0.08,19.599,0
2024-12-19 01:00,5.9,5.28,1,2.5375,0.08,19.664,0
2024-12-19 01:30,5.7,5.14,1,0.0375,0.08,19.559,0
2024-12-19 02:00,5.5,5.0,1,0.0375,0.08,19.454,0
2024-12-19 02:30,5.45,5.1,1,0.0375,0.08,19.35,0
2024-12-19 03:00,5.4,5.19,1,0.0375,0.08,19.245,0
2024-12-19 03:30,5.4,5.33,1,0.0375,0.08,19.142,0
2024-12-19 04:00,5.4,5.47,1,0.0375,0.08,19.039,0
2024-12-19 04:30,5.15,5.31,1,0.0375,0.08,18.935,0
2024-12-19 05:00,4.9,5.14,1,0.0375,0.08,18.83,0
2024-12-19 05:30,4.6,5.21,1,0.0375,0.08,18.724,0
2024-12-19 06:00,4.3,5.28,1,0.0375,0.08,18.616,0
2024-12-19 06:30,4.1,5.19,1,0.0375,0.08,18.508,0
2024-12-19 07:00,3.9,5.11,1,1.225,12.08,19.192,1
2024-12-19 07:30,3.8,5.12,1,0.975,12.08,19.853,1
2024-12-19 08:00,3.7,5.14,1,2.1375,2.230567,20.0,1
2024-12-19 08:30,3.7,4.97,0,0.0375,0.08,19.878,0
2024-12-19 09:00,3.7,4.81,0,0.0375,0.08,19.756,0
2024-12-19 09:30,4.05,4.86,0,0.0375,0.08,19.639,0
2024-12-19 10:00,4.4,4.92,0,0.0375,0.08,19.525,0
2024-12-19 10:30,4.8,4.83,0,0.0375,0.08,19.414,0
2024-12-19 11:00,5.2,4.75,0,0.0375,0.08,19.308,0
2024-12-19 11:30,5.4,5.19,0,0.0375,0.08,19.204,0
2024-12-19 12:00,5.6,5.64,0,0.0375,0.08,19.103,0
2024-12-19 12:30,5.65,5.92,0,0.0375,0.08,19.002,0
2024-12-19 13:00,5.7,6.19,0,0.0375,0.08,18.903,0
2024-12-19 13:30,5.7,5.99,0,0.0375,0.08,18.804,0
2024-12-19 14:00,5.7,5.78,0,0.0375,0.08,18.706,0
2024-12-19 14:30,5.55,5.51,0,0.0375,0.08,18.608,0
2024-12-19 15:00,5.4,5.25,0,0.0375,0.08,18.51,0
2024-12-19 15:30,5.05,5.07,0,0.0375,0.08,18.409,0
2024-12-19 16:00,4.7,4.89,0,0.0375,0.08,18.307,0
2024-12-19 16:30,4.55,4.75,0,0.0375,0.08,18.204,0
2024-12-19 17:00,4.4,4.61,0,0.0375,0.08,18.101,0
2024-12-19 17:30,4.4,4.67,1,0.0375,12.08,18.712,1
2024-12-19 18:00,4.4,4.72,1,0.0375,12.08,19.319,1
2024-12-19 18:30,4.35,4.71,1,0.0375,12.08,19.921,1
2024-12-19 19:00,4.3,4.69,1,0.0375,3.375859,20.0,1
2024-12-19 19:30,4.2,4.81,1,0.1625,1.930219,20.0,1
2024-12-19 20:00,4.1,4.92,1,1.4125,0.53859,20.0,1
2024-12-19 20:30,4.05,4.93,1,0.1625,1.949518,20.0,1
2024-12-19 21:00,4.0,4.94,1,0.0375,2.0964,20.0,1
2024-12-19 21:30,3.9,4.96,1,0.1625,1.968816,20.0,1
2024-12-19 22:00,3.8,4.97,1,0.0375,2.122132,20.0,1
2024-12-19 22:30,3.8,4.97,1,1.3375,0.661457,20.0,1
2024-12-19 23:00,3.8,4.97,1,1.3375,0.08,19.965,0
2024-12-19 23:30,3.75,4.72,1,0.0375,0.08,19.844,0
2024-12-20 00:00,3.7,4.47,1,0.0375,0.08,19.723,0
2024-12-20 00:30,3.55,4.24,1,0.0375,0.08,19.601,0
2024-12-20 01:00,3.4,4.0,1,0.0375,0.08,19.48,0
2024-12-20 01:30,3.6,3.83,1,0.0375,0.08,19.361,0
2024-12-20 02:00,3.8,3.67,1,0.0375,0.08,19.244,0
2024-12-20 02:30,3.7,2.99,1,0.0375,0.08,19.128,0
2024-12-20 03:00,3.6,2.31,1,0.0375,0.08,19.011,0
2024-12-20 03:30,3.3,2.22,1,0.0375,0.08,18.894,0
2024-12-20 04:00,3.0,2.14,1,0.0375,0.08,18.775,0
2024-12-20 04:30,3.2,2.18,1,1.2875,0.08,18.741,0
2024-12-20 05:00,3.4,2.22,1,0.0375,0.08,18.627,0
2024-12-20 05:30,4.05,2.61,1,0.0375,0.08,18.517,0
2024-12-20 06:00,4.7,3.0,1,0.0375,0.08,18.414,0
2024-12-20 06:30,5.0,3.14,1,1.2875,0.08,18.398,0
2024-12-20 07:00,5.3,3.28,1,1.0875,12.08,19.084,1
2024-12-20 07:30,5.15,3.38,1,0.0375,12.08,19.694,1
2024-12-20 08:00,5.0,3.47,1,0.0375,7.07677,20.0,1
2024-12-20 08:30,5.2,3.83,0,0.0375,0.08,19.889,0
2024-12-20 09:00,5.4,4.19,0,0.0375,0.08,19.781,0
2024-12-20 09:30,6.0,4.74,0,0.0375,0.08,19.678,0
2024-12-20 10:00,6.6,5.28,0,0.0375,0.08,19.58,0
2024-12-20 10:30,7.15,5.85,0,0.0375,0.08,19.488,0
2024-12-20 11:00,7.7,6.42,0,0.0375,0.08,19.4,0
2024-12-20 11:30,7.8,6.43,0,0.0375,0.08,19.314,0
2024-12-20 12:00,7.9,6.44,0,0.0375,0.08,19.229,0
2024-12-20 12:30,7.95,6.14,0,0.0375,0.08,19.145,0
2024-12-20 13:00,8.0,5.83,0,0.0375,0.08,19.062,0
2024-12-20 13:30,8.05,5.32,0,0.0375,0.08,18.98,0
2024-12-20 14:00,8.1,4.81,0,0.0375,0.08,18.9,0
2024-12-20 14:30,8.25,4.86,0,0.0375,0.08,18.821,0
2024-12-20 15:00,8.4,4.92,0,0.0375,0.08,18.743,0
2024-12-20 15:30,8.35,4.94,0,0.0375,0.08,18.666,0
2024-12-20 16:00,8.3,4.97,0,0.0375,0.08,18.589,0
2024-12-20 16:30,8.15,5.06,0,0.0375,0.08,18.512,0
2024-12-20 17:00,8.0,5.14,0,0.0375,0.08,18.434,0
2024-12-20 17:30,7.95,4.9,1,0.0375,12.08,19.07,1
2024-12-20 18:00,7.9,4.67,1,0.0375,12.08,19.701,1
2024-12-20 18:30,7.5,4.68,1,0.0375,6.630594,20.0,1
2024-12-20 19:00,7.1,4.69,1,1.4125,0.152615,20.0,1
2024-12-20 19:30,7.0,4.71,1,0.975,0.657054,20.0,1
2024-12-20 20:00,6.9,4.72,1,1.9125,0.08,20.028,0
2024-12-20 20:30,6.85,4.49,1,1.1,0.08,20.0,0
2024-12-20 21:00,6.8,4.25,1,0.0375,1.732186,20.0,1
2024-12-20 21:30,6.7,4.15,1,1.3375,0.288348,20.0,1
2024-12-20 22:00,6.6,4.06,1,0.1625,1.621439,20.0,1
2024-12-20 22:30,6.4,4.04,1,0.1625,1.64717,20.0,1
2024-12-20 23:00,6.2,4.03,1,0.0375,0.08,19.897,0
2024-12-20 23:30,6.35,3.96,1,0.0375,0.08,19.796,0
2024-12-21 00:00,6.5,3.89,1,0.0375,0.08,19.696,0
2024-12-21 00:30,6.85,3.99,1,0.0375,0.08,19.601,0
2024-12-21 01:00,7.2,4.08,1,0.0375,0.08,19.508,0
2024-12-21 01:30,7.2,5.06,1,0.0375,0.08,19.417,0
2024-12-21 02:00,7.2,6.03,1,0.0375,0.08,19.326,0
2024-12-21 02:30,7.15,6.07,1,0.0375,0.08,19.235,0
2024-12-21 03:00,7.1,6.11,1,0.0375,0.08,19.144,0
2024-12-21 03:30,6.8,5.53,1,1.2875,0.08,19.136,0
2024-12-21 04:00,6.5,4.94,1,0.0375,0.08,19.042,0
2024-12-21 04:30,6.45,4.76,1,0.0375,0.08,18.948,0
2024-12-21 05:00,6.4,4.58,1,0.0375,0.08,18.854,0
2024-12-21 05:30,6.65,4.65,1,0.0375,0.08,18.763,0
2024-12-21 06:00,6.9,4.72,1,0.0375,0.08,18.675,0
2024-12-21 06:30,7.25,5.25,1,0.0375,0.08,18.59,0
2024-12-21 07:00,7.6,5.78,1,0.0375,12.08,19.223,1
2024-12-21 07:30,7.9,5.86,1,0.0375,12.08,19.852,1
2024-12-21 08:00,8.2,5.94,1,0.1625,3.879547,20.0,1
2024-12-21 08:30,8.7,6.4,1,0.0375,0.08,19.916,0
2024-12-21 09:00,9.2,6.86,1,0.0375,0.08,19.836,0
2024-12-21 09:30,10.05,8.0,1,0.0375,0.08,19.764,0
2024-12-21 10:00,10.9,9.14,1,0.0375,0.08,19.699,0
2024-12-21 10:30,11.05,9.89,1,0.0375,0.08,19.635,0
2024-12-21 11:00,11.2,10.64,1,0.0375,0.08,19.573,0
2024-12-21 11:30,10.95,10.54,1,0.0375,0.08,19.51,0
2024-12-21 12:00,10.7,10.44,1,0.0375,0.08,19.445,0
2024-12-21 12:30,10.75,11.21,1,1.0875,0.08,19.451,0
2024-12-21 13:00,10.8,11.97,1,0.0375,0.08,19.387,0
2024-12-21 13:30,10.35,11.5,1,0.0375,0.08,19.32,0
2024-12-21 14:00,9.9,11.03,1,0.0375,0.08,19.251,0
2024-12-21 14:30,9.5,11.1,1,0.1625,0.08,19.187,0
2024-12-21 15:00,9.1,11.17,1,1.1,0.08,19.183,0
2024-12-21 15:30,8.7,11.01,1,0.975,0.08,19.168,0
2024-12-21 16:00,8.3,10.86,1,0.0375,0.08,19.088,0
2024-12-21 16:30,8.2,10.79,1,0.0375,0.08,19.007,0
2024-12-21 17:00,8.1,10.72,1,0.0375,0.08,18.926,0
2024-12-21 17:30,7.85,10.69,1,1.0875,12.08,19.628,1
2024-12-21 18:00,7.6,10.67,1,0.0375,7.845172,20.0,1
2024-12-21 18:30,7.25,10.33,1,1.2875,0.273766,20.0,1
2024-12-21 19:00,6.9,10.0,1,0.1625,1.582841,20.0,1
2024-12-21 19:30,6.65,9.89,1,0.0375,1.755455,20.0,1
2024-12-21 20:00,6.4,9.78,1,0.0375,1.78762,20.0,1
2024-12-21 20:30,6.1,9.6,1,0.975,0.772846,20.0,1
2024-12-21 21:00,5.8,9.42,1,0.975,0.811444,20.0,1
2024-12-21 21:30,5.8,9.29,1,1.4125,0.319871,20.0,1
2024-12-21 22:00,5.8,9.17,1,0.870833,0.928485,20.0,1
2024-12-21 22:30,5.5,8.93,1,0.995833,0.826633,20.0,1
2024-12-21 23:00,5.2,8.69,1,0.870833,0.08,19.945,0
2024-12-21 23:30,5.25,8.56,1,0.0375,0.08,19.835,0
2024-12-22 00:00,5.3,8.42,1,0.0375,0.08,19.726,0
2024-12-22 00:30,5.0,7.86,1,1.2875,0.08,19.7,0
2024-12-22 01:00,4.7,7.31,1,0.0375,0.08,19.587,0
2024-12-22 01:30,4.65,7.33,1,0.0375,0.08,19.475,0
2024-12-22 02:00,4.6,7.36,1,0.0375,0.08,19.364,0
2024-12-22 02:30,4.45,7.53,1,0.0375,0.08,19.252,0
2024-12-22 03:00,4.3,7.69,1,0.0375,0.08,19.14,0
2024-12-22 03:30,4.0,7.88,1,0.0375,0.08,19.027,0
2024-12-22 04:00,3.7,8.06,1,0.0375,0.08,18.912,0
2024-12-22 04:30,3.7,7.88,1,0.0375,0.08,18.798,0
2024-12-22 05:00,3.7,7.69,1,0.0375,0.08,18.685,0
2024-12-22 05:30,3.65,7.92,1,0.0375,0.08,18.573,0
2024-12-22 06:00,3.6,8.14,1,0.0375,0.08,18.461,0
2024-12-22 06:30,3.5,7.82,1,0.0375,0.08,18.349,0
2024-12-22 07:00,3.4,7.5,1,0.0375,12.08,18.951,1
2024-12-22 07:30,3.45,7.75,1,0.0375,12.08,19.548,1
2024-12-22 08:00,3.5,8.0,1,0.870833,8.757354,20.0,1
2024-12-22 08:30,3.25,7.74,1,1.933333,0.08,20.001,0
2024-12-22 09:00,3.0,7.47,1,3.995833,0.08,20.138,0
2024-12-22 09:30,3.45,7.4,1,0.975,0.08,20.075,0
2024-12-22 10:00,3.9,7.33,1,0.0375,0.08,19.954,0
2024-12-22 10:30,4.2,7.36,1,0.1625,0.08,19.844,0
2024-12-22 11:00,4.5,7.39,1,0.0375,0.08,19.729,0
2024-12-22 11:30,4.8,6.1,1,1.2875,0.08,19.701,0
2024-12-22 12:00,5.1,4.81,1,0.0375,0.08,19.592,0
2024-12-22 12:30,4.85,5.32,1,0.1625,0.08,19.49,0
2024-12-22 13:00,4.6,5.83,1,0.0375,0.08,19.379,0
2024-12-22 13:30,5.45,7.22,1,0.0375,0.08,19.274,0
2024-12-22 14:00,6.3,8.61,1,0.0375,0.08,19.178,0
2024-12-22 14:30,6.4,8.92,1,0.0375,0.08,19.082,0
2024-12-22 15:00,6.5,9.22,1,0.0375,0.08,18.989,0
2024-12-22 15:30,6.5,9.35,1,0.0375,0.08,18.895,0
2024-12-22 16:00,6.5,9.47,1,0.0375,0.08,18.803,0
2024-12-22 16:30,6.0,9.06,1,0.0375,0.08,18.708,0
2024-12-22 17:00,5.5,8.64,1,0.0375,0.08,18.609,0
2024-12-22 17:30,5.85,8.65,1,0.0375,12.08,19.228,1
2024-12-22 18:00,6.2,8.67,1,0.0375,12.08,19.844,1
2024-12-22 18:30,6.15,8.67,1,0.1625,4.273367,20.0,1
2024-12-22 19:00,6.1,8.67,1,1.0875,0.646442,20.0,1
2024-12-22 19:30,6.0,8.43,1,0.1625,1.698634,20.0,1
2024-12-22 20:00,5.9,8.19,1,0.0375,1.851949,20.0,1
2024-12-22 20:30,5.8,7.9,1,0.1625,1.724365,20.0,1
2024-12-22 21:00,5.7,7.61,1,1.0875,0.697905,20.0,1
2024-12-22 21:30,5.55,7.44,1,0.0375,1.896979,20.0,1
2024-12-22 22:00,5.4,7.28,1,0.0375,1.916278,20.0,1
2024-12-22 22:30,5.3,7.12,1,0.0375,1.929144,20.0,1
2024-12-22 23:00,5.2,6.97,1,0.0375,0.08,19.889,0
2024-12-22 23:30,5.05,6.74,1,0.0375,0.08,19.778,0
2024-12-23 00:00,4.9,6.5,1,0.0375,0.08,19.667,0
2024-12-23 00:30,4.85,6.47,1,0.0375,0.08,19.556,0
2024-12-23 01:00,4.8,6.44,1,0.0375,0.08,19.445,0
2024-12-23 01:30,4.8,6.38,1,0.0375,0.08,19.336,0
2024-12-23 02:00,4.8,6.31,1,0.0375,0.08,19.227,0
2024-12-23 02:30,4.6,6.19,1,0.0375,0.08,19.118,0
2024-12-23 03:00,4.4,6.08,1,0.0375,0.08,19.007,0
2024-12-23 03:30,4.3,5.94,1,0.0375,0.08,18.897,0
2024-12-23 04:00,4.2,5.81,1,0.0375,0.08,18.787,0
2024-12-23 04:30,4.0,5.62,1,0.0375,0.08,18.677,0
2024-12-23 05:00,3.8,5.44,1,0.0375,0.08,18.565,0
2024-12-23 05:30,3.65,5.31,1,0.0375,0.08,18.454,0
2024-12-23 06:00,3.5,5.17,1,0.0375,0.08,18.342,0
2024-12-23 06:30,3.35,5.0,1,0.0375,0.08,18.23,0
2024-12-23 07:00,3.2,4.83,1,1.4125,12.08,18.923,1
2024-12-23 07:30,3.15,4.65,1,0.0375,12.08,19.519,1
2024-12-23 08:00,3.1,4.47,1,1.3375,8.782836,20.0,1
2024-12-23 08:30,3.1,4.22,0,0.0375,0.08,19.873,0
2024-12-23 09:00,3.1,3.97,0,0.0375,0.08,19.747,0
2024-12-23 09:30,3.7,3.82,0,0.0375,0.08,19.627,0
2024-12-23 10:00,4.3,3.67,0,0.0375,0.08,19.512,0
2024-12-23 10:30,4.65,3.68,0,0.0375,0.08,19.401,0
2024-12-23 11:00,5.0,3.69,0,0.0375,0.08,19.293,0
2024-12-23 11:30,5.1,3.53,0,0.0375,0.08,19.187,0
2024-12-23 12:00,5.2,3.36,0,0.0375,0.08,19.082,0
2024-12-23 12:30,5.45,3.37,0,0.0375,0.08,18.981,0
2024-12-23 13:00,5.7,3.39,0,0.0375,0.08,18.882,0
2024-12-23 13:30,5.7,3.21,0,0.0375,0.08,18.783,0
2024-12-23 14:00,5.7,3.03,0,0.0375,0.08,18.685,0
2024-12-23 14:30,5.75,2.82,0,0.0375,0.08,18.589,0
2024-12-23 15:00,5.8,2.61,0,0.0375,0.08,18.494,0
2024-12-23 15:30,5.75,2.51,0,0.0375,0.08,18.399,0
2024-12-23 16:00,5.7,2.42,0,0.0375,0.08,18.304,0
2024-12-23 16:30,5.65,2.04,0,0.0375,0.08,18.21,0
2024-12-23 17:00,5.6,1.67,0,0.0375,0.08,18.116,0
2024-12-23 17:30,5.6,1.86,1,0.0375,12.08,18.736,1
2024-12-23 18:00,5.6,2.06,1,1.3375,12.08,19.439,1
2024-12-23 18:30,5.65,2.0,1,3.525,7.324906,20.0,1
2024-12-23 19:00,5.7,1.94,1,2.025,0.08,20.026,0
2024-12-23 19:30,5.85,1.56,1,0.2875,1.145351,20.0,1
2024-12-23 20:00,6.0,1.17,1,0.0375,1.839083,20.0,1
2024-12-23 20:30,6.65,1.86,1,0.1625,1.615006,20.0,1
2024-12-23 21:00,7.3,2.56,1,0.0375,1.671827,20.0,1
2024-12-23 21:30,8.0,3.54,1,0.0375,1.581766,20.0,1
2024-12-23 22:00,8.7,4.53,1,0.0375,1.491705,20.0,1
2024-12-23 22:30,8.95,4.69,1,0.0375,1.459541,20.0,1
2024-12-23 23:00,9.2,4.86,1,1.2875,0.08,20.003,0
2024-12-23 23:30,9.4,4.51,1,0.0375,0.08,19.925,0
2024-12-24 00:00,9.6,4.17,1,0.0375,0.08,19.848,0
2024-12-24 00:30,9.55,3.71,1,0.0375,0.08,19.772,0
2024-12-24 01:00,9.5,3.25,1,0.0375,0.08,19.696,0
2024-12-24 01:30,9.9,3.75,1,1.2875,0.08,19.707,0
2024-12-24 02:00,10.3,4.25,1,0.0375,0.08,19.637,0
2024-12-24 02:30,10.6,4.43,1,0.0375,0.08,19.571,0
2024-12-24 03:00,10.9,4.61,1,0.0375,0.08,19.507,0
2024-12-24 03:30,11.1,4.31,1,0.0375,0.08,19.445,0
2024-12-24 04:00,11.3,4.0,1,1.2875,0.08,19.469,0
2024-12-24 04:30,11.35,3.96,1,0.0375,0.08,19.409,0
2024-12-24 05:00,11.4,3.92,1,0.0375,0.08,19.35,0
2024-12-24 05:30,11.55,4.21,1,0.0375,0.08,19.293,0
2024-12-24 06:00,11.7,4.5,1,0.0375,0.08,19.237,0
2024-12-24 06:30,11.75,4.36,1,0.0375,0.08,19.183,0
2024-12-24 07:00,11.8,4.22,1,1.0875,12.08,19.913,1
2024-12-24 07:30,11.75,4.14,1,0.2875,2.273302,20.0,1
2024-12-24 08:00,11.7,4.06,1,0.0375,1.10573,20.0,1
2024-12-24 08:30,11.75,4.17,0,0.0375,0.08,19.939,0
2024-12-24 09:00,11.8,4.28,0,0.0375,0.08,19.88,0
2024-12-24 09:30,11.8,4.65,0,0.0375,0.08,19.82,0
2024-12-24 10:00,11.8,5.03,0,0.0375,0.08,19.761,0
2024-12-24 10:30,11.9,5.43,0,0.0375,0.08,19.704,0
2024-12-24 11:00,12.0,5.83,0,0.0375,0.08,19.647,0
2024-12-24 11:30,12.1,5.83,0,0.0375,0.08,19.592,0
2024-12-24 12:00,12.2,5.83,0,0.0375,0.08,19.538,0
2024-12-24 12:30,12.5,6.06,0,0.0375,0.08,19.487,0
2024-12-24 13:00,12.8,6.28,0,0.0375,0.08,19.438,0
2024-12-24 13:30,12.8,6.03,0,0.0375,0.08,19.39,0
2024-12-24 14:00,12.8,5.78,0,0.0375,0.08,19.342,0
2024-12-24 14:30,12.7,5.54,0,0.0375,0.08,19.293,0
2024-12-24 15:00,12.6,5.31,0,0.0375,0.08,19.245,0
2024-12-24 15:30,12.45,5.21,0,0.0375,0.08,19.195,0
2024-12-24 16:00,12.3,5.11,0,0.0375,0.08,19.145,0
2024-12-24 16:30,12.25,5.14,0,0.0375,0.08,19.095,0
2024-12-24 17:00,12.2,5.17,0,0.0375,0.08,19.044,0
2024-12-24 17:30,12.1,4.92,1,1.0875,12.08,19.778,1
2024-12-24 18:00,12.0,4.67,1,0.0375,4.774899,20.0,1
2024-12-24 18:30,11.8,4.46,1,1.5875,0.08,20.043,0
2024-12-24 19:00,11.6,4.25,1,1.3375,0.08,20.068,0
2024-12-24 19:30,11.45,4.04,1,1.2875,0.08,20.088,0
2024-12-24 20:00,11.3,3.83,1,0.0375,0.08,20.023,0
2024-12-24 20:30,11.15,3.68,1,0.975,0.08,20.021,0
2024-12-24 21:00,11.0,3.53,1,0.975,0.08,20.017,0
2024-12-24 21:30,10.85,3.26,1,0.870833,0.08,20.005,0
2024-12-24 22:00,10.7,3.0,1,0.995833,0.08,20.0,0
2024-12-24 22:30,10.65,2.86,1,0.995833,0.15997,20.0,1
2024-12-24 23:00,10.6,2.72,1,0.0375,0.08,19.931,0
2024-12-24 23:30,10.7,2.75,1,0.0375,0.08,19.862,0
2024-12-25 00:00,10.8,2.78,1,0.0375,0.08,19.796,0
2024-12-25 00:30,10.1,2.42,1,0.0375,0.08,19.724,0
2024-12-25 01:00,9.4,2.06,1,0.0375,0.08,19.647,0
2024-12-25 01:30,9.4,2.08,1,0.0375,0.08,19.571,0
2024-12-25 02:00,9.4,2.11,1,0.0375,0.08,19.496,0
2024-12-25 02:30,9.45,2.12,1,0.0375,0.08,19.422,0
2024-12-25 03:00,9.5,2.14,1,0.0375,0.08,19.348,0
2024-12-25 03:30,9.45,2.01,1,0.0375,0.08,19.275,0
2024-12-25 04:00,9.4,1.89,1,0.0375,0.08,19.202,0
2024-12-25 04:30,9.3,1.76,1,0.0375,0.08,19.129,0
2024-12-25 05:00,9.2,1.64,1,0.0375,0.08,19.055,0
2024-12-25 05:30,8.9,1.44,1,0.0375,0.08,18.98,0
2024-12-25 06:00,8.6,1.25,1,0.0375,0.08,18.903,0
2024-12-25 06:30,8.2,1.25,1,1.2875,0.08,18.907,0
2024-12-25 07:00,7.8,1.25,1,0.0375,12.08,19.539,1
2024-12-25 07:30,8.2,1.24,1,2.35,6.655629,20.0,1
2024-12-25 08:00,8.6,1.22,1,2.025,0.08,20.048,0
2024-12-25 08:30,8.8,1.42,0,0.0375,0.08,19.965,0
2024-12-25 09:00,9.0,1.61,0,0.0375,0.08,19.883,0
2024-12-25 09:30,9.35,1.72,0,0.0375,0.08,19.805,0
2024-12-25 10:00,9.7,1.83,0,0.0375,0.08,19.73,0
2024-12-25 10:30,10.15,1.96,0,0.0375,0.08,19.659,0
2024-12-25 11:00,10.6,2.08,0,0.0375,0.08,19.592,0
2024-12-25 11:30,10.75,2.43,0,0.0375,0.08,19.527,0
2024-12-25 12:00,10.9,2.78,0,0.0375,0.08,19.464,0
2024-12-25 12:30,10.95,2.85,0,0.0375,0.08,19.401,0
2024-12-25 13:00,11.0,2.92,0,0.0375,0.08,19.339,0
2024-12-25 13:30,10.95,3.14,0,0.0375,0.08,19.278,0
2024-12-25 14:00,10.9,3.36,0,0.0375,0.08,19.216,0
2024-12-25 14:30,10.7,2.94,0,0.0375,0.08,19.153,0
2024-12-25 15:00,10.5,2.53,0,0.0375,0.08,19.09,0
2024-12-25 15:30,10.1,2.18,0,0.0375,0.08,19.023,0
2024-12-25 16:00,9.7,1.83,0,0.0375,0.08,18.954,0
2024-12-25 16:30,8.95,1.53,0,0.0375,0.08,18.88,0
2024-12-25 17:00,8.2,1.22,0,0.0375,0.08,18.801,0
2024-12-25 17:30,8.0,1.17,1,0.0375,12.08,19.435,1
2024-12-25 18:00,7.8,1.11,1,0.0375,11.033998,20.0,1
2024-12-25 18:30,7.8,1.21,1,2.15,0.08,20.05,0
2024-12-25 19:00,7.8,1.31,1,1.1,0.08,20.03,0
2024-12-25 19:30,7.6,1.43,1,0.0375,1.131158,20.0,1
2024-12-25 20:00,7.4,1.56,1,0.2875,1.378062,20.0,1
2024-12-25 20:30,7.55,1.36,1,0.0375,1.639662,20.0,1
2024-12-25 21:00,7.7,1.17,1,0.0375,1.620364,20.0,1
2024-12-25 21:30,7.65,0.97,1,0.870833,0.690467,20.0,1
2024-12-25 22:00,7.6,0.78,1,2.245833,0.08,20.055,0
2024-12-25 22:30,7.05,0.92,1,0.870833,0.08,20.014,0
2024-12-25 23:00,6.5,1.06,1,0.0375,0.08,19.913,0
2024-12-25 23:30,6.1,1.14,1,0.0375,0.08,19.81,0
2024-12-26 00:00,5.7,1.22,1,0.0375,0.08,19.704,0
2024-12-26 00:30,5.1,1.14,1,0.0375,0.08,19.595,0
2024-12-26 01:00,4.5,1.06,1,0.0375,0.08,19.482,0
2024-12-26 01:30,4.6,0.99,1,1.2875,0.08,19.454,0
2024-12-26 02:00,4.7,0.92,1,0.0375,0.08,19.344,0
2024-12-26 02:30,4.7,0.92,1,0.0375,0.08,19.234,0
2024-12-26 03:00,4.7,0.92,1,0.0375,0.08,19.125,0
2024-12-26 03:30,4.8,1.21,1,0.0375,0.08,19.018,0
2024-12-26 04:00,4.9,1.5,1,0.0375,0.08,18.913,0
2024-12-26 04:30,4.95,1.5,1,0.0375,0.08,18.808,0
2024-12-26 05:00,5.0,1.5,1,0.0375,0.08,18.705,0
2024-12-26 05:30,5.35,1.47,1,0.0375,0.08,18.605,0
2024-12-26 06:00,5.7,1.44,1,0.0375,0.08,18.509,0
2024-12-26 06:30,5.85,1.61,1,1.2875,0.08,18.498,0
2024-12-26 07:00,6.0,1.78,1,0.0375,12.08,19.119,1
2024-12-26 07:30,5.9,1.76,1,0.0375,12.08,19.734,1
2024-12-26 08:00,5.8,1.75,1,0.0375,6.297571,20.0,1
2024-12-26 08:30,5.8,1.88,0,0.0375,0.08,19.894,0
2024-12-26 09:00,5.8,2.0,0,0.0375,0.08,19.788,0
2024-12-26 09:30,6.05,2.22,0,0.0375,0.08,19.686,0
2024-12-26 10:00,6.3,2.44,0,0.0375,0.08,19.586,0
2024-12-26 10:30,6.75,2.38,0,0.0375,0.08,19.49,0
2024-12-26 11:00,7.2,2.31,0,0.0375,0.08,19.399,0
2024-12-26 11:30,7.6,2.01,0,0.0375,0.08,19.311,0
2024-12-26 12:00,8.0,1.72,0,0.0375,0.08,19.227,0
2024-12-26 12:30,7.75,1.56,0,0.0375,0.08,19.141,0
2024-12-26 13:00,7.5,1.39,0,0.0375,0.08,19.055,0
2024-12-26 13:30,7.45,1.35,0,0.0375,0.08,18.968,0
2024-12-26 14:00,7.4,1.31,0,0.0375,0.08,18.882,0
2024-12-26 14:30,7.1,1.49,0,0.0375,0.08,18.795,0
2024-12-26 15:00,6.8,1.67,0,0.0375,0.08,18.705,0
2024-12-26 15:30,6.5,1.76,0,0.0375,0.08,18.614,0
2024-12-26 16:00,6.2,1.86,0,0.0375,0.08,18.522,0
2024-12-26 16:30,6.15,1.82,0,0.0375,0.08,18.43,0
2024-12-26 17:00,6.1,1.78,0,0.0375,0.08,18.338,0
2024-12-26 17:30,6.1,1.61,1,1.0875,12.08,19.031,1
2024-12-26 18:00,6.1,1.44,1,0.975,12.08,19.711,1
2024-12-26 18:30,6.15,1.31,1,0.975,5.587943,20.0,1
2024-12-26 19:00,6.2,1.17,1,0.1625,1.672902,20.0,1
2024-12-26 19:30,6.15,1.07,1,0.1625,1.679335,20.0,1
2024-12-26 20:00,6.1,0.97,1,0.995833,0.749438,20.0,1
2024-12-26 20:30,6.0,1.06,1,1.120833,0.621855,20.0,1
2024-12-26 21:00,5.9,1.14,1,2.170833,0.08,20.037,0
2024-12-26 21:30,5.75,1.15,1,1.3375,0.08,20.017,0
2024-12-26 22:00,5.6,1.17,1,1.2125,0.282842,20.0,1
2024-12-26 22:30,5.6,1.39,1,0.0375,1.890546,20.0,1
2024-12-26 23:00,5.6,1.61,1,0.0375,0.08,19.892,0
2024-12-26 23:30,5.55,1.58,1,1.2875,0.08,19.869,0
2024-12-27 00:00,5.5,1.56,1,0.0375,0.08,19.761,0
2024-12-27 00:30,4.4,1.0,1,0.0375,0.08,19.646,0
2024-12-27 01:00,3.3,0.44,1,0.0375,0.08,19.523,0
2024-12-27 01:30,3.2,0.71,1,0.0375,0.08,19.401,0
2024-12-27 02:00,3.1,0.97,1,0.0375,0.08,19.279,0
2024-12-27 02:30,3.1,1.18,1,0.0375,0.08,19.157,0
2024-12-27 03:00,3.1,1.39,1,0.0375,0.08,19.037,0
2024-12-27 03:30,3.05,1.44,1,0.0375,0.08,18.917,0
2024-12-27 04:00,3.0,1.5,1,1.2875,0.08,18.881,0
2024-12-27 04:30,3.15,1.68,1,0.0375,0.08,18.763,0
2024-12-27 05:00,3.3,1.86,1,0.0375,0.08,18.648,0
2024-12-27 05:30,3.4,1.93,1,0.0375,0.08,18.533,0
2024-12-27 06:00,3.5,2.0,1,0.0375,0.08,18.421,0
2024-12-27 06:30,3.65,2.07,1,0.0375,0.08,18.31,0
2024-12-27 07:00,3.8,2.14,1,0.0375,12.08,18.916,1
2024-12-27 07:30,3.9,1.89,1,0.0375,12.08,19.517,1
2024-12-27 08:00,4.0,1.64,1,0.0375,10.150951,20.0,1
2024-12-27 08:30,4.15,1.38,0,0.0375,0.08,19.881,0
2024-12-27 09:00,4.3,1.11,0,0.0375,0.08,19.764,0
2024-12-27 09:30,4.8,0.83,0,0.0375,0.08,19.652,0
2024-12-27 10:00,5.3,0.56,0,0.0375,0.08,19.545,0
2024-12-27 10:30,5.9,0.46,0,0.0375,0.08,19.443,0
2024-12-27 11:00,6.5,0.36,0,0.0375,0.08,19.347,0
2024-12-27 11:30,7.0,0.44,0,0.0375,0.08,19.255,0
2024-12-27 12:00,7.5,0.53,0,0.0375,0.08,19.167,0
2024-12-27 12:30,6.85,0.57,0,0.0375,0.08,19.075,0
2024-12-27 13:00,6.2,0.61,0,0.0375,0.08,18.979,0
2024-12-27 13:30,6.3,0.46,0,0.0375,0.08,18.885,0
2024-12-27 14:00,6.4,0.31,0,0.0375,0.08,18.792,0
2024-12-27 14:30,6.4,0.22,0,0.0375,0.08,18.699,0
2024-12-27 15:00,6.4,0.14,0,0.0375,0.08,18.608,0
2024-12-27 15:30,6.2,0.64,0,0.0375,0.08,18.515,0
2024-12-27 16:00,6.0,1.14,0,0.0375,0.08,18.422,0
2024-12-27 16:30,5.8,1.44,0,0.0375,0.08,18.328,0
2024-12-27 17:00,5.6,1.75,0,0.0375,0.08,18.233,0
2024-12-27 17:30,5.55,1.78,1,0.975,12.08,18.915,1
2024-12-27 18:00,5.5,1.81,1,1.1,12.08,19.6,1
2024-12-27 18:30,5.35,1.65,1,0.2875,8.31899,20.0,1
2024-12-27 19:00,5.2,1.5,1,1.0875,0.762234,20.0,1
2024-12-27 19:30,5.0,1.31,1,0.0375,1.967741,20.0,1
2024-12-27 20:00,4.8,1.11,1,1.245833,0.635795,20.0,1
2024-12-27 20:30,4.7,1.11,1,2.858333,0.08,20.074,0
2024-12-27 21:00,4.6,1.11,1,1.808333,0.08,20.076,0
2024-12-27 21:30,4.55,1.15,1,0.0375,0.751349,20.0,1
2024-12-27 22:00,4.5,1.19,1,2.5375,0.08,20.051,0
2024-12-27 22:30,4.55,1.24,1,0.0375,1.175279,20.0,1
2024-12-27 23:00,4.6,1.28,1,0.0375,0.08,19.885,0
2024-12-27 23:30,4.8,1.4,1,0.0375,0.08,19.772,0
2024-12-28 00:00,5.0,1.53,1,0.0375,0.08,19.661,0
2024-12-28 00:30,3.9,1.21,1,0.0375,0.08,19.543,0
2024-12-28 01:00,2.8,0.89,1,0.0375,0.08,19.417,0
2024-12-28 01:30,2.65,0.9,1,0.0375,0.08,19.292,0
2024-12-28 02:00,2.5,0.92,1,0.0375,0.08,19.165,0
2024-12-28 02:30,2.55,0.72,1,0.0375,0.08,19.041,0
2024-12-28 03:00,2.6,0.53,1,0.0375,0.08,18.917,0
2024-12-28 03:30,2.85,0.67,1,0.0375,0.08,18.797,0
2024-12-28 04:00,3.1,0.81,1,0.0375,0.08,18.679,0
2024-12-28 04:30,3.3,0.93,1,0.0375,0.08,18.564,0
2024-12-28 05:00,3.5,1.06,1,0.0375,0.08,18.451,0
2024-12-28 05:30,3.7,1.21,1,0.0375,0.08,18.341,0
2024-12-28 06:00,3.9,1.36,1,0.0375,0.08,18.233,0
2024-12-28 06:30,4.05,1.32,1,0.0375,0.08,18.127,0
2024-12-28 07:00,4.2,1.28,1,0.0375,12.08,18.737,1
2024-12-28 07:30,4.0,1.26,1,0.0375,12.08,19.34,1
2024-12-28 08:00,3.8,1.25,1,0.0375,12.08,19.938,1
2024-12-28 08:30,3.85,1.33,1,0.0375,0.08,19.817,0
2024-12-28 09:00,3.9,1.42,1,0.0375,0.08,19.698,0
2024-12-28 09:30,4.75,1.6,1,0.0375,0.08,19.586,0
2024-12-28 10:00,5.6,1.78,1,0.0375,0.08,19.481,0
2024-12-28 10:30,6.25,1.76,1,0.0375,0.08,19.383,0
2024-12-28 11:00,6.9,1.75,1,0.0375,0.08,19.29,0
2024-12-28 11:30,7.4,2.15,1,0.0375,0.08,19.201,0
2024-12-28 12:00,7.9,2.56,1,0.0375,0.08,19.117,0
2024-12-28 12:30,7.5,2.01,1,1.4125,0.08,19.123,0
2024-12-28 13:00,7.1,1.47,1,1.0875,0.08,19.103,0
2024-12-28 13:30,7.35,1.69,1,1.0875,0.08,19.086,0
2024-12-28 14:00,7.6,1.92,1,0.0375,0.08,19.001,0
2024-12-28 14:30,7.4,1.38,1,1.2875,0.08,18.998,0
2024-12-28 15:00,7.2,0.83,1,1.1,0.08,18.981,0
2024-12-28 15:30,6.75,1.03,1,0.975,0.08,18.953,0
2024-12-28 16:00,6.3,1.22,1,0.0375,0.08,18.858,0
2024-12-28 16:30,6.55,1.83,1,0.1625,0.08,18.775,0
2024-12-28 17:00,6.8,2.44,1,0.2875,0.08,18.702,0
2024-12-28 17:30,6.85,2.68,1,0.0375,12.08,19.328,1
2024-12-28 18:00,6.9,2.92,1,1.4125,11.384458,20.0,1
2024-12-28 18:30,7.0,3.03,1,0.0375,1.710425,20.0,1
2024-12-28 19:00,7.1,3.14,1,0.0375,1.697559,20.0,1
2024-12-28 19:30,7.05,3.12,1,0.0375,1.703992,20.0,1
2024-12-28 20:00,7.0,3.11,1,0.0375,1.710425,20.0,1
2024-12-28 20:30,7.15,2.83,1,0.0375,1.691126,20.0,1
2024-12-28 21:00,7.3,2.56,1,0.0375,1.671827,20.0,1
2024-12-28 21:30,7.45,2.61,1,0.0375,1.652528,20.0,1
2024-12-28 22:00,7.6,2.67,1,0.0375,1.63323,20.0,1
2024-12-28 22:30,7.65,2.74,1,0.0375,1.626797,20.0,1
2024-12-28 23:00,7.7,2.81,1,0.0375,0.08,19.908,0
2024-12-28 23:30,7.8,2.96,1,0.0375,0.08,19.818,0
2024-12-29 00:00,7.9,3.11,1,0.0375,0.08,19.729,0
2024-12-29 00:30,7.7,3.43,1,0.0375,0.08,19.64,0
2024-12-29 01:00,7.5,3.75,1,0.0375,0.08,19.549,0
2024-12-29 01:30,7.6,3.67,1,0.0375,0.08,19.461,0
2024-12-29 02:00,7.7,3.58,1,0.0375,0.08,19.373,0
2024-12-29 02:30,7.85,3.43,1,0.0375,0.08,19.287,0
2024-12-29 03:00,8.0,3.28,1,0.0375,0.08,19.203,0
2024-12-29 03:30,7.85,3.42,1,0.0375,0.08,19.119,0
2024-12-29 04:00,7.7,3.56,1,0.0375,0.08,19.034,0
2024-12-29 04:30,7.8,3.76,1,0.0375,0.08,18.951,0
2024-12-29 05:00,7.9,3.97,1,0.0375,0.08,18.869,0
2024-12-29 05:30,7.9,4.01,1,0.0375,0.08,18.787,0
2024-12-29 06:00,7.9,4.06,1,0.0375,0.08,18.706,0
2024-12-29 06:30,7.75,3.96,1,0.0375,0.08,18.625,0
2024-12-29 07:00,7.6,3.86,1,0.0375,12.08,19.257,1
2024-12-29 07:30,7.35,3.62,1,0.0375,12.08,19.882,1
2024-12-29 08:00,7.1,3.39,1,0.2875,3.380572,20.0,1
2024-12-29 08:30,7.05,3.4,1,0.0375,0.08,19.903,0
2024-12-29 09:00,7.0,3.42,1,0.0375,0.08,19.807,0
2024-12-29 09:30,7.5,3.67,1,0.0375,0.08,19.715,0
2024-12-29 10:00,8.0,3.92,1,0.0375,0.08,19.628,0
2024-12-29 10:30,8.25,4.07,1,0.0375,0.08,19.544,0
2024-12-29 11:00,8.5,4.22,1,0.0375,0.08,19.462,0
2024-12-29 11:30,8.6,4.12,1,0.0375,0.08,19.381,0
2024-12-29 12:00,8.7,4.03,1,0.0375,0.08,19.302,0
2024-12-29 12:30,8.95,4.24,1,0.0375,0.08,19.225,0
2024-12-29 13:00,9.2,4.44,1,0.0375,0.08,19.151,0
2024-12-29 13:30,9.15,4.9,1,1.0875,0.08,19.147,0
2024-12-29 14:00,9.1,5.36,1,0.0375,0.08,19.073,0
2024-12-29 14:30,9.15,5.57,1,0.0375,0.08,18.999,0
2024-12-29 15:00,9.2,5.78,1,0.0375,0.08,18.927,0
2024-12-29 15:30,9.15,5.83,1,0.1625,0.08,18.863,0
2024-12-29 16:00,9.1,5.89,1,0.0375,0.08,18.79,0
2024-12-29 16:30,9.05,5.67,1,0.0375,0.08,18.718,0
2024-12-29 17:00,9.0,5.44,1,0.975,0.08,18.709,0
2024-12-29 17:30,9.05,5.24,1,2.025,12.08,19.485,1
2024-12-29 18:00,9.1,5.03,1,0.1625,9.898069,20.0,1
2024-12-29 18:30,8.9,4.97,1,0.0375,1.465974,20.0,1
2024-12-29 19:00,8.7,4.92,1,2.35,0.08,20.071,0
2024-12-29 19:30,8.65,5.12,1,0.975,0.08,20.048,0
2024-12-29 20:00,8.6,5.33,1,0.0375,0.698033,20.0,1
2024-12-29 20:30,8.6,5.56,1,0.0375,1.504571,20.0,1
2024-12-29 21:00,8.6,5.78,1,0.1625,1.364122,20.0,1
2024-12-29 21:30,8.6,5.85,1,0.0375,1.504571,20.0,1
2024-12-29 22:00,8.6,5.92,1,1.2875,0.100077,20.0,1
2024-12-29 22:30,8.6,5.96,1,0.0375,1.504571,20.0,1
2024-12-29 23:00,8.6,6.0,1,1.2875,0.08,19.999,0
2024-12-29 23:30,8.65,6.17,1,0.0375,0.08,19.914,0
2024-12-30 00:00,8.7,6.33,1,0.0375,0.08,19.831,0
2024-12-30 00:30,8.9,6.38,1,0.0375,0.08,19.75,0
2024-12-30 01:00,9.1,6.42,1,0.0375,0.08,19.671,0
2024-12-30 01:30,9.15,6.44,1,0.0375,0.08,19.593,0
2024-12-30 02:00,9.2,6.47,1,0.0375,0.08,19.516,0
2024-12-30 02:30,8.95,6.42,1,0.0375,0.08,19.438,0
2024-12-30 03:00,8.7,6.36,1,0.0375,0.08,19.358,0
2024-12-30 03:30,8.6,6.12,1,0.0375,0.08,19.278,0
2024-12-30 04:00,8.5,5.89,1,0.0375,0.08,19.198,0
2024-12-30 04:30,8.45,5.58,1,0.0375,0.08,19.118,0
2024-12-30 05:00,8.4,5.28,1,1.2875,0.08,19.122,0
2024-12-30 05:30,8.35,5.15,1,0.0375,0.08,19.042,0
2024-12-30 06:00,8.3,5.03,1,0.0375,0.08,18.963,0
2024-12-30 06:30,8.3,4.93,1,0.0375,0.08,18.884,0
2024-12-30 07:00,8.3,4.83,1,0.0375,12.08,19.519,1
2024-12-30 07:30,8.15,4.93,1,0.1625,9.4468,20.0,1
2024-12-30 08:00,8.0,5.03,1,0.995833,0.504987,20.0,1
2024-12-30 08:30,8.15,5.29,0,0.870833,0.08,19.968,0
2024-12-30 09:00,8.3,5.56,0,0.870833,0.08,19.936,0
2024-12-30 09:30,8.7,5.85,0,0.0375,0.08,19.853,0
2024-12-30 10:00,9.1,6.14,0,0.0375,0.08,19.773,0
2024-12-30 10:30,9.35,6.47,0,0.0375,0.08,19.696,0
2024-12-30 11:00,9.6,6.81,0,0.0375,0.08,19.621,0
2024-12-30 11:30,9.85,5.93,0,0.0375,0.08,19.549,0
2024-12-30 12:00,10.1,5.06,0,0.0375,0.08,19.479,0
2024-12-30 12:30,10.35,5.86,0,0.0375,0.08,19.412,0
2024-12-30 13:00,10.6,6.67,0,0.0375,0.08,19.347,0
2024-12-30 13:30,10.4,6.69,0,0.0375,0.08,19.281,0
2024-12-30 14:00,10.2,6.72,0,0.0375,0.08,19.214,0
2024-12-30 14:30,9.95,6.47,0,0.0375,0.08,19.145,0
2024-12-30 15:00,9.7,6.22,0,0.0375,0.08,19.076,0
2024-12-30 15:30,9.4,5.83,0,0.0375,0.08,19.004,0
2024-12-30 16:00,9.1,5.44,0,0.0375,0.08,18.931,0
2024-12-30 16:30,8.95,5.14,0,0.0375,0.08,18.857,0
2024-12-30 17:00,8.8,4.83,0,0.0375,0.08,18.782,0
2024-12-30 17:30,8.85,4.89,1,1.2125,12.08,19.501,1
2024-12-30 18:00,8.9,4.94,1,0.1625,9.645059,20.0,1
2024-12-30 18:30,8.95,4.89,1,0.0375,1.459541,20.0,1
2024-12-30 19:00,9.0,4.83,1,2.6625,0.08,20.094,0
2024-12-30 19:30,8.7,4.35,1,0.0375,0.08,20.009,0
2024-12-30 20:00,8.4,3.86,1,1.2125,0.08,20.001,0
2024-12-30 20:30,8.25,3.69,1,0.975,0.47508,20.0,1
2024-12-30 21:00,8.1,3.53,1,0.975,0.51553,20.0,1
2024-12-30 21:30,8.15,3.71,1,0.0375,1.562467,20.0,1
2024-12-30 22:00,8.2,3.89,1,0.0375,1.556035,20.0,1
2024-12-30 22:30,8.4,3.78,1,0.0375,1.530303,20.0,1
2024-12-30 23:00,8.6,3.67,1,0.0375,0.08,19.915,0
2024-12-30 23:30,8.75,3.82,1,0.0375,0.08,19.832,0
2024-12-31 00:00,8.9,3.97,1,0.0375,0.08,19.751,0
2024-12-31 00:30,8.65,4.25,1,0.0375,0.08,19.669,0
2024-12-31 01:00,8.4,4.53,1,0.0375,0.08,19.585,0
2024-12-31 01:30,8.55,4.96,1,0.0375,0.08,19.503,0
2024-12-31 02:00,8.7,5.39,1,0.0375,0.08,19.423,0
2024-12-31 02:30,9.0,5.46,1,0.0375,0.08,19.346,0
2024-12-31 03:00,9.3,5.53,1,0.0375,0.08,19.271,0
2024-12-31 03:30,9.45,5.51,1,0.0375,0.08,19.198,0
2024-12-31 04:00,9.6,5.5,1,0.0375,0.08,19.127,0
2024-12-31 04:30,9.65,5.87,1,0.0375,0.08,19.057,0
2024-12-31 05:00,9.7,6.25,1,0.0375,0.08,18.988,0
2024-12-31 05:30,9.7,6.4,1,0.0375,0.08,18.92,0
2024-12-31 06:00,9.7,6.56,1,1.2875,0.08,18.935,0
2024-12-31 06:30,9.6,6.51,1,0.0375,0.08,18.866,0
2024-12-31 07:00,9.5,6.47,1,1.2875,12.08,19.595,1
2024-12-31 07:30,9.5,6.68,1,1.0875,6.971516,20.0,1
2024-12-31 08:00,9.5,6.89,1,0.0375,1.388779,20.0,1
2024-12-31 08:30,9.5,6.9,0,0.0375,0.08,19.922,0
2024-12-31 09:00,9.5,6.92,0,0.0375,0.08,19.845,0
2024-12-31 09:30,9.75,6.99,0,0.0375,0.08,19.77,0
2024-12-31 10:00,10.0,7.06,0,0.0375,0.08,19.698,0
2024-12-31 10:30,10.3,6.92,0,0.0375,0.08,19.628,0
2024-12-31 11:00,10.6,6.78,0,0.0375,0.08,19.562,0
2024-12-31 11:30,10.7,7.11,0,0.0375,0.08,19.496,0
2024-12-31 12:00,10.8,7.44,0,0.0375,0.08,19.432,0
2024-12-31 12:30,10.9,7.43,0,0.0375,0.08,19.37,0
2024-12-31 13:00,11.0,7.42,0,0.0375,0.08,19.308,0
2024-12-31 13:30,11.0,7.18,0,0.0375,0.08,19.247,0
2024-12-31 14:00,11.0,6.94,0,0.0375,0.08,19.186,0
2024-12-31 14:30,10.85,7.24,0,0.0375,0.08,19.125,0
2024-12-31 15:00,10.7,7.53,0,0.0375,0.08,19.063,0
2024-12-31 15:30,10.4,7.75,0,0.0375,0.08,18.999,0
2024-12-31 16:00,10.1,7.97,0,0.0375,0.08,18.934,0
2024-12-31 16:30,10.1,8.07,0,0.0375,0.08,18.869,0
2024-12-31 17:00,10.1,8.17,0,0.0375,0.08,18.804,0
2024-12-31 17:30,10.2,8.79,1,0.0375,12.08,19.455,1
2024-12-31 18:00,10.3,9.42,1,0.1625,10.244222,20.0,1
2024-12-31 18:30,10.35,9.22,1,1.2125,0.08,20.007,0
2024-12-31 19:00,10.4,9.03,1,0.0375,1.153105,20.0,1
2024-12-31 19:30,10.5,8.82,1,0.0375,1.26012,20.0,1
2024-12-31 20:00,10.6,8.61,1,0.0375,1.247254,20.0,1
2024-12-31 20:30,10.6,8.31,1,0.2875,0.966355,20.0,1
2024-12-31 21:00,10.6,8.0,1,0.1625,1.106805,20.0,1
2024-12-31 21:30,10.6,7.54,1,2.225,0.08,20.077,0
2024-12-31 22:00,10.6,7.08,1,1.1,0.08,20.078,0
2024-12-31 22:30,10.6,6.79,1,0.870833,0.08,20.063,0
2024-12-31 23:00,10.6,6.5,1,0.870833,0.08,20.049,0
2024-12-31 23:30,10.6,6.17,1,0.870833,0.08,20.035,0
