meter_id,alert_type,priority,suppressed,suppress_reason,occupancy_state,start_date,start_period,end_date,end_period,duration_periods,mean_kwh,baseline_median_kwh,baseline_mad_kwh
1,FLATLINE,HIGH,True,vacancy,VACANT,2024-10-01,22,2024-10-01,28,7,0.002,0.015,0.05
1,FLATLINE,HIGH,True,vacancy,VACANT,2025-02-24,25,2025-02-24,34,10,0.0008,0.021,0.05
1,FLATLINE,HIGH,True,vacancy,VACANT,2025-08-02,22,2025-08-02,36,15,0.0003,0.057,0.0525
1,FLATLINE,HIGH,True,vacancy,VACANT,2025-08-29,16,2025-08-29,28,13,0.0004,0.101,0.097
1,FLATLINE,HIGH,True,vacancy,VACANT,2025-08-29,32,2025-08-29,46,15,0.0013,0.0235,0.05
1,FLATLINE,HIGH,True,vacancy,VACANT,2025-10-07,22,2025-10-07,29,8,0.0056,0.015,0.05
1,FLATLINE,HIGH,True,vacancy,VACANT,2026-05-10,17,2026-05-10,25,9,0.0008,0.094,0.082
1,FLATLINE,HIGH,True,vacancy,VACANT,2026-05-29,16,2026-05-29,38,23,0.0001,0.101,0.097
1,FLATLINE,HIGH,True,vacancy,VACANT,2026-07-06,17,2026-07-06,29,13,0.0008,0.067,0.059
1,SPIKE_UNKNOWN,LOW,False,,UNKNOWN,2024-08-29,20,2024-08-29,20,1,0.292,0.029,0.05
1,SPIKE_UNKNOWN,LOW,False,,UNKNOWN,2024-08-29,26,2024-08-29,26,1,0.238,0.016,0.05
1,SPIKE_OCCUPIED,MEDIUM,False,,OCCUPIED,2024-08-29,29,2024-08-29,29,1,0.548,0.041,0.05
1,SPIKE_OCCUPIED,MEDIUM,False,,OCCUPIED,2024-08-29,32,2024-08-29,32,1,0.714,0.051,0.05
1,SPIKE_OCCUPIED,MEDIUM,False,,OCCUPIED,2024-08-29,35,2024-08-29,35,1,0.655,0.075,0.068
1,SPIKE_OCCUPIED,MEDIUM,False,,OCCUPIED,2024-08-29,36,2024-08-29,36,1,0.852,0.027,0.05
1,SPIKE_OCCUPIED,MEDIUM,False,,OCCUPIED,2024-08-29,38,2024-08-29,38,1,0.32,0.0425,0.05
1,SPIKE_OCCUPIED,MEDIUM,False,,OCCUPIED,2024-08-30,17,2024-08-30,17,1,0.935,0.0885,0.084
1,SPIKE_OCCUPIED,MEDIUM,False,,OCCUPIED,2024-08-30,26,2024-08-30,26,1,0.359,0.0075,0.05
1,SPIKE_OCCUPIED,MEDIUM,False,,OCCUPIED,2024-08-30,38,2024-08-30,38,1,0.346,0.0395,0.05
1,SPIKE_OCCUPIED,MEDIUM,False,,OCCUPIED,2024-09-01,18,2024-09-01,18,1,0.933,0.098,0.093
1,SPIKE_OCCUPIED,MEDIUM,False,,OCCUPIED,2024-09-01,22,2024-09-01,22,1,0.502,0.06,0.055
1,SPIKE_OCCUPIED,MEDIUM,False,,OCCUPIED,2024-09-01,35,2024-09-01,35,1,1.169,0.079,0.075
1,SPIKE_OCCUPIED,MEDIUM,False,,OCCUPIED,2024-09-01,47,2024-09-01,47,1,0.467,0.092,0.08
1,SPIKE_OCCUPIED,MEDIUM,False,,OCCUPIED,2024-09-02,26,2024-09-02,26,1,0.429,0.012,0.05
1,SPIKE_OCCUPIED,MEDIUM,False,,OCCUPIED,2024-09-02,27,2024-09-02,27,1,0.457,0.019,0.05
1,SPIKE_OCCUPIED,MEDIUM,False,,OCCUPIED,2024-09-02,29,2024-09-02,29,1,0.221,0.012,0.05
1,SPIKE_OCCUPIED,MEDIUM,False,,OCCUPIED,2024-09-02,30,2024-09-02,30,1,0.243,0.019,0.05
1,SPIKE_OCCUPIED,MEDIUM,False,,OCCUPIED,2024-09-02,34,2024-09-02,34,1,0.923,0.024,0.05
1,SPIKE_OCCUPIED,MEDIUM,False,,OCCUPIED,2024-09-03,15,2024-09-03,15,1,0.449,0.104,0.082
1,SPIKE_UNKNOWN,LOW,False,,UNKNOWN,2024-09-03,25,2024-09-03,25,1,0.259,0.021,0.05
1,SPIKE_OCCUPIED,MEDIUM,False,,OCCUPIED,2024-09-03,29,2024-09-03,29,1,0.514,0.026,0.05
1,SPIKE_OCCUPIED,MEDIUM,False,,OCCUPIED,2024-09-03,32,2024-09-03,32,1,0.363,0.045,0.05
1,SPIKE_OCCUPIED,MEDIUM,False,,OCCUPIED,2024-09-04,14,2024-09-04,14,1,0.373,0.127,0.05
1,SPIKE_UNKNOWN,LOW,False,,UNKNOWN,2024-09-04,24,2024-09-04,24,1,0.241,0.0095,0.05
1,SPIKE_OCCUPIED,MEDIUM,False,,OCCUPIED,2024-09-04,31,2024-09-04,31,1,0.44,0.035,0.05
1,SPIKE_OCCUPIED,MEDIUM,False,,OCCUPIED,2024-09-04,35,2024-09-04,35,1,1.04,0.089,0.085
1,SPIKE_OCCUPIED,MEDIUM,False,,OCCUPIED,2024-09-05,15,2024-09-05,15,1,0.354,0.093,0.05
1,SPIKE_UNKNOWN,LOW,False,,UNKNOWN,2024-09-05,20,2024-09-05,20,1,0.249,0.029,0.05
1,SPIKE_OCCUPIED,MEDIUM,False,,OCCUPIED,2024-09-05,22,2024-09-05,22,1,0.405,0.042,0.05
1,SPIKE_UNKNOWN,LOW,False,,UNKNOWN,2024-09-05,26,2024-09-05,26,1,0.248,0.016,0.05
1,SPIKE_UNKNOWN,LOW,False,,UNKNOWN,2024-09-05,29,2024-09-05,29,1,0.251,0.041,0.05
1,SPIKE_OCCUPIED,MEDIUM,False,,OCCUPIED,2024-09-05,36,2024-09-05,36,1,1.12,0.027,0.05
1,SPIKE_OCCUPIED,MEDIUM,False,,OCCUPIED,2024-09-05,37,2024-09-05,37,1,0.289,0.038,0.05
1,SPIKE_OCCUPIED,MEDIUM,False,,OCCUPIED,2024-09-05,38,2024-09-05,38,1,0.261,0.0425,0.05
1,SPIKE_OCCUPIED,MEDIUM,False,,OCCUPIED,2024-09-06,14,2024-09-06,14,1,0.357,0.1295,0.056
1,SPIKE_OCCUPIED,MEDIUM,False,,OCCUPIED,2024-09-06,27,2024-09-06,27,1,0.811,0.01,0.05
1,SPIKE_UNKNOWN,LOW,False,,UNKNOWN,2024-09-06,28,2024-09-06,28,1,0.275,0.0065,0.05
1,SPIKE_OCCUPIED,MEDIUM,False,,OCCUPIED,2024-09-06,29,2024-09-06,29,1,0.392,0.0135,0.05
1,SPIKE_OCCUPIED,MEDIUM,False,,OCCUPIED,2024-09-06,34,2024-09-06,34,1,0.324,0.0195,0.05
1,SPIKE_OCCUPIED,MEDIUM,False,,OCCUPIED,2024-09-06,35,2024-09-06,35,1,0.481,0.0165,0.05
1,SPIKE_OCCUPIED,MEDIUM,False,,OCCUPIED,2024-09-08,9,2024-09-08,9,1,0.329,0.097,0.052
1,SPIKE_OCCUPIED,MEDIUM,False,,OCCUPIED,2024-09-08,17,2024-09-08,17,1,0.84,0.094,0.082
1,SPIKE_OCCUPIED,MEDIUM,False,,OCCUPIED,2024-09-08,23,2024-09-08,23,1,0.334,0.048,0.05
1,SPIKE_OCCUPIED,MEDIUM,False,,OCCUPIED,2024-09-10,15,2024-09-10,15,1,0.444,0.104,0.082
1,SPIKE_UNKNOWN,LOW,False,,UNKNOWN,2024-09-10,18,2024-09-10,18,1,0.274,0.047,0.05
1,SPIKE_UNKNOWN,LOW,False,,UNKNOWN,2024-09-10,21,2024-09-10,21,1,0.22,0.012,0.05
1,SPIKE_OCCUPIED,MEDIUM,False,,OCCUPIED,2024-09-10,28,2024-09-10,28,1,0.377,0.007,0.05
1,SPIKE_OCCUPIED,MEDIUM,False,,OCCUPIED,2024-09-10,34,2024-09-10,34,1,0.724,0.063,0.057
1,SPIKE_OCCUPIED,MEDIUM,False,,OCCUPIED,2024-09-10,35,2024-09-10,35,1,0.774,0.084,0.073
1,SPIKE_OCCUPIED,MEDIUM,False,,OCCUPIED,2024-09-14,20,2024-09-14,20,1,0.353,0.036,0.05
1,SPIKE_OCCUPIED,MEDIUM,False,,OCCUPIED,2024-09-14,24,2024-09-14,24,1,0.263,0.0455,0.05
1,SPIKE_OCCUPIED,MEDIUM,False,,OCCUPIED,2024-09-14,35,2024-09-14,35,1,0.48,0.0575,0.053
1,SPIKE_OCCUPIED,MEDIUM,False,,OCCUPIED,2024-09-14,36,2024-09-14,36,1,0.613,0.0685,0.065
1,SPIKE_OCCUPIED,MEDIUM,False,,OCCUPIED,2024-09-14,37,2024-09-14,37,1,0.556,0.076,0.0715
1,SPIKE_OCCUPIED,MEDIUM,False,,OCCUPIED,2024-09-14,43,2024-09-14,43,1,0.71,0.1615,0.136
1,SPIKE_OCCUPIED,MEDIUM,False,,OCCUPIED,2024-09-18,5,2024-09-18,5,1,0.361,0.0825,0.05
1,SPIKE_OCCUPIED,MEDIUM,False,,OCCUPIED,2024-09-18,7,2024-09-18,7,1,0.541,0.081,0.05
1,SPIKE_OCCUPIED,MEDIUM,False,,OCCUPIED,2024-10-01,1,2024-10-01,1,1,0.385,0.08,0.057
1,SPIKE_OCCUPIED,MEDIUM,False,,OCCUPIED,2024-10-01,4,2024-10-01,4,1,0.406,0.09,0.05
1,SPIKE_OCCUPIED,MEDIUM,False,,OCCUPIED,2024-10-01,7,2024-10-01,7,1,0.313,0.079,0.05
1,SPIKE_OCCUPIED,MEDIUM,False,,OCCUPIED,2024-10-01,10,2024-10-01,10,1,0.329,0.086,0.05
1,SPIKE_OCCUPIED,MEDIUM,False,,OCCUPIED,2024-10-01,19,2024-10-01,19,1,0.325,0.053,0.05
1,SPIKE_OCCUPIED,MEDIUM,False,,OCCUPIED,2024-10-01,29,2024-10-01,29,1,0.503,0.026,0.05
1,SPIKE_OCCUPIED,MEDIUM,False,,OCCUPIED,2024-10-01,30,2024-10-01,30,1,0.296,0.044,0.05
1,SPIKE_OCCUPIED,MEDIUM,False,,OCCUPIED,2024-10-01,33,2024-10-01,33,1,0.364,0.047,0.05
1,SPIKE_OCCUPIED,MEDIUM,False,,OCCUPIED,2024-10-01,34,2024-10-01,34,1,0.74,0.063,0.057
1,SPIKE_OCCUPIED,MEDIUM,False,,OCCUPIED,2024-10-07,0,2024-10-07,0,1,0.715,0.1,0.059
1,SPIKE_OCCUPIED,MEDIUM,False,,OCCUPIED,2024-10-07,1,2024-10-07,1,1,1.1,0.095,0.054
1,SPIKE_OCCUPIED,MEDIUM,False,,OCCUPIED,2024-10-07,2,2024-10-07,2,1,1.084,0.084,0.06
1,SPIKE_OCCUPIED,MEDIUM,False,,OCCUPIED,2024-10-07,3,2024-10-07,3,1,1.068,0.08,0.05
1,SPIKE_OCCUPIED,MEDIUM,False,,OCCUPIED,2024-10-07,4,2024-10-07,4,1,0.718,0.082,0.054
1,SPIKE_OCCUPIED,MEDIUM,False,,OCCUPIED,2024-10-07,7,2024-10-07,7,1,1.1,0.083,0.053
1,SPIKE_OCCUPIED,MEDIUM,False,,OCCUPIED,2024-10-07,8,2024-10-07,8,1,1.639,0.077,0.055
1,SPIKE_OCCUPIED,MEDIUM,False,,OCCUPIED,2024-10-07,12,2024-10-07,12,1,1.095,0.076,0.05
1,SPIKE_OCCUPIED,MEDIUM,False,,OCCUPIED,2024-10-07,13,2024-10-07,13,1,0.826,0.102,0.05
1,SPIKE_OCCUPIED,MEDIUM,False,,OCCUPIED,2024-10-07,14,2024-10-07,14,1,0.71,0.104,0.064
1,SPIKE_OCCUPIED,MEDIUM,False,,OCCUPIED,2024-10-07,15,2024-10-07,15,1,1.072,0.087,0.054
1,SPIKE_OCCUPIED,MEDIUM,False,,OCCUPIED,2024-10-07,16,2024-10-07,16,1,1.029,0.076,0.071
1,SPIKE_OCCUPIED,MEDIUM,False,,OCCUPIED,2024-10-07,17,2024-10-07,17,1,0.52,0.067,0.059
1,SPIKE_OCCUPIED,MEDIUM,False,,OCCUPIED,2024-10-07,38,2024-10-07,38,1,1.278,0.066,0.062
1,SPIKE_OCCUPIED,MEDIUM,False,,OCCUPIED,2024-10-07,39,2024-10-07,39,1,1.951,0.073,0.071
1,SPIKE_OCCUPIED,MEDIUM,False,,OCCUPIED,2024-10-07,40,2024-10-07,40,1,2.03,0.09,0.084
1,SPIKE_OCCUPIED,MEDIUM,False,,OCCUPIED,2024-10-07,41,2024-10-07,41,1,2.045,0.097,0.082
1,SPIKE_OCCUPIED,MEDIUM,False,,OCCUPIED,2024-10-07,42,2024-10-07,42,1,2.115,0.154,0.136
1,SPIKE_OCCUPIED,MEDIUM,False,,OCCUPIED,2024-10-07,43,2024-10-07,43,1,2.037,0.154,0.127
1,SPIKE_OCCUPIED,MEDIUM,False,,OCCUPIED,2024-10-14,23,2024-10-14,23,1,0.266,0.019,0.05
1,SPIKE_OCCUPIED,MEDIUM,False,,OCCUPIED,2024-10-14,33,2024-10-14,33,1,0.499,0.058,0.058
1,SPIKE_OCCUPIED,MEDIUM,False,,OCCUPIED,2024-10-14,35,2024-10-14,35,1,0.263,0.032,0.05
1,SPIKE_OCCUPIED,MEDIUM,False,,OCCUPIED,2024-10-14,39,2024-10-14,39,1,0.504,0.073,0.071
1,SPIKE_OCCUPIED,MEDIUM,False,,OCCUPIED,2024-11-14,17,2024-11-14,17,1,0.817,0.108,0.074
1,SPIKE_OCCUPIED,MEDIUM,False,,OCCUPIED,2024-11-14,19,2024-11-14,19,1,0.444,0.0505,0.05
1,SPIKE_OCCUPIED,MEDIUM,False,,OCCUPIED,2024-11-14,34,2024-11-14,34,1,0.965,0.126,0.119
1,SPIKE_OCCUPIED,MEDIUM,False,,OCCUPIED,2024-11-14,35,2024-11-14,35,1,0.649,0.075,0.068
1,SPIKE_OCCUPIED,MEDIUM,False,,OCCUPIED,2025-01-01,3,2025-01-01,3,1,0.572,0.0975,0.065
1,SPIKE_OCCUPIED,MEDIUM,False,,OCCUPIED,2025-01-01,4,2025-01-01,4,1,1.142,0.1,0.063
1,SPIKE_OCCUPIED,MEDIUM,False,,OCCUPIED,2025-01-01,6,2025-01-01,6,1,0.876,0.0825,0.061
1,SPIKE_OCCUPIED,MEDIUM,False,,OCCUPIED,2025-01-01,13,2025-01-01,13,1,0.802,0.124,0.05
1,SPIKE_OCCUPIED,MEDIUM,False,,OCCUPIED,2025-01-01,22,2025-01-01,22,1,0.458,0.0065,0.05
1,SPIKE_OCCUPIED,MEDIUM,False,,OCCUPIED,2025-01-28,32,2025-01-28,32,1,0.3,0.045,0.05
1,SPIKE_OCCUPIED,MEDIUM,False,,OCCUPIED,2025-02-10,20,2025-02-10,20,1,0.532,0.029,0.05
1,SPIKE_OCCUPIED,MEDIUM,False,,OCCUPIED,2025-02-10,21,2025-02-10,21,1,0.268,0.037,0.05
1,SPIKE_OCCUPIED,MEDIUM,False,,OCCUPIED,2025-02-10,23,2025-02-10,23,1,0.243,0.019,0.05
1,SPIKE_OCCUPIED,MEDIUM,False,,OCCUPIED,2025-02-10,24,2025-02-10,24,1,0.584,0.033,0.05
1,SPIKE_OCCUPIED,MEDIUM,False,,OCCUPIED,2025-02-10,25,2025-02-10,25,1,0.227,0.021,0.05
1,SPIKE_OCCUPIED,MEDIUM,False,,OCCUPIED,2025-02-10,26,2025-02-10,26,1,0.465,0.012,0.05
1,SPIKE_OCCUPIED,MEDIUM,False,,OCCUPIED,2025-02-10,27,2025-02-10,27,1,0.285,0.019,0.05
1,SPIKE_OCCUPIED,MEDIUM,False,,OCCUPIED,2025-02-10,28,2025-02-10,28,1,0.824,0.013,0.05
1,SPIKE_OCCUPIED,MEDIUM,False,,OCCUPIED,2025-02-10,29,2025-02-10,29,1,0.403,0.012,0.05
1,SPIKE_OCCUPIED,MEDIUM,False,,OCCUPIED,2025-02-10,30,2025-02-10,30,1,0.764,0.019,0.05
1,SPIKE_OCCUPIED,MEDIUM,False,,OCCUPIED,2025-02-10,31,2025-02-10,31,1,0.473,0.021,0.05
1,SPIKE_OCCUPIED,MEDIUM,False,,OCCUPIED,2025-02-10,32,2025-02-10,32,1,0.335,0.019,0.05
1,SPIKE_OCCUPIED,MEDIUM,False,,OCCUPIED,2025-02-10,33,2025-02-10,33,1,0.312,0.058,0.058
1,SPIKE_OCCUPIED,MEDIUM,False,,OCCUPIED,2025-02-10,34,2025-02-10,34,1,0.779,0.024,0.05
1,SPIKE_OCCUPIED,MEDIUM,False,,OCCUPIED,2025-02-10,35,2025-02-10,35,1,0.998,0.032,0.05
1,SPIKE_OCCUPIED,MEDIUM,False,,OCCUPIED,2025-02-10,36,2025-02-10,36,1,0.748,0.148,0.141
1,SPIKE_OCCUPIED,MEDIUM,False,,OCCUPIED,2025-02-10,37,2025-02-10,37,1,0.655,0.071,0.067
1,SPIKE_OCCUPIED,MEDIUM,False,,OCCUPIED,2025-02-10,38,2025-02-10,38,1,0.548,0.066,0.062
1,SPIKE_OCCUPIED,MEDIUM,False,,OCCUPIED,2025-02-10,39,2025-02-10,39,1,0.393,0.073,0.071
1,SPIKE_OCCUPIED,MEDIUM,False,,OCCUPIED,2025-02-24,14,2025-02-24,14,1,0.363,0.104,0.064
1,SPIKE_OCCUPIED,MEDIUM,False,,OCCUPIED,2025-02-24,15,2025-02-24,15,1,0.413,0.087,0.054
1,SPIKE_OCCUPIED,MEDIUM,False,,OCCUPIED,2025-03-01,20,2025-03-01,20,1,0.647,0.036,0.05
1,SPIKE_OCCUPIED,MEDIUM,False,,OCCUPIED,2025-03-01,21,2025-03-01,21,1,3.045,0.0575,0.052
1,SPIKE_OCCUPIED,MEDIUM,False,,OCCUPIED,2025-03-01,25,2025-03-01,25,1,0.313,0.047,0.05
1,SPIKE_OCCUPIED,MEDIUM,False,,OCCUPIED,2025-03-01,26,2025-03-01,26,1,0.305,0.015,0.05
1,SPIKE_OCCUPIED,MEDIUM,False,,OCCUPIED,2025-03-01,29,2025-03-01,29,1,0.229,0.0085,0.05
1,SPIKE_OCCUPIED,MEDIUM,False,,OCCUPIED,2025-03-01,30,2025-03-01,30,1,0.756,0.008,0.05
1,SPIKE_OCCUPIED,MEDIUM,False,,OCCUPIED,2025-03-01,31,2025-03-01,31,1,0.509,0.0095,0.05
1,SPIKE_OCCUPIED,MEDIUM,False,,OCCUPIED,2025-03-01,35,2025-03-01,35,1,1.04,0.0575,0.053
1,SPIKE_OCCUPIED,MEDIUM,False,,OCCUPIED,2025-03-01,36,2025-03-01,36,1,0.744,0.0685,0.065
1,SPIKE_OCCUPIED,MEDIUM,False,,OCCUPIED,2025-03-01,45,2025-03-01,45,1,0.903,0.172,0.151
1,SPIKE_OCCUPIED,MEDIUM,False,,OCCUPIED,2025-03-01,46,2025-03-01,46,1,0.73,0.1575,0.129
1,SPIKE_OCCUPIED,MEDIUM,False,,OCCUPIED,2025-03-11,1,2025-03-11,1,1,1.371,0.08,0.057
1,SPIKE_OCCUPIED,MEDIUM,False,,OCCUPIED,2025-03-11,2,2025-03-11,2,1,1.831,0.083,0.052
1,SPIKE_OCCUPIED,MEDIUM,False,,OCCUPIED,2025-03-11,3,2025-03-11,3,1,0.971,0.076,0.05
1,SPIKE_OCCUPIED,MEDIUM,False,,OCCUPIED,2025-03-11,5,2025-03-11,5,1,0.582,0.08,0.05
1,SPIKE_OCCUPIED,MEDIUM,False,,OCCUPIED,2025-03-11,7,2025-03-11,7,1,1.451,0.079,0.05
1,SPIKE_OCCUPIED,MEDIUM,False,,OCCUPIED,2025-03-11,8,2025-03-11,8,1,0.413,0.099,0.05
1,SPIKE_OCCUPIED,MEDIUM,False,,OCCUPIED,2025-03-11,10,2025-03-11,10,1,0.512,0.086,0.05
1,SPIKE_OCCUPIED,MEDIUM,False,,OCCUPIED,2025-03-11,13,2025-03-11,13,1,1.447,0.136,0.099
1,SPIKE_OCCUPIED,MEDIUM,False,,OCCUPIED,2025-03-11,22,2025-03-11,22,1,0.971,0.015,0.05
1,SPIKE_OCCUPIED,MEDIUM,False,,OCCUPIED,2025-03-11,23,2025-03-11,23,1,0.904,0.019,0.05
1,SPIKE_OCCUPIED,MEDIUM,False,,OCCUPIED,2025-03-11,30,2025-03-11,30,1,0.388,0.044,0.05
1,SPIKE_OCCUPIED,MEDIUM,False,,OCCUPIED,2025-03-11,31,2025-03-11,31,1,1.547,0.037,0.05
1,SPIKE_OCCUPIED,MEDIUM,False,,OCCUPIED,2025-03-11,32,2025-03-11,32,1,0.451,0.045,0.05
1,SPIKE_OCCUPIED,MEDIUM,False,,OCCUPIED,2025-03-11,41,2025-03-11,41,1,1.372,0.104,0.095
1,SPIKE_OCCUPIED,MEDIUM,False,,OCCUPIED,2025-03-11,42,2025-03-11,42,1,0.958,0.106,0.071
1,SPIKE_OCCUPIED,MEDIUM,False,,OCCUPIED,2025-04-26,9,2025-04-26,9,1,0.693,0.102,0.05
1,SPIKE_OCCUPIED,MEDIUM,False,,OCCUPIED,2025-04-26,22,2025-04-26,22,1,0.422,0.057,0.0525
1,SPIKE_OCCUPIED,MEDIUM,False,,OCCUPIED,2025-04-26,29,2025-04-26,29,1,0.286,0.0085,0.05
1,SPIKE_OCCUPIED,MEDIUM,False,,OCCUPIED,2025-04-26,31,2025-04-26,31,1,0.247,0.0095,0.05
1,SPIKE_OCCUPIED,MEDIUM,False,,OCCUPIED,2025-04-26,32,2025-04-26,32,1,0.316,0.0135,0.05
1,SPIKE_OCCUPIED,MEDIUM,False,,OCCUPIED,2025-04-26,33,2025-04-26,33,1,0.494,0.033,0.05
1,SPIKE_OCCUPIED,MEDIUM,False,,OCCUPIED,2025-04-26,34,2025-04-26,34,1,0.537,0.0885,0.08
1,SPIKE_OCCUPIED,MEDIUM,False,,OCCUPIED,2025-04-26,35,2025-04-26,35,1,0.48,0.0575,0.053
1,SPIKE_OCCUPIED,MEDIUM,False,,OCCUPIED,2025-04-26,36,2025-04-26,36,1,0.555,0.0685,0.065
1,SPIKE_OCCUPIED,MEDIUM,False,,OCCUPIED,2025-05-27,26,2025-05-27,26,1,0.363,0.009,0.05
1,SPIKE_OCCUPIED,MEDIUM,False,,OCCUPIED,2025-05-27,34,2025-05-27,34,1,0.938,0.063,0.057
1,SPIKE_OCCUPIED,MEDIUM,False,,OCCUPIED,2025-05-27,37,2025-05-27,37,1,0.747,0.117,0.08
1,SPIKE_OCCUPIED,MEDIUM,False,,OCCUPIED,2025-05-27,40,2025-05-27,40,1,0.427,0.115,0.073
1,SPIKE_OCCUPIED,MEDIUM,False,,OCCUPIED,2025-05-27,42,2025-05-27,42,1,0.473,0.106,0.071
1,SPIKE_OCCUPIED,MEDIUM,False,,OCCUPIED,2025-06-09,16,2025-06-09,16,1,0.955,0.076,0.071
1,SPIKE_OCCUPIED,MEDIUM,False,,OCCUPIED,2025-06-09,17,2025-06-09,17,1,0.313,0.067,0.059
1,SPIKE_OCCUPIED,MEDIUM,False,,OCCUPIED,2025-06-09,19,2025-06-09,19,1,1.255,0.061,0.05
1,SPIKE_OCCUPIED,MEDIUM,False,,OCCUPIED,2025-06-09,20,2025-06-09,20,1,0.262,0.029,0.05
1,SPIKE_OCCUPIED,MEDIUM,False,,OCCUPIED,2025-06-09,41,2025-06-09,41,1,0.541,0.097,0.082
1,SPIKE_OCCUPIED,MEDIUM,False,,OCCUPIED,2025-06-20,6,2025-06-20,6,1,1.308,0.107,0.05
1,SPIKE_OCCUPIED,MEDIUM,False,,OCCUPIED,2025-06-20,7,2025-06-20,7,1,1.3,0.099,0.05
1,SPIKE_OCCUPIED,MEDIUM,False,,OCCUPIED,2025-06-20,15,2025-06-20,15,1,0.725,0.1265,0.0805
1,SPIKE_OCCUPIED,MEDIUM,False,,OCCUPIED,2025-06-20,22,2025-06-20,22,1,0.233,0.02,0.05
1,SPIKE_OCCUPIED,MEDIUM,False,,OCCUPIED,2025-06-20,30,2025-06-20,30,1,0.268,0.0095,0.05
1,SPIKE_OCCUPIED,MEDIUM,False,,OCCUPIED,2025-06-20,37,2025-06-20,37,1,0.789,0.0615,0.059
1,SPIKE_OCCUPIED,MEDIUM,False,,OCCUPIED,2025-06-20,38,2025-06-20,38,1,0.466,0.0395,0.05
1,SPIKE_OCCUPIED,MEDIUM,False,,OCCUPIED,2025-08-02,19,2025-08-02,19,1,1.134,0.0635,0.0575
1,SPIKE_OCCUPIED,MEDIUM,False,,OCCUPIED,2025-08-03,18,2025-08-03,18,1,0.492,0.098,0.093
1,SPIKE_OCCUPIED,MEDIUM,False,,OCCUPIED,2025-08-03,23,2025-08-03,23,1,0.673,0.048,0.05
1,SPIKE_OCCUPIED,MEDIUM,False,,OCCUPIED,2025-08-11,7,2025-08-11,7,1,0.8,0.083,0.053
1,SPIKE_OCCUPIED,MEDIUM,False,,OCCUPIED,2025-08-11,17,2025-08-11,17,1,1.195,0.067,0.059
1,SPIKE_OCCUPIED,MEDIUM,False,,OCCUPIED,2025-08-11,34,2025-08-11,34,1,0.665,0.024,0.05
1,SPIKE_OCCUPIED,MEDIUM,False,,OCCUPIED,2025-08-11,35,2025-08-11,35,1,0.46,0.032,0.05
1,SPIKE_OCCUPIED,MEDIUM,False,,OCCUPIED,2025-08-11,43,2025-08-11,43,1,1.045,0.154,0.127
1,SPIKE_OCCUPIED,MEDIUM,False,,OCCUPIED,2025-08-21,19,2025-08-21,19,1,0.356,0.0505,0.05
1,SPIKE_OCCUPIED,MEDIUM,False,,OCCUPIED,2025-08-21,20,2025-08-21,20,1,0.85,0.029,0.05
1,SPIKE_OCCUPIED,MEDIUM,False,,OCCUPIED,2025-08-21,22,2025-08-21,22,1,0.362,0.042,0.05
1,SPIKE_OCCUPIED,MEDIUM,False,,OCCUPIED,2025-08-21,24,2025-08-21,24,1,0.435,0.025,0.05
1,SPIKE_OCCUPIED,MEDIUM,False,,OCCUPIED,2025-08-21,26,2025-08-21,26,1,0.409,0.016,0.05
1,SPIKE_OCCUPIED,MEDIUM,False,,OCCUPIED,2025-08-21,28,2025-08-21,28,1,0.531,0.042,0.05
1,SPIKE_OCCUPIED,MEDIUM,False,,OCCUPIED,2025-08-21,40,2025-08-21,40,1,1.166,0.1225,0.119
1,SPIKE_OCCUPIED,MEDIUM,False,,OCCUPIED,2025-08-21,41,2025-08-21,41,1,0.521,0.096,0.0905
1,SPIKE_OCCUPIED,MEDIUM,False,,OCCUPIED,2025-08-29,4,2025-08-29,4,1,0.619,0.1135,0.05
1,SPIKE_OCCUPIED,MEDIUM,False,,OCCUPIED,2025-08-29,5,2025-08-29,5,1,0.632,0.1125,0.05
1,SPIKE_OCCUPIED,MEDIUM,False,,OCCUPIED,2025-08-29,6,2025-08-29,6,1,1.528,0.107,0.05
1,SPIKE_OCCUPIED,MEDIUM,False,,OCCUPIED,2025-08-29,7,2025-08-29,7,1,1.749,0.099,0.05
1,SPIKE_OCCUPIED,MEDIUM,False,,OCCUPIED,2025-08-29,8,2025-08-29,8,1,0.324,0.0775,0.05
1,SPIKE_OCCUPIED,MEDIUM,False,,OCCUPIED,2025-08-31,21,2025-08-31,21,1,0.379,0.076,0.07
1,SPIKE_OCCUPIED,MEDIUM,False,,OCCUPIED,2025-08-31,22,2025-08-31,22,1,0.287,0.06,0.055
1,SPIKE_OCCUPIED,MEDIUM,False,,OCCUPIED,2025-08-31,23,2025-08-31,23,1,0.281,0.048,0.05
1,SPIKE_OCCUPIED,MEDIUM,False,,OCCUPIED,2025-10-07,1,2025-10-07,1,1,0.332,0.08,0.057
1,SPIKE_OCCUPIED,MEDIUM,False,,OCCUPIED,2025-10-07,2,2025-10-07,2,1,0.296,0.083,0.052
1,SPIKE_OCCUPIED,MEDIUM,False,,OCCUPIED,2025-10-07,3,2025-10-07,3,1,0.325,0.076,0.05
1,SPIKE_OCCUPIED,MEDIUM,False,,OCCUPIED,2025-10-07,4,2025-10-07,4,1,0.327,0.09,0.05
1,SPIKE_OCCUPIED,MEDIUM,False,,OCCUPIED,2025-10-07,5,2025-10-07,5,1,0.291,0.08,0.05
1,SPIKE_OCCUPIED,MEDIUM,False,,OCCUPIED,2025-10-07,6,2025-10-07,6,1,0.324,0.075,0.05
1,SPIKE_OCCUPIED,MEDIUM,False,,OCCUPIED,2025-10-07,7,2025-10-07,7,1,0.316,0.079,0.05
1,SPIKE_OCCUPIED,MEDIUM,False,,OCCUPIED,2025-10-07,8,2025-10-07,8,1,0.308,0.099,0.05
1,SPIKE_OCCUPIED,MEDIUM,False,,OCCUPIED,2025-10-07,9,2025-10-07,9,1,0.987,0.095,0.05
1,SPIKE_OCCUPIED,MEDIUM,False,,OCCUPIED,2025-10-07,10,2025-10-07,10,1,1.913,0.086,0.05
1,SPIKE_OCCUPIED,MEDIUM,False,,OCCUPIED,2025-10-07,11,2025-10-07,11,1,2.071,0.116,0.056
1,SPIKE_OCCUPIED,MEDIUM,False,,OCCUPIED,2025-10-07,12,2025-10-07,12,1,0.758,0.11,0.051
1,SPIKE_OCCUPIED,MEDIUM,False,,OCCUPIED,2025-10-11,0,2025-10-11,0,1,0.908,0.1175,0.0795
1,SPIKE_OCCUPIED,MEDIUM,False,,OCCUPIED,2025-10-11,1,2025-10-11,1,1,0.869,0.1095,0.071
1,SPIKE_OCCUPIED,MEDIUM,False,,OCCUPIED,2025-10-11,3,2025-10-11,3,1,1.799,0.093,0.0505
1,SPIKE_OCCUPIED,MEDIUM,False,,OCCUPIED,2025-10-11,4,2025-10-11,4,1,1.815,0.0905,0.053
1,SPIKE_OCCUPIED,MEDIUM,False,,OCCUPIED,2025-10-11,5,2025-10-11,5,1,1.746,0.091,0.069
1,SPIKE_OCCUPIED,MEDIUM,False,,OCCUPIED,2025-10-11,6,2025-10-11,6,1,1.644,0.093,0.05
1,SPIKE_OCCUPIED,MEDIUM,False,,OCCUPIED,2025-10-11,7,2025-10-11,7,1,0.891,0.117,0.05
1,SPIKE_OCCUPIED,MEDIUM,False,,OCCUPIED,2025-10-11,8,2025-10-11,8,1,0.627,0.1025,0.05
1,SPIKE_OCCUPIED,MEDIUM,False,,OCCUPIED,2025-10-11,16,2025-10-11,16,1,0.804,0.139,0.0855
1,SPIKE_OCCUPIED,MEDIUM,False,,OCCUPIED,2025-10-11,19,2025-10-11,19,1,0.31,0.0635,0.0575
1,SPIKE_OCCUPIED,MEDIUM,False,,OCCUPIED,2025-10-11,20,2025-10-11,20,1,0.273,0.036,0.05
1,SPIKE_OCCUPIED,MEDIUM,False,,OCCUPIED,2025-10-11,21,2025-10-11,21,1,0.457,0.0575,0.052
1,SPIKE_OCCUPIED,MEDIUM,False,,OCCUPIED,2025-10-11,22,2025-10-11,22,1,0.574,0.057,0.0525
1,SPIKE_OCCUPIED,MEDIUM,False,,OCCUPIED,2025-10-11,23,2025-10-11,23,1,0.611,0.032,0.05
1,SPIKE_OCCUPIED,MEDIUM,False,,OCCUPIED,2025-10-11,24,2025-10-11,24,1,0.702,0.0455,0.05
1,SPIKE_OCCUPIED,MEDIUM,False,,OCCUPIED,2025-10-11,25,2025-10-11,25,1,0.774,0.047,0.05
1,SPIKE_OCCUPIED,MEDIUM,False,,OCCUPIED,2025-10-11,26,2025-10-11,26,1,0.598,0.015,0.05
1,SPIKE_OCCUPIED,MEDIUM,False,,OCCUPIED,2025-10-11,27,2025-10-11,27,1,0.382,0.0465,0.05
1,SPIKE_OCCUPIED,MEDIUM,False,,OCCUPIED,2025-10-11,28,2025-10-11,28,1,1.945,0.0075,0.05
1,SPIKE_OCCUPIED,MEDIUM,False,,OCCUPIED,2025-10-11,29,2025-10-11,29,1,0.288,0.0085,0.05
1,SPIKE_OCCUPIED,MEDIUM,False,,OCCUPIED,2025-10-11,30,2025-10-11,30,1,3.099,0.008,0.05
1,SPIKE_OCCUPIED,MEDIUM,False,,OCCUPIED,2025-10-11,31,2025-10-11,31,1,0.449,0.0095,0.05
1,SPIKE_OCCUPIED,MEDIUM,False,,OCCUPIED,2025-10-11,32,2025-10-11,32,1,0.782,0.0135,0.05
1,SPIKE_OCCUPIED,MEDIUM,False,,OCCUPIED,2025-10-11,33,2025-10-11,33,1,3.164,0.033,0.05
1,SPIKE_OCCUPIED,MEDIUM,False,,OCCUPIED,2025-10-11,35,2025-10-11,35,1,0.401,0.0575,0.053
1,SPIKE_OCCUPIED,MEDIUM,False,,OCCUPIED,2025-10-11,36,2025-10-11,36,1,0.346,0.0685,0.065
1,SPIKE_OCCUPIED,MEDIUM,False,,OCCUPIED,2025-10-11,38,2025-10-11,38,1,0.626,0.1395,0.1155
1,SPIKE_OCCUPIED,MEDIUM,False,,OCCUPIED,2025-10-24,14,2025-10-24,14,1,0.463,0.1295,0.056
1,SPIKE_OCCUPIED,MEDIUM,False,,OCCUPIED,2025-10-24,15,2025-10-24,15,1,0.59,0.1265,0.0805
1,SPIKE_OCCUPIED,MEDIUM,False,,OCCUPIED,2025-10-24,16,2025-10-24,16,1,0.777,0.101,0.097
1,SPIKE_OCCUPIED,MEDIUM,False,,OCCUPIED,2025-10-24,17,2025-10-24,17,1,0.683,0.0885,0.084
1,SPIKE_OCCUPIED,MEDIUM,False,,OCCUPIED,2025-10-24,18,2025-10-24,18,1,0.628,0.075,0.0685
1,SPIKE_OCCUPIED,MEDIUM,False,,OCCUPIED,2025-10-24,19,2025-10-24,19,1,0.488,0.077,0.069
1,SPIKE_OCCUPIED,MEDIUM,False,,OCCUPIED,2025-10-24,20,2025-10-24,20,1,0.516,0.024,0.05
1,SPIKE_OCCUPIED,MEDIUM,False,,OCCUPIED,2025-10-24,21,2025-10-24,21,1,0.756,0.0375,0.05
1,SPIKE_OCCUPIED,MEDIUM,False,,OCCUPIED,2025-10-24,22,2025-10-24,22,1,0.363,0.02,0.05
1,SPIKE_OCCUPIED,MEDIUM,False,,OCCUPIED,2025-10-24,23,2025-10-24,23,1,0.502,0.02,0.05
1,SPIKE_OCCUPIED,MEDIUM,False,,OCCUPIED,2025-10-24,24,2025-10-24,24,1,0.378,0.024,0.05
1,SPIKE_OCCUPIED,MEDIUM,False,,OCCUPIED,2025-10-24,25,2025-10-24,25,1,0.353,0.016,0.05
1,SPIKE_OCCUPIED,MEDIUM,False,,OCCUPIED,2025-10-24,26,2025-10-24,26,1,0.302,0.0075,0.05
1,SPIKE_OCCUPIED,MEDIUM,False,,OCCUPIED,2025-10-24,27,2025-10-24,27,1,0.361,0.01,0.05
1,SPIKE_OCCUPIED,MEDIUM,False,,OCCUPIED,2025-10-24,28,2025-10-24,28,1,0.257,0.0065,0.05
1,SPIKE_OCCUPIED,MEDIUM,False,,OCCUPIED,2025-10-24,29,2025-10-24,29,1,0.465,0.0135,0.05
1,SPIKE_OCCUPIED,MEDIUM,False,,OCCUPIED,2025-10-24,30,2025-10-24,30,1,0.318,0.0095,0.05
1,SPIKE_OCCUPIED,MEDIUM,False,,OCCUPIED,2025-10-24,31,2025-10-24,31,1,0.381,0.0165,0.05
1,SPIKE_OCCUPIED,MEDIUM,False,,OCCUPIED,2025-10-24,32,2025-10-24,32,1,0.283,0.0235,0.05
1,SPIKE_OCCUPIED,MEDIUM,False,,OCCUPIED,2025-10-24,33,2025-10-24,33,1,0.407,0.029,0.05
1,SPIKE_OCCUPIED,MEDIUM,False,,OCCUPIED,2025-10-24,34,2025-10-24,34,1,0.294,0.0195,0.05
1,SPIKE_OCCUPIED,MEDIUM,False,,OCCUPIED,2025-10-24,35,2025-10-24,35,1,0.408,0.0165,0.05
1,SPIKE_OCCUPIED,MEDIUM,False,,OCCUPIED,2025-10-24,36,2025-10-24,36,1,1.03,0.0205,0.05
1,SPIKE_OCCUPIED,MEDIUM,False,,OCCUPIED,2025-10-24,37,2025-10-24,37,1,0.466,0.0615,0.059
1,SPIKE_OCCUPIED,MEDIUM,False,,OCCUPIED,2025-10-24,38,2025-10-24,38,1,0.278,0.0395,0.05
1,SPIKE_OCCUPIED,MEDIUM,False,,OCCUPIED,2025-10-24,39,2025-10-24,39,1,0.255,0.0465,0.05
1,SPIKE_OCCUPIED,MEDIUM,False,,OCCUPIED,2025-10-24,44,2025-10-24,44,1,0.886,0.1255,0.1085
1,SPIKE_OCCUPIED,MEDIUM,False,,OCCUPIED,2025-10-31,14,2025-10-31,14,1,0.553,0.1295,0.056
1,SPIKE_OCCUPIED,MEDIUM,False,,OCCUPIED,2025-10-31,28,2025-10-31,28,1,0.716,0.0065,0.05
1,SPIKE_OCCUPIED,MEDIUM,False,,OCCUPIED,2025-10-31,30,2025-10-31,30,1,0.339,0.0095,0.05
1,SPIKE_OCCUPIED,MEDIUM,False,,OCCUPIED,2025-10-31,37,2025-10-31,37,1,0.437,0.0615,0.059
1,SPIKE_OCCUPIED,MEDIUM,False,,OCCUPIED,2025-10-31,38,2025-10-31,38,1,0.673,0.0395,0.05
1,SPIKE_OCCUPIED,MEDIUM,False,,OCCUPIED,2025-10-31,39,2025-10-31,39,1,0.657,0.0465,0.05
1,SPIKE_OCCUPIED,MEDIUM,False,,OCCUPIED,2025-10-31,40,2025-10-31,40,1,0.674,0.128,0.1245
1,SPIKE_OCCUPIED,MEDIUM,False,,OCCUPIED,2026-01-25,7,2026-01-25,7,1,0.383,0.078,0.05
1,SPIKE_OCCUPIED,MEDIUM,False,,OCCUPIED,2026-01-25,8,2026-01-25,8,1,0.554,0.083,0.05
1,SPIKE_OCCUPIED,MEDIUM,False,,OCCUPIED,2026-01-25,9,2026-01-25,9,1,0.597,0.097,0.052
1,SPIKE_OCCUPIED,MEDIUM,False,,OCCUPIED,2026-01-25,11,2026-01-25,11,1,0.577,0.092,0.05
1,SPIKE_OCCUPIED,MEDIUM,False,,OCCUPIED,2026-01-25,22,2026-01-25,22,1,0.349,0.06,0.055
1,SPIKE_OCCUPIED,MEDIUM,False,,OCCUPIED,2026-01-25,23,2026-01-25,23,1,0.679,0.048,0.05
1,SPIKE_OCCUPIED,MEDIUM,False,,OCCUPIED,2026-01-25,24,2026-01-25,24,1,0.409,0.061,0.056
1,SPIKE_OCCUPIED,MEDIUM,False,,OCCUPIED,2026-01-25,25,2026-01-25,25,1,0.353,0.046,0.05
1,SPIKE_OCCUPIED,MEDIUM,False,,OCCUPIED,2026-01-25,26,2026-01-25,26,1,0.341,0.041,0.05
1,SPIKE_OCCUPIED,MEDIUM,False,,OCCUPIED,2026-01-25,27,2026-01-25,27,1,0.425,0.081,0.074
1,SPIKE_OCCUPIED,MEDIUM,False,,OCCUPIED,2026-01-25,28,2026-01-25,28,1,1.044,0.056,0.053
1,SPIKE_OCCUPIED,MEDIUM,False,,OCCUPIED,2026-01-25,31,2026-01-25,31,1,0.313,0.053,0.051
1,SPIKE_OCCUPIED,MEDIUM,False,,OCCUPIED,2026-01-25,33,2026-01-25,33,1,0.624,0.046,0.05
1,SPIKE_OCCUPIED,MEDIUM,False,,OCCUPIED,2026-01-25,34,2026-01-25,34,1,0.927,0.085,0.081
1,SPIKE_OCCUPIED,MEDIUM,False,,OCCUPIED,2026-01-25,35,2026-01-25,35,1,0.518,0.079,0.075
1,SPIKE_OCCUPIED,MEDIUM,False,,OCCUPIED,2026-01-25,36,2026-01-25,36,1,1.197,0.078,0.073
1,SPIKE_OCCUPIED,MEDIUM,False,,OCCUPIED,2026-01-25,37,2026-01-25,37,1,1.483,0.096,0.089
1,SPIKE_OCCUPIED,MEDIUM,False,,OCCUPIED,2026-01-25,38,2026-01-25,38,1,1.048,0.087,0.082
1,SPIKE_OCCUPIED,MEDIUM,False,,OCCUPIED,2026-01-25,39,2026-01-25,39,1,0.425,0.089,0.083
1,SPIKE_OCCUPIED,MEDIUM,False,,OCCUPIED,2026-01-25,40,2026-01-25,40,1,1.486,0.076,0.071
1,SPIKE_OCCUPIED,MEDIUM,False,,OCCUPIED,2026-01-25,41,2026-01-25,41,1,0.792,0.081,0.076
1,SPIKE_OCCUPIED,MEDIUM,False,,OCCUPIED,2026-01-25,42,2026-01-25,42,1,0.405,0.104,0.069
1,SPIKE_OCCUPIED,MEDIUM,False,,OCCUPIED,2026-01-27,36,2026-01-27,36,1,0.896,0.116,0.096
1,SPIKE_OCCUPIED,MEDIUM,False,,OCCUPIED,2026-01-27,38,2026-01-27,38,1,0.956,0.07,0.065
1,SPIKE_OCCUPIED,MEDIUM,False,,OCCUPIED,2026-01-27,39,2026-01-27,39,1,1.244,0.115,0.089
1,SPIKE_OCCUPIED,MEDIUM,False,,OCCUPIED,2026-01-27,40,2026-01-27,40,1,0.919,0.115,0.073
1,SPIKE_OCCUPIED,MEDIUM,False,,OCCUPIED,2026-02-01,2,2026-02-01,2,1,0.983,0.087,0.05
1,SPIKE_OCCUPIED,MEDIUM,False,,OCCUPIED,2026-02-01,3,2026-02-01,3,1,0.555,0.091,0.05
1,SPIKE_OCCUPIED,MEDIUM,False,,OCCUPIED,2026-02-01,4,2026-02-01,4,1,0.585,0.111,0.051
1,SPIKE_OCCUPIED,MEDIUM,False,,OCCUPIED,2026-02-01,5,2026-02-01,5,1,0.664,0.108,0.05
1,SPIKE_OCCUPIED,MEDIUM,False,,OCCUPIED,2026-02-01,6,2026-02-01,6,1,0.672,0.095,0.053
1,SPIKE_OCCUPIED,MEDIUM,False,,OCCUPIED,2026-02-01,7,2026-02-01,7,1,0.485,0.078,0.05
1,SPIKE_OCCUPIED,MEDIUM,False,,OCCUPIED,2026-02-01,8,2026-02-01,8,1,0.49,0.083,0.05
1,SPIKE_OCCUPIED,MEDIUM,False,,OCCUPIED,2026-02-01,9,2026-02-01,9,1,0.469,0.097,0.052
1,SPIKE_OCCUPIED,MEDIUM,False,,OCCUPIED,2026-02-01,10,2026-02-01,10,1,0.488,0.105,0.05
1,SPIKE_OCCUPIED,MEDIUM,False,,OCCUPIED,2026-02-01,11,2026-02-01,11,1,0.465,0.092,0.05
1,SPIKE_OCCUPIED,MEDIUM,False,,OCCUPIED,2026-02-01,12,2026-02-01,12,1,0.452,0.1,0.05
1,SPIKE_OCCUPIED,MEDIUM,False,,OCCUPIED,2026-02-01,13,2026-02-01,13,1,0.608,0.118,0.05
1,SPIKE_OCCUPIED,MEDIUM,False,,OCCUPIED,2026-02-01,14,2026-02-01,14,1,0.677,0.106,0.06
1,SPIKE_OCCUPIED,MEDIUM,False,,OCCUPIED,2026-02-01,15,2026-02-01,15,1,1.369,0.112,0.051
1,SPIKE_OCCUPIED,MEDIUM,False,,OCCUPIED,2026-02-01,16,2026-02-01,16,1,0.769,0.119,0.088
1,SPIKE_OCCUPIED,MEDIUM,False,,OCCUPIED,2026-02-01,17,2026-02-01,17,1,2.375,0.094,0.082
1,SPIKE_OCCUPIED,MEDIUM,False,,OCCUPIED,2026-02-01,18,2026-02-01,18,1,0.919,0.098,0.093
1,SPIKE_OCCUPIED,MEDIUM,False,,OCCUPIED,2026-02-01,19,2026-02-01,19,1,2.659,0.118,0.109
1,SPIKE_OCCUPIED,MEDIUM,False,,OCCUPIED,2026-02-01,20,2026-02-01,20,1,0.595,0.11,0.106
1,SPIKE_OCCUPIED,MEDIUM,False,,OCCUPIED,2026-02-01,21,2026-02-01,21,1,1.339,0.076,0.07
1,SPIKE_OCCUPIED,MEDIUM,False,,OCCUPIED,2026-02-01,22,2026-02-01,22,1,0.657,0.06,0.055
1,SPIKE_OCCUPIED,MEDIUM,False,,OCCUPIED,2026-02-01,27,2026-02-01,27,1,0.933,0.081,0.074
1,SPIKE_OCCUPIED,MEDIUM,False,,OCCUPIED,2026-02-01,28,2026-02-01,28,1,1.359,0.056,0.053
1,SPIKE_OCCUPIED,MEDIUM,False,,OCCUPIED,2026-02-01,29,2026-02-01,29,1,1.74,0.075,0.071
1,SPIKE_OCCUPIED,MEDIUM,False,,OCCUPIED,2026-02-01,30,2026-02-01,30,1,2.83,0.091,0.091
1,SPIKE_OCCUPIED,MEDIUM,False,,OCCUPIED,2026-02-01,31,2026-02-01,31,1,2.02,0.053,0.051
1,SPIKE_OCCUPIED,MEDIUM,False,,OCCUPIED,2026-02-01,32,2026-02-01,32,1,1.84,0.069,0.069
1,SPIKE_OCCUPIED,MEDIUM,False,,OCCUPIED,2026-02-01,34,2026-02-01,34,1,0.531,0.085,0.081
1,SPIKE_OCCUPIED,MEDIUM,False,,OCCUPIED,2026-02-01,35,2026-02-01,35,1,2.167,0.079,0.075
1,SPIKE_OCCUPIED,MEDIUM,False,,OCCUPIED,2026-02-01,36,2026-02-01,36,1,1.741,0.078,0.073
1,SPIKE_OCCUPIED,MEDIUM,False,,OCCUPIED,2026-02-01,37,2026-02-01,37,1,1.721,0.096,0.089
1,SPIKE_OCCUPIED,MEDIUM,False,,OCCUPIED,2026-02-01,38,2026-02-01,38,1,1.719,0.087,0.082
1,SPIKE_OCCUPIED,MEDIUM,False,,OCCUPIED,2026-02-01,39,2026-02-01,39,1,1.75,0.089,0.083
1,SPIKE_OCCUPIED,MEDIUM,False,,OCCUPIED,2026-02-01,40,2026-02-01,40,1,1.407,0.076,0.071
1,SPIKE_OCCUPIED,MEDIUM,False,,OCCUPIED,2026-02-21,2,2026-02-21,2,1,0.639,0.094,0.075
1,SPIKE_OCCUPIED,MEDIUM,False,,OCCUPIED,2026-02-21,28,2026-02-21,28,1,0.469,0.0075,0.05
1,SPIKE_OCCUPIED,MEDIUM,False,,OCCUPIED,2026-02-21,29,2026-02-21,29,1,1.924,0.0085,0.05
1,SPIKE_OCCUPIED,MEDIUM,False,,OCCUPIED,2026-02-21,43,2026-02-21,43,1,0.847,0.1615,0.136
1,SPIKE_OCCUPIED,MEDIUM,False,,OCCUPIED,2026-02-25,0,2026-02-25,0,1,0.499,0.1145,0.062
1,SPIKE_OCCUPIED,MEDIUM,False,,OCCUPIED,2026-04-03,24,2026-04-03,24,1,0.248,0.024,0.05
1,SPIKE_OCCUPIED,MEDIUM,False,,OCCUPIED,2026-04-03,25,2026-04-03,25,1,0.696,0.016,0.05
1,SPIKE_OCCUPIED,MEDIUM,False,,OCCUPIED,2026-04-03,28,2026-04-03,28,1,0.247,0.0065,0.05
1,SPIKE_OCCUPIED,MEDIUM,False,,OCCUPIED,2026-04-03,42,2026-04-03,42,1,0.56,0.0825,0.0775
1,SPIKE_OCCUPIED,MEDIUM,False,,OCCUPIED,2026-04-07,2,2026-04-07,2,1,1.14,0.083,0.052
1,SPIKE_OCCUPIED,MEDIUM,False,,OCCUPIED,2026-04-07,3,2026-04-07,3,1,1.642,0.076,0.05
1,SPIKE_OCCUPIED,MEDIUM,False,,OCCUPIED,2026-04-07,4,2026-04-07,4,1,1.538,0.09,0.05
1,SPIKE_OCCUPIED,MEDIUM,False,,OCCUPIED,2026-04-07,5,2026-04-07,5,1,1.224,0.08,0.05
1,SPIKE_OCCUPIED,MEDIUM,False,,OCCUPIED,2026-04-07,6,2026-04-07,6,1,1.22,0.075,0.05
1,SPIKE_OCCUPIED,MEDIUM,False,,OCCUPIED,2026-04-07,7,2026-04-07,7,1,2.51,0.079,0.05
1,SPIKE_OCCUPIED,MEDIUM,False,,OCCUPIED,2026-04-07,8,2026-04-07,8,1,1.851,0.099,0.05
1,SPIKE_OCCUPIED,MEDIUM,False,,OCCUPIED,2026-04-07,9,2026-04-07,9,1,1.614,0.095,0.05
1,SPIKE_OCCUPIED,MEDIUM,False,,OCCUPIED,2026-04-07,10,2026-04-07,10,1,2.093,0.086,0.05
1,SPIKE_OCCUPIED,MEDIUM,False,,OCCUPIED,2026-04-07,11,2026-04-07,11,1,2.549,0.116,0.056
1,SPIKE_OCCUPIED,MEDIUM,False,,OCCUPIED,2026-04-07,12,2026-04-07,12,1,2.619,0.11,0.051
1,SPIKE_OCCUPIED,MEDIUM,False,,OCCUPIED,2026-04-07,13,2026-04-07,13,1,1.719,0.136,0.099
1,SPIKE_OCCUPIED,MEDIUM,False,,OCCUPIED,2026-04-07,14,2026-04-07,14,1,1.283,0.114,0.061
1,SPIKE_OCCUPIED,MEDIUM,False,,OCCUPIED,2026-04-07,15,2026-04-07,15,1,3.411,0.104,0.082
1,SPIKE_OCCUPIED,MEDIUM,False,,OCCUPIED,2026-05-10,16,2026-05-10,16,1,1.195,0.119,0.088
1,SPIKE_OCCUPIED,MEDIUM,False,,OCCUPIED,2026-05-10,28,2026-05-10,28,1,0.269,0.056,0.053
1,SPIKE_OCCUPIED,MEDIUM,False,,OCCUPIED,2026-05-10,29,2026-05-10,29,1,0.461,0.075,0.071
1,SPIKE_OCCUPIED,MEDIUM,False,,OCCUPIED,2026-05-10,30,2026-05-10,30,1,0.579,0.091,0.091
1,SPIKE_OCCUPIED,MEDIUM,False,,OCCUPIED,2026-05-22,24,2026-05-22,24,1,0.234,0.024,0.05
1,SPIKE_OCCUPIED,MEDIUM,False,,OCCUPIED,2026-05-22,25,2026-05-22,25,1,0.28,0.016,0.05
1,SPIKE_OCCUPIED,MEDIUM,False,,OCCUPIED,2026-05-22,27,2026-05-22,27,1,0.225,0.01,0.05
1,SPIKE_OCCUPIED,MEDIUM,False,,OCCUPIED,2026-05-22,28,2026-05-22,28,1,0.644,0.0065,0.05
1,SPIKE_OCCUPIED,MEDIUM,False,,OCCUPIED,2026-05-22,31,2026-05-22,31,1,0.272,0.0165,0.05
1,SPIKE_OCCUPIED,MEDIUM,False,,OCCUPIED,2026-05-22,32,2026-05-22,32,1,0.323,0.0235,0.05
1,SPIKE_OCCUPIED,MEDIUM,False,,OCCUPIED,2026-05-22,33,2026-05-22,33,1,0.275,0.029,0.05
1,SPIKE_OCCUPIED,MEDIUM,False,,OCCUPIED,2026-05-22,34,2026-05-22,34,1,0.349,0.0195,0.05
1,SPIKE_OCCUPIED,MEDIUM,False,,OCCUPIED,2026-05-22,35,2026-05-22,35,1,0.413,0.0165,0.05
1,SPIKE_OCCUPIED,MEDIUM,False,,OCCUPIED,2026-05-31,0,2026-05-31,0,1,0.425,0.088,0.077
1,SPIKE_OCCUPIED,MEDIUM,False,,OCCUPIED,2026-05-31,1,2026-05-31,1,1,0.414,0.052,0.05
1,SPIKE_OCCUPIED,MEDIUM,False,,OCCUPIED,2026-05-31,2,2026-05-31,2,1,0.611,0.087,0.05
1,SPIKE_OCCUPIED,MEDIUM,False,,OCCUPIED,2026-05-31,3,2026-05-31,3,1,0.635,0.091,0.05
1,SPIKE_OCCUPIED,MEDIUM,False,,OCCUPIED,2026-05-31,6,2026-05-31,6,1,0.607,0.095,0.053
1,SPIKE_OCCUPIED,MEDIUM,False,,OCCUPIED,2026-05-31,14,2026-05-31,14,1,0.644,0.106,0.06
1,SPIKE_OCCUPIED,MEDIUM,False,,OCCUPIED,2026-05-31,23,2026-05-31,23,1,0.4,0.048,0.05
1,SPIKE_OCCUPIED,MEDIUM,False,,OCCUPIED,2026-05-31,25,2026-05-31,25,1,0.366,0.046,0.05
1,SPIKE_OCCUPIED,MEDIUM,False,,OCCUPIED,2026-05-31,26,2026-05-31,26,1,0.371,0.041,0.05
1,SPIKE_OCCUPIED,MEDIUM,False,,OCCUPIED,2026-05-31,28,2026-05-31,28,1,0.363,0.056,0.053
1,SPIKE_OCCUPIED,MEDIUM,False,,OCCUPIED,2026-05-31,29,2026-05-31,29,1,0.456,0.075,0.071
1,SPIKE_OCCUPIED,MEDIUM,False,,OCCUPIED,2026-05-31,33,2026-05-31,33,1,0.843,0.046,0.05
1,SPIKE_OCCUPIED,MEDIUM,False,,OCCUPIED,2026-05-31,34,2026-05-31,34,1,0.573,0.085,0.081
1,SPIKE_OCCUPIED,MEDIUM,False,,OCCUPIED,2026-05-31,41,2026-05-31,41,1,0.391,0.081,0.076
1,SPIKE_OCCUPIED,MEDIUM,False,,OCCUPIED,2026-05-31,42,2026-05-31,42,1,0.397,0.104,0.069
1,SPIKE_OCCUPIED,MEDIUM,False,,OCCUPIED,2026-05-31,46,2026-05-31,46,1,0.855,0.081,0.075
1,SPIKE_OCCUPIED,MEDIUM,False,,OCCUPIED,2026-06-08,43,2026-06-08,43,1,0.695,0.154,0.127
1,SPIKE_OCCUPIED,MEDIUM,False,,OCCUPIED,2026-06-09,20,2026-06-09,20,1,0.65,0.045,0.05
1,SPIKE_OCCUPIED,MEDIUM,False,,OCCUPIED,2026-06-09,21,2026-06-09,21,1,0.379,0.012,0.05
1,SPIKE_OCCUPIED,MEDIUM,False,,OCCUPIED,2026-06-09,26,2026-06-09,26,1,0.251,0.009,0.05
1,SPIKE_OCCUPIED,MEDIUM,False,,OCCUPIED,2026-06-09,27,2026-06-09,27,1,0.226,0.007,0.05
1,SPIKE_OCCUPIED,MEDIUM,False,,OCCUPIED,2026-06-09,28,2026-06-09,28,1,0.691,0.007,0.05
1,SPIKE_OCCUPIED,MEDIUM,False,,OCCUPIED,2026-06-09,29,2026-06-09,29,1,0.75,0.026,0.05
1,SPIKE_OCCUPIED,MEDIUM,False,,OCCUPIED,2026-06-09,30,2026-06-09,30,1,0.448,0.044,0.05
1,SPIKE_OCCUPIED,MEDIUM,False,,OCCUPIED,2026-06-09,31,2026-06-09,31,1,0.488,0.037,0.05
1,SPIKE_OCCUPIED,MEDIUM,False,,OCCUPIED,2026-06-09,32,2026-06-09,32,1,0.297,0.045,0.05
1,SPIKE_OCCUPIED,MEDIUM,False,,OCCUPIED,2026-06-12,5,2026-06-12,5,1,0.624,0.1125,0.05
1,SPIKE_OCCUPIED,MEDIUM,False,,OCCUPIED,2026-06-12,18,2026-06-12,18,1,0.436,0.075,0.0685
1,SPIKE_OCCUPIED,MEDIUM,False,,OCCUPIED,2026-06-12,19,2026-06-12,19,1,0.597,0.077,0.069
1,SPIKE_OCCUPIED,MEDIUM,False,,OCCUPIED,2026-06-12,20,2026-06-12,20,1,0.466,0.024,0.05
1,SPIKE_OCCUPIED,MEDIUM,False,,OCCUPIED,2026-06-12,23,2026-06-12,23,1,0.262,0.02,0.05
1,SPIKE_OCCUPIED,MEDIUM,False,,OCCUPIED,2026-06-12,24,2026-06-12,24,1,0.468,0.024,0.05
1,SPIKE_OCCUPIED,MEDIUM,False,,OCCUPIED,2026-06-12,25,2026-06-12,25,1,0.463,0.016,0.05
1,SPIKE_OCCUPIED,MEDIUM,False,,OCCUPIED,2026-06-12,26,2026-06-12,26,1,0.375,0.0075,0.05
1,SPIKE_OCCUPIED,MEDIUM,False,,OCCUPIED,2026-06-12,28,2026-06-12,28,1,0.207,0.0065,0.05
1,SPIKE_OCCUPIED,MEDIUM,False,,OCCUPIED,2026-06-12,29,2026-06-12,29,1,0.252,0.0135,0.05
1,SPIKE_OCCUPIED,MEDIUM,False,,OCCUPIED,2026-06-12,30,2026-06-12,30,1,0.773,0.0095,0.05
1,SPIKE_OCCUPIED,MEDIUM,False,,OCCUPIED,2026-06-12,31,2026-06-12,31,1,2.101,0.0165,0.05
1,SPIKE_OCCUPIED,MEDIUM,False,,OCCUPIED,2026-06-12,32,2026-06-12,32,1,0.782,0.0235,0.05
1,SPIKE_OCCUPIED,MEDIUM,False,,OCCUPIED,2026-06-12,33,2026-06-12,33,1,1.33,0.029,0.05
1,SPIKE_OCCUPIED,MEDIUM,False,,OCCUPIED,2026-06-12,34,2026-06-12,34,1,0.95,0.0195,0.05
1,SPIKE_OCCUPIED,MEDIUM,False,,OCCUPIED,2026-06-12,35,2026-06-12,35,1,0.334,0.0165,0.05
1,SPIKE_OCCUPIED,MEDIUM,False,,OCCUPIED,2026-06-12,36,2026-06-12,36,1,0.605,0.0205,0.05
1,SPIKE_OCCUPIED,MEDIUM,False,,OCCUPIED,2026-06-12,37,2026-06-12,37,1,0.504,0.0615,0.059
1,SPIKE_OCCUPIED,MEDIUM,False,,OCCUPIED,2026-06-12,38,2026-06-12,38,1,0.469,0.0395,0.05
1,SPIKE_OCCUPIED,MEDIUM,False,,OCCUPIED,2026-06-12,39,2026-06-12,39,1,0.467,0.0465,0.05
1,SPIKE_OCCUPIED,MEDIUM,False,,OCCUPIED,2026-06-12,41,2026-06-12,41,1,0.458,0.0825,0.079
1,SPIKE_OCCUPIED,MEDIUM,False,,OCCUPIED,2026-07-06,0,2026-07-06,0,1,5.715,0.1,0.059
1,SPIKE_OCCUPIED,MEDIUM,False,,OCCUPIED,2026-07-06,1,2026-07-06,1,1,5.702,0.095,0.054
1,SPIKE_OCCUPIED,MEDIUM,False,,OCCUPIED,2026-07-06,2,2026-07-06,2,1,4.041,0.084,0.06
1,SPIKE_OCCUPIED,MEDIUM,False,,OCCUPIED,2026-07-06,3,2026-07-06,3,1,0.607,0.08,0.05
1,SPIKE_OCCUPIED,MEDIUM,False,,OCCUPIED,2026-07-06,4,2026-07-06,4,1,0.593,0.082,0.054
1,SPIKE_OCCUPIED,MEDIUM,False,,OCCUPIED,2026-07-06,5,2026-07-06,5,1,0.608,0.091,0.05
1,SPIKE_OCCUPIED,MEDIUM,False,,OCCUPIED,2026-07-06,6,2026-07-06,6,1,0.589,0.091,0.05
1,SPIKE_OCCUPIED,MEDIUM,False,,OCCUPIED,2026-07-06,7,2026-07-06,7,1,0.536,0.083,0.053
1,SPIKE_OCCUPIED,MEDIUM,False,,OCCUPIED,2026-07-06,8,2026-07-06,8,1,0.553,0.077,0.055
1,SPIKE_OCCUPIED,MEDIUM,False,,OCCUPIED,2026-07-06,9,2026-07-06,9,1,0.521,0.095,0.05
1,SPIKE_OCCUPIED,MEDIUM,False,,OCCUPIED,2026-07-06,45,2026-07-06,45,1,0.796,0.167,0.094
1,SPIKE_OCCUPIED,MEDIUM,False,,OCCUPIED,2026-07-06,46,2026-07-06,46,1,1.193,0.156,0.132
2,FLATLINE,HIGH,True,vacancy,VACANT,2026-06-09,16,2026-06-09,34,19,0.0004,0.136,0.103
2,FLATLINE,HIGH,True,vacancy,VACANT,2026-06-17,14,2026-06-17,39,26,0.0033,0.085,0.0625
2,FLATLINE,HIGH,True,vacancy,VACANT,2026-06-18,8,2026-06-18,41,34,0.0026,0.0565,0.05
2,FLATLINE,HIGH,True,vacancy,VACANT,2026-06-26,17,2026-06-26,24,8,0.0009,0.113,0.0935
2,FLATLINE,HIGH,True,vacancy,VACANT,2026-06-26,29,2026-06-26,35,7,0.0009,0.109,0.0915
2,FLATLINE,HIGH,True,vacancy,VACANT,2026-07-01,16,2026-07-01,28,13,0.0002,0.1185,0.1005
2,FLATLINE,HIGH,True,vacancy,VACANT,2026-07-03,0,2026-07-03,21,22,0.0006,0.0765,0.05
2,FLATLINE,HIGH,True,vacancy,VACANT,2026-07-03,23,2026-07-03,47,25,0.0,0.101,0.083
2,FLATLINE,HIGH,True,vacancy,VACANT,2026-07-06,11,2026-07-06,17,7,0.0001,0.0615,0.05
2,FLATLINE,HIGH,True,vacancy,VACANT,2026-07-17,0,2026-07-17,15,16,0.0055,0.0765,0.05
2,FLATLINE,HIGH,True,vacancy,VACANT,2026-07-17,21,2026-07-17,32,12,0.0002,0.112,0.089
2,FLATLINE,HIGH,True,vacancy,VACANT,2026-07-17,39,2026-07-17,47,9,0.0053,0.1845,0.127
2,FLATLINE,HIGH,True,vacancy,VACANT,2026-07-19,9,2026-07-19,40,32,0.0003,0.064,0.05
2,FLATLINE,HIGH,True,vacancy,VACANT,2026-07-23,0,2026-07-23,47,48,0.0006,0.084,0.0525
2,SPIKE_OCCUPIED,MEDIUM,False,,OCCUPIED,2026-06-02,0,2026-06-02,0,1,0.318,0.088,0.05
2,SPIKE_OCCUPIED,MEDIUM,False,,OCCUPIED,2026-06-02,2,2026-06-02,2,1,0.471,0.079,0.05
2,SPIKE_OCCUPIED,MEDIUM,False,,OCCUPIED,2026-06-02,9,2026-06-02,9,1,0.448,0.07,0.05
2,SPIKE_OCCUPIED,MEDIUM,False,,OCCUPIED,2026-06-02,26,2026-06-02,26,1,0.646,0.092,0.077
2,SPIKE_OCCUPIED,MEDIUM,False,,OCCUPIED,2026-06-02,27,2026-06-02,27,1,0.548,0.097,0.088
2,SPIKE_OCCUPIED,MEDIUM,False,,OCCUPIED,2026-06-03,17,2026-06-03,17,1,0.54,0.1075,0.091
2,SPIKE_OCCUPIED,MEDIUM,False,,OCCUPIED,2026-06-03,20,2026-06-03,20,1,0.537,0.097,0.085
2,SPIKE_OCCUPIED,MEDIUM,False,,OCCUPIED,2026-06-03,21,2026-06-03,21,1,0.458,0.094,0.0755
2,SPIKE_OCCUPIED,MEDIUM,False,,OCCUPIED,2026-06-03,25,2026-06-03,25,1,1.193,0.09,0.0805
2,SPIKE_OCCUPIED,MEDIUM,False,,OCCUPIED,2026-06-03,26,2026-06-03,26,1,0.956,0.097,0.083
2,SPIKE_OCCUPIED,MEDIUM,False,,OCCUPIED,2026-06-03,32,2026-06-03,32,1,3.127,0.107,0.085
2,SPIKE_OCCUPIED,MEDIUM,False,,OCCUPIED,2026-06-03,33,2026-06-03,33,1,1.23,0.1305,0.098
2,SPIKE_OCCUPIED,MEDIUM,False,,OCCUPIED,2026-06-03,35,2026-06-03,35,1,0.895,0.156,0.108
2,SPIKE_OCCUPIED,MEDIUM,False,,OCCUPIED,2026-06-03,37,2026-06-03,37,1,2.564,0.187,0.1255
2,SPIKE_OCCUPIED,MEDIUM,False,,OCCUPIED,2026-06-05,15,2026-06-05,15,1,1.553,0.108,0.0805
2,SPIKE_OCCUPIED,MEDIUM,False,,OCCUPIED,2026-06-05,16,2026-06-05,16,1,1.518,0.112,0.09
2,SPIKE_OCCUPIED,MEDIUM,False,,OCCUPIED,2026-06-05,17,2026-06-05,17,1,1.351,0.113,0.0935
2,SPIKE_OCCUPIED,MEDIUM,False,,OCCUPIED,2026-06-05,18,2026-06-05,18,1,1.398,0.1165,0.0885
2,SPIKE_OCCUPIED,MEDIUM,False,,OCCUPIED,2026-06-05,19,2026-06-05,19,1,1.756,0.1125,0.095
2,SPIKE_OCCUPIED,MEDIUM,False,,OCCUPIED,2026-06-05,20,2026-06-05,20,1,1.683,0.089,0.0785
2,SPIKE_OCCUPIED,MEDIUM,False,,OCCUPIED,2026-06-05,21,2026-06-05,21,1,1.707,0.112,0.089
2,SPIKE_OCCUPIED,MEDIUM,False,,OCCUPIED,2026-06-05,29,2026-06-05,29,1,0.951,0.109,0.0915
2,SPIKE_OCCUPIED,MEDIUM,False,,OCCUPIED,2026-06-05,30,2026-06-05,30,1,1.355,0.112,0.089
2,SPIKE_OCCUPIED,MEDIUM,False,,OCCUPIED,2026-06-05,31,2026-06-05,31,1,1.345,0.1135,0.088
2,SPIKE_OCCUPIED,MEDIUM,False,,OCCUPIED,2026-06-05,32,2026-06-05,32,1,1.344,0.1175,0.092
2,SPIKE_OCCUPIED,MEDIUM,False,,OCCUPIED,2026-06-05,33,2026-06-05,33,1,1.361,0.131,0.1065
2,SPIKE_OCCUPIED,MEDIUM,False,,OCCUPIED,2026-06-05,34,2026-06-05,34,1,1.385,0.1695,0.121
2,SPIKE_OCCUPIED,MEDIUM,False,,OCCUPIED,2026-06-05,35,2026-06-05,35,1,1.344,0.176,0.124
2,SPIKE_OCCUPIED,MEDIUM,False,,OCCUPIED,2026-06-05,36,2026-06-05,36,1,1.317,0.204,0.1615
2,SPIKE_OCCUPIED,MEDIUM,False,,OCCUPIED,2026-06-05,37,2026-06-05,37,1,1.315,0.207,0.158
2,SPIKE_OCCUPIED,MEDIUM,False,,OCCUPIED,2026-06-06,19,2026-06-06,19,1,0.505,0.105,0.096
2,SPIKE_OCCUPIED,MEDIUM,False,,OCCUPIED,2026-06-09,38,2026-06-09,38,1,1.032,0.211,0.147
2,SPIKE_OCCUPIED,MEDIUM,False,,OCCUPIED,2026-06-09,43,2026-06-09,43,1,0.559,0.153,0.095
2,SPIKE_OCCUPIED,MEDIUM,False,,OCCUPIED,2026-06-09,45,2026-06-09,45,1,0.357,0.102,0.062
2,SPIKE_OCCUPIED,MEDIUM,False,,OCCUPIED,2026-06-09,47,2026-06-09,47,1,0.494,0.087,0.055
2,SPIKE_OCCUPIED,MEDIUM,False,,OCCUPIED,2026-06-10,2,2026-06-10,2,1,0.333,0.071,0.05
2,SPIKE_OCCUPIED,MEDIUM,False,,OCCUPIED,2026-06-10,46,2026-06-10,46,1,0.715,0.0945,0.057
2,SPIKE_OCCUPIED,MEDIUM,False,,OCCUPIED,2026-06-11,11,2026-06-11,11,1,0.266,0.054,0.05
2,SPIKE_OCCUPIED,MEDIUM,False,,OCCUPIED,2026-06-12,5,2026-06-12,5,1,0.624,0.066,0.05
2,SPIKE_OCCUPIED,MEDIUM,False,,OCCUPIED,2026-06-12,19,2026-06-12,19,1,0.597,0.1125,0.095
2,SPIKE_OCCUPIED,MEDIUM,False,,OCCUPIED,2026-06-12,20,2026-06-12,20,1,0.466,0.089,0.0785
2,SPIKE_OCCUPIED,MEDIUM,False,,OCCUPIED,2026-06-12,24,2026-06-12,24,1,0.468,0.0905,0.0795
2,SPIKE_OCCUPIED,MEDIUM,False,,OCCUPIED,2026-06-12,25,2026-06-12,25,1,0.463,0.104,0.082
2,SPIKE_OCCUPIED,MEDIUM,False,,OCCUPIED,2026-06-12,30,2026-06-12,30,1,0.773,0.112,0.089
2,SPIKE_OCCUPIED,MEDIUM,False,,OCCUPIED,2026-06-12,31,2026-06-12,31,1,2.101,0.1135,0.088
2,SPIKE_OCCUPIED,MEDIUM,False,,OCCUPIED,2026-06-12,32,2026-06-12,32,1,0.782,0.1175,0.092
2,SPIKE_OCCUPIED,MEDIUM,False,,OCCUPIED,2026-06-12,33,2026-06-12,33,1,1.33,0.131,0.1065
2,SPIKE_OCCUPIED,MEDIUM,False,,OCCUPIED,2026-06-12,34,2026-06-12,34,1,0.95,0.1695,0.121
2,SPIKE_OCCUPIED,MEDIUM,False,,OCCUPIED,2026-06-13,22,2026-06-13,22,1,0.582,0.1255,0.111
2,SPIKE_OCCUPIED,MEDIUM,False,,OCCUPIED,2026-06-14,15,2026-06-14,15,1,0.801,0.093,0.074
2,SPIKE_OCCUPIED,MEDIUM,False,,OCCUPIED,2026-06-14,22,2026-06-14,22,1,1.096,0.135,0.114
2,SPIKE_OCCUPIED,MEDIUM,False,,OCCUPIED,2026-06-14,27,2026-06-14,27,1,0.694,0.121,0.102
2,SPIKE_OCCUPIED,MEDIUM,False,,OCCUPIED,2026-06-14,32,2026-06-14,32,1,0.787,0.135,0.111
2,SPIKE_OCCUPIED,MEDIUM,False,,OCCUPIED,2026-06-15,46,2026-06-15,46,1,0.53,0.096,0.0635
2,SPIKE_OCCUPIED,MEDIUM,False,,OCCUPIED,2026-06-15,47,2026-06-15,47,1,0.331,0.092,0.054
2,SPIKE_OCCUPIED,MEDIUM,False,,OCCUPIED,2026-06-16,13,2026-06-16,13,1,0.91,0.095,0.075
2,SPIKE_OCCUPIED,MEDIUM,False,,OCCUPIED,2026-06-16,14,2026-06-16,14,1,0.621,0.122,0.088
2,SPIKE_OCCUPIED,MEDIUM,False,,OCCUPIED,2026-06-16,17,2026-06-16,17,1,1.13,0.125,0.103
2,SPIKE_OCCUPIED,MEDIUM,False,,OCCUPIED,2026-06-16,18,2026-06-16,18,1,0.865,0.103,0.088
2,SPIKE_OCCUPIED,MEDIUM,False,,OCCUPIED,2026-06-16,19,2026-06-16,19,1,0.862,0.096,0.083
2,SPIKE_OCCUPIED,MEDIUM,False,,OCCUPIED,2026-06-16,20,2026-06-16,20,1,0.848,0.099,0.083
2,SPIKE_OCCUPIED,MEDIUM,False,,OCCUPIED,2026-06-16,21,2026-06-16,21,1,0.852,0.089,0.079
2,SPIKE_OCCUPIED,MEDIUM,False,,OCCUPIED,2026-06-16,22,2026-06-16,22,1,1.135,0.096,0.086
2,SPIKE_OCCUPIED,MEDIUM,False,,OCCUPIED,2026-06-16,23,2026-06-16,23,1,0.504,0.091,0.084
2,SPIKE_OCCUPIED,MEDIUM,False,,OCCUPIED,2026-06-16,24,2026-06-16,24,1,0.601,0.096,0.086
2,SPIKE_OCCUPIED,MEDIUM,False,,OCCUPIED,2026-06-16,25,2026-06-16,25,1,0.872,0.081,0.077
2,SPIKE_OCCUPIED,MEDIUM,False,,OCCUPIED,2026-06-16,26,2026-06-16,26,1,0.579,0.092,0.077
2,SPIKE_OCCUPIED,MEDIUM,False,,OCCUPIED,2026-06-16,30,2026-06-16,30,1,0.622,0.108,0.085
2,SPIKE_OCCUPIED,MEDIUM,False,,OCCUPIED,2026-06-16,31,2026-06-16,31,1,0.936,0.112,0.078
2,SPIKE_OCCUPIED,MEDIUM,False,,OCCUPIED,2026-06-16,32,2026-06-16,32,1,1.37,0.123,0.093
2,SPIKE_OCCUPIED,MEDIUM,False,,OCCUPIED,2026-06-16,33,2026-06-16,33,1,1.275,0.143,0.1
2,SPIKE_OCCUPIED,MEDIUM,False,,OCCUPIED,2026-06-19,0,2026-06-19,0,1,3.547,0.0765,0.05
2,SPIKE_OCCUPIED,MEDIUM,False,,OCCUPIED,2026-06-19,1,2026-06-19,1,1,3.572,0.078,0.05
2,SPIKE_OCCUPIED,MEDIUM,False,,OCCUPIED,2026-06-19,2,2026-06-19,2,1,3.554,0.0725,0.05
2,SPIKE_OCCUPIED,MEDIUM,False,,OCCUPIED,2026-06-19,3,2026-06-19,3,1,3.586,0.068,0.05
2,SPIKE_OCCUPIED,MEDIUM,False,,OCCUPIED,2026-06-19,4,2026-06-19,4,1,3.538,0.068,0.05
2,SPIKE_OCCUPIED,MEDIUM,False,,OCCUPIED,2026-06-19,5,2026-06-19,5,1,3.564,0.066,0.05
2,SPIKE_OCCUPIED,MEDIUM,False,,OCCUPIED,2026-06-19,6,2026-06-19,6,1,3.569,0.066,0.05
2,SPIKE_OCCUPIED,MEDIUM,False,,OCCUPIED,2026-06-19,7,2026-06-19,7,1,3.548,0.0665,0.05
2,SPIKE_OCCUPIED,MEDIUM,False,,OCCUPIED,2026-06-19,8,2026-06-19,8,1,3.545,0.062,0.05
2,SPIKE_OCCUPIED,MEDIUM,False,,OCCUPIED,2026-06-19,9,2026-06-19,9,1,0.536,0.0665,0.05
2,SPIKE_OCCUPIED,MEDIUM,False,,OCCUPIED,2026-06-19,12,2026-06-19,12,1,1.667,0.0705,0.05
2,SPIKE_OCCUPIED,MEDIUM,False,,OCCUPIED,2026-06-19,13,2026-06-19,13,1,3.595,0.0935,0.0665
2,SPIKE_OCCUPIED,MEDIUM,False,,OCCUPIED,2026-06-19,14,2026-06-19,14,1,2.246,0.11,0.0735
2,SPIKE_OCCUPIED,MEDIUM,False,,OCCUPIED,2026-06-19,32,2026-06-19,32,1,0.913,0.1175,0.092
2,SPIKE_OCCUPIED,MEDIUM,False,,OCCUPIED,2026-06-19,44,2026-06-19,44,1,1.458,0.175,0.103
2,SPIKE_OCCUPIED,MEDIUM,False,,OCCUPIED,2026-06-19,47,2026-06-19,47,1,3.087,0.1025,0.0625
2,SPIKE_OCCUPIED,MEDIUM,False,,OCCUPIED,2026-06-20,13,2026-06-20,13,1,0.367,0.0835,0.0635
2,SPIKE_OCCUPIED,MEDIUM,False,,OCCUPIED,2026-06-20,35,2026-06-20,35,1,0.761,0.166,0.1335
2,SPIKE_OCCUPIED,MEDIUM,False,,OCCUPIED,2026-06-20,36,2026-06-20,36,1,1.072,0.1765,0.1465
2,SPIKE_OCCUPIED,MEDIUM,False,,OCCUPIED,2026-06-20,43,2026-06-20,43,1,0.621,0.1405,0.1005
2,SPIKE_OCCUPIED,MEDIUM,False,,OCCUPIED,2026-06-21,0,2026-06-21,0,1,2.609,0.091,0.056
2,SPIKE_OCCUPIED,MEDIUM,False,,OCCUPIED,2026-06-21,2,2026-06-21,2,1,0.522,0.078,0.05
2,SPIKE_OCCUPIED,MEDIUM,False,,OCCUPIED,2026-06-21,4,2026-06-21,4,1,1.89,0.067,0.05
2,SPIKE_OCCUPIED,MEDIUM,False,,OCCUPIED,2026-06-21,5,2026-06-21,5,1,1.985,0.067,0.05
2,SPIKE_OCCUPIED,MEDIUM,False,,OCCUPIED,2026-06-21,6,2026-06-21,6,1,1.992,0.063,0.05
2,SPIKE_OCCUPIED,MEDIUM,False,,OCCUPIED,2026-06-21,7,2026-06-21,7,1,0.699,0.065,0.05
2,SPIKE_OCCUPIED,MEDIUM,False,,OCCUPIED,2026-06-21,17,2026-06-21,17,1,0.778,0.128,0.105
2,SPIKE_OCCUPIED,MEDIUM,False,,OCCUPIED,2026-06-21,25,2026-06-21,25,1,0.772,0.132,0.111
2,SPIKE_OCCUPIED,MEDIUM,False,,OCCUPIED,2026-06-21,47,2026-06-21,47,1,2.128,0.088,0.053
2,SPIKE_OCCUPIED,MEDIUM,False,,OCCUPIED,2026-06-22,17,2026-06-22,17,1,0.544,0.121,0.0975
2,SPIKE_OCCUPIED,MEDIUM,False,,OCCUPIED,2026-06-22,18,2026-06-22,18,1,0.537,0.1105,0.0835
2,SPIKE_OCCUPIED,MEDIUM,False,,OCCUPIED,2026-06-22,19,2026-06-22,19,1,0.62,0.114,0.097
2,SPIKE_OCCUPIED,MEDIUM,False,,OCCUPIED,2026-06-22,20,2026-06-22,20,1,0.537,0.098,0.082
2,SPIKE_OCCUPIED,MEDIUM,False,,OCCUPIED,2026-06-22,21,2026-06-22,21,1,0.557,0.0945,0.084
2,SPIKE_OCCUPIED,MEDIUM,False,,OCCUPIED,2026-06-22,22,2026-06-22,22,1,0.688,0.095,0.085
2,SPIKE_OCCUPIED,MEDIUM,False,,OCCUPIED,2026-06-22,23,2026-06-22,23,1,0.591,0.091,0.087
2,SPIKE_OCCUPIED,MEDIUM,False,,OCCUPIED,2026-06-22,24,2026-06-22,24,1,0.589,0.0925,0.083
2,SPIKE_OCCUPIED,MEDIUM,False,,OCCUPIED,2026-06-22,25,2026-06-22,25,1,0.618,0.1075,0.0985
2,SPIKE_OCCUPIED,MEDIUM,False,,OCCUPIED,2026-06-22,26,2026-06-22,26,1,0.618,0.1065,0.1025
2,SPIKE_OCCUPIED,MEDIUM,False,,OCCUPIED,2026-06-22,27,2026-06-22,27,1,0.592,0.1095,0.101
2,SPIKE_OCCUPIED,MEDIUM,False,,OCCUPIED,2026-06-22,28,2026-06-22,28,1,0.589,0.1155,0.097
2,SPIKE_OCCUPIED,MEDIUM,False,,OCCUPIED,2026-06-22,29,2026-06-22,29,1,0.687,0.104,0.0835
2,SPIKE_OCCUPIED,MEDIUM,False,,OCCUPIED,2026-06-22,30,2026-06-22,30,1,0.597,0.1105,0.0925
2,SPIKE_OCCUPIED,MEDIUM,False,,OCCUPIED,2026-06-22,31,2026-06-22,31,1,0.584,0.1315,0.0975
2,SPIKE_OCCUPIED,MEDIUM,False,,OCCUPIED,2026-06-22,32,2026-06-22,32,1,0.669,0.1365,0.112
2,SPIKE_OCCUPIED,MEDIUM,False,,OCCUPIED,2026-06-23,0,2026-06-23,0,1,1.662,0.088,0.05
2,SPIKE_OCCUPIED,MEDIUM,False,,OCCUPIED,2026-06-23,1,2026-06-23,1,1,1.649,0.081,0.05
2,SPIKE_OCCUPIED,MEDIUM,False,,OCCUPIED,2026-06-23,2,2026-06-23,2,1,2.349,0.079,0.05
2,SPIKE_OCCUPIED,MEDIUM,False,,OCCUPIED,2026-06-23,3,2026-06-23,3,1,1.034,0.072,0.05
2,SPIKE_OCCUPIED,MEDIUM,False,,OCCUPIED,2026-06-23,7,2026-06-23,7,1,0.555,0.073,0.05
2,SPIKE_OCCUPIED,MEDIUM,False,,OCCUPIED,2026-06-23,8,2026-06-23,8,1,0.569,0.071,0.05
2,SPIKE_OCCUPIED,MEDIUM,False,,OCCUPIED,2026-06-23,9,2026-06-23,9,1,0.538,0.07,0.05
2,SPIKE_OCCUPIED,MEDIUM,False,,OCCUPIED,2026-06-23,10,2026-06-23,10,1,0.463,0.075,0.052
2,SPIKE_OCCUPIED,MEDIUM,False,,OCCUPIED,2026-06-23,47,2026-06-23,47,1,1.639,0.087,0.055
2,SPIKE_OCCUPIED,MEDIUM,False,,OCCUPIED,2026-06-25,12,2026-06-25,12,1,1.058,0.0775,0.0625
2,SPIKE_OCCUPIED,MEDIUM,False,,OCCUPIED,2026-06-25,14,2026-06-25,14,1,1.387,0.0845,0.0725
2,SPIKE_OCCUPIED,MEDIUM,False,,OCCUPIED,2026-06-25,15,2026-06-25,15,1,1.329,0.1095,0.0905
2,SPIKE_OCCUPIED,MEDIUM,False,,OCCUPIED,2026-06-25,34,2026-06-25,34,1,0.681,0.1365,0.1055
2,SPIKE_OCCUPIED,MEDIUM,False,,OCCUPIED,2026-06-27,0,2026-06-27,0,1,0.394,0.1005,0.0625
2,SPIKE_OCCUPIED,MEDIUM,False,,OCCUPIED,2026-06-27,8,2026-06-27,8,1,0.383,0.062,0.05
2,SPIKE_OCCUPIED,MEDIUM,False,,OCCUPIED,2026-06-27,9,2026-06-27,9,1,0.295,0.068,0.05
2,SPIKE_OCCUPIED,MEDIUM,False,,OCCUPIED,2026-06-27,13,2026-06-27,13,1,0.37,0.0835,0.0635
2,SPIKE_OCCUPIED,MEDIUM,False,,OCCUPIED,2026-06-27,14,2026-06-27,14,1,0.354,0.069,0.0595
2,SPIKE_OCCUPIED,MEDIUM,False,,OCCUPIED,2026-06-27,33,2026-06-27,33,1,0.763,0.127,0.102
2,SPIKE_OCCUPIED,MEDIUM,False,,OCCUPIED,2026-06-27,43,2026-06-27,43,1,0.597,0.1405,0.1005
2,SPIKE_OCCUPIED,MEDIUM,False,,OCCUPIED,2026-06-29,0,2026-06-29,0,1,0.401,0.0875,0.05
2,SPIKE_OCCUPIED,MEDIUM,False,,OCCUPIED,2026-06-29,1,2026-06-29,1,1,0.399,0.08,0.05
2,SPIKE_OCCUPIED,MEDIUM,False,,OCCUPIED,2026-06-29,2,2026-06-29,2,1,0.395,0.0745,0.05
2,SPIKE_OCCUPIED,MEDIUM,False,,OCCUPIED,2026-06-29,3,2026-06-29,3,1,1.871,0.076,0.05
2,SPIKE_OCCUPIED,MEDIUM,False,,OCCUPIED,2026-06-29,4,2026-06-29,4,1,1.885,0.07,0.05
2,SPIKE_OCCUPIED,MEDIUM,False,,OCCUPIED,2026-06-29,5,2026-06-29,5,1,1.886,0.073,0.05
2,SPIKE_OCCUPIED,MEDIUM,False,,OCCUPIED,2026-06-29,6,2026-06-29,6,1,1.176,0.065,0.05
2,SPIKE_OCCUPIED,MEDIUM,False,,OCCUPIED,2026-06-29,7,2026-06-29,7,1,0.379,0.068,0.05
2,SPIKE_OCCUPIED,MEDIUM,False,,OCCUPIED,2026-06-29,8,2026-06-29,8,1,0.356,0.0675,0.05
2,SPIKE_OCCUPIED,MEDIUM,False,,OCCUPIED,2026-06-29,9,2026-06-29,9,1,0.368,0.064,0.05
2,SPIKE_OCCUPIED,MEDIUM,False,,OCCUPIED,2026-06-29,10,2026-06-29,10,1,0.37,0.0725,0.05
2,SPIKE_OCCUPIED,MEDIUM,False,,OCCUPIED,2026-06-29,11,2026-06-29,11,1,0.358,0.0615,0.05
2,SPIKE_OCCUPIED,MEDIUM,False,,OCCUPIED,2026-06-29,12,2026-06-29,12,1,0.379,0.091,0.0665
2,SPIKE_OCCUPIED,MEDIUM,False,,OCCUPIED,2026-06-29,13,2026-06-29,13,1,0.349,0.081,0.06
2,SPIKE_OCCUPIED,MEDIUM,False,,OCCUPIED,2026-06-29,19,2026-06-29,19,1,0.547,0.114,0.097
2,SPIKE_OCCUPIED,MEDIUM,False,,OCCUPIED,2026-06-29,20,2026-06-29,20,1,0.446,0.098,0.082
2,SPIKE_OCCUPIED,MEDIUM,False,,OCCUPIED,2026-06-29,21,2026-06-29,21,1,0.456,0.0945,0.084
2,SPIKE_OCCUPIED,MEDIUM,False,,OCCUPIED,2026-06-29,22,2026-06-29,22,1,0.488,0.095,0.085
2,SPIKE_OCCUPIED,MEDIUM,False,,OCCUPIED,2026-06-29,23,2026-06-29,23,1,0.452,0.091,0.087
2,SPIKE_OCCUPIED,MEDIUM,False,,OCCUPIED,2026-06-29,24,2026-06-29,24,1,0.523,0.0925,0.083
2,SPIKE_OCCUPIED,MEDIUM,False,,OCCUPIED,2026-06-29,29,2026-06-29,29,1,0.504,0.104,0.0835
2,SPIKE_OCCUPIED,MEDIUM,False,,OCCUPIED,2026-06-29,45,2026-06-29,45,1,0.484,0.1245,0.0755
2,SPIKE_OCCUPIED,MEDIUM,False,,OCCUPIED,2026-06-29,46,2026-06-29,46,1,0.491,0.096,0.0635
2,SPIKE_OCCUPIED,MEDIUM,False,,OCCUPIED,2026-06-29,47,2026-06-29,47,1,0.494,0.092,0.054
2,SPIKE_OCCUPIED,MEDIUM,False,,OCCUPIED,2026-07-04,18,2026-07-04,18,1,1.012,0.1115,0.098
2,SPIKE_OCCUPIED,MEDIUM,False,,OCCUPIED,2026-07-04,19,2026-07-04,19,1,0.959,0.105,0.096
2,SPIKE_OCCUPIED,MEDIUM,False,,OCCUPIED,2026-07-06,24,2026-07-06,24,1,3.484,0.0925,0.083
2,SPIKE_OCCUPIED,MEDIUM,False,,OCCUPIED,2026-07-06,25,2026-07-06,25,1,3.445,0.1075,0.0985
2,SPIKE_OCCUPIED,MEDIUM,False,,OCCUPIED,2026-07-06,26,2026-07-06,26,1,3.562,0.1065,0.1025
2,SPIKE_OCCUPIED,MEDIUM,False,,OCCUPIED,2026-07-06,27,2026-07-06,27,1,3.538,0.1095,0.101
2,SPIKE_OCCUPIED,MEDIUM,False,,OCCUPIED,2026-07-06,28,2026-07-06,28,1,3.537,0.1155,0.097
2,SPIKE_OCCUPIED,MEDIUM,False,,OCCUPIED,2026-07-06,29,2026-07-06,29,1,3.589,0.104,0.0835
2,SPIKE_OCCUPIED,MEDIUM,False,,OCCUPIED,2026-07-06,30,2026-07-06,30,1,3.449,0.1105,0.0925
2,SPIKE_OCCUPIED,MEDIUM,False,,OCCUPIED,2026-07-06,31,2026-07-06,31,1,3.641,0.1315,0.0975
2,SPIKE_OCCUPIED,MEDIUM,False,,OCCUPIED,2026-07-06,32,2026-07-06,32,1,3.549,0.1365,0.112
2,SPIKE_OCCUPIED,MEDIUM,False,,OCCUPIED,2026-07-06,33,2026-07-06,33,1,3.944,0.15,0.1215
2,SPIKE_OCCUPIED,MEDIUM,False,,OCCUPIED,2026-07-06,34,2026-07-06,34,1,3.647,0.159,0.132
2,SPIKE_OCCUPIED,MEDIUM,False,,OCCUPIED,2026-07-06,35,2026-07-06,35,1,3.54,0.235,0.1785
2,SPIKE_OCCUPIED,MEDIUM,False,,OCCUPIED,2026-07-06,36,2026-07-06,36,1,2.036,0.2385,0.199
2,SPIKE_OCCUPIED,MEDIUM,False,,OCCUPIED,2026-07-06,37,2026-07-06,37,1,1.163,0.2275,0.183
2,SPIKE_OCCUPIED,MEDIUM,False,,OCCUPIED,2026-07-07,24,2026-07-07,24,1,0.46,0.096,0.086
2,SPIKE_OCCUPIED,MEDIUM,False,,OCCUPIED,2026-07-07,25,2026-07-07,25,1,0.481,0.081,0.077
2,SPIKE_OCCUPIED,MEDIUM,False,,OCCUPIED,2026-07-07,30,2026-07-07,30,1,0.623,0.108,0.085
2,SPIKE_OCCUPIED,MEDIUM,False,,OCCUPIED,2026-07-07,31,2026-07-07,31,1,2.423,0.112,0.078
2,SPIKE_OCCUPIED,MEDIUM,False,,OCCUPIED,2026-07-07,32,2026-07-07,32,1,2.881,0.123,0.093
2,SPIKE_OCCUPIED,MEDIUM,False,,OCCUPIED,2026-07-07,33,2026-07-07,33,1,2.093,0.143,0.1
2,SPIKE_OCCUPIED,MEDIUM,False,,OCCUPIED,2026-07-07,34,2026-07-07,34,1,1.332,0.154,0.106
2,SPIKE_OCCUPIED,MEDIUM,False,,OCCUPIED,2026-07-07,35,2026-07-07,35,1,0.933,0.174,0.125
2,SPIKE_OCCUPIED,MEDIUM,False,,OCCUPIED,2026-07-07,37,2026-07-07,37,1,1.636,0.208,0.151
2,SPIKE_OCCUPIED,MEDIUM,False,,OCCUPIED,2026-07-09,0,2026-07-09,0,1,0.635,0.084,0.0525
2,SPIKE_OCCUPIED,MEDIUM,False,,OCCUPIED,2026-07-09,32,2026-07-09,32,1,0.668,0.1245,0.112
2,SPIKE_OCCUPIED,MEDIUM,False,,OCCUPIED,2026-07-10,12,2026-07-10,12,1,0.378,0.0705,0.05
2,SPIKE_OCCUPIED,MEDIUM,False,,OCCUPIED,2026-07-11,25,2026-07-11,25,1,0.684,0.1175,0.104
2,SPIKE_OCCUPIED,MEDIUM,False,,OCCUPIED,2026-07-13,46,2026-07-13,46,1,0.452,0.096,0.0635
2,SPIKE_OCCUPIED,MEDIUM,False,,OCCUPIED,2026-07-14,40,2026-07-14,40,1,0.905,0.21,0.125
2,SPIKE_OCCUPIED,MEDIUM,False,,OCCUPIED,2026-07-14,41,2026-07-14,41,1,0.649,0.18,0.105
2,SPIKE_OCCUPIED,MEDIUM,False,,OCCUPIED,2026-07-15,34,2026-07-15,34,1,0.632,0.1455,0.097
2,SPIKE_OCCUPIED,MEDIUM,False,,OCCUPIED,2026-07-15,41,2026-07-15,41,1,0.787,0.181,0.1075
2,SPIKE_OCCUPIED,MEDIUM,False,,OCCUPIED,2026-07-15,42,2026-07-15,42,1,0.677,0.16,0.0945
2,SPIKE_OCCUPIED,MEDIUM,False,,OCCUPIED,2026-07-16,26,2026-07-16,26,1,0.519,0.075,0.074
2,SPIKE_OCCUPIED,MEDIUM,False,,OCCUPIED,2026-07-16,39,2026-07-16,39,1,0.74,0.1535,0.1085
2,SPIKE_OCCUPIED,MEDIUM,False,,OCCUPIED,2026-07-18,18,2026-07-18,18,1,0.547,0.1115,0.098
2,SPIKE_OCCUPIED,MEDIUM,False,,OCCUPIED,2026-07-19,8,2026-07-19,8,1,0.604,0.062,0.05
2,SPIKE_OCCUPIED,MEDIUM,False,,OCCUPIED,2026-07-20,0,2026-07-20,0,1,1.191,0.0875,0.05
2,SPIKE_OCCUPIED,MEDIUM,False,,OCCUPIED,2026-07-20,14,2026-07-20,14,1,0.553,0.1075,0.0795
2,SPIKE_OCCUPIED,MEDIUM,False,,OCCUPIED,2026-07-20,15,2026-07-20,15,1,1.273,0.1195,0.097
2,SPIKE_OCCUPIED,MEDIUM,False,,OCCUPIED,2026-07-20,16,2026-07-20,16,1,0.541,0.113,0.081
2,SPIKE_OCCUPIED,MEDIUM,False,,OCCUPIED,2026-07-20,20,2026-07-20,20,1,0.465,0.098,0.082
2,SPIKE_OCCUPIED,MEDIUM,False,,OCCUPIED,2026-07-20,25,2026-07-20,25,1,2.315,0.1075,0.0985
2,SPIKE_OCCUPIED,MEDIUM,False,,OCCUPIED,2026-07-20,26,2026-07-20,26,1,3.75,0.1065,0.1025
2,SPIKE_OCCUPIED,MEDIUM,False,,OCCUPIED,2026-07-20,27,2026-07-20,27,1,3.744,0.1095,0.101
2,SPIKE_OCCUPIED,MEDIUM,False,,OCCUPIED,2026-07-20,28,2026-07-20,28,1,3.408,0.1155,0.097
2,SPIKE_OCCUPIED,MEDIUM,False,,OCCUPIED,2026-07-20,29,2026-07-20,29,1,0.87,0.104,0.0835
2,SPIKE_OCCUPIED,MEDIUM,False,,OCCUPIED,2026-07-20,30,2026-07-20,30,1,0.993,0.1105,0.0925
2,SPIKE_OCCUPIED,MEDIUM,False,,OCCUPIED,2026-07-20,33,2026-07-20,33,1,0.713,0.15,0.1215
2,SPIKE_OCCUPIED,MEDIUM,False,,OCCUPIED,2026-07-20,37,2026-07-20,37,1,1.248,0.2275,0.183
2,SPIKE_OCCUPIED,MEDIUM,False,,OCCUPIED,2026-07-20,38,2026-07-20,38,1,3.816,0.215,0.1715
2,SPIKE_OCCUPIED,MEDIUM,False,,OCCUPIED,2026-07-20,39,2026-07-20,39,1,3.877,0.206,0.1545
2,SPIKE_OCCUPIED,MEDIUM,False,,OCCUPIED,2026-07-20,40,2026-07-20,40,1,3.902,0.2115,0.149
2,SPIKE_OCCUPIED,MEDIUM,False,,OCCUPIED,2026-07-20,41,2026-07-20,41,1,3.961,0.1995,0.1395
2,SPIKE_OCCUPIED,MEDIUM,False,,OCCUPIED,2026-07-20,42,2026-07-20,42,1,3.968,0.1775,0.1115
2,SPIKE_OCCUPIED,MEDIUM,False,,OCCUPIED,2026-07-20,43,2026-07-20,43,1,3.915,0.1705,0.11
2,SPIKE_OCCUPIED,MEDIUM,False,,OCCUPIED,2026-07-20,44,2026-07-20,44,1,4.512,0.149,0.087
2,SPIKE_OCCUPIED,MEDIUM,False,,OCCUPIED,2026-07-20,45,2026-07-20,45,1,3.703,0.1245,0.0755
2,SPIKE_OCCUPIED,MEDIUM,False,,OCCUPIED,2026-07-20,46,2026-07-20,46,1,3.69,0.096,0.0635
2,SPIKE_OCCUPIED,MEDIUM,False,,OCCUPIED,2026-07-20,47,2026-07-20,47,1,3.712,0.092,0.054
2,SPIKE_OCCUPIED,MEDIUM,False,,OCCUPIED,2026-07-21,24,2026-07-21,24,1,0.705,0.096,0.086
2,SPIKE_OCCUPIED,MEDIUM,False,,OCCUPIED,2026-07-22,33,2026-07-22,33,1,1.263,0.1305,0.098
2,SPIKE_OCCUPIED,MEDIUM,False,,OCCUPIED,2026-07-24,29,2026-07-24,29,1,0.968,0.109,0.0915
3,FLATLINE,HIGH,True,vacancy,VACANT,2026-06-01,11,2026-06-01,45,35,0.0002,0.098,0.057
3,FLATLINE,HIGH,True,vacancy,VACANT,2026-06-04,38,2026-06-04,47,10,0.0023,0.26,0.195
3,FLATLINE,HIGH,True,vacancy,VACANT,2026-06-06,0,2026-06-06,47,48,0.0,0.1345,0.0845
3,FLATLINE,HIGH,True,vacancy,VACANT,2026-06-16,10,2026-06-16,15,6,0.0083,0.084,0.05
3,FLATLINE,HIGH,True,vacancy,VACANT,2026-06-16,17,2026-06-16,31,15,0.0052,0.1045,0.0815
3,FLATLINE,HIGH,True,vacancy,VACANT,2026-06-22,4,2026-06-22,17,14,0.0057,0.105,0.061
3,FLATLINE,HIGH,True,vacancy,VACANT,2026-06-22,20,2026-06-22,38,19,0.0069,0.151,0.107
3,FLATLINE,HIGH,True,vacancy,VACANT,2026-07-03,0,2026-07-03,47,48,0.003,0.127,0.076
3,FLATLINE,HIGH,True,vacancy,VACANT,2026-07-07,20,2026-07-07,34,15,0.0009,0.0975,0.075
3,FLATLINE,HIGH,True,vacancy,VACANT,2026-07-12,9,2026-07-12,37,29,0.0009,0.073,0.05
3,FLATLINE,HIGH,True,vacancy,VACANT,2026-07-13,0,2026-07-14,12,61,0.0036,0.129,0.083
3,FLATLINE,HIGH,True,vacancy,VACANT,2026-07-14,16,2026-07-14,30,15,0.0023,0.1005,0.0865
3,FLATLINE,HIGH,True,vacancy,VACANT,2026-07-14,32,2026-07-15,13,30,0.002,0.122,0.091
3,FLATLINE,HIGH,True,vacancy,VACANT,2026-07-15,24,2026-07-15,31,8,0.0004,0.083,0.063
3,FLATLINE,HIGH,True,vacancy,VACANT,2026-07-15,40,2026-07-16,47,56,0.0019,0.2065,0.1575
3,FLATLINE,HIGH,True,vacancy,VACANT,2026-07-17,14,2026-07-17,38,25,0.0004,0.126,0.088
3,FLATLINE,HIGH,True,vacancy,VACANT,2026-07-18,16,2026-07-18,46,31,0.0015,0.106,0.0705
3,FLATLINE,HIGH,True,vacancy,VACANT,2026-07-23,23,2026-07-23,36,14,0.0005,0.109,0.091
3,FLATLINE,HIGH,True,vacancy,VACANT,2026-07-24,14,2026-07-24,20,7,0.0039,0.126,0.088
3,FLATLINE,HIGH,True,vacancy,VACANT,2026-07-24,31,2026-07-24,37,7,0.0039,0.141,0.115
3,FLATLINE,HIGH,True,vacancy,VACANT,2026-07-24,42,2026-07-24,47,6,0.0047,0.186,0.124
3,SPIKE_OCCUPIED,MEDIUM,False,,OCCUPIED,2026-05-31,3,2026-05-31,3,1,0.44,0.118,0.075
3,SPIKE_OCCUPIED,MEDIUM,False,,OCCUPIED,2026-05-31,4,2026-05-31,4,1,0.418,0.109,0.069
3,SPIKE_OCCUPIED,MEDIUM,False,,OCCUPIED,2026-05-31,37,2026-05-31,37,1,1.151,0.192,0.1395
3,SPIKE_OCCUPIED,MEDIUM,False,,OCCUPIED,2026-05-31,38,2026-05-31,38,1,0.744,0.215,0.128
3,SPIKE_OCCUPIED,MEDIUM,False,,OCCUPIED,2026-05-31,47,2026-05-31,47,1,0.483,0.129,0.0795
3,SPIKE_OCCUPIED,MEDIUM,False,,OCCUPIED,2026-06-01,0,2026-06-01,0,1,3.643,0.129,0.083
3,SPIKE_OCCUPIED,MEDIUM,False,,OCCUPIED,2026-06-01,1,2026-06-01,1,1,1.916,0.13,0.091
3,SPIKE_OCCUPIED,MEDIUM,False,,OCCUPIED,2026-06-01,2,2026-06-01,2,1,1.423,0.132,0.088
3,SPIKE_OCCUPIED,MEDIUM,False,,OCCUPIED,2026-06-01,3,2026-06-01,3,1,1.242,0.109,0.069
3,SPIKE_OCCUPIED,MEDIUM,False,,OCCUPIED,2026-06-01,4,2026-06-01,4,1,2.364,0.105,0.061
3,SPIKE_OCCUPIED,MEDIUM,False,,OCCUPIED,2026-06-01,5,2026-06-01,5,1,2.434,0.101,0.057
3,SPIKE_OCCUPIED,MEDIUM,False,,OCCUPIED,2026-06-01,6,2026-06-01,6,1,3.075,0.106,0.064
3,SPIKE_OCCUPIED,MEDIUM,False,,OCCUPIED,2026-06-01,7,2026-06-01,7,1,2.307,0.113,0.071
3,SPIKE_OCCUPIED,MEDIUM,False,,OCCUPIED,2026-06-01,8,2026-06-01,8,1,0.699,0.11,0.063
3,SPIKE_OCCUPIED,MEDIUM,False,,OCCUPIED,2026-06-01,9,2026-06-01,9,1,0.488,0.089,0.05
3,SPIKE_OCCUPIED,MEDIUM,False,,OCCUPIED,2026-06-01,46,2026-06-01,46,1,1.887,0.136,0.087
3,SPIKE_OCCUPIED,MEDIUM,False,,OCCUPIED,2026-06-01,47,2026-06-01,47,1,4.709,0.131,0.083
3,SPIKE_OCCUPIED,MEDIUM,False,,OCCUPIED,2026-06-02,3,2026-06-02,3,1,1.118,0.1155,0.0745
3,SPIKE_OCCUPIED,MEDIUM,False,,OCCUPIED,2026-06-02,4,2026-06-02,4,1,0.502,0.1155,0.0785
3,SPIKE_OCCUPIED,MEDIUM,False,,OCCUPIED,2026-06-02,24,2026-06-02,24,1,0.782,0.0775,0.065
3,SPIKE_OCCUPIED,MEDIUM,False,,OCCUPIED,2026-06-02,25,2026-06-02,25,1,0.947,0.091,0.0755
3,SPIKE_OCCUPIED,MEDIUM,False,,OCCUPIED,2026-06-02,31,2026-06-02,31,1,0.63,0.107,0.075
3,SPIKE_OCCUPIED,MEDIUM,False,,OCCUPIED,2026-06-02,32,2026-06-02,32,1,0.963,0.122,0.091
3,SPIKE_OCCUPIED,MEDIUM,False,,OCCUPIED,2026-06-03,0,2026-06-03,0,1,0.704,0.1315,0.0925
3,SPIKE_OCCUPIED,MEDIUM,False,,OCCUPIED,2026-06-03,2,2026-06-03,2,1,1.046,0.1315,0.0865
3,SPIKE_OCCUPIED,MEDIUM,False,,OCCUPIED,2026-06-03,3,2026-06-03,3,1,1.504,0.1135,0.0755
3,SPIKE_OCCUPIED,MEDIUM,False,,OCCUPIED,2026-06-03,4,2026-06-03,4,1,1.451,0.115,0.0755
3,SPIKE_OCCUPIED,MEDIUM,False,,OCCUPIED,2026-06-03,5,2026-06-03,5,1,1.043,0.11,0.076
3,SPIKE_OCCUPIED,MEDIUM,False,,OCCUPIED,2026-06-03,6,2026-06-03,6,1,0.429,0.0995,0.0625
3,SPIKE_OCCUPIED,MEDIUM,False,,OCCUPIED,2026-06-03,7,2026-06-03,7,1,0.32,0.0935,0.0545
3,SPIKE_OCCUPIED,MEDIUM,False,,OCCUPIED,2026-06-03,18,2026-06-03,18,1,0.519,0.0995,0.072
3,SPIKE_OCCUPIED,MEDIUM,False,,OCCUPIED,2026-06-03,19,2026-06-03,19,1,0.476,0.1005,0.0755
3,SPIKE_OCCUPIED,MEDIUM,False,,OCCUPIED,2026-06-03,20,2026-06-03,20,1,0.466,0.0995,0.079
3,SPIKE_OCCUPIED,MEDIUM,False,,OCCUPIED,2026-06-03,32,2026-06-03,32,1,1.023,0.0925,0.075
3,SPIKE_OCCUPIED,MEDIUM,False,,OCCUPIED,2026-06-03,35,2026-06-03,35,1,0.877,0.181,0.1305
3,SPIKE_OCCUPIED,MEDIUM,False,,OCCUPIED,2026-06-03,45,2026-06-03,45,1,0.592,0.1585,0.1005
3,SPIKE_OCCUPIED,MEDIUM,False,,OCCUPIED,2026-06-05,19,2026-06-05,19,1,0.77,0.115,0.096
3,SPIKE_OCCUPIED,MEDIUM,False,,OCCUPIED,2026-06-07,17,2026-06-07,17,1,0.59,0.126,0.1115
3,SPIKE_OCCUPIED,MEDIUM,False,,OCCUPIED,2026-06-07,18,2026-06-07,18,1,0.615,0.1265,0.1015
3,SPIKE_OCCUPIED,MEDIUM,False,,OCCUPIED,2026-06-07,20,2026-06-07,20,1,0.474,0.1285,0.0805
3,SPIKE_OCCUPIED,MEDIUM,False,,OCCUPIED,2026-06-07,29,2026-06-07,29,1,1.278,0.1505,0.123
3,SPIKE_OCCUPIED,MEDIUM,False,,OCCUPIED,2026-06-07,30,2026-06-07,30,1,2.28,0.138,0.119
3,SPIKE_OCCUPIED,MEDIUM,False,,OCCUPIED,2026-06-07,31,2026-06-07,31,1,0.826,0.1385,0.1095
3,SPIKE_OCCUPIED,MEDIUM,False,,OCCUPIED,2026-06-07,36,2026-06-07,36,1,0.972,0.206,0.1455
3,SPIKE_OCCUPIED,MEDIUM,False,,OCCUPIED,2026-06-09,17,2026-06-09,17,1,0.528,0.1045,0.0815
3,SPIKE_OCCUPIED,MEDIUM,False,,OCCUPIED,2026-06-11,21,2026-06-11,21,1,2.367,0.105,0.081
3,SPIKE_OCCUPIED,MEDIUM,False,,OCCUPIED,2026-06-11,22,2026-06-11,22,1,3.839,0.104,0.076
3,SPIKE_OCCUPIED,MEDIUM,False,,OCCUPIED,2026-06-11,23,2026-06-11,23,1,3.819,0.109,0.091
3,SPIKE_OCCUPIED,MEDIUM,False,,OCCUPIED,2026-06-11,24,2026-06-11,24,1,3.828,0.109,0.078
3,SPIKE_OCCUPIED,MEDIUM,False,,OCCUPIED,2026-06-11,25,2026-06-11,25,1,3.846,0.097,0.071
3,SPIKE_OCCUPIED,MEDIUM,False,,OCCUPIED,2026-06-11,26,2026-06-11,26,1,3.853,0.106,0.082
3,SPIKE_OCCUPIED,MEDIUM,False,,OCCUPIED,2026-06-11,27,2026-06-11,27,1,3.865,0.119,0.089
3,SPIKE_OCCUPIED,MEDIUM,False,,OCCUPIED,2026-06-11,28,2026-06-11,28,1,3.866,0.113,0.079
3,SPIKE_OCCUPIED,MEDIUM,False,,OCCUPIED,2026-06-11,29,2026-06-11,29,1,1.476,0.1,0.083
3,SPIKE_OCCUPIED,MEDIUM,False,,OCCUPIED,2026-06-11,36,2026-06-11,36,1,1.249,0.209,0.132
3,SPIKE_OCCUPIED,MEDIUM,False,,OCCUPIED,2026-06-12,5,2026-06-12,5,1,0.431,0.105,0.064
3,SPIKE_OCCUPIED,MEDIUM,False,,OCCUPIED,2026-06-12,9,2026-06-12,9,1,0.372,0.084,0.05
3,SPIKE_OCCUPIED,MEDIUM,False,,OCCUPIED,2026-06-12,10,2026-06-12,10,1,0.304,0.082,0.05
3,SPIKE_OCCUPIED,MEDIUM,False,,OCCUPIED,2026-06-12,13,2026-06-12,13,1,0.538,0.111,0.071
3,SPIKE_OCCUPIED,MEDIUM,False,,OCCUPIED,2026-06-12,14,2026-06-12,14,1,0.818,0.126,0.088
3,SPIKE_OCCUPIED,MEDIUM,False,,OCCUPIED,2026-06-12,30,2026-06-12,30,1,0.732,0.132,0.09
3,SPIKE_OCCUPIED,MEDIUM,False,,OCCUPIED,2026-06-12,31,2026-06-12,31,1,1.133,0.141,0.115
3,SPIKE_OCCUPIED,MEDIUM,False,,OCCUPIED,2026-06-12,32,2026-06-12,32,1,0.837,0.137,0.106
3,SPIKE_OCCUPIED,MEDIUM,False,,OCCUPIED,2026-06-13,0,2026-06-13,0,1,0.75,0.1345,0.0845
3,SPIKE_OCCUPIED,MEDIUM,False,,OCCUPIED,2026-06-13,10,2026-06-13,10,1,0.279,0.072,0.05
3,SPIKE_OCCUPIED,MEDIUM,False,,OCCUPIED,2026-06-13,14,2026-06-13,14,1,0.98,0.095,0.065
3,SPIKE_OCCUPIED,MEDIUM,False,,OCCUPIED,2026-06-13,15,2026-06-13,15,1,0.729,0.1125,0.0825
3,SPIKE_OCCUPIED,MEDIUM,False,,OCCUPIED,2026-06-13,17,2026-06-13,17,1,0.643,0.114,0.0905
3,SPIKE_OCCUPIED,MEDIUM,False,,OCCUPIED,2026-06-14,10,2026-06-14,10,1,0.291,0.0755,0.05
3,SPIKE_OCCUPIED,MEDIUM,False,,OCCUPIED,2026-06-14,19,2026-06-14,19,1,0.636,0.135,0.1055
3,SPIKE_OCCUPIED,MEDIUM,False,,OCCUPIED,2026-06-14,20,2026-06-14,20,1,0.605,0.1285,0.0805
3,SPIKE_OCCUPIED,MEDIUM,False,,OCCUPIED,2026-06-14,21,2026-06-14,21,1,0.814,0.1225,0.083
3,SPIKE_OCCUPIED,MEDIUM,False,,OCCUPIED,2026-06-14,22,2026-06-14,22,1,0.982,0.1295,0.103
3,SPIKE_OCCUPIED,MEDIUM,False,,OCCUPIED,2026-06-14,29,2026-06-14,29,1,0.769,0.1505,0.123
3,SPIKE_OCCUPIED,MEDIUM,False,,OCCUPIED,2026-06-14,30,2026-06-14,30,1,0.931,0.138,0.119
3,SPIKE_OCCUPIED,MEDIUM,False,,OCCUPIED,2026-06-14,33,2026-06-14,33,1,0.783,0.2,0.1315
3,SPIKE_OCCUPIED,MEDIUM,False,,OCCUPIED,2026-06-14,34,2026-06-14,34,1,2.829,0.203,0.1405
3,SPIKE_OCCUPIED,MEDIUM,False,,OCCUPIED,2026-06-14,35,2026-06-14,35,1,1.073,0.2055,0.1355
3,SPIKE_OCCUPIED,MEDIUM,False,,OCCUPIED,2026-06-14,36,2026-06-14,36,1,1.272,0.206,0.1455
3,SPIKE_OCCUPIED,MEDIUM,False,,OCCUPIED,2026-06-14,37,2026-06-14,37,1,0.794,0.192,0.1395
3,SPIKE_OCCUPIED,MEDIUM,False,,OCCUPIED,2026-06-14,42,2026-06-14,42,1,0.806,0.18,0.1045
3,SPIKE_OCCUPIED,MEDIUM,False,,OCCUPIED,2026-06-15,11,2026-06-15,11,1,0.334,0.098,0.057
3,SPIKE_OCCUPIED,MEDIUM,False,,OCCUPIED,2026-06-16,1,2026-06-16,1,1,2.687,0.1415,0.0925
3,SPIKE_OCCUPIED,MEDIUM,False,,OCCUPIED,2026-06-16,2,2026-06-16,2,1,2.625,0.1245,0.0815
3,SPIKE_OCCUPIED,MEDIUM,False,,OCCUPIED,2026-06-16,3,2026-06-16,3,1,2.692,0.1155,0.0745
3,SPIKE_OCCUPIED,MEDIUM,False,,OCCUPIED,2026-06-16,4,2026-06-16,4,1,2.524,0.1155,0.0785
3,SPIKE_OCCUPIED,MEDIUM,False,,OCCUPIED,2026-06-16,5,2026-06-16,5,1,1.326,0.1115,0.073
3,SPIKE_OCCUPIED,MEDIUM,False,,OCCUPIED,2026-06-19,20,2026-06-19,20,1,0.576,0.131,0.09
3,SPIKE_OCCUPIED,MEDIUM,False,,OCCUPIED,2026-06-19,25,2026-06-19,25,1,0.522,0.109,0.086
3,SPIKE_OCCUPIED,MEDIUM,False,,OCCUPIED,2026-06-19,26,2026-06-19,26,1,0.567,0.108,0.094
3,SPIKE_OCCUPIED,MEDIUM,False,,OCCUPIED,2026-06-19,27,2026-06-19,27,1,0.744,0.108,0.092
3,SPIKE_OCCUPIED,MEDIUM,False,,OCCUPIED,2026-06-19,30,2026-06-19,30,1,0.808,0.132,0.09
3,SPIKE_OCCUPIED,MEDIUM,False,,OCCUPIED,2026-06-19,31,2026-06-19,31,1,0.682,0.141,0.115
3,SPIKE_OCCUPIED,MEDIUM,False,,OCCUPIED,2026-06-19,32,2026-06-19,32,1,0.58,0.137,0.106
3,SPIKE_OCCUPIED,MEDIUM,False,,OCCUPIED,2026-06-19,34,2026-06-19,34,1,0.962,0.191,0.145
3,SPIKE_OCCUPIED,MEDIUM,False,,OCCUPIED,2026-06-19,36,2026-06-19,36,1,0.878,0.206,0.154
3,SPIKE_OCCUPIED,MEDIUM,False,,OCCUPIED,2026-06-19,38,2026-06-19,38,1,1.053,0.227,0.157
3,SPIKE_OCCUPIED,MEDIUM,False,,OCCUPIED,2026-06-19,41,2026-06-19,41,1,1.124,0.206,0.138
3,SPIKE_OCCUPIED,MEDIUM,False,,OCCUPIED,2026-06-19,42,2026-06-19,42,1,0.959,0.186,0.124
3,SPIKE_OCCUPIED,MEDIUM,False,,OCCUPIED,2026-06-20,20,2026-06-20,20,1,0.522,0.135,0.0885
3,SPIKE_OCCUPIED,MEDIUM,False,,OCCUPIED,2026-06-20,36,2026-06-20,36,1,0.942,0.176,0.137
3,SPIKE_OCCUPIED,MEDIUM,False,,OCCUPIED,2026-06-20,37,2026-06-20,37,1,0.934,0.182,0.132
3,SPIKE_OCCUPIED,MEDIUM,False,,OCCUPIED,2026-06-20,40,2026-06-20,40,1,0.783,0.163,0.1045
3,SPIKE_OCCUPIED,MEDIUM,False,,OCCUPIED,2026-06-20,43,2026-06-20,43,1,0.66,0.154,0.093
3,SPIKE_OCCUPIED,MEDIUM,False,,OCCUPIED,2026-06-21,21,2026-06-21,21,1,0.475,0.1225,0.083
3,SPIKE_OCCUPIED,MEDIUM,False,,OCCUPIED,2026-06-21,27,2026-06-21,27,1,0.653,0.1335,0.108
3,SPIKE_OCCUPIED,MEDIUM,False,,OCCUPIED,2026-06-23,0,2026-06-23,0,1,0.785,0.1455,0.0955
3,SPIKE_OCCUPIED,MEDIUM,False,,OCCUPIED,2026-06-23,1,2026-06-23,1,1,0.784,0.1415,0.0925
3,SPIKE_OCCUPIED,MEDIUM,False,,OCCUPIED,2026-06-23,2,2026-06-23,2,1,0.795,0.1245,0.0815
3,SPIKE_OCCUPIED,MEDIUM,False,,OCCUPIED,2026-06-23,3,2026-06-23,3,1,0.81,0.1155,0.0745
3,SPIKE_OCCUPIED,MEDIUM,False,,OCCUPIED,2026-06-23,4,2026-06-23,4,1,0.798,0.1155,0.0785
3,SPIKE_OCCUPIED,MEDIUM,False,,OCCUPIED,2026-06-23,5,2026-06-23,5,1,0.802,0.1115,0.073
3,SPIKE_OCCUPIED,MEDIUM,False,,OCCUPIED,2026-06-23,6,2026-06-23,6,1,0.791,0.1045,0.067
3,SPIKE_OCCUPIED,MEDIUM,False,,OCCUPIED,2026-06-23,7,2026-06-23,7,1,0.804,0.1095,0.067
3,SPIKE_OCCUPIED,MEDIUM,False,,OCCUPIED,2026-06-23,8,2026-06-23,8,1,0.785,0.1,0.062
3,SPIKE_OCCUPIED,MEDIUM,False,,OCCUPIED,2026-06-23,9,2026-06-23,9,1,0.784,0.082,0.05
3,SPIKE_OCCUPIED,MEDIUM,False,,OCCUPIED,2026-06-23,10,2026-06-23,10,1,0.801,0.084,0.05
3,SPIKE_OCCUPIED,MEDIUM,False,,OCCUPIED,2026-06-23,11,2026-06-23,11,1,0.784,0.09,0.059
3,SPIKE_OCCUPIED,MEDIUM,False,,OCCUPIED,2026-06-23,12,2026-06-23,12,1,0.773,0.105,0.0675
3,SPIKE_OCCUPIED,MEDIUM,False,,OCCUPIED,2026-06-23,13,2026-06-23,13,1,0.776,0.1135,0.0825
3,SPIKE_OCCUPIED,MEDIUM,False,,OCCUPIED,2026-06-23,14,2026-06-23,14,1,0.794,0.124,0.0765
3,SPIKE_OCCUPIED,MEDIUM,False,,OCCUPIED,2026-06-23,15,2026-06-23,15,1,0.795,0.13,0.0895
3,SPIKE_OCCUPIED,MEDIUM,False,,OCCUPIED,2026-06-23,16,2026-06-23,16,1,0.786,0.1005,0.0865
3,SPIKE_OCCUPIED,MEDIUM,False,,OCCUPIED,2026-06-23,17,2026-06-23,17,1,0.979,0.1045,0.0815
3,SPIKE_OCCUPIED,MEDIUM,False,,OCCUPIED,2026-06-23,18,2026-06-23,18,1,0.916,0.1035,0.085
3,SPIKE_OCCUPIED,MEDIUM,False,,OCCUPIED,2026-06-23,19,2026-06-23,19,1,0.813,0.102,0.0705
3,SPIKE_OCCUPIED,MEDIUM,False,,OCCUPIED,2026-06-23,20,2026-06-23,20,1,0.787,0.0975,0.075
3,SPIKE_OCCUPIED,MEDIUM,False,,OCCUPIED,2026-06-23,21,2026-06-23,21,1,0.776,0.096,0.07
3,SPIKE_OCCUPIED,MEDIUM,False,,OCCUPIED,2026-06-23,22,2026-06-23,22,1,1.042,0.0945,0.0755
3,SPIKE_OCCUPIED,MEDIUM,False,,OCCUPIED,2026-06-23,23,2026-06-23,23,1,0.839,0.0915,0.072
3,SPIKE_OCCUPIED,MEDIUM,False,,OCCUPIED,2026-06-23,24,2026-06-23,24,1,0.822,0.0775,0.065
3,SPIKE_OCCUPIED,MEDIUM,False,,OCCUPIED,2026-06-23,25,2026-06-23,25,1,0.833,0.091,0.0755
3,SPIKE_OCCUPIED,MEDIUM,False,,OCCUPIED,2026-06-23,26,2026-06-23,26,1,0.818,0.093,0.0705
3,SPIKE_OCCUPIED,MEDIUM,False,,OCCUPIED,2026-06-23,27,2026-06-23,27,1,0.841,0.084,0.068
3,SPIKE_OCCUPIED,MEDIUM,False,,OCCUPIED,2026-06-23,28,2026-06-23,28,1,0.936,0.094,0.0785
3,SPIKE_OCCUPIED,MEDIUM,False,,OCCUPIED,2026-06-23,29,2026-06-23,29,1,0.929,0.087,0.081
3,SPIKE_OCCUPIED,MEDIUM,False,,OCCUPIED,2026-06-23,30,2026-06-23,30,1,0.964,0.105,0.092
3,SPIKE_OCCUPIED,MEDIUM,False,,OCCUPIED,2026-06-23,31,2026-06-23,31,1,0.965,0.107,0.075
3,SPIKE_OCCUPIED,MEDIUM,False,,OCCUPIED,2026-06-23,32,2026-06-23,32,1,1.008,0.122,0.091
3,SPIKE_OCCUPIED,MEDIUM,False,,OCCUPIED,2026-06-23,33,2026-06-23,33,1,0.919,0.1365,0.0985
3,SPIKE_OCCUPIED,MEDIUM,False,,OCCUPIED,2026-06-23,34,2026-06-23,34,1,0.973,0.156,0.1025
3,SPIKE_OCCUPIED,MEDIUM,False,,OCCUPIED,2026-06-23,35,2026-06-23,35,1,0.913,0.191,0.1405
3,SPIKE_OCCUPIED,MEDIUM,False,,OCCUPIED,2026-06-23,37,2026-06-23,37,1,0.967,0.241,0.1765
3,SPIKE_OCCUPIED,MEDIUM,False,,OCCUPIED,2026-06-23,39,2026-06-23,39,1,0.988,0.244,0.1855
3,SPIKE_OCCUPIED,MEDIUM,False,,OCCUPIED,2026-06-23,40,2026-06-23,40,1,0.935,0.223,0.159
3,SPIKE_OCCUPIED,MEDIUM,False,,OCCUPIED,2026-06-23,41,2026-06-23,41,1,0.965,0.2245,0.157
3,SPIKE_OCCUPIED,MEDIUM,False,,OCCUPIED,2026-06-23,42,2026-06-23,42,1,0.933,0.2065,0.1435
3,SPIKE_OCCUPIED,MEDIUM,False,,OCCUPIED,2026-06-23,43,2026-06-23,43,1,0.913,0.204,0.128
3,SPIKE_OCCUPIED,MEDIUM,False,,OCCUPIED,2026-06-23,44,2026-06-23,44,1,0.844,0.185,0.121
3,SPIKE_OCCUPIED,MEDIUM,False,,OCCUPIED,2026-06-23,45,2026-06-23,45,1,0.856,0.1615,0.1105
3,SPIKE_OCCUPIED,MEDIUM,False,,OCCUPIED,2026-06-23,46,2026-06-23,46,1,0.838,0.154,0.104
3,SPIKE_OCCUPIED,MEDIUM,False,,OCCUPIED,2026-06-23,47,2026-06-23,47,1,0.82,0.147,0.1015
3,SPIKE_OCCUPIED,MEDIUM,False,,OCCUPIED,2026-06-26,11,2026-06-26,11,1,1.371,0.088,0.052
3,SPIKE_OCCUPIED,MEDIUM,False,,OCCUPIED,2026-06-26,12,2026-06-26,12,1,0.554,0.092,0.051
3,SPIKE_OCCUPIED,MEDIUM,False,,OCCUPIED,2026-06-26,13,2026-06-26,13,1,0.564,0.111,0.071
3,SPIKE_OCCUPIED,MEDIUM,False,,OCCUPIED,2026-06-26,14,2026-06-26,14,1,0.56,0.126,0.088
3,SPIKE_OCCUPIED,MEDIUM,False,,OCCUPIED,2026-06-26,15,2026-06-26,15,1,0.678,0.131,0.1
3,SPIKE_OCCUPIED,MEDIUM,False,,OCCUPIED,2026-06-26,16,2026-06-26,16,1,0.711,0.141,0.124
3,SPIKE_OCCUPIED,MEDIUM,False,,OCCUPIED,2026-06-26,18,2026-06-26,18,1,0.626,0.118,0.087
3,SPIKE_OCCUPIED,MEDIUM,False,,OCCUPIED,2026-06-26,22,2026-06-26,22,1,0.755,0.122,0.09
3,SPIKE_OCCUPIED,MEDIUM,False,,OCCUPIED,2026-06-26,33,2026-06-26,33,1,0.854,0.155,0.116
3,SPIKE_OCCUPIED,MEDIUM,False,,OCCUPIED,2026-06-28,5,2026-06-28,5,1,0.59,0.11,0.0695
3,SPIKE_OCCUPIED,MEDIUM,False,,OCCUPIED,2026-06-28,7,2026-06-28,7,1,0.523,0.093,0.05
3,SPIKE_OCCUPIED,MEDIUM,False,,OCCUPIED,2026-06-28,30,2026-06-28,30,1,0.624,0.138,0.119
3,SPIKE_OCCUPIED,MEDIUM,False,,OCCUPIED,2026-06-28,44,2026-06-28,44,1,0.909,0.172,0.1025
3,SPIKE_OCCUPIED,MEDIUM,False,,OCCUPIED,2026-06-28,46,2026-06-28,46,1,0.882,0.1385,0.0845
3,SPIKE_OCCUPIED,MEDIUM,False,,OCCUPIED,2026-06-28,47,2026-06-28,47,1,0.571,0.129,0.0795
3,SPIKE_OCCUPIED,MEDIUM,False,,OCCUPIED,2026-06-29,30,2026-06-29,30,1,0.813,0.12,0.099
3,SPIKE_OCCUPIED,MEDIUM,False,,OCCUPIED,2026-06-29,31,2026-06-29,31,1,0.849,0.133,0.103
3,SPIKE_OCCUPIED,MEDIUM,False,,OCCUPIED,2026-07-01,46,2026-07-01,46,1,0.452,0.1275,0.0805
3,SPIKE_OCCUPIED,MEDIUM,False,,OCCUPIED,2026-07-02,42,2026-07-02,42,1,0.77,0.192,0.117
3,SPIKE_OCCUPIED,MEDIUM,False,,OCCUPIED,2026-07-04,15,2026-07-04,15,1,0.635,0.1125,0.0825
3,SPIKE_OCCUPIED,MEDIUM,False,,OCCUPIED,2026-07-04,20,2026-07-04,20,1,0.673,0.135,0.0885
3,SPIKE_OCCUPIED,MEDIUM,False,,OCCUPIED,2026-07-04,29,2026-07-04,29,1,0.757,0.12,0.0875
3,SPIKE_OCCUPIED,MEDIUM,False,,OCCUPIED,2026-07-04,34,2026-07-04,34,1,1.973,0.154,0.118
3,SPIKE_OCCUPIED,MEDIUM,False,,OCCUPIED,2026-07-04,35,2026-07-04,35,1,1.034,0.1725,0.1395
3,SPIKE_OCCUPIED,MEDIUM,False,,OCCUPIED,2026-07-05,19,2026-07-05,19,1,0.805,0.135,0.1055
3,SPIKE_OCCUPIED,MEDIUM,False,,OCCUPIED,2026-07-06,0,2026-07-06,0,1,4.047,0.129,0.083
3,SPIKE_OCCUPIED,MEDIUM,False,,OCCUPIED,2026-07-06,1,2026-07-06,1,1,3.989,0.13,0.091
3,SPIKE_OCCUPIED,MEDIUM,False,,OCCUPIED,2026-07-06,2,2026-07-06,2,1,4.023,0.132,0.088
3,SPIKE_OCCUPIED,MEDIUM,False,,OCCUPIED,2026-07-06,3,2026-07-06,3,1,4.011,0.109,0.069
3,SPIKE_OCCUPIED,MEDIUM,False,,OCCUPIED,2026-07-06,4,2026-07-06,4,1,4.016,0.105,0.061
3,SPIKE_OCCUPIED,MEDIUM,False,,OCCUPIED,2026-07-06,5,2026-07-06,5,1,3.998,0.101,0.057
3,SPIKE_OCCUPIED,MEDIUM,False,,OCCUPIED,2026-07-06,6,2026-07-06,6,1,4.006,0.106,0.064
3,SPIKE_OCCUPIED,MEDIUM,False,,OCCUPIED,2026-07-06,7,2026-07-06,7,1,3.986,0.113,0.071
3,SPIKE_OCCUPIED,MEDIUM,False,,OCCUPIED,2026-07-06,8,2026-07-06,8,1,3.928,0.11,0.063
3,SPIKE_OCCUPIED,MEDIUM,False,,OCCUPIED,2026-07-06,9,2026-07-06,9,1,3.969,0.089,0.05
3,SPIKE_OCCUPIED,MEDIUM,False,,OCCUPIED,2026-07-06,10,2026-07-06,10,1,3.947,0.088,0.05
3,SPIKE_OCCUPIED,MEDIUM,False,,OCCUPIED,2026-07-06,11,2026-07-06,11,1,3.809,0.098,0.057
3,SPIKE_OCCUPIED,MEDIUM,False,,OCCUPIED,2026-07-07,0,2026-07-07,0,1,6.959,0.1455,0.0955
3,SPIKE_OCCUPIED,MEDIUM,False,,OCCUPIED,2026-07-07,1,2026-07-07,1,1,6.954,0.1415,0.0925
3,SPIKE_OCCUPIED,MEDIUM,False,,OCCUPIED,2026-07-07,2,2026-07-07,2,1,6.817,0.1245,0.0815
3,SPIKE_OCCUPIED,MEDIUM,False,,OCCUPIED,2026-07-07,3,2026-07-07,3,1,4.193,0.1155,0.0745
3,SPIKE_OCCUPIED,MEDIUM,False,,OCCUPIED,2026-07-07,4,2026-07-07,4,1,4.171,0.1155,0.0785
3,SPIKE_OCCUPIED,MEDIUM,False,,OCCUPIED,2026-07-07,5,2026-07-07,5,1,4.119,0.1115,0.073
3,SPIKE_OCCUPIED,MEDIUM,False,,OCCUPIED,2026-07-07,6,2026-07-07,6,1,4.128,0.1045,0.067
3,SPIKE_OCCUPIED,MEDIUM,False,,OCCUPIED,2026-07-07,7,2026-07-07,7,1,4.129,0.1095,0.067
3,SPIKE_OCCUPIED,MEDIUM,False,,OCCUPIED,2026-07-07,8,2026-07-07,8,1,4.117,0.1,0.062
3,SPIKE_OCCUPIED,MEDIUM,False,,OCCUPIED,2026-07-07,9,2026-07-07,9,1,3.989,0.082,0.05
3,SPIKE_OCCUPIED,MEDIUM,False,,OCCUPIED,2026-07-07,45,2026-07-07,45,1,0.766,0.1615,0.1105
3,SPIKE_OCCUPIED,MEDIUM,False,,OCCUPIED,2026-07-07,47,2026-07-07,47,1,5.573,0.147,0.1015
3,SPIKE_OCCUPIED,MEDIUM,False,,OCCUPIED,2026-07-08,16,2026-07-08,16,1,0.654,0.1015,0.0815
3,SPIKE_OCCUPIED,MEDIUM,False,,OCCUPIED,2026-07-08,17,2026-07-08,17,1,0.592,0.0995,0.0725
3,SPIKE_OCCUPIED,MEDIUM,False,,OCCUPIED,2026-07-08,18,2026-07-08,18,1,0.613,0.0995,0.072
3,SPIKE_OCCUPIED,MEDIUM,False,,OCCUPIED,2026-07-08,19,2026-07-08,19,1,0.68,0.1005,0.0755
3,SPIKE_OCCUPIED,MEDIUM,False,,OCCUPIED,2026-07-08,20,2026-07-08,20,1,0.596,0.0995,0.079
3,SPIKE_OCCUPIED,MEDIUM,False,,OCCUPIED,2026-07-08,21,2026-07-08,21,1,0.79,0.1125,0.09
3,SPIKE_OCCUPIED,MEDIUM,False,,OCCUPIED,2026-07-08,22,2026-07-08,22,1,0.95,0.0955,0.0765
3,SPIKE_OCCUPIED,MEDIUM,False,,OCCUPIED,2026-07-08,23,2026-07-08,23,1,0.616,0.095,0.0715
3,SPIKE_OCCUPIED,MEDIUM,False,,OCCUPIED,2026-07-08,24,2026-07-08,24,1,0.644,0.083,0.063
3,SPIKE_OCCUPIED,MEDIUM,False,,OCCUPIED,2026-07-08,25,2026-07-08,25,1,0.616,0.094,0.0705
3,SPIKE_OCCUPIED,MEDIUM,False,,OCCUPIED,2026-07-08,26,2026-07-08,26,1,0.597,0.0885,0.0725
3,SPIKE_OCCUPIED,MEDIUM,False,,OCCUPIED,2026-07-08,27,2026-07-08,27,1,0.699,0.088,0.0655
3,SPIKE_OCCUPIED,MEDIUM,False,,OCCUPIED,2026-07-08,28,2026-07-08,28,1,0.601,0.0985,0.063
3,SPIKE_OCCUPIED,MEDIUM,False,,OCCUPIED,2026-07-08,29,2026-07-08,29,1,0.71,0.083,0.073
3,SPIKE_OCCUPIED,MEDIUM,False,,OCCUPIED,2026-07-08,30,2026-07-08,30,1,0.627,0.0985,0.0845
3,SPIKE_OCCUPIED,MEDIUM,False,,OCCUPIED,2026-07-08,31,2026-07-08,31,1,0.655,0.096,0.0765
3,SPIKE_OCCUPIED,MEDIUM,False,,OCCUPIED,2026-07-09,3,2026-07-09,3,1,0.427,0.114,0.067
3,SPIKE_OCCUPIED,MEDIUM,False,,OCCUPIED,2026-07-09,4,2026-07-09,4,1,0.447,0.109,0.066
3,SPIKE_OCCUPIED,MEDIUM,False,,OCCUPIED,2026-07-09,5,2026-07-09,5,1,0.443,0.11,0.062
3,SPIKE_OCCUPIED,MEDIUM,False,,OCCUPIED,2026-07-09,6,2026-07-09,6,1,0.44,0.111,0.068
3,SPIKE_OCCUPIED,MEDIUM,False,,OCCUPIED,2026-07-09,7,2026-07-09,7,1,0.445,0.11,0.066
3,SPIKE_OCCUPIED,MEDIUM,False,,OCCUPIED,2026-07-09,8,2026-07-09,8,1,0.447,0.111,0.066
3,SPIKE_OCCUPIED,MEDIUM,False,,OCCUPIED,2026-07-09,9,2026-07-09,9,1,0.429,0.082,0.05
3,SPIKE_OCCUPIED,MEDIUM,False,,OCCUPIED,2026-07-09,10,2026-07-09,10,1,0.435,0.09,0.05
3,SPIKE_OCCUPIED,MEDIUM,False,,OCCUPIED,2026-07-09,11,2026-07-09,11,1,0.511,0.101,0.065
3,SPIKE_OCCUPIED,MEDIUM,False,,OCCUPIED,2026-07-09,12,2026-07-09,12,1,0.546,0.107,0.076
3,SPIKE_OCCUPIED,MEDIUM,False,,OCCUPIED,2026-07-09,13,2026-07-09,13,1,0.65,0.126,0.093
3,SPIKE_OCCUPIED,MEDIUM,False,,OCCUPIED,2026-07-09,15,2026-07-09,15,1,1.2,0.172,0.133
3,SPIKE_OCCUPIED,MEDIUM,False,,OCCUPIED,2026-07-09,20,2026-07-09,20,1,0.531,0.109,0.076
3,SPIKE_OCCUPIED,MEDIUM,False,,OCCUPIED,2026-07-09,21,2026-07-09,21,1,0.549,0.105,0.081
3,SPIKE_OCCUPIED,MEDIUM,False,,OCCUPIED,2026-07-09,22,2026-07-09,22,1,0.539,0.104,0.076
3,SPIKE_OCCUPIED,MEDIUM,False,,OCCUPIED,2026-07-09,23,2026-07-09,23,1,0.536,0.109,0.091
3,SPIKE_OCCUPIED,MEDIUM,False,,OCCUPIED,2026-07-09,24,2026-07-09,24,1,1.148,0.109,0.078
3,SPIKE_OCCUPIED,MEDIUM,False,,OCCUPIED,2026-07-09,25,2026-07-09,25,1,0.874,0.097,0.071
3,SPIKE_OCCUPIED,MEDIUM,False,,OCCUPIED,2026-07-09,26,2026-07-09,26,1,0.631,0.106,0.082
3,SPIKE_OCCUPIED,MEDIUM,False,,OCCUPIED,2026-07-09,27,2026-07-09,27,1,0.915,0.119,0.089
3,SPIKE_OCCUPIED,MEDIUM,False,,OCCUPIED,2026-07-09,28,2026-07-09,28,1,0.662,0.113,0.079
3,SPIKE_OCCUPIED,MEDIUM,False,,OCCUPIED,2026-07-09,29,2026-07-09,29,1,0.741,0.1,0.083
3,SPIKE_OCCUPIED,MEDIUM,False,,OCCUPIED,2026-07-09,30,2026-07-09,30,1,1.769,0.107,0.081
3,SPIKE_OCCUPIED,MEDIUM,False,,OCCUPIED,2026-07-09,31,2026-07-09,31,1,1.966,0.12,0.102
3,SPIKE_OCCUPIED,MEDIUM,False,,OCCUPIED,2026-07-09,32,2026-07-09,32,1,1.19,0.125,0.103
3,SPIKE_OCCUPIED,MEDIUM,False,,OCCUPIED,2026-07-09,33,2026-07-09,33,1,0.721,0.137,0.111
3,SPIKE_OCCUPIED,MEDIUM,False,,OCCUPIED,2026-07-09,34,2026-07-09,34,1,0.735,0.152,0.119
3,SPIKE_OCCUPIED,MEDIUM,False,,OCCUPIED,2026-07-09,36,2026-07-09,36,1,0.748,0.209,0.132
3,SPIKE_OCCUPIED,MEDIUM,False,,OCCUPIED,2026-07-09,41,2026-07-09,41,1,0.832,0.23,0.145
3,SPIKE_OCCUPIED,MEDIUM,False,,OCCUPIED,2026-07-09,42,2026-07-09,42,1,0.923,0.192,0.117
3,SPIKE_OCCUPIED,MEDIUM,False,,OCCUPIED,2026-07-09,43,2026-07-09,43,1,0.672,0.18,0.108
3,SPIKE_OCCUPIED,MEDIUM,False,,OCCUPIED,2026-07-09,45,2026-07-09,45,1,0.553,0.141,0.091
3,SPIKE_OCCUPIED,MEDIUM,False,,OCCUPIED,2026-07-09,46,2026-07-09,46,1,0.539,0.135,0.084
3,SPIKE_OCCUPIED,MEDIUM,False,,OCCUPIED,2026-07-09,47,2026-07-09,47,1,0.512,0.109,0.063
3,SPIKE_OCCUPIED,MEDIUM,False,,OCCUPIED,2026-07-10,0,2026-07-10,0,1,0.51,0.127,0.076
3,SPIKE_OCCUPIED,MEDIUM,False,,OCCUPIED,2026-07-10,1,2026-07-10,1,1,0.502,0.122,0.087
3,SPIKE_OCCUPIED,MEDIUM,False,,OCCUPIED,2026-07-10,2,2026-07-10,2,1,0.46,0.111,0.069
3,SPIKE_OCCUPIED,MEDIUM,False,,OCCUPIED,2026-07-10,4,2026-07-10,4,1,0.478,0.117,0.074
3,SPIKE_OCCUPIED,MEDIUM,False,,OCCUPIED,2026-07-10,5,2026-07-10,5,1,0.476,0.105,0.064
3,SPIKE_OCCUPIED,MEDIUM,False,,OCCUPIED,2026-07-10,6,2026-07-10,6,1,0.466,0.103,0.061
3,SPIKE_OCCUPIED,MEDIUM,False,,OCCUPIED,2026-07-10,7,2026-07-10,7,1,0.475,0.105,0.067
3,SPIKE_OCCUPIED,MEDIUM,False,,OCCUPIED,2026-07-10,8,2026-07-10,8,1,0.441,0.097,0.054
3,SPIKE_OCCUPIED,MEDIUM,False,,OCCUPIED,2026-07-10,9,2026-07-10,9,1,0.449,0.084,0.05
3,SPIKE_OCCUPIED,MEDIUM,False,,OCCUPIED,2026-07-10,10,2026-07-10,10,1,0.437,0.082,0.05
3,SPIKE_OCCUPIED,MEDIUM,False,,OCCUPIED,2026-07-10,11,2026-07-10,11,1,0.448,0.088,0.052
3,SPIKE_OCCUPIED,MEDIUM,False,,OCCUPIED,2026-07-10,12,2026-07-10,12,1,0.517,0.092,0.051
3,SPIKE_OCCUPIED,MEDIUM,False,,OCCUPIED,2026-07-10,13,2026-07-10,13,1,0.596,0.111,0.071
3,SPIKE_OCCUPIED,MEDIUM,False,,OCCUPIED,2026-07-10,14,2026-07-10,14,1,0.99,0.126,0.088
3,SPIKE_OCCUPIED,MEDIUM,False,,OCCUPIED,2026-07-10,15,2026-07-10,15,1,0.68,0.131,0.1
3,SPIKE_OCCUPIED,MEDIUM,False,,OCCUPIED,2026-07-10,16,2026-07-10,16,1,0.895,0.141,0.124
3,SPIKE_OCCUPIED,MEDIUM,False,,OCCUPIED,2026-07-10,17,2026-07-10,17,1,0.602,0.125,0.098
3,SPIKE_OCCUPIED,MEDIUM,False,,OCCUPIED,2026-07-10,18,2026-07-10,18,1,1.03,0.118,0.087
3,SPIKE_OCCUPIED,MEDIUM,False,,OCCUPIED,2026-07-10,19,2026-07-10,19,1,0.665,0.115,0.096
3,SPIKE_OCCUPIED,MEDIUM,False,,OCCUPIED,2026-07-10,20,2026-07-10,20,1,0.945,0.131,0.09
3,SPIKE_OCCUPIED,MEDIUM,False,,OCCUPIED,2026-07-10,21,2026-07-10,21,1,0.631,0.133,0.09
3,SPIKE_OCCUPIED,MEDIUM,False,,OCCUPIED,2026-07-10,22,2026-07-10,22,1,0.742,0.122,0.09
3,SPIKE_OCCUPIED,MEDIUM,False,,OCCUPIED,2026-07-10,23,2026-07-10,23,1,0.661,0.115,0.087
3,SPIKE_OCCUPIED,MEDIUM,False,,OCCUPIED,2026-07-10,24,2026-07-10,24,1,0.727,0.109,0.081
3,SPIKE_OCCUPIED,MEDIUM,False,,OCCUPIED,2026-07-10,25,2026-07-10,25,1,0.779,0.109,0.086
3,SPIKE_OCCUPIED,MEDIUM,False,,OCCUPIED,2026-07-10,26,2026-07-10,26,1,1.153,0.108,0.094
3,SPIKE_OCCUPIED,MEDIUM,False,,OCCUPIED,2026-07-10,27,2026-07-10,27,1,1.579,0.108,0.092
3,SPIKE_OCCUPIED,MEDIUM,False,,OCCUPIED,2026-07-10,28,2026-07-10,28,1,1.248,0.106,0.086
3,SPIKE_OCCUPIED,MEDIUM,False,,OCCUPIED,2026-07-10,29,2026-07-10,29,1,1.816,0.107,0.071
3,SPIKE_OCCUPIED,MEDIUM,False,,OCCUPIED,2026-07-10,30,2026-07-10,30,1,1.788,0.132,0.09
3,SPIKE_OCCUPIED,MEDIUM,False,,OCCUPIED,2026-07-10,31,2026-07-10,31,1,1.779,0.141,0.115
3,SPIKE_OCCUPIED,MEDIUM,False,,OCCUPIED,2026-07-10,32,2026-07-10,32,1,1.204,0.137,0.106
3,SPIKE_OCCUPIED,MEDIUM,False,,OCCUPIED,2026-07-10,33,2026-07-10,33,1,1.307,0.155,0.116
3,SPIKE_OCCUPIED,MEDIUM,False,,OCCUPIED,2026-07-10,35,2026-07-10,35,1,0.931,0.214,0.157
3,SPIKE_OCCUPIED,MEDIUM,False,,OCCUPIED,2026-07-10,36,2026-07-10,36,1,2.313,0.206,0.154
3,SPIKE_OCCUPIED,MEDIUM,False,,OCCUPIED,2026-07-10,37,2026-07-10,37,1,2.238,0.198,0.149
3,SPIKE_OCCUPIED,MEDIUM,False,,OCCUPIED,2026-07-10,38,2026-07-10,38,1,2.197,0.227,0.157
3,SPIKE_OCCUPIED,MEDIUM,False,,OCCUPIED,2026-07-10,39,2026-07-10,39,1,2.008,0.193,0.144
3,SPIKE_OCCUPIED,MEDIUM,False,,OCCUPIED,2026-07-10,40,2026-07-10,40,1,0.903,0.206,0.154
3,SPIKE_OCCUPIED,MEDIUM,False,,OCCUPIED,2026-07-10,42,2026-07-10,42,1,0.729,0.186,0.124
3,SPIKE_OCCUPIED,MEDIUM,False,,OCCUPIED,2026-07-10,43,2026-07-10,43,1,0.636,0.18,0.104
3,SPIKE_OCCUPIED,MEDIUM,False,,OCCUPIED,2026-07-10,44,2026-07-10,44,1,0.638,0.164,0.089
3,SPIKE_OCCUPIED,MEDIUM,False,,OCCUPIED,2026-07-10,45,2026-07-10,45,1,1.151,0.144,0.08
3,SPIKE_OCCUPIED,MEDIUM,False,,OCCUPIED,2026-07-10,46,2026-07-10,46,1,2.115,0.133,0.068
3,SPIKE_OCCUPIED,MEDIUM,False,,OCCUPIED,2026-07-10,47,2026-07-10,47,1,1.652,0.12,0.065
3,SPIKE_OCCUPIED,MEDIUM,False,,OCCUPIED,2026-07-11,0,2026-07-11,0,1,1.637,0.1345,0.0845
3,SPIKE_OCCUPIED,MEDIUM,False,,OCCUPIED,2026-07-11,1,2026-07-11,1,1,1.631,0.1265,0.079
3,SPIKE_OCCUPIED,MEDIUM,False,,OCCUPIED,2026-07-11,2,2026-07-11,2,1,1.653,0.117,0.074
3,SPIKE_OCCUPIED,MEDIUM,False,,OCCUPIED,2026-07-11,3,2026-07-11,3,1,1.878,0.108,0.061
3,SPIKE_OCCUPIED,MEDIUM,False,,OCCUPIED,2026-07-11,4,2026-07-11,4,1,1.911,0.102,0.06
3,SPIKE_OCCUPIED,MEDIUM,False,,OCCUPIED,2026-07-11,5,2026-07-11,5,1,1.986,0.096,0.053
3,SPIKE_OCCUPIED,MEDIUM,False,,OCCUPIED,2026-07-11,6,2026-07-11,6,1,2.118,0.098,0.059
3,SPIKE_OCCUPIED,MEDIUM,False,,OCCUPIED,2026-07-11,7,2026-07-11,7,1,2.073,0.0915,0.055
3,SPIKE_OCCUPIED,MEDIUM,False,,OCCUPIED,2026-07-11,8,2026-07-11,8,1,2.081,0.0875,0.05
3,SPIKE_OCCUPIED,MEDIUM,False,,OCCUPIED,2026-07-11,9,2026-07-11,9,1,2.059,0.0745,0.05
3,SPIKE_OCCUPIED,MEDIUM,False,,OCCUPIED,2026-07-11,10,2026-07-11,10,1,2.09,0.072,0.05
3,SPIKE_OCCUPIED,MEDIUM,False,,OCCUPIED,2026-07-11,11,2026-07-11,11,1,1.668,0.078,0.05
3,SPIKE_OCCUPIED,MEDIUM,False,,OCCUPIED,2026-07-11,12,2026-07-11,12,1,0.7,0.0865,0.0515
3,SPIKE_OCCUPIED,MEDIUM,False,,OCCUPIED,2026-07-11,13,2026-07-11,13,1,2.082,0.0915,0.0515
3,SPIKE_OCCUPIED,MEDIUM,False,,OCCUPIED,2026-07-11,14,2026-07-11,14,1,1.568,0.095,0.065
3,SPIKE_OCCUPIED,MEDIUM,False,,OCCUPIED,2026-07-11,15,2026-07-11,15,1,1.332,0.1125,0.0825
3,SPIKE_OCCUPIED,MEDIUM,False,,OCCUPIED,2026-07-11,16,2026-07-11,16,1,1.303,0.106,0.0705
3,SPIKE_OCCUPIED,MEDIUM,False,,OCCUPIED,2026-07-11,17,2026-07-11,17,1,1.56,0.114,0.0905
3,SPIKE_OCCUPIED,MEDIUM,False,,OCCUPIED,2026-07-11,18,2026-07-11,18,1,0.986,0.1105,0.0835
3,SPIKE_OCCUPIED,MEDIUM,False,,OCCUPIED,2026-07-11,19,2026-07-11,19,1,0.599,0.1065,0.0765
3,SPIKE_OCCUPIED,MEDIUM,False,,OCCUPIED,2026-07-11,20,2026-07-11,20,1,1.996,0.135,0.0885
3,SPIKE_OCCUPIED,MEDIUM,False,,OCCUPIED,2026-07-11,21,2026-07-11,21,1,1.115,0.152,0.123
3,SPIKE_OCCUPIED,MEDIUM,False,,OCCUPIED,2026-07-11,24,2026-07-11,24,1,0.654,0.1295,0.111
3,SPIKE_OCCUPIED,MEDIUM,False,,OCCUPIED,2026-07-11,25,2026-07-11,25,1,0.643,0.1355,0.1085
3,SPIKE_OCCUPIED,MEDIUM,False,,OCCUPIED,2026-07-11,26,2026-07-11,26,1,1.042,0.141,0.117
3,SPIKE_OCCUPIED,MEDIUM,False,,OCCUPIED,2026-07-11,27,2026-07-11,27,1,1.275,0.1435,0.1025
3,SPIKE_OCCUPIED,MEDIUM,False,,OCCUPIED,2026-07-11,28,2026-07-11,28,1,0.728,0.1315,0.104
3,SPIKE_OCCUPIED,MEDIUM,False,,OCCUPIED,2026-07-11,29,2026-07-11,29,1,1.589,0.12,0.0875
3,SPIKE_OCCUPIED,MEDIUM,False,,OCCUPIED,2026-07-11,30,2026-07-11,30,1,0.623,0.126,0.102
3,SPIKE_OCCUPIED,MEDIUM,False,,OCCUPIED,2026-07-11,31,2026-07-11,31,1,0.733,0.1255,0.099
3,SPIKE_OCCUPIED,MEDIUM,False,,OCCUPIED,2026-07-11,32,2026-07-11,32,1,0.638,0.129,0.1025
3,SPIKE_OCCUPIED,MEDIUM,False,,OCCUPIED,2026-07-11,33,2026-07-11,33,1,0.62,0.133,0.1015
3,SPIKE_OCCUPIED,MEDIUM,False,,OCCUPIED,2026-07-11,34,2026-07-11,34,1,0.646,0.154,0.118
3,SPIKE_OCCUPIED,MEDIUM,False,,OCCUPIED,2026-07-11,40,2026-07-11,40,1,0.744,0.163,0.1045
3,SPIKE_OCCUPIED,MEDIUM,False,,OCCUPIED,2026-07-11,41,2026-07-11,41,1,0.81,0.1665,0.1135
3,SPIKE_OCCUPIED,MEDIUM,False,,OCCUPIED,2026-07-11,42,2026-07-11,42,1,0.728,0.175,0.107
3,SPIKE_OCCUPIED,MEDIUM,False,,OCCUPIED,2026-07-11,43,2026-07-11,43,1,0.649,0.154,0.093
3,SPIKE_OCCUPIED,MEDIUM,False,,OCCUPIED,2026-07-11,44,2026-07-11,44,1,0.613,0.1535,0.096
3,SPIKE_OCCUPIED,MEDIUM,False,,OCCUPIED,2026-07-11,45,2026-07-11,45,1,0.466,0.133,0.082
3,SPIKE_OCCUPIED,MEDIUM,False,,OCCUPIED,2026-07-11,46,2026-07-11,46,1,0.414,0.1215,0.071
3,SPIKE_OCCUPIED,MEDIUM,False,,OCCUPIED,2026-07-11,47,2026-07-11,47,1,0.432,0.1195,0.067
3,SPIKE_OCCUPIED,MEDIUM,False,,OCCUPIED,2026-07-17,47,2026-07-17,47,1,1.609,0.12,0.065
3,SPIKE_OCCUPIED,MEDIUM,False,,OCCUPIED,2026-07-18,0,2026-07-18,0,1,4.951,0.1345,0.0845
3,SPIKE_OCCUPIED,MEDIUM,False,,OCCUPIED,2026-07-18,1,2026-07-18,1,1,4.919,0.1265,0.079
3,SPIKE_OCCUPIED,MEDIUM,False,,OCCUPIED,2026-07-18,2,2026-07-18,2,1,4.769,0.117,0.074
3,SPIKE_OCCUPIED,MEDIUM,False,,OCCUPIED,2026-07-18,3,2026-07-18,3,1,1.707,0.108,0.061
3,SPIKE_OCCUPIED,MEDIUM,False,,OCCUPIED,2026-07-18,4,2026-07-18,4,1,1.185,0.102,0.06
3,SPIKE_OCCUPIED,MEDIUM,False,,OCCUPIED,2026-07-18,5,2026-07-18,5,1,1.188,0.096,0.053
3,SPIKE_OCCUPIED,MEDIUM,False,,OCCUPIED,2026-07-18,6,2026-07-18,6,1,1.079,0.098,0.059
3,SPIKE_OCCUPIED,MEDIUM,False,,OCCUPIED,2026-07-18,47,2026-07-18,47,1,1.427,0.1195,0.067
3,SPIKE_OCCUPIED,MEDIUM,False,,OCCUPIED,2026-07-20,8,2026-07-20,8,1,0.407,0.11,0.063
3,SPIKE_OCCUPIED,MEDIUM,False,,OCCUPIED,2026-07-20,9,2026-07-20,9,1,0.705,0.089,0.05
3,SPIKE_OCCUPIED,MEDIUM,False,,OCCUPIED,2026-07-20,44,2026-07-20,44,1,0.825,0.174,0.115
3,SPIKE_OCCUPIED,MEDIUM,False,,OCCUPIED,2026-07-21,3,2026-07-21,3,1,1.167,0.1155,0.0745
3,SPIKE_OCCUPIED,MEDIUM,False,,OCCUPIED,2026-07-21,4,2026-07-21,4,1,0.615,0.1155,0.0785
3,SPIKE_OCCUPIED,MEDIUM,False,,OCCUPIED,2026-07-21,5,2026-07-21,5,1,0.427,0.1115,0.073
3,SPIKE_OCCUPIED,MEDIUM,False,,OCCUPIED,2026-07-21,8,2026-07-21,8,1,0.491,0.1,0.062
3,SPIKE_OCCUPIED,MEDIUM,False,,OCCUPIED,2026-07-21,47,2026-07-21,47,1,1.97,0.147,0.1015
3,SPIKE_OCCUPIED,MEDIUM,False,,OCCUPIED,2026-07-23,0,2026-07-23,0,1,2.447,0.154,0.096
3,SPIKE_OCCUPIED,MEDIUM,False,,OCCUPIED,2026-07-23,1,2026-07-23,1,1,2.405,0.135,0.088
3,SPIKE_OCCUPIED,MEDIUM,False,,OCCUPIED,2026-07-23,2,2026-07-23,2,1,1.841,0.13,0.087
3,SPIKE_OCCUPIED,MEDIUM,False,,OCCUPIED,2026-07-23,46,2026-07-23,46,1,3.698,0.135,0.084
3,SPIKE_OCCUPIED,MEDIUM,False,,OCCUPIED,2026-07-23,47,2026-07-23,47,1,3.776,0.109,0.063
3,SPIKE_OCCUPIED,MEDIUM,False,,OCCUPIED,2026-07-24,1,2026-07-24,1,1,2.728,0.122,0.087
3,SPIKE_OCCUPIED,MEDIUM,False,,OCCUPIED,2026-07-24,2,2026-07-24,2,1,2.777,0.111,0.069
3,SPIKE_OCCUPIED,MEDIUM,False,,OCCUPIED,2026-07-24,3,2026-07-24,3,1,2.935,0.122,0.086
3,SPIKE_OCCUPIED,MEDIUM,False,,OCCUPIED,2026-07-24,4,2026-07-24,4,1,3.002,0.117,0.074
3,SPIKE_OCCUPIED,MEDIUM,False,,OCCUPIED,2026-07-24,5,2026-07-24,5,1,2.353,0.105,0.064
3,SPIKE_OCCUPIED,MEDIUM,False,,OCCUPIED,2026-07-24,6,2026-07-24,6,1,2.094,0.103,0.061
3,SPIKE_OCCUPIED,MEDIUM,False,,OCCUPIED,2026-07-24,7,2026-07-24,7,1,2.452,0.105,0.067
3,SPIKE_OCCUPIED,MEDIUM,False,,OCCUPIED,2026-07-24,8,2026-07-24,8,1,1.419,0.097,0.054
3,SPIKE_OCCUPIED,MEDIUM,False,,OCCUPIED,2026-07-24,9,2026-07-24,9,1,1.114,0.084,0.05
3,SPIKE_OCCUPIED,MEDIUM,False,,OCCUPIED,2026-07-24,10,2026-07-24,10,1,0.401,0.082,0.05
3,SPIKE_OCCUPIED,MEDIUM,False,,OCCUPIED,2026-07-25,3,2026-07-25,3,1,0.402,0.108,0.061
4,FLATLINE,HIGH,True,vacancy,VACANT,2026-06-05,0,2026-06-05,14,15,0.0061,0.092,0.057
4,FLATLINE,HIGH,True,vacancy,VACANT,2026-06-05,22,2026-06-05,36,15,0.0013,0.1,0.073
4,FLATLINE,HIGH,True,vacancy,VACANT,2026-06-05,40,2026-06-05,45,6,0.0052,0.18,0.13
4,FLATLINE,HIGH,True,vacancy,VACANT,2026-06-13,26,2026-06-13,33,8,0.0019,0.147,0.104
4,FLATLINE,HIGH,True,vacancy,VACANT,2026-06-22,11,2026-06-22,43,33,0.0004,0.075,0.05
4,FLATLINE,HIGH,True,vacancy,VACANT,2026-06-28,13,2026-06-28,37,25,0.0,0.0655,0.05
4,FLATLINE,HIGH,True,vacancy,VACANT,2026-07-05,0,2026-07-05,47,48,0.0033,0.0725,0.05
4,FLATLINE,HIGH,True,vacancy,VACANT,2026-07-09,11,2026-07-09,32,22,0.002,0.073,0.05
4,FLATLINE,HIGH,True,vacancy,VACANT,2026-07-09,35,2026-07-09,46,12,0.0012,0.1545,0.1125
4,FLATLINE,HIGH,True,vacancy,VACANT,2026-07-10,9,2026-07-10,33,25,0.002,0.064,0.05
4,FLATLINE,HIGH,True,vacancy,VACANT,2026-07-11,25,2026-07-11,45,21,0.0029,0.1295,0.0855
4,FLATLINE,HIGH,True,vacancy,VACANT,2026-07-12,25,2026-07-12,33,9,0.0,0.126,0.0945
4,FLATLINE,HIGH,True,vacancy,VACANT,2026-07-13,0,2026-07-14,0,49,0.0042,0.085,0.052
4,FLATLINE,HIGH,True,vacancy,VACANT,2026-07-17,6,2026-07-17,11,6,0.0028,0.063,0.05
4,FLATLINE,HIGH,True,vacancy,VACANT,2026-07-17,13,2026-07-17,39,27,0.0018,0.102,0.057
4,FLATLINE,HIGH,True,vacancy,VACANT,2026-07-20,11,2026-07-20,17,7,0.0016,0.075,0.05
4,FLATLINE,HIGH,True,vacancy,VACANT,2026-07-20,19,2026-07-20,37,19,0.0023,0.1285,0.0755
4,FLATLINE,HIGH,True,vacancy,VACANT,2026-07-20,39,2026-07-20,44,6,0.0017,0.201,0.137
4,FLATLINE,HIGH,True,vacancy,VACANT,2026-07-22,23,2026-07-22,28,6,0.0003,0.114,0.0775
4,FLATLINE,HIGH,True,vacancy,VACANT,2026-07-23,12,2026-07-23,35,24,0.0007,0.0885,0.05
4,SPIKE_UNKNOWN,LOW,False,,UNKNOWN,2026-06-02,0,2026-06-02,0,1,0.445,0.07,0.05
4,SPIKE_UNKNOWN,LOW,False,,UNKNOWN,2026-06-02,4,2026-06-02,4,1,0.557,0.061,0.05
4,SPIKE_UNKNOWN,LOW,False,,UNKNOWN,2026-06-02,33,2026-06-02,33,1,0.736,0.109,0.066
4,SPIKE_OCCUPIED,MEDIUM,False,,OCCUPIED,2026-06-02,34,2026-06-02,34,1,0.847,0.125,0.081
4,SPIKE_OCCUPIED,MEDIUM,False,,OCCUPIED,2026-06-03,35,2026-06-03,35,1,1.182,0.142,0.1035
4,SPIKE_OCCUPIED,MEDIUM,False,,OCCUPIED,2026-06-07,14,2026-06-07,14,1,1.168,0.0775,0.0505
4,SPIKE_OCCUPIED,MEDIUM,False,,OCCUPIED,2026-06-07,15,2026-06-07,15,1,1.051,0.0925,0.0555
4,SPIKE_UNKNOWN,LOW,False,,UNKNOWN,2026-06-07,16,2026-06-07,16,1,0.474,0.0965,0.0665
4,SPIKE_OCCUPIED,MEDIUM,False,,OCCUPIED,2026-06-07,18,2026-06-07,18,1,1.759,0.108,0.075
4,SPIKE_OCCUPIED,MEDIUM,False,,OCCUPIED,2026-06-07,19,2026-06-07,19,1,1.913,0.1135,0.079
4,SPIKE_OCCUPIED,MEDIUM,False,,OCCUPIED,2026-06-07,20,2026-06-07,20,1,2.828,0.097,0.069
4,SPIKE_OCCUPIED,MEDIUM,False,,OCCUPIED,2026-06-07,21,2026-06-07,21,1,4.045,0.1025,0.081
4,SPIKE_OCCUPIED,MEDIUM,False,,OCCUPIED,2026-06-07,22,2026-06-07,22,1,4.309,0.1155,0.091
4,SPIKE_OCCUPIED,MEDIUM,False,,OCCUPIED,2026-06-07,23,2026-06-07,23,1,3.818,0.112,0.081
4,SPIKE_OCCUPIED,MEDIUM,False,,OCCUPIED,2026-06-07,24,2026-06-07,24,1,3.562,0.1235,0.0965
4,SPIKE_OCCUPIED,MEDIUM,False,,OCCUPIED,2026-06-07,25,2026-06-07,25,1,2.77,0.126,0.0945
4,SPIKE_OCCUPIED,MEDIUM,False,,OCCUPIED,2026-06-07,26,2026-06-07,26,1,2.435,0.1075,0.082
4,SPIKE_OCCUPIED,MEDIUM,False,,OCCUPIED,2026-06-07,27,2026-06-07,27,1,1.199,0.111,0.0855
4,SPIKE_OCCUPIED,MEDIUM,False,,OCCUPIED,2026-06-07,28,2026-06-07,28,1,1.32,0.1185,0.094
4,SPIKE_OCCUPIED,MEDIUM,False,,OCCUPIED,2026-06-07,32,2026-06-07,32,1,0.866,0.121,0.09
4,SPIKE_OCCUPIED,MEDIUM,False,,OCCUPIED,2026-06-07,33,2026-06-07,33,1,4.423,0.1285,0.099
4,SPIKE_OCCUPIED,MEDIUM,False,,OCCUPIED,2026-06-07,34,2026-06-07,34,1,3.248,0.137,0.117
4,SPIKE_OCCUPIED,MEDIUM,False,,OCCUPIED,2026-06-07,35,2026-06-07,35,1,3.701,0.163,0.122
4,SPIKE_OCCUPIED,MEDIUM,False,,OCCUPIED,2026-06-07,36,2026-06-07,36,1,3.486,0.162,0.1165
4,SPIKE_OCCUPIED,MEDIUM,False,,OCCUPIED,2026-06-07,37,2026-06-07,37,1,2.433,0.202,0.138
4,SPIKE_OCCUPIED,MEDIUM,False,,OCCUPIED,2026-06-07,38,2026-06-07,38,1,2.947,0.171,0.1305
4,SPIKE_OCCUPIED,MEDIUM,False,,OCCUPIED,2026-06-07,39,2026-06-07,39,1,3.082,0.203,0.148
4,SPIKE_OCCUPIED,MEDIUM,False,,OCCUPIED,2026-06-07,40,2026-06-07,40,1,3.841,0.162,0.1165
4,SPIKE_OCCUPIED,MEDIUM,False,,OCCUPIED,2026-06-07,41,2026-06-07,41,1,1.897,0.1375,0.0985
4,SPIKE_OCCUPIED,MEDIUM,False,,OCCUPIED,2026-06-07,42,2026-06-07,42,1,3.688,0.116,0.076
4,SPIKE_OCCUPIED,MEDIUM,False,,OCCUPIED,2026-06-07,43,2026-06-07,43,1,2.863,0.119,0.0835
4,SPIKE_OCCUPIED,MEDIUM,False,,OCCUPIED,2026-06-07,44,2026-06-07,44,1,2.047,0.1155,0.0825
4,SPIKE_OCCUPIED,MEDIUM,False,,OCCUPIED,2026-06-07,45,2026-06-07,45,1,2.625,0.1055,0.072
4,SPIKE_OCCUPIED,MEDIUM,False,,OCCUPIED,2026-06-07,46,2026-06-07,46,1,2.14,0.089,0.0545
4,SPIKE_UNKNOWN,LOW,False,,UNKNOWN,2026-06-07,47,2026-06-07,47,1,0.442,0.0755,0.05
4,SPIKE_OCCUPIED,MEDIUM,False,,OCCUPIED,2026-06-08,21,2026-06-08,21,1,0.602,0.105,0.066
4,SPIKE_OCCUPIED,MEDIUM,False,,OCCUPIED,2026-06-08,22,2026-06-08,22,1,0.654,0.113,0.0745
4,SPIKE_OCCUPIED,MEDIUM,False,,OCCUPIED,2026-06-08,35,2026-06-08,35,1,0.984,0.2035,0.1445
4,SPIKE_OCCUPIED,MEDIUM,False,,OCCUPIED,2026-06-08,36,2026-06-08,36,1,0.878,0.173,0.119
4,SPIKE_OCCUPIED,MEDIUM,False,,OCCUPIED,2026-06-08,40,2026-06-08,40,1,0.745,0.1945,0.119
4,SPIKE_OCCUPIED,MEDIUM,False,,OCCUPIED,2026-06-08,43,2026-06-08,43,1,1.26,0.161,0.0965
4,SPIKE_OCCUPIED,MEDIUM,False,,OCCUPIED,2026-06-08,44,2026-06-08,44,1,0.613,0.122,0.069
4,SPIKE_OCCUPIED,MEDIUM,False,,OCCUPIED,2026-06-08,46,2026-06-08,46,1,0.414,0.0915,0.0575
4,SPIKE_OCCUPIED,MEDIUM,False,,OCCUPIED,2026-06-08,47,2026-06-08,47,1,0.312,0.0815,0.05
4,SPIKE_OCCUPIED,MEDIUM,False,,OCCUPIED,2026-06-09,11,2026-06-09,11,1,0.814,0.074,0.05
4,SPIKE_OCCUPIED,MEDIUM,False,,OCCUPIED,2026-06-10,6,2026-06-10,6,1,0.38,0.078,0.05
4,SPIKE_OCCUPIED,MEDIUM,False,,OCCUPIED,2026-06-10,22,2026-06-10,22,1,0.857,0.1175,0.066
4,SPIKE_OCCUPIED,MEDIUM,False,,OCCUPIED,2026-06-10,23,2026-06-10,23,1,1.062,0.114,0.0775
4,SPIKE_OCCUPIED,MEDIUM,False,,OCCUPIED,2026-06-10,24,2026-06-10,24,1,1.102,0.109,0.067
4,SPIKE_OCCUPIED,MEDIUM,False,,OCCUPIED,2026-06-10,25,2026-06-10,25,1,1.382,0.112,0.0655
4,SPIKE_OCCUPIED,MEDIUM,False,,OCCUPIED,2026-06-10,26,2026-06-10,26,1,1.554,0.1,0.058
4,SPIKE_OCCUPIED,MEDIUM,False,,OCCUPIED,2026-06-10,27,2026-06-10,27,1,1.154,0.094,0.053
4,SPIKE_OCCUPIED,MEDIUM,False,,OCCUPIED,2026-06-10,28,2026-06-10,28,1,1.234,0.097,0.0545
4,SPIKE_OCCUPIED,MEDIUM,False,,OCCUPIED,2026-06-10,29,2026-06-10,29,1,1.614,0.0995,0.0615
4,SPIKE_OCCUPIED,MEDIUM,False,,OCCUPIED,2026-06-10,30,2026-06-10,30,1,1.755,0.106,0.065
4,SPIKE_OCCUPIED,MEDIUM,False,,OCCUPIED,2026-06-10,31,2026-06-10,31,1,1.062,0.098,0.055
4,SPIKE_OCCUPIED,MEDIUM,False,,OCCUPIED,2026-06-10,32,2026-06-10,32,1,0.881,0.097,0.057
4,SPIKE_OCCUPIED,MEDIUM,False,,OCCUPIED,2026-06-10,34,2026-06-10,34,1,0.563,0.1195,0.074
4,SPIKE_OCCUPIED,MEDIUM,False,,OCCUPIED,2026-06-10,35,2026-06-10,35,1,1.156,0.142,0.1035
4,SPIKE_OCCUPIED,MEDIUM,False,,OCCUPIED,2026-06-10,36,2026-06-10,36,1,1.16,0.211,0.15
4,SPIKE_OCCUPIED,MEDIUM,False,,OCCUPIED,2026-06-10,37,2026-06-10,37,1,1.066,0.2405,0.177
4,SPIKE_OCCUPIED,MEDIUM,False,,OCCUPIED,2026-06-10,38,2026-06-10,38,1,0.966,0.228,0.154
4,SPIKE_OCCUPIED,MEDIUM,False,,OCCUPIED,2026-06-10,39,2026-06-10,39,1,1.037,0.2125,0.146
4,SPIKE_OCCUPIED,MEDIUM,False,,OCCUPIED,2026-06-10,40,2026-06-10,40,1,1.028,0.192,0.127
4,SPIKE_OCCUPIED,MEDIUM,False,,OCCUPIED,2026-06-10,41,2026-06-10,41,1,0.979,0.1875,0.121
4,SPIKE_OCCUPIED,MEDIUM,False,,OCCUPIED,2026-06-10,42,2026-06-10,42,1,0.979,0.176,0.109
4,SPIKE_OCCUPIED,MEDIUM,False,,OCCUPIED,2026-06-10,43,2026-06-10,43,1,1.001,0.171,0.103
4,SPIKE_OCCUPIED,MEDIUM,False,,OCCUPIED,2026-06-10,44,2026-06-10,44,1,0.968,0.153,0.0915
4,SPIKE_OCCUPIED,MEDIUM,False,,OCCUPIED,2026-06-10,45,2026-06-10,45,1,1.266,0.135,0.0925
4,SPIKE_OCCUPIED,MEDIUM,False,,OCCUPIED,2026-06-10,46,2026-06-10,46,1,0.639,0.1105,0.0725
4,SPIKE_OCCUPIED,MEDIUM,False,,OCCUPIED,2026-06-12,12,2026-06-12,12,1,0.286,0.07,0.05
4,SPIKE_OCCUPIED,MEDIUM,False,,OCCUPIED,2026-06-12,26,2026-06-12,26,1,0.802,0.108,0.071
4,SPIKE_OCCUPIED,MEDIUM,False,,OCCUPIED,2026-06-12,29,2026-06-12,29,1,0.438,0.097,0.06
4,SPIKE_OCCUPIED,MEDIUM,False,,OCCUPIED,2026-06-12,41,2026-06-12,41,1,0.913,0.182,0.118
4,SPIKE_OCCUPIED,MEDIUM,False,,OCCUPIED,2026-06-12,42,2026-06-12,42,1,0.601,0.169,0.104
4,SPIKE_OCCUPIED,MEDIUM,False,,OCCUPIED,2026-06-12,43,2026-06-12,43,1,0.565,0.158,0.101
4,SPIKE_OCCUPIED,MEDIUM,False,,OCCUPIED,2026-06-12,46,2026-06-12,46,1,4.666,0.101,0.066
4,SPIKE_OCCUPIED,MEDIUM,False,,OCCUPIED,2026-06-12,47,2026-06-12,47,1,4.702,0.097,0.062
4,SPIKE_OCCUPIED,MEDIUM,False,,OCCUPIED,2026-06-13,1,2026-06-13,1,1,0.842,0.0825,0.0505
4,SPIKE_OCCUPIED,MEDIUM,False,,OCCUPIED,2026-06-13,2,2026-06-13,2,1,0.591,0.0845,0.05
4,SPIKE_OCCUPIED,MEDIUM,False,,OCCUPIED,2026-06-13,4,2026-06-13,4,1,0.69,0.0635,0.05
4,SPIKE_OCCUPIED,MEDIUM,False,,OCCUPIED,2026-06-13,5,2026-06-13,5,1,0.581,0.0795,0.05
4,SPIKE_OCCUPIED,MEDIUM,False,,OCCUPIED,2026-06-13,6,2026-06-13,6,1,2.345,0.062,0.05
4,SPIKE_OCCUPIED,MEDIUM,False,,OCCUPIED,2026-06-13,7,2026-06-13,7,1,3.738,0.0735,0.05
4,SPIKE_OCCUPIED,MEDIUM,False,,OCCUPIED,2026-06-13,8,2026-06-13,8,1,3.989,0.0715,0.05
4,SPIKE_OCCUPIED,MEDIUM,False,,OCCUPIED,2026-06-13,9,2026-06-13,9,1,3.944,0.0725,0.05
4,SPIKE_OCCUPIED,MEDIUM,False,,OCCUPIED,2026-06-13,10,2026-06-13,10,1,3.969,0.07,0.05
4,SPIKE_OCCUPIED,MEDIUM,False,,OCCUPIED,2026-06-13,11,2026-06-13,11,1,3.297,0.068,0.05
4,SPIKE_OCCUPIED,MEDIUM,False,,OCCUPIED,2026-06-13,34,2026-06-13,34,1,2.208,0.1585,0.121
4,SPIKE_OCCUPIED,MEDIUM,False,,OCCUPIED,2026-06-13,35,2026-06-13,35,1,3.78,0.1615,0.103
4,SPIKE_OCCUPIED,MEDIUM,False,,OCCUPIED,2026-06-13,36,2026-06-13,36,1,4.4,0.1505,0.1095
4,SPIKE_OCCUPIED,MEDIUM,False,,OCCUPIED,2026-06-13,38,2026-06-13,38,1,2.364,0.1805,0.1345
4,SPIKE_OCCUPIED,MEDIUM,False,,OCCUPIED,2026-06-14,32,2026-06-14,32,1,0.586,0.121,0.09
4,SPIKE_OCCUPIED,MEDIUM,False,,OCCUPIED,2026-06-15,16,2026-06-15,16,1,0.653,0.1355,0.0975
4,SPIKE_OCCUPIED,MEDIUM,False,,OCCUPIED,2026-06-15,17,2026-06-15,17,1,0.723,0.123,0.083
4,SPIKE_OCCUPIED,MEDIUM,False,,OCCUPIED,2026-06-15,20,2026-06-15,20,1,0.482,0.1145,0.0705
4,SPIKE_OCCUPIED,MEDIUM,False,,OCCUPIED,2026-06-15,21,2026-06-15,21,1,0.679,0.105,0.066
4,SPIKE_OCCUPIED,MEDIUM,False,,OCCUPIED,2026-06-15,22,2026-06-15,22,1,0.853,0.113,0.0745
4,SPIKE_OCCUPIED,MEDIUM,False,,OCCUPIED,2026-06-15,23,2026-06-15,23,1,0.765,0.1045,0.0625
4,SPIKE_OCCUPIED,MEDIUM,False,,OCCUPIED,2026-06-15,31,2026-06-15,31,1,0.442,0.1125,0.0665
4,SPIKE_OCCUPIED,MEDIUM,False,,OCCUPIED,2026-06-15,43,2026-06-15,43,1,0.551,0.161,0.0965
4,SPIKE_OCCUPIED,MEDIUM,False,,OCCUPIED,2026-06-15,44,2026-06-15,44,1,0.427,0.122,0.069
4,SPIKE_OCCUPIED,MEDIUM,False,,OCCUPIED,2026-06-16,33,2026-06-16,33,1,0.736,0.109,0.066
4,SPIKE_OCCUPIED,MEDIUM,False,,OCCUPIED,2026-06-17,1,2026-06-17,1,1,0.307,0.0845,0.05
4,SPIKE_OCCUPIED,MEDIUM,False,,OCCUPIED,2026-06-17,3,2026-06-17,3,1,0.556,0.074,0.05
4,SPIKE_OCCUPIED,MEDIUM,False,,OCCUPIED,2026-06-17,4,2026-06-17,4,1,0.36,0.073,0.05
4,SPIKE_OCCUPIED,MEDIUM,False,,OCCUPIED,2026-06-17,6,2026-06-17,6,1,0.317,0.078,0.05
4,SPIKE_OCCUPIED,MEDIUM,False,,OCCUPIED,2026-06-17,7,2026-06-17,7,1,0.462,0.0705,0.05
4,SPIKE_OCCUPIED,MEDIUM,False,,OCCUPIED,2026-06-17,10,2026-06-17,10,1,0.303,0.085,0.05
4,SPIKE_OCCUPIED,MEDIUM,False,,OCCUPIED,2026-06-17,13,2026-06-17,13,1,0.43,0.0955,0.052
4,SPIKE_OCCUPIED,MEDIUM,False,,OCCUPIED,2026-06-17,14,2026-06-17,14,1,0.428,0.105,0.063
4,SPIKE_OCCUPIED,MEDIUM,False,,OCCUPIED,2026-06-18,3,2026-06-18,3,1,0.365,0.084,0.05
4,SPIKE_OCCUPIED,MEDIUM,False,,OCCUPIED,2026-06-18,10,2026-06-18,10,1,0.373,0.084,0.05
4,SPIKE_OCCUPIED,MEDIUM,False,,OCCUPIED,2026-06-18,32,2026-06-18,32,1,0.41,0.114,0.0685
4,SPIKE_OCCUPIED,MEDIUM,False,,OCCUPIED,2026-06-19,34,2026-06-19,34,1,0.59,0.137,0.083
4,SPIKE_OCCUPIED,MEDIUM,False,,OCCUPIED,2026-06-19,44,2026-06-19,44,1,0.95,0.141,0.092
4,SPIKE_OCCUPIED,MEDIUM,False,,OCCUPIED,2026-06-19,45,2026-06-19,45,1,0.525,0.11,0.073
4,SPIKE_OCCUPIED,MEDIUM,False,,OCCUPIED,2026-06-19,46,2026-06-19,46,1,0.521,0.101,0.066
4,SPIKE_OCCUPIED,MEDIUM,False,,OCCUPIED,2026-06-19,47,2026-06-19,47,1,0.517,0.097,0.062
4,SPIKE_OCCUPIED,MEDIUM,False,,OCCUPIED,2026-06-20,9,2026-06-20,9,1,0.311,0.0725,0.05
4,SPIKE_OCCUPIED,MEDIUM,False,,OCCUPIED,2026-06-20,10,2026-06-20,10,1,0.282,0.07,0.05
4,SPIKE_OCCUPIED,MEDIUM,False,,OCCUPIED,2026-06-21,30,2026-06-21,30,1,2.096,0.102,0.0795
4,SPIKE_OCCUPIED,MEDIUM,False,,OCCUPIED,2026-06-21,31,2026-06-21,31,1,1.892,0.1035,0.082
4,SPIKE_OCCUPIED,MEDIUM,False,,OCCUPIED,2026-06-21,32,2026-06-21,32,1,1.39,0.121,0.09
4,SPIKE_OCCUPIED,MEDIUM,False,,OCCUPIED,2026-06-21,33,2026-06-21,33,1,1.326,0.1285,0.099
4,SPIKE_OCCUPIED,MEDIUM,False,,OCCUPIED,2026-06-21,34,2026-06-21,34,1,1.327,0.137,0.117
4,SPIKE_OCCUPIED,MEDIUM,False,,OCCUPIED,2026-06-21,35,2026-06-21,35,1,1.397,0.163,0.122
4,SPIKE_OCCUPIED,MEDIUM,False,,OCCUPIED,2026-06-21,36,2026-06-21,36,1,1.407,0.162,0.1165
4,SPIKE_OCCUPIED,MEDIUM,False,,OCCUPIED,2026-06-21,37,2026-06-21,37,1,1.397,0.202,0.138
4,SPIKE_OCCUPIED,MEDIUM,False,,OCCUPIED,2026-06-21,38,2026-06-21,38,1,1.498,0.171,0.1305
4,SPIKE_OCCUPIED,MEDIUM,False,,OCCUPIED,2026-06-21,39,2026-06-21,39,1,1.438,0.203,0.148
4,SPIKE_OCCUPIED,MEDIUM,False,,OCCUPIED,2026-06-21,40,2026-06-21,40,1,1.412,0.162,0.1165
4,SPIKE_OCCUPIED,MEDIUM,False,,OCCUPIED,2026-06-21,41,2026-06-21,41,1,1.411,0.1375,0.0985
4,SPIKE_OCCUPIED,MEDIUM,False,,OCCUPIED,2026-06-21,42,2026-06-21,42,1,1.448,0.116,0.076
4,SPIKE_OCCUPIED,MEDIUM,False,,OCCUPIED,2026-06-21,43,2026-06-21,43,1,1.375,0.119,0.0835
4,SPIKE_OCCUPIED,MEDIUM,False,,OCCUPIED,2026-06-21,44,2026-06-21,44,1,1.311,0.1155,0.0825
4,SPIKE_OCCUPIED,MEDIUM,False,,OCCUPIED,2026-06-21,45,2026-06-21,45,1,1.284,0.1055,0.072
4,SPIKE_OCCUPIED,MEDIUM,False,,OCCUPIED,2026-06-21,46,2026-06-21,46,1,1.291,0.089,0.0545
4,SPIKE_OCCUPIED,MEDIUM,False,,OCCUPIED,2026-06-21,47,2026-06-21,47,1,1.283,0.0755,0.05
4,SPIKE_OCCUPIED,MEDIUM,False,,OCCUPIED,2026-06-22,1,2026-06-22,1,1,2.786,0.078,0.05
4,SPIKE_OCCUPIED,MEDIUM,False,,OCCUPIED,2026-06-22,4,2026-06-22,4,1,4.48,0.071,0.05
4,SPIKE_OCCUPIED,MEDIUM,False,,OCCUPIED,2026-06-22,46,2026-06-22,46,1,2.897,0.0915,0.0575
4,SPIKE_OCCUPIED,MEDIUM,False,,OCCUPIED,2026-06-22,47,2026-06-22,47,1,4.866,0.0815,0.05
4,SPIKE_OCCUPIED,MEDIUM,False,,OCCUPIED,2026-06-23,13,2026-06-23,13,1,0.319,0.09,0.052
4,SPIKE_OCCUPIED,MEDIUM,False,,OCCUPIED,2026-06-23,40,2026-06-23,40,1,0.982,0.188,0.118
4,SPIKE_OCCUPIED,MEDIUM,False,,OCCUPIED,2026-06-23,41,2026-06-23,41,1,1.401,0.155,0.097
4,SPIKE_OCCUPIED,MEDIUM,False,,OCCUPIED,2026-06-23,42,2026-06-23,42,1,1.17,0.151,0.092
4,SPIKE_OCCUPIED,MEDIUM,False,,OCCUPIED,2026-06-23,43,2026-06-23,43,1,0.857,0.121,0.071
4,SPIKE_OCCUPIED,MEDIUM,False,,OCCUPIED,2026-06-23,44,2026-06-23,44,1,0.884,0.118,0.075
4,SPIKE_OCCUPIED,MEDIUM,False,,OCCUPIED,2026-06-23,45,2026-06-23,45,1,0.563,0.11,0.074
4,SPIKE_OCCUPIED,MEDIUM,False,,OCCUPIED,2026-06-24,3,2026-06-24,3,1,0.275,0.074,0.05
4,SPIKE_OCCUPIED,MEDIUM,False,,OCCUPIED,2026-06-24,8,2026-06-24,8,1,0.289,0.0775,0.05
4,SPIKE_OCCUPIED,MEDIUM,False,,OCCUPIED,2026-06-24,9,2026-06-24,9,1,0.389,0.078,0.05
4,SPIKE_OCCUPIED,MEDIUM,False,,OCCUPIED,2026-06-24,13,2026-06-24,13,1,0.376,0.0955,0.052
4,SPIKE_OCCUPIED,MEDIUM,False,,OCCUPIED,2026-06-24,31,2026-06-24,31,1,1.168,0.098,0.055
4,SPIKE_OCCUPIED,MEDIUM,False,,OCCUPIED,2026-06-24,32,2026-06-24,32,1,0.688,0.097,0.057
4,SPIKE_OCCUPIED,MEDIUM,False,,OCCUPIED,2026-06-24,33,2026-06-24,33,1,0.528,0.104,0.06
4,SPIKE_OCCUPIED,MEDIUM,False,,OCCUPIED,2026-06-24,39,2026-06-24,39,1,0.832,0.2125,0.146
4,SPIKE_OCCUPIED,MEDIUM,False,,OCCUPIED,2026-06-25,29,2026-06-25,29,1,0.453,0.1165,0.08
4,SPIKE_OCCUPIED,MEDIUM,False,,OCCUPIED,2026-06-26,0,2026-06-26,0,1,0.351,0.092,0.057
4,SPIKE_OCCUPIED,MEDIUM,False,,OCCUPIED,2026-06-26,1,2026-06-26,1,1,0.385,0.086,0.05
4,SPIKE_OCCUPIED,MEDIUM,False,,OCCUPIED,2026-06-26,2,2026-06-26,2,1,0.34,0.079,0.05
4,SPIKE_OCCUPIED,MEDIUM,False,,OCCUPIED,2026-06-26,4,2026-06-26,4,1,0.544,0.067,0.05
4,SPIKE_OCCUPIED,MEDIUM,False,,OCCUPIED,2026-06-26,5,2026-06-26,5,1,1.941,0.072,0.05
4,SPIKE_OCCUPIED,MEDIUM,False,,OCCUPIED,2026-06-26,8,2026-06-26,8,1,1.452,0.071,0.05
4,SPIKE_OCCUPIED,MEDIUM,False,,OCCUPIED,2026-06-26,9,2026-06-26,9,1,0.465,0.064,0.05
4,SPIKE_OCCUPIED,MEDIUM,False,,OCCUPIED,2026-06-26,13,2026-06-26,13,1,1.385,0.102,0.057
4,SPIKE_OCCUPIED,MEDIUM,False,,OCCUPIED,2026-06-26,14,2026-06-26,14,1,0.408,0.104,0.063
4,SPIKE_OCCUPIED,MEDIUM,False,,OCCUPIED,2026-06-26,16,2026-06-26,16,1,0.491,0.106,0.075
4,SPIKE_OCCUPIED,MEDIUM,False,,OCCUPIED,2026-06-26,17,2026-06-26,17,1,1.103,0.113,0.071
4,SPIKE_OCCUPIED,MEDIUM,False,,OCCUPIED,2026-06-26,18,2026-06-26,18,1,1.245,0.111,0.073
4,SPIKE_OCCUPIED,MEDIUM,False,,OCCUPIED,2026-06-26,28,2026-06-26,28,1,0.676,0.104,0.068
4,SPIKE_OCCUPIED,MEDIUM,False,,OCCUPIED,2026-06-26,29,2026-06-26,29,1,0.638,0.097,0.06
4,SPIKE_OCCUPIED,MEDIUM,False,,OCCUPIED,2026-06-26,30,2026-06-26,30,1,0.477,0.114,0.078
4,SPIKE_OCCUPIED,MEDIUM,False,,OCCUPIED,2026-06-26,31,2026-06-26,31,1,0.581,0.106,0.069
4,SPIKE_OCCUPIED,MEDIUM,False,,OCCUPIED,2026-06-26,32,2026-06-26,32,1,1.282,0.117,0.078
4,SPIKE_OCCUPIED,MEDIUM,False,,OCCUPIED,2026-06-26,33,2026-06-26,33,1,2.269,0.12,0.085
4,SPIKE_OCCUPIED,MEDIUM,False,,OCCUPIED,2026-06-26,34,2026-06-26,34,1,1.81,0.137,0.083
4,SPIKE_OCCUPIED,MEDIUM,False,,OCCUPIED,2026-06-26,36,2026-06-26,36,1,0.685,0.17,0.113
4,SPIKE_OCCUPIED,MEDIUM,False,,OCCUPIED,2026-06-26,43,2026-06-26,43,1,0.731,0.158,0.101
4,SPIKE_OCCUPIED,MEDIUM,False,,OCCUPIED,2026-06-26,44,2026-06-26,44,1,2.344,0.141,0.092
4,SPIKE_OCCUPIED,MEDIUM,False,,OCCUPIED,2026-06-26,45,2026-06-26,45,1,1.926,0.11,0.073
4,SPIKE_OCCUPIED,MEDIUM,False,,OCCUPIED,2026-06-26,47,2026-06-26,47,1,0.36,0.097,0.062
4,SPIKE_OCCUPIED,MEDIUM,False,,OCCUPIED,2026-06-27,1,2026-06-27,1,1,0.343,0.0825,0.0505
4,SPIKE_OCCUPIED,MEDIUM,False,,OCCUPIED,2026-06-27,2,2026-06-27,2,1,0.337,0.0845,0.05
4,SPIKE_OCCUPIED,MEDIUM,False,,OCCUPIED,2026-06-27,3,2026-06-27,3,1,0.371,0.07,0.05
4,SPIKE_OCCUPIED,MEDIUM,False,,OCCUPIED,2026-06-27,4,2026-06-27,4,1,0.321,0.0635,0.05
4,SPIKE_OCCUPIED,MEDIUM,False,,OCCUPIED,2026-06-27,5,2026-06-27,5,1,0.577,0.0795,0.05
4,SPIKE_OCCUPIED,MEDIUM,False,,OCCUPIED,2026-06-27,6,2026-06-27,6,1,0.477,0.062,0.05
4,SPIKE_OCCUPIED,MEDIUM,False,,OCCUPIED,2026-06-27,7,2026-06-27,7,1,0.366,0.0735,0.05
4,SPIKE_OCCUPIED,MEDIUM,False,,OCCUPIED,2026-06-27,8,2026-06-27,8,1,0.439,0.0715,0.05
4,SPIKE_OCCUPIED,MEDIUM,False,,OCCUPIED,2026-06-27,9,2026-06-27,9,1,0.411,0.0725,0.05
4,SPIKE_OCCUPIED,MEDIUM,False,,OCCUPIED,2026-06-27,11,2026-06-27,11,1,0.323,0.068,0.05
4,SPIKE_OCCUPIED,MEDIUM,False,,OCCUPIED,2026-06-27,12,2026-06-27,12,1,0.359,0.07,0.05
4,SPIKE_OCCUPIED,MEDIUM,False,,OCCUPIED,2026-06-27,13,2026-06-27,13,1,0.409,0.0835,0.05
4,SPIKE_OCCUPIED,MEDIUM,False,,OCCUPIED,2026-06-27,14,2026-06-27,14,1,0.562,0.0965,0.0585
4,SPIKE_OCCUPIED,MEDIUM,False,,OCCUPIED,2026-06-27,15,2026-06-27,15,1,0.472,0.1015,0.063
4,SPIKE_OCCUPIED,MEDIUM,False,,OCCUPIED,2026-06-27,16,2026-06-27,16,1,0.798,0.1055,0.066
4,SPIKE_OCCUPIED,MEDIUM,False,,OCCUPIED,2026-06-27,17,2026-06-27,17,1,0.854,0.1225,0.082
4,SPIKE_OCCUPIED,MEDIUM,False,,OCCUPIED,2026-06-27,18,2026-06-27,18,1,0.677,0.13,0.091
4,SPIKE_OCCUPIED,MEDIUM,False,,OCCUPIED,2026-06-27,19,2026-06-27,19,1,0.6,0.126,0.0885
4,SPIKE_OCCUPIED,MEDIUM,False,,OCCUPIED,2026-06-27,20,2026-06-27,20,1,0.555,0.1325,0.0955
4,SPIKE_OCCUPIED,MEDIUM,False,,OCCUPIED,2026-06-27,21,2026-06-27,21,1,0.599,0.1485,0.1105
4,SPIKE_OCCUPIED,MEDIUM,False,,OCCUPIED,2026-06-27,22,2026-06-27,22,1,0.837,0.1495,0.111
4,SPIKE_OCCUPIED,MEDIUM,False,,OCCUPIED,2026-06-27,23,2026-06-27,23,1,0.657,0.1285,0.088
4,SPIKE_OCCUPIED,MEDIUM,False,,OCCUPIED,2026-06-27,24,2026-06-27,24,1,0.589,0.125,0.0915
4,SPIKE_OCCUPIED,MEDIUM,False,,OCCUPIED,2026-06-27,25,2026-06-27,25,1,0.606,0.1295,0.0855
4,SPIKE_OCCUPIED,MEDIUM,False,,OCCUPIED,2026-06-27,26,2026-06-27,26,1,0.603,0.147,0.104
4,SPIKE_OCCUPIED,MEDIUM,False,,OCCUPIED,2026-06-27,27,2026-06-27,27,1,0.56,0.118,0.087
4,SPIKE_OCCUPIED,MEDIUM,False,,OCCUPIED,2026-06-27,28,2026-06-27,28,1,0.589,0.118,0.0825
4,SPIKE_OCCUPIED,MEDIUM,False,,OCCUPIED,2026-06-27,29,2026-06-27,29,1,0.53,0.107,0.073
4,SPIKE_OCCUPIED,MEDIUM,False,,OCCUPIED,2026-06-27,30,2026-06-27,30,1,0.573,0.111,0.081
4,SPIKE_OCCUPIED,MEDIUM,False,,OCCUPIED,2026-06-27,31,2026-06-27,31,1,0.558,0.123,0.094
4,SPIKE_OCCUPIED,MEDIUM,False,,OCCUPIED,2026-06-27,32,2026-06-27,32,1,0.554,0.1315,0.0995
4,SPIKE_OCCUPIED,MEDIUM,False,,OCCUPIED,2026-06-27,33,2026-06-27,33,1,1.039,0.142,0.1035
4,SPIKE_OCCUPIED,MEDIUM,False,,OCCUPIED,2026-06-27,34,2026-06-27,34,1,1.004,0.1585,0.121
4,SPIKE_OCCUPIED,MEDIUM,False,,OCCUPIED,2026-06-27,35,2026-06-27,35,1,0.715,0.1615,0.103
4,SPIKE_OCCUPIED,MEDIUM,False,,OCCUPIED,2026-06-27,36,2026-06-27,36,1,0.687,0.1505,0.1095
4,SPIKE_OCCUPIED,MEDIUM,False,,OCCUPIED,2026-06-27,37,2026-06-27,37,1,1.003,0.1795,0.131
4,SPIKE_OCCUPIED,MEDIUM,False,,OCCUPIED,2026-06-27,38,2026-06-27,38,1,0.79,0.1805,0.1345
4,SPIKE_OCCUPIED,MEDIUM,False,,OCCUPIED,2026-06-27,39,2026-06-27,39,1,1.147,0.1815,0.129
4,SPIKE_OCCUPIED,MEDIUM,False,,OCCUPIED,2026-06-27,40,2026-06-27,40,1,1.17,0.165,0.1135
4,SPIKE_OCCUPIED,MEDIUM,False,,OCCUPIED,2026-06-27,41,2026-06-27,41,1,0.644,0.139,0.0975
4,SPIKE_OCCUPIED,MEDIUM,False,,OCCUPIED,2026-06-27,42,2026-06-27,42,1,0.819,0.133,0.0915
4,SPIKE_OCCUPIED,MEDIUM,False,,OCCUPIED,2026-06-27,43,2026-06-27,43,1,0.647,0.1485,0.091
4,SPIKE_OCCUPIED,MEDIUM,False,,OCCUPIED,2026-06-27,44,2026-06-27,44,1,0.544,0.12,0.083
4,SPIKE_OCCUPIED,MEDIUM,False,,OCCUPIED,2026-06-29,0,2026-06-29,0,1,0.431,0.085,0.052
4,SPIKE_OCCUPIED,MEDIUM,False,,OCCUPIED,2026-06-29,1,2026-06-29,1,1,0.7,0.078,0.05
4,SPIKE_OCCUPIED,MEDIUM,False,,OCCUPIED,2026-06-29,2,2026-06-29,2,1,0.735,0.074,0.05
4,SPIKE_OCCUPIED,MEDIUM,False,,OCCUPIED,2026-06-29,4,2026-06-29,4,1,0.353,0.071,0.05
4,SPIKE_OCCUPIED,MEDIUM,False,,OCCUPIED,2026-06-29,6,2026-06-29,6,1,0.372,0.074,0.05
4,SPIKE_OCCUPIED,MEDIUM,False,,OCCUPIED,2026-06-29,45,2026-06-29,45,1,0.406,0.1085,0.061
4,SPIKE_OCCUPIED,MEDIUM,False,,OCCUPIED,2026-06-29,46,2026-06-29,46,1,0.391,0.0915,0.0575
4,SPIKE_OCCUPIED,MEDIUM,False,,OCCUPIED,2026-06-30,19,2026-06-30,19,1,0.957,0.102,0.066
4,SPIKE_OCCUPIED,MEDIUM,False,,OCCUPIED,2026-06-30,20,2026-06-30,20,1,1.9,0.09,0.057
4,SPIKE_OCCUPIED,MEDIUM,False,,OCCUPIED,2026-06-30,21,2026-06-30,21,1,1.886,0.094,0.059
4,SPIKE_OCCUPIED,MEDIUM,False,,OCCUPIED,2026-06-30,22,2026-06-30,22,1,1.882,0.104,0.072
4,SPIKE_OCCUPIED,MEDIUM,False,,OCCUPIED,2026-06-30,23,2026-06-30,23,1,1.878,0.098,0.064
4,SPIKE_OCCUPIED,MEDIUM,False,,OCCUPIED,2026-06-30,24,2026-06-30,24,1,1.993,0.101,0.069
4,SPIKE_OCCUPIED,MEDIUM,False,,OCCUPIED,2026-06-30,25,2026-06-30,25,1,1.909,0.089,0.053
4,SPIKE_OCCUPIED,MEDIUM,False,,OCCUPIED,2026-06-30,26,2026-06-30,26,1,1.891,0.096,0.063
4,SPIKE_OCCUPIED,MEDIUM,False,,OCCUPIED,2026-06-30,27,2026-06-30,27,1,1.901,0.088,0.053
4,SPIKE_OCCUPIED,MEDIUM,False,,OCCUPIED,2026-06-30,28,2026-06-30,28,1,1.904,0.094,0.061
4,SPIKE_OCCUPIED,MEDIUM,False,,OCCUPIED,2026-06-30,29,2026-06-30,29,1,1.892,0.087,0.056
4,SPIKE_OCCUPIED,MEDIUM,False,,OCCUPIED,2026-06-30,30,2026-06-30,30,1,1.902,0.093,0.058
4,SPIKE_OCCUPIED,MEDIUM,False,,OCCUPIED,2026-06-30,31,2026-06-30,31,1,1.891,0.097,0.059
4,SPIKE_OCCUPIED,MEDIUM,False,,OCCUPIED,2026-06-30,32,2026-06-30,32,1,1.898,0.106,0.062
4,SPIKE_OCCUPIED,MEDIUM,False,,OCCUPIED,2026-06-30,33,2026-06-30,33,1,1.9,0.109,0.066
4,SPIKE_OCCUPIED,MEDIUM,False,,OCCUPIED,2026-06-30,34,2026-06-30,34,1,1.887,0.125,0.081
4,SPIKE_OCCUPIED,MEDIUM,False,,OCCUPIED,2026-07-03,0,2026-07-03,0,1,0.384,0.092,0.057
4,SPIKE_OCCUPIED,MEDIUM,False,,OCCUPIED,2026-07-03,1,2026-07-03,1,1,0.382,0.086,0.05
4,SPIKE_OCCUPIED,MEDIUM,False,,OCCUPIED,2026-07-03,2,2026-07-03,2,1,0.382,0.079,0.05
4,SPIKE_OCCUPIED,MEDIUM,False,,OCCUPIED,2026-07-03,3,2026-07-03,3,1,1.887,0.069,0.05
4,SPIKE_OCCUPIED,MEDIUM,False,,OCCUPIED,2026-07-03,4,2026-07-03,4,1,1.873,0.067,0.05
4,SPIKE_OCCUPIED,MEDIUM,False,,OCCUPIED,2026-07-03,5,2026-07-03,5,1,1.878,0.072,0.05
4,SPIKE_OCCUPIED,MEDIUM,False,,OCCUPIED,2026-07-03,6,2026-07-03,6,1,1.866,0.063,0.05
4,SPIKE_OCCUPIED,MEDIUM,False,,OCCUPIED,2026-07-03,7,2026-07-03,7,1,0.507,0.071,0.05
4,SPIKE_OCCUPIED,MEDIUM,False,,OCCUPIED,2026-07-03,8,2026-07-03,8,1,0.375,0.071,0.05
4,SPIKE_OCCUPIED,MEDIUM,False,,OCCUPIED,2026-07-03,9,2026-07-03,9,1,0.449,0.064,0.05
4,SPIKE_OCCUPIED,MEDIUM,False,,OCCUPIED,2026-07-03,10,2026-07-03,10,1,0.391,0.063,0.05
4,SPIKE_OCCUPIED,MEDIUM,False,,OCCUPIED,2026-07-03,11,2026-07-03,11,1,0.45,0.062,0.05
4,SPIKE_OCCUPIED,MEDIUM,False,,OCCUPIED,2026-07-03,12,2026-07-03,12,1,0.385,0.07,0.05
4,SPIKE_UNKNOWN,LOW,False,,UNKNOWN,2026-07-03,13,2026-07-03,13,1,0.365,0.102,0.057
4,SPIKE_OCCUPIED,MEDIUM,False,,OCCUPIED,2026-07-03,14,2026-07-03,14,1,0.371,0.104,0.063
4,SPIKE_UNKNOWN,LOW,False,,UNKNOWN,2026-07-03,21,2026-07-03,21,1,0.361,0.095,0.065
4,SPIKE_OCCUPIED,MEDIUM,False,,OCCUPIED,2026-07-03,29,2026-07-03,29,1,0.373,0.097,0.06
4,SPIKE_OCCUPIED,MEDIUM,False,,OCCUPIED,2026-07-03,31,2026-07-03,31,1,0.405,0.106,0.069
4,SPIKE_OCCUPIED,MEDIUM,False,,OCCUPIED,2026-07-03,43,2026-07-03,43,1,0.647,0.158,0.101
4,SPIKE_OCCUPIED,MEDIUM,False,,OCCUPIED,2026-07-03,44,2026-07-03,44,1,0.916,0.141,0.092
4,SPIKE_OCCUPIED,MEDIUM,False,,OCCUPIED,2026-07-03,45,2026-07-03,45,1,0.493,0.11,0.073
4,SPIKE_OCCUPIED,MEDIUM,False,,OCCUPIED,2026-07-03,46,2026-07-03,46,1,0.478,0.101,0.066
4,SPIKE_OCCUPIED,MEDIUM,False,,OCCUPIED,2026-07-03,47,2026-07-03,47,1,0.487,0.097,0.062
4,SPIKE_OCCUPIED,MEDIUM,False,,OCCUPIED,2026-07-04,0,2026-07-04,0,1,3.056,0.0925,0.0605
4,SPIKE_OCCUPIED,MEDIUM,False,,OCCUPIED,2026-07-04,1,2026-07-04,1,1,2.939,0.0825,0.0505
4,SPIKE_OCCUPIED,MEDIUM,False,,OCCUPIED,2026-07-04,2,2026-07-04,2,1,2.99,0.0845,0.05
4,SPIKE_OCCUPIED,MEDIUM,False,,OCCUPIED,2026-07-04,3,2026-07-04,3,1,3.044,0.07,0.05
4,SPIKE_OCCUPIED,MEDIUM,False,,OCCUPIED,2026-07-04,4,2026-07-04,4,1,3.004,0.0635,0.05
4,SPIKE_OCCUPIED,MEDIUM,False,,OCCUPIED,2026-07-04,5,2026-07-04,5,1,2.902,0.0795,0.05
4,SPIKE_OCCUPIED,MEDIUM,False,,OCCUPIED,2026-07-04,6,2026-07-04,6,1,2.972,0.062,0.05
4,SPIKE_OCCUPIED,MEDIUM,False,,OCCUPIED,2026-07-04,7,2026-07-04,7,1,2.987,0.0735,0.05
4,SPIKE_OCCUPIED,MEDIUM,False,,OCCUPIED,2026-07-04,8,2026-07-04,8,1,3.03,0.0715,0.05
4,SPIKE_OCCUPIED,MEDIUM,False,,OCCUPIED,2026-07-04,9,2026-07-04,9,1,2.968,0.0725,0.05
4,SPIKE_OCCUPIED,MEDIUM,False,,OCCUPIED,2026-07-04,10,2026-07-04,10,1,2.84,0.07,0.05
4,SPIKE_OCCUPIED,MEDIUM,False,,OCCUPIED,2026-07-04,11,2026-07-04,11,1,2.831,0.068,0.05
4,SPIKE_OCCUPIED,MEDIUM,False,,OCCUPIED,2026-07-04,12,2026-07-04,12,1,2.698,0.07,0.05
4,SPIKE_OCCUPIED,MEDIUM,False,,OCCUPIED,2026-07-04,13,2026-07-04,13,1,2.236,0.0835,0.05
4,SPIKE_OCCUPIED,MEDIUM,False,,OCCUPIED,2026-07-04,14,2026-07-04,14,1,1.999,0.0965,0.0585
4,SPIKE_OCCUPIED,MEDIUM,False,,OCCUPIED,2026-07-04,15,2026-07-04,15,1,1.693,0.1015,0.063
4,SPIKE_OCCUPIED,MEDIUM,False,,OCCUPIED,2026-07-04,16,2026-07-04,16,1,1.388,0.1055,0.066
4,SPIKE_OCCUPIED,MEDIUM,False,,OCCUPIED,2026-07-04,17,2026-07-04,17,1,1.283,0.1225,0.082
4,SPIKE_OCCUPIED,MEDIUM,False,,OCCUPIED,2026-07-04,18,2026-07-04,18,1,0.558,0.13,0.091
4,SPIKE_OCCUPIED,MEDIUM,False,,OCCUPIED,2026-07-04,19,2026-07-04,19,1,1.122,0.126,0.0885
4,SPIKE_OCCUPIED,MEDIUM,False,,OCCUPIED,2026-07-04,20,2026-07-04,20,1,1.735,0.1325,0.0955
4,SPIKE_OCCUPIED,MEDIUM,False,,OCCUPIED,2026-07-04,21,2026-07-04,21,1,2.225,0.1485,0.1105
4,SPIKE_OCCUPIED,MEDIUM,False,,OCCUPIED,2026-07-04,22,2026-07-04,22,1,2.018,0.1495,0.111
4,SPIKE_OCCUPIED,MEDIUM,False,,OCCUPIED,2026-07-04,23,2026-07-04,23,1,1.691,0.1285,0.088
4,SPIKE_OCCUPIED,MEDIUM,False,,OCCUPIED,2026-07-04,24,2026-07-04,24,1,1.063,0.125,0.0915
4,SPIKE_OCCUPIED,MEDIUM,False,,OCCUPIED,2026-07-04,28,2026-07-04,28,1,1.007,0.118,0.0825
4,SPIKE_OCCUPIED,MEDIUM,False,,OCCUPIED,2026-07-04,31,2026-07-04,31,1,0.738,0.123,0.094
4,SPIKE_OCCUPIED,MEDIUM,False,,OCCUPIED,2026-07-04,32,2026-07-04,32,1,1.252,0.1315,0.0995
4,SPIKE_OCCUPIED,MEDIUM,False,,OCCUPIED,2026-07-04,33,2026-07-04,33,1,1.549,0.142,0.1035
4,SPIKE_OCCUPIED,MEDIUM,False,,OCCUPIED,2026-07-04,34,2026-07-04,34,1,2.128,0.1585,0.121
4,SPIKE_OCCUPIED,MEDIUM,False,,OCCUPIED,2026-07-04,35,2026-07-04,35,1,2.345,0.1615,0.103
4,SPIKE_OCCUPIED,MEDIUM,False,,OCCUPIED,2026-07-04,36,2026-07-04,36,1,2.82,0.1505,0.1095
4,SPIKE_OCCUPIED,MEDIUM,False,,OCCUPIED,2026-07-04,37,2026-07-04,37,1,2.949,0.1795,0.131
4,SPIKE_OCCUPIED,MEDIUM,False,,OCCUPIED,2026-07-04,38,2026-07-04,38,1,2.911,0.1805,0.1345
4,SPIKE_OCCUPIED,MEDIUM,False,,OCCUPIED,2026-07-04,39,2026-07-04,39,1,2.907,0.1815,0.129
4,SPIKE_OCCUPIED,MEDIUM,False,,OCCUPIED,2026-07-04,40,2026-07-04,40,1,3.112,0.165,0.1135
4,SPIKE_OCCUPIED,MEDIUM,False,,OCCUPIED,2026-07-04,41,2026-07-04,41,1,3.091,0.139,0.0975
4,SPIKE_OCCUPIED,MEDIUM,False,,OCCUPIED,2026-07-04,42,2026-07-04,42,1,3.254,0.133,0.0915
4,SPIKE_OCCUPIED,MEDIUM,False,,OCCUPIED,2026-07-04,43,2026-07-04,43,1,3.097,0.1485,0.091
4,SPIKE_OCCUPIED,MEDIUM,False,,OCCUPIED,2026-07-04,44,2026-07-04,44,1,3.105,0.12,0.083
4,SPIKE_OCCUPIED,MEDIUM,False,,OCCUPIED,2026-07-04,45,2026-07-04,45,1,3.167,0.1185,0.0805
4,SPIKE_OCCUPIED,MEDIUM,False,,OCCUPIED,2026-07-04,46,2026-07-04,46,1,3.009,0.105,0.078
4,SPIKE_OCCUPIED,MEDIUM,False,,OCCUPIED,2026-07-04,47,2026-07-04,47,1,2.975,0.101,0.071
4,SPIKE_OCCUPIED,MEDIUM,False,,OCCUPIED,2026-07-06,0,2026-07-06,0,1,3.783,0.085,0.052
4,SPIKE_OCCUPIED,MEDIUM,False,,OCCUPIED,2026-07-06,1,2026-07-06,1,1,3.811,0.078,0.05
4,SPIKE_OCCUPIED,MEDIUM,False,,OCCUPIED,2026-07-06,2,2026-07-06,2,1,4.16,0.074,0.05
4,SPIKE_OCCUPIED,MEDIUM,False,,OCCUPIED,2026-07-06,3,2026-07-06,3,1,3.843,0.0695,0.05
4,SPIKE_OCCUPIED,MEDIUM,False,,OCCUPIED,2026-07-06,4,2026-07-06,4,1,0.636,0.071,0.05
4,SPIKE_OCCUPIED,MEDIUM,False,,OCCUPIED,2026-07-06,17,2026-07-06,17,1,0.479,0.123,0.083
4,SPIKE_OCCUPIED,MEDIUM,False,,OCCUPIED,2026-07-06,30,2026-07-06,30,1,0.423,0.097,0.062
4,SPIKE_UNKNOWN,LOW,False,,UNKNOWN,2026-07-06,46,2026-07-06,46,1,0.349,0.0915,0.0575
4,SPIKE_OCCUPIED,MEDIUM,False,,OCCUPIED,2026-07-06,47,2026-07-06,47,1,0.707,0.0815,0.05
4,SPIKE_OCCUPIED,MEDIUM,False,,OCCUPIED,2026-07-09,0,2026-07-09,0,1,3.005,0.0875,0.05
4,SPIKE_OCCUPIED,MEDIUM,False,,OCCUPIED,2026-07-09,1,2026-07-09,1,1,2.805,0.0885,0.05
4,SPIKE_OCCUPIED,MEDIUM,False,,OCCUPIED,2026-07-09,2,2026-07-09,2,1,1.142,0.0815,0.05
4,SPIKE_OCCUPIED,MEDIUM,False,,OCCUPIED,2026-07-09,3,2026-07-09,3,1,1.137,0.084,0.05
4,SPIKE_OCCUPIED,MEDIUM,False,,OCCUPIED,2026-07-09,4,2026-07-09,4,1,1.116,0.0875,0.05
4,SPIKE_OCCUPIED,MEDIUM,False,,OCCUPIED,2026-07-09,5,2026-07-09,5,1,1.153,0.0845,0.05
4,SPIKE_OCCUPIED,MEDIUM,False,,OCCUPIED,2026-07-09,6,2026-07-09,6,1,1.406,0.078,0.05
4,SPIKE_OCCUPIED,MEDIUM,False,,OCCUPIED,2026-07-09,7,2026-07-09,7,1,0.771,0.077,0.05
4,SPIKE_OCCUPIED,MEDIUM,False,,OCCUPIED,2026-07-09,47,2026-07-09,47,1,1.982,0.094,0.055
4,SPIKE_OCCUPIED,MEDIUM,False,,OCCUPIED,2026-07-10,0,2026-07-10,0,1,1.958,0.092,0.057
4,SPIKE_OCCUPIED,MEDIUM,False,,OCCUPIED,2026-07-10,1,2026-07-10,1,1,0.46,0.086,0.05
4,SPIKE_OCCUPIED,MEDIUM,False,,OCCUPIED,2026-07-10,39,2026-07-10,39,1,1.093,0.17,0.126
4,SPIKE_OCCUPIED,MEDIUM,False,,OCCUPIED,2026-07-10,40,2026-07-10,40,1,1.149,0.18,0.13
4,SPIKE_OCCUPIED,MEDIUM,False,,OCCUPIED,2026-07-10,41,2026-07-10,41,1,1.183,0.182,0.118
4,SPIKE_OCCUPIED,MEDIUM,False,,OCCUPIED,2026-07-10,42,2026-07-10,42,1,1.137,0.169,0.104
4,SPIKE_OCCUPIED,MEDIUM,False,,OCCUPIED,2026-07-10,43,2026-07-10,43,1,1.177,0.158,0.101
4,SPIKE_OCCUPIED,MEDIUM,False,,OCCUPIED,2026-07-10,44,2026-07-10,44,1,1.182,0.141,0.092
4,SPIKE_OCCUPIED,MEDIUM,False,,OCCUPIED,2026-07-10,45,2026-07-10,45,1,1.192,0.11,0.073
4,SPIKE_OCCUPIED,MEDIUM,False,,OCCUPIED,2026-07-10,46,2026-07-10,46,1,1.217,0.101,0.066
4,SPIKE_OCCUPIED,MEDIUM,False,,OCCUPIED,2026-07-10,47,2026-07-10,47,1,2.995,0.097,0.062
4,SPIKE_OCCUPIED,MEDIUM,False,,OCCUPIED,2026-07-11,0,2026-07-11,0,1,3.003,0.0925,0.0605
4,SPIKE_OCCUPIED,MEDIUM,False,,OCCUPIED,2026-07-11,1,2026-07-11,1,1,2.864,0.0825,0.0505
4,SPIKE_OCCUPIED,MEDIUM,False,,OCCUPIED,2026-07-11,2,2026-07-11,2,1,1.277,0.0845,0.05
4,SPIKE_OCCUPIED,MEDIUM,False,,OCCUPIED,2026-07-11,3,2026-07-11,3,1,1.116,0.07,0.05
4,SPIKE_OCCUPIED,MEDIUM,False,,OCCUPIED,2026-07-11,4,2026-07-11,4,1,1.159,0.0635,0.05
4,SPIKE_OCCUPIED,MEDIUM,False,,OCCUPIED,2026-07-11,5,2026-07-11,5,1,1.144,0.0795,0.05
4,SPIKE_OCCUPIED,MEDIUM,False,,OCCUPIED,2026-07-11,6,2026-07-11,6,1,1.153,0.062,0.05
4,SPIKE_OCCUPIED,MEDIUM,False,,OCCUPIED,2026-07-11,7,2026-07-11,7,1,1.092,0.0735,0.05
4,SPIKE_OCCUPIED,MEDIUM,False,,OCCUPIED,2026-07-11,8,2026-07-11,8,1,1.129,0.0715,0.05
4,SPIKE_OCCUPIED,MEDIUM,False,,OCCUPIED,2026-07-11,13,2026-07-11,13,1,1.248,0.0835,0.05
4,SPIKE_OCCUPIED,MEDIUM,False,,OCCUPIED,2026-07-11,14,2026-07-11,14,1,2.591,0.0965,0.0585
4,SPIKE_OCCUPIED,MEDIUM,False,,OCCUPIED,2026-07-11,15,2026-07-11,15,1,1.511,0.1015,0.063
4,SPIKE_OCCUPIED,MEDIUM,False,,OCCUPIED,2026-07-11,16,2026-07-11,16,1,1.967,0.1055,0.066
4,SPIKE_OCCUPIED,MEDIUM,False,,OCCUPIED,2026-07-11,17,2026-07-11,17,1,1.091,0.1225,0.082
4,SPIKE_OCCUPIED,MEDIUM,False,,OCCUPIED,2026-07-11,18,2026-07-11,18,1,0.924,0.13,0.091
4,SPIKE_OCCUPIED,MEDIUM,False,,OCCUPIED,2026-07-11,21,2026-07-11,21,1,0.642,0.1485,0.1105
4,SPIKE_OCCUPIED,MEDIUM,False,,OCCUPIED,2026-07-11,47,2026-07-11,47,1,2.036,0.101,0.071
4,SPIKE_OCCUPIED,MEDIUM,False,,OCCUPIED,2026-07-14,22,2026-07-14,22,1,0.573,0.104,0.072
4,SPIKE_OCCUPIED,MEDIUM,False,,OCCUPIED,2026-07-14,28,2026-07-14,28,1,0.409,0.094,0.061
4,SPIKE_OCCUPIED,MEDIUM,False,,OCCUPIED,2026-07-14,29,2026-07-14,29,1,0.53,0.087,0.056
4,SPIKE_OCCUPIED,MEDIUM,False,,OCCUPIED,2026-07-15,27,2026-07-15,27,1,0.444,0.094,0.053
4,SPIKE_OCCUPIED,MEDIUM,False,,OCCUPIED,2026-07-15,28,2026-07-15,28,1,0.746,0.097,0.0545
4,SPIKE_OCCUPIED,MEDIUM,False,,OCCUPIED,2026-07-15,29,2026-07-15,29,1,0.39,0.0995,0.0615
4,SPIKE_UNKNOWN,LOW,False,,UNKNOWN,2026-07-15,33,2026-07-15,33,1,0.351,0.104,0.06
4,SPIKE_OCCUPIED,MEDIUM,False,,OCCUPIED,2026-07-15,34,2026-07-15,34,1,0.507,0.1195,0.074
4,SPIKE_OCCUPIED,MEDIUM,False,,OCCUPIED,2026-07-15,45,2026-07-15,45,1,0.724,0.135,0.0925
4,SPIKE_OCCUPIED,MEDIUM,False,,OCCUPIED,2026-07-15,46,2026-07-15,46,1,0.587,0.1105,0.0725
4,SPIKE_OCCUPIED,MEDIUM,False,,OCCUPIED,2026-07-16,47,2026-07-16,47,1,0.718,0.094,0.055
4,SPIKE_UNKNOWN,LOW,False,,UNKNOWN,2026-07-18,1,2026-07-18,1,1,0.34,0.0825,0.0505
4,SPIKE_OCCUPIED,MEDIUM,False,,OCCUPIED,2026-07-19,19,2026-07-19,19,1,0.518,0.1135,0.079
4,SPIKE_OCCUPIED,MEDIUM,False,,OCCUPIED,2026-07-20,0,2026-07-20,0,1,2.162,0.085,0.052
4,SPIKE_OCCUPIED,MEDIUM,False,,OCCUPIED,2026-07-20,1,2026-07-20,1,1,0.917,0.078,0.05
4,SPIKE_OCCUPIED,MEDIUM,False,,OCCUPIED,2026-07-20,4,2026-07-20,4,1,0.573,0.071,0.05
4,SPIKE_OCCUPIED,MEDIUM,False,,OCCUPIED,2026-07-20,5,2026-07-20,5,1,0.312,0.076,0.05
4,SPIKE_OCCUPIED,MEDIUM,False,,OCCUPIED,2026-07-20,8,2026-07-20,8,1,1.519,0.072,0.05
4,SPIKE_OCCUPIED,MEDIUM,False,,OCCUPIED,2026-07-20,9,2026-07-20,9,1,0.451,0.0675,0.05
4,SPIKE_OCCUPIED,MEDIUM,False,,OCCUPIED,2026-07-20,46,2026-07-20,46,1,1.688,0.0915,0.0575
4,SPIKE_OCCUPIED,MEDIUM,False,,OCCUPIED,2026-07-20,47,2026-07-20,47,1,1.867,0.0815,0.05
4,SPIKE_OCCUPIED,MEDIUM,False,,OCCUPIED,2026-07-21,1,2026-07-21,1,1,1.261,0.064,0.05
4,SPIKE_OCCUPIED,MEDIUM,False,,OCCUPIED,2026-07-21,2,2026-07-21,2,1,1.504,0.063,0.05
4,SPIKE_OCCUPIED,MEDIUM,False,,OCCUPIED,2026-07-21,3,2026-07-21,3,1,1.406,0.069,0.05
4,SPIKE_OCCUPIED,MEDIUM,False,,OCCUPIED,2026-07-21,4,2026-07-21,4,1,1.346,0.061,0.05
4,SPIKE_OCCUPIED,MEDIUM,False,,OCCUPIED,2026-07-21,5,2026-07-21,5,1,1.495,0.057,0.05
4,SPIKE_OCCUPIED,MEDIUM,False,,OCCUPIED,2026-07-21,6,2026-07-21,6,1,1.215,0.074,0.05
4,SPIKE_OCCUPIED,MEDIUM,False,,OCCUPIED,2026-07-21,7,2026-07-21,7,1,1.205,0.066,0.05
4,SPIKE_OCCUPIED,MEDIUM,False,,OCCUPIED,2026-07-21,8,2026-07-21,8,1,1.207,0.067,0.05
4,SPIKE_OCCUPIED,MEDIUM,False,,OCCUPIED,2026-07-21,9,2026-07-21,9,1,1.142,0.069,0.05
4,SPIKE_OCCUPIED,MEDIUM,False,,OCCUPIED,2026-07-21,10,2026-07-21,10,1,0.439,0.07,0.05
4,SPIKE_OCCUPIED,MEDIUM,False,,OCCUPIED,2026-07-21,16,2026-07-21,16,1,0.348,0.101,0.058
4,SPIKE_OCCUPIED,MEDIUM,False,,OCCUPIED,2026-07-21,19,2026-07-21,19,1,0.442,0.102,0.066
4,SPIKE_OCCUPIED,MEDIUM,False,,OCCUPIED,2026-07-21,24,2026-07-21,24,1,1.056,0.101,0.069
4,SPIKE_OCCUPIED,MEDIUM,False,,OCCUPIED,2026-07-21,25,2026-07-21,25,1,0.339,0.089,0.053
4,SPIKE_OCCUPIED,MEDIUM,False,,OCCUPIED,2026-07-21,34,2026-07-21,34,1,1.231,0.125,0.081
4,SPIKE_OCCUPIED,MEDIUM,False,,OCCUPIED,2026-07-22,1,2026-07-22,1,1,0.615,0.0845,0.05
4,SPIKE_OCCUPIED,MEDIUM,False,,OCCUPIED,2026-07-22,2,2026-07-22,2,1,1.282,0.0815,0.05
4,SPIKE_OCCUPIED,MEDIUM,False,,OCCUPIED,2026-07-22,3,2026-07-22,3,1,0.286,0.074,0.05
4,SPIKE_OCCUPIED,MEDIUM,False,,OCCUPIED,2026-07-22,8,2026-07-22,8,1,1.278,0.0775,0.05
4,SPIKE_OCCUPIED,MEDIUM,False,,OCCUPIED,2026-07-22,9,2026-07-22,9,1,0.884,0.078,0.05
4,SPIKE_OCCUPIED,MEDIUM,False,,OCCUPIED,2026-07-22,15,2026-07-22,15,1,0.966,0.1265,0.086
4,SPIKE_OCCUPIED,MEDIUM,False,,OCCUPIED,2026-07-22,16,2026-07-22,16,1,0.685,0.129,0.0825
4,SPIKE_OCCUPIED,MEDIUM,False,,OCCUPIED,2026-07-22,19,2026-07-22,19,1,1.173,0.132,0.082
4,SPIKE_OCCUPIED,MEDIUM,False,,OCCUPIED,2026-07-22,20,2026-07-22,20,1,1.249,0.1255,0.0815
4,SPIKE_OCCUPIED,MEDIUM,False,,OCCUPIED,2026-07-22,21,2026-07-22,21,1,1.287,0.113,0.076
4,SPIKE_OCCUPIED,MEDIUM,False,,OCCUPIED,2026-07-22,33,2026-07-22,33,1,0.431,0.104,0.06
4,SPIKE_OCCUPIED,MEDIUM,False,,OCCUPIED,2026-07-22,38,2026-07-22,38,1,0.979,0.228,0.154
4,SPIKE_OCCUPIED,MEDIUM,False,,OCCUPIED,2026-07-22,39,2026-07-22,39,1,1.636,0.2125,0.146
4,SPIKE_OCCUPIED,MEDIUM,False,,OCCUPIED,2026-07-22,40,2026-07-22,40,1,0.941,0.192,0.127
4,SPIKE_OCCUPIED,MEDIUM,False,,OCCUPIED,2026-07-22,41,2026-07-22,41,1,0.773,0.1875,0.121
4,SPIKE_OCCUPIED,MEDIUM,False,,OCCUPIED,2026-07-22,42,2026-07-22,42,1,1.272,0.176,0.109
4,SPIKE_OCCUPIED,MEDIUM,False,,OCCUPIED,2026-07-22,43,2026-07-22,43,1,0.99,0.171,0.103
4,SPIKE_OCCUPIED,MEDIUM,False,,OCCUPIED,2026-07-22,44,2026-07-22,44,1,1.187,0.153,0.0915
4,SPIKE_OCCUPIED,MEDIUM,False,,OCCUPIED,2026-07-22,45,2026-07-22,45,1,1.873,0.135,0.0925
4,SPIKE_OCCUPIED,MEDIUM,False,,OCCUPIED,2026-07-22,46,2026-07-22,46,1,1.483,0.1105,0.0725
4,SPIKE_OCCUPIED,MEDIUM,False,,OCCUPIED,2026-07-23,3,2026-07-23,3,1,0.404,0.084,0.05
4,SPIKE_OCCUPIED,MEDIUM,False,,OCCUPIED,2026-07-23,4,2026-07-23,4,1,1.035,0.0875,0.05
4,SPIKE_OCCUPIED,MEDIUM,False,,OCCUPIED,2026-07-23,5,2026-07-23,5,1,0.44,0.0845,0.05
4,SPIKE_OCCUPIED,MEDIUM,False,,OCCUPIED,2026-07-23,6,2026-07-23,6,1,1.832,0.078,0.05
4,SPIKE_OCCUPIED,MEDIUM,False,,OCCUPIED,2026-07-23,7,2026-07-23,7,1,0.523,0.077,0.05
4,SPIKE_OCCUPIED,MEDIUM,False,,OCCUPIED,2026-07-23,8,2026-07-23,8,1,0.498,0.078,0.05
4,SPIKE_OCCUPIED,MEDIUM,False,,OCCUPIED,2026-07-23,47,2026-07-23,47,1,0.439,0.094,0.055
4,SPIKE_OCCUPIED,MEDIUM,False,,OCCUPIED,2026-07-24,13,2026-07-24,13,1,0.409,0.102,0.057
4,SPIKE_OCCUPIED,MEDIUM,False,,OCCUPIED,2026-07-24,16,2026-07-24,16,1,0.468,0.106,0.075
4,SPIKE_OCCUPIED,MEDIUM,False,,OCCUPIED,2026-07-24,33,2026-07-24,33,1,0.512,0.12,0.085
4,SPIKE_OCCUPIED,MEDIUM,False,,OCCUPIED,2026-07-24,34,2026-07-24,34,1,0.618,0.137,0.083
4,SPIKE_OCCUPIED,MEDIUM,False,,OCCUPIED,2026-07-25,5,2026-07-25,5,1,0.328,0.0795,0.05
4,SPIKE_OCCUPIED,MEDIUM,False,,OCCUPIED,2026-07-25,7,2026-07-25,7,1,0.292,0.0735,0.05
5,FLATLINE,HIGH,True,vacancy,VACANT,2026-06-03,23,2026-06-03,31,9,0.0008,0.063,0.061
5,FLATLINE,HIGH,True,vacancy,VACANT,2026-06-15,16,2026-06-15,34,19,0.0,0.081,0.056
5,FLATLINE,HIGH,True,vacancy,VACANT,2026-06-18,11,2026-06-18,26,16,0.0001,0.083,0.057
5,FLATLINE,HIGH,True,vacancy,VACANT,2026-06-18,30,2026-06-18,35,6,0.0062,0.082,0.077
5,FLATLINE,HIGH,True,vacancy,VACANT,2026-06-18,37,2026-06-18,43,7,0.0011,0.117,0.088
5,FLATLINE,HIGH,True,vacancy,VACANT,2026-06-21,11,2026-06-21,16,6,0.006,0.071,0.05
5,FLATLINE,HIGH,True,vacancy,VACANT,2026-06-21,18,2026-06-21,43,26,0.0033,0.068,0.06
5,FLATLINE,HIGH,True,vacancy,VACANT,2026-06-25,11,2026-06-25,35,25,0.0004,0.083,0.057
5,FLATLINE,HIGH,True,vacancy,VACANT,2026-06-25,41,2026-06-25,46,6,0.0008,0.13,0.098
5,FLATLINE,HIGH,True,vacancy,VACANT,2026-07-18,0,2026-07-18,47,48,0.007,0.091,0.0515
5,FLATLINE,HIGH,True,vacancy,VACANT,2026-07-22,18,2026-07-22,32,15,0.0011,0.085,0.063
5,FLATLINE,HIGH,True,vacancy,VACANT,2026-07-22,34,2026-07-22,47,14,0.0015,0.098,0.071
5,FLATLINE,HIGH,True,vacancy,VACANT,2026-07-24,16,2026-07-24,47,32,0.0053,0.08,0.063
5,FLATLINE,HIGH,True,vacancy,VACANT,2026-07-25,13,2026-07-25,24,12,0.0004,0.074,0.053
5,FLATLINE,HIGH,True,vacancy,VACANT,2026-07-25,30,2026-07-25,36,7,0.0006,0.0805,0.077
5,SPIKE_OCCUPIED,MEDIUM,False,,OCCUPIED,2026-05-31,17,2026-05-31,17,1,0.301,0.058,0.05
5,SPIKE_OCCUPIED,MEDIUM,False,,OCCUPIED,2026-05-31,18,2026-05-31,18,1,0.773,0.068,0.06
5,SPIKE_OCCUPIED,MEDIUM,False,,OCCUPIED,2026-05-31,19,2026-05-31,19,1,0.762,0.072,0.062
5,SPIKE_OCCUPIED,MEDIUM,False,,OCCUPIED,2026-05-31,20,2026-05-31,20,1,0.338,0.06,0.055
5,SPIKE_OCCUPIED,MEDIUM,False,,OCCUPIED,2026-05-31,22,2026-05-31,22,1,0.43,0.056,0.052
5,SPIKE_OCCUPIED,MEDIUM,False,,OCCUPIED,2026-05-31,23,2026-05-31,23,1,0.616,0.061,0.06
5,SPIKE_OCCUPIED,MEDIUM,False,,OCCUPIED,2026-05-31,24,2026-05-31,24,1,0.341,0.068,0.067
5,SPIKE_OCCUPIED,MEDIUM,False,,OCCUPIED,2026-05-31,30,2026-05-31,30,1,0.505,0.067,0.061
5,SPIKE_OCCUPIED,MEDIUM,False,,OCCUPIED,2026-06-01,14,2026-06-01,14,1,0.582,0.083,0.064
5,SPIKE_OCCUPIED,MEDIUM,False,,OCCUPIED,2026-06-01,15,2026-06-01,15,1,0.599,0.089,0.069
5,SPIKE_OCCUPIED,MEDIUM,False,,OCCUPIED,2026-06-01,17,2026-06-01,17,1,0.632,0.078,0.065
5,SPIKE_OCCUPIED,MEDIUM,False,,OCCUPIED,2026-06-01,26,2026-06-01,26,1,0.351,0.071,0.063
5,SPIKE_OCCUPIED,MEDIUM,False,,OCCUPIED,2026-06-01,29,2026-06-01,29,1,0.326,0.067,0.064
5,SPIKE_OCCUPIED,MEDIUM,False,,OCCUPIED,2026-06-01,34,2026-06-01,34,1,0.583,0.097,0.083
5,SPIKE_OCCUPIED,MEDIUM,False,,OCCUPIED,2026-06-01,35,2026-06-01,35,1,0.817,0.108,0.094
5,SPIKE_OCCUPIED,MEDIUM,False,,OCCUPIED,2026-06-01,37,2026-06-01,37,1,0.667,0.128,0.101
5,SPIKE_OCCUPIED,MEDIUM,False,,OCCUPIED,2026-06-01,43,2026-06-01,43,1,0.969,0.122,0.072
5,SPIKE_OCCUPIED,MEDIUM,False,,OCCUPIED,2026-06-02,23,2026-06-02,23,1,0.316,0.067,0.062
5,SPIKE_OCCUPIED,MEDIUM,False,,OCCUPIED,2026-06-02,41,2026-06-02,41,1,0.498,0.137,0.082
5,SPIKE_OCCUPIED,MEDIUM,False,,OCCUPIED,2026-06-03,37,2026-06-03,37,1,0.651,0.115,0.083
5,SPIKE_OCCUPIED,MEDIUM,False,,OCCUPIED,2026-06-04,0,2026-06-04,0,1,1.077,0.108,0.061
5,SPIKE_OCCUPIED,MEDIUM,False,,OCCUPIED,2026-06-04,5,2026-06-04,5,1,0.67,0.085,0.056
5,SPIKE_OCCUPIED,MEDIUM,False,,OCCUPIED,2026-06-04,6,2026-06-04,6,1,1.08,0.088,0.057
5,SPIKE_OCCUPIED,MEDIUM,False,,OCCUPIED,2026-06-04,11,2026-06-04,11,1,0.64,0.083,0.057
5,SPIKE_OCCUPIED,MEDIUM,False,,OCCUPIED,2026-06-04,12,2026-06-04,12,1,0.991,0.091,0.062
5,SPIKE_OCCUPIED,MEDIUM,False,,OCCUPIED,2026-06-04,25,2026-06-04,25,1,0.533,0.082,0.075
5,SPIKE_OCCUPIED,MEDIUM,False,,OCCUPIED,2026-06-04,32,2026-06-04,32,1,0.491,0.093,0.086
5,SPIKE_OCCUPIED,MEDIUM,False,,OCCUPIED,2026-06-04,34,2026-06-04,34,1,1.297,0.134,0.127
5,SPIKE_OCCUPIED,MEDIUM,False,,OCCUPIED,2026-06-04,35,2026-06-04,35,1,1.016,0.13,0.119
5,SPIKE_OCCUPIED,MEDIUM,False,,OCCUPIED,2026-06-04,37,2026-06-04,37,1,1.457,0.117,0.088
5,SPIKE_OCCUPIED,MEDIUM,False,,OCCUPIED,2026-06-04,41,2026-06-04,41,1,1.103,0.13,0.098
5,SPIKE_OCCUPIED,MEDIUM,False,,OCCUPIED,2026-06-04,46,2026-06-04,46,1,0.84,0.104,0.061
5,SPIKE_OCCUPIED,MEDIUM,False,,OCCUPIED,2026-06-04,47,2026-06-04,47,1,1.009,0.1,0.064
5,SPIKE_OCCUPIED,MEDIUM,False,,OCCUPIED,2026-06-05,36,2026-06-05,36,1,0.616,0.108,0.088
5,SPIKE_OCCUPIED,MEDIUM,False,,OCCUPIED,2026-06-05,38,2026-06-05,38,1,0.734,0.116,0.084
5,SPIKE_OCCUPIED,MEDIUM,False,,OCCUPIED,2026-06-06,33,2026-06-06,33,1,0.527,0.0875,0.08
5,SPIKE_OCCUPIED,MEDIUM,False,,OCCUPIED,2026-06-06,34,2026-06-06,34,1,0.462,0.094,0.087
5,SPIKE_OCCUPIED,MEDIUM,False,,OCCUPIED,2026-06-07,23,2026-06-07,23,1,0.579,0.061,0.06
5,SPIKE_OCCUPIED,MEDIUM,False,,OCCUPIED,2026-06-07,24,2026-06-07,24,1,1.185,0.068,0.067
5,SPIKE_OCCUPIED,MEDIUM,False,,OCCUPIED,2026-06-07,27,2026-06-07,27,1,0.561,0.063,0.06
5,SPIKE_OCCUPIED,MEDIUM,False,,OCCUPIED,2026-06-07,28,2026-06-07,28,1,0.653,0.062,0.06
5,SPIKE_OCCUPIED,MEDIUM,False,,OCCUPIED,2026-06-07,29,2026-06-07,29,1,1.264,0.061,0.059
5,SPIKE_OCCUPIED,MEDIUM,False,,OCCUPIED,2026-06-07,30,2026-06-07,30,1,0.624,0.067,0.061
5,SPIKE_OCCUPIED,MEDIUM,False,,OCCUPIED,2026-06-07,31,2026-06-07,31,1,0.459,0.078,0.072
5,SPIKE_OCCUPIED,MEDIUM,False,,OCCUPIED,2026-06-07,32,2026-06-07,32,1,1.511,0.078,0.073
5,SPIKE_OCCUPIED,MEDIUM,False,,OCCUPIED,2026-06-08,0,2026-06-08,0,1,4.011,0.084,0.05
5,SPIKE_OCCUPIED,MEDIUM,False,,OCCUPIED,2026-06-08,1,2026-06-08,1,1,3.957,0.094,0.051
5,SPIKE_OCCUPIED,MEDIUM,False,,OCCUPIED,2026-06-08,2,2026-06-08,2,1,3.946,0.086,0.05
5,SPIKE_OCCUPIED,MEDIUM,False,,OCCUPIED,2026-06-08,3,2026-06-08,3,1,3.951,0.076,0.05
5,SPIKE_OCCUPIED,MEDIUM,False,,OCCUPIED,2026-06-08,4,2026-06-08,4,1,3.923,0.079,0.05
5,SPIKE_OCCUPIED,MEDIUM,False,,OCCUPIED,2026-06-08,5,2026-06-08,5,1,3.997,0.075,0.05
5,SPIKE_OCCUPIED,MEDIUM,False,,OCCUPIED,2026-06-08,6,2026-06-08,6,1,3.94,0.078,0.05
5,SPIKE_OCCUPIED,MEDIUM,False,,OCCUPIED,2026-06-08,7,2026-06-08,7,1,3.944,0.082,0.05
5,SPIKE_OCCUPIED,MEDIUM,False,,OCCUPIED,2026-06-08,8,2026-06-08,8,1,3.952,0.076,0.05
5,SPIKE_OCCUPIED,MEDIUM,False,,OCCUPIED,2026-06-08,9,2026-06-08,9,1,1.375,0.075,0.05
5,SPIKE_OCCUPIED,MEDIUM,False,,OCCUPIED,2026-06-08,10,2026-06-08,10,1,3.091,0.074,0.05
5,SPIKE_OCCUPIED,MEDIUM,False,,OCCUPIED,2026-06-08,17,2026-06-08,17,1,0.366,0.078,0.065
5,SPIKE_OCCUPIED,MEDIUM,False,,OCCUPIED,2026-06-08,22,2026-06-08,22,1,0.612,0.065,0.062
5,SPIKE_OCCUPIED,MEDIUM,False,,OCCUPIED,2026-06-08,23,2026-06-08,23,1,0.317,0.063,0.059
5,SPIKE_OCCUPIED,MEDIUM,False,,OCCUPIED,2026-06-08,26,2026-06-08,26,1,0.444,0.071,0.063
5,SPIKE_OCCUPIED,MEDIUM,False,,OCCUPIED,2026-06-08,27,2026-06-08,27,1,0.302,0.063,0.057
5,SPIKE_OCCUPIED,MEDIUM,False,,OCCUPIED,2026-06-08,31,2026-06-08,31,1,0.444,0.058,0.054
5,SPIKE_OCCUPIED,MEDIUM,False,,OCCUPIED,2026-06-08,32,2026-06-08,32,1,0.423,0.074,0.068
5,SPIKE_OCCUPIED,MEDIUM,False,,OCCUPIED,2026-06-08,35,2026-06-08,35,1,0.74,0.108,0.094
5,SPIKE_OCCUPIED,MEDIUM,False,,OCCUPIED,2026-06-08,45,2026-06-08,45,1,3.584,0.098,0.051
5,SPIKE_OCCUPIED,MEDIUM,False,,OCCUPIED,2026-06-08,46,2026-06-08,46,1,4.186,0.092,0.05
5,SPIKE_OCCUPIED,MEDIUM,False,,OCCUPIED,2026-06-08,47,2026-06-08,47,1,3.991,0.082,0.05
5,SPIKE_OCCUPIED,MEDIUM,False,,OCCUPIED,2026-06-09,17,2026-06-09,17,1,0.567,0.076,0.064
5,SPIKE_OCCUPIED,MEDIUM,False,,OCCUPIED,2026-06-09,19,2026-06-09,19,1,0.622,0.08,0.073
5,SPIKE_OCCUPIED,MEDIUM,False,,OCCUPIED,2026-06-09,21,2026-06-09,21,1,0.327,0.068,0.063
5,SPIKE_OCCUPIED,MEDIUM,False,,OCCUPIED,2026-06-09,23,2026-06-09,23,1,0.429,0.067,0.062
5,SPIKE_OCCUPIED,MEDIUM,False,,OCCUPIED,2026-06-09,24,2026-06-09,24,1,0.442,0.072,0.067
5,SPIKE_OCCUPIED,MEDIUM,False,,OCCUPIED,2026-06-09,25,2026-06-09,25,1,0.489,0.085,0.077
5,SPIKE_OCCUPIED,MEDIUM,False,,OCCUPIED,2026-06-09,26,2026-06-09,26,1,0.344,0.056,0.055
5,SPIKE_OCCUPIED,MEDIUM,False,,OCCUPIED,2026-06-09,27,2026-06-09,27,1,0.339,0.062,0.06
5,SPIKE_OCCUPIED,MEDIUM,False,,OCCUPIED,2026-06-09,30,2026-06-09,30,1,0.375,0.073,0.069
5,SPIKE_OCCUPIED,MEDIUM,False,,OCCUPIED,2026-06-09,38,2026-06-09,38,1,0.617,0.118,0.096
5,SPIKE_OCCUPIED,MEDIUM,False,,OCCUPIED,2026-06-09,44,2026-06-09,44,1,0.468,0.116,0.065
5,SPIKE_OCCUPIED,MEDIUM,False,,OCCUPIED,2026-06-09,45,2026-06-09,45,1,0.325,0.103,0.053
5,SPIKE_OCCUPIED,MEDIUM,False,,OCCUPIED,2026-06-11,8,2026-06-11,8,1,0.472,0.079,0.052
5,SPIKE_OCCUPIED,MEDIUM,False,,OCCUPIED,2026-06-11,18,2026-06-11,18,1,0.427,0.088,0.083
5,SPIKE_OCCUPIED,MEDIUM,False,,OCCUPIED,2026-06-11,22,2026-06-11,22,1,0.385,0.074,0.072
5,SPIKE_OCCUPIED,MEDIUM,False,,OCCUPIED,2026-06-11,23,2026-06-11,23,1,0.372,0.072,0.07
5,SPIKE_OCCUPIED,MEDIUM,False,,OCCUPIED,2026-06-11,27,2026-06-11,27,1,0.388,0.081,0.076
5,SPIKE_OCCUPIED,MEDIUM,False,,OCCUPIED,2026-06-11,30,2026-06-11,30,1,0.662,0.082,0.077
5,SPIKE_OCCUPIED,MEDIUM,False,,OCCUPIED,2026-06-11,31,2026-06-11,31,1,1.005,0.083,0.078
5,SPIKE_OCCUPIED,MEDIUM,False,,OCCUPIED,2026-06-11,32,2026-06-11,32,1,1.308,0.093,0.086
5,SPIKE_OCCUPIED,MEDIUM,False,,OCCUPIED,2026-06-11,33,2026-06-11,33,1,0.869,0.109,0.094
5,SPIKE_OCCUPIED,MEDIUM,False,,OCCUPIED,2026-06-11,37,2026-06-11,37,1,0.801,0.117,0.088
5,SPIKE_OCCUPIED,MEDIUM,False,,OCCUPIED,2026-06-11,41,2026-06-11,41,1,3.866,0.13,0.098
5,SPIKE_OCCUPIED,MEDIUM,False,,OCCUPIED,2026-06-11,42,2026-06-11,42,1,4.064,0.125,0.09
5,SPIKE_OCCUPIED,MEDIUM,False,,OCCUPIED,2026-06-11,43,2026-06-11,43,1,4.052,0.128,0.084
5,SPIKE_OCCUPIED,MEDIUM,False,,OCCUPIED,2026-06-11,44,2026-06-11,44,1,4.063,0.116,0.069
5,SPIKE_OCCUPIED,MEDIUM,False,,OCCUPIED,2026-06-11,45,2026-06-11,45,1,4.078,0.109,0.068
5,SPIKE_OCCUPIED,MEDIUM,False,,OCCUPIED,2026-06-11,46,2026-06-11,46,1,4.032,0.104,0.061
5,SPIKE_OCCUPIED,MEDIUM,False,,OCCUPIED,2026-06-11,47,2026-06-11,47,1,4.416,0.1,0.064
5,SPIKE_OCCUPIED,MEDIUM,False,,OCCUPIED,2026-06-13,13,2026-06-13,13,1,0.354,0.074,0.053
5,SPIKE_OCCUPIED,MEDIUM,False,,OCCUPIED,2026-06-13,14,2026-06-13,14,1,0.369,0.0715,0.06
5,SPIKE_OCCUPIED,MEDIUM,False,,OCCUPIED,2026-06-13,15,2026-06-13,15,1,0.73,0.075,0.0575
5,SPIKE_OCCUPIED,MEDIUM,False,,OCCUPIED,2026-06-13,16,2026-06-13,16,1,0.428,0.076,0.0605
5,SPIKE_OCCUPIED,MEDIUM,False,,OCCUPIED,2026-06-13,17,2026-06-13,17,1,0.458,0.0765,0.0665
5,SPIKE_OCCUPIED,MEDIUM,False,,OCCUPIED,2026-06-13,18,2026-06-13,18,1,0.876,0.076,0.0615
5,SPIKE_OCCUPIED,MEDIUM,False,,OCCUPIED,2026-06-13,19,2026-06-13,19,1,0.579,0.0735,0.0665
5,SPIKE_OCCUPIED,MEDIUM,False,,OCCUPIED,2026-06-13,20,2026-06-13,20,1,0.479,0.0535,0.05
5,SPIKE_OCCUPIED,MEDIUM,False,,OCCUPIED,2026-06-13,21,2026-06-13,21,1,0.56,0.052,0.05
5,SPIKE_OCCUPIED,MEDIUM,False,,OCCUPIED,2026-06-13,22,2026-06-13,22,1,0.365,0.0685,0.064
5,SPIKE_OCCUPIED,MEDIUM,False,,OCCUPIED,2026-06-13,23,2026-06-13,23,1,0.795,0.069,0.0675
5,SPIKE_OCCUPIED,MEDIUM,False,,OCCUPIED,2026-06-13,24,2026-06-13,24,1,0.332,0.057,0.056
5,SPIKE_OCCUPIED,MEDIUM,False,,OCCUPIED,2026-06-13,25,2026-06-13,25,1,0.327,0.0575,0.0565
5,SPIKE_OCCUPIED,MEDIUM,False,,OCCUPIED,2026-06-13,26,2026-06-13,26,1,0.834,0.0685,0.0675
5,SPIKE_OCCUPIED,MEDIUM,False,,OCCUPIED,2026-06-13,27,2026-06-13,27,1,0.354,0.063,0.062
5,SPIKE_OCCUPIED,MEDIUM,False,,OCCUPIED,2026-06-13,28,2026-06-13,28,1,0.926,0.0575,0.0555
5,SPIKE_OCCUPIED,MEDIUM,False,,OCCUPIED,2026-06-13,29,2026-06-13,29,1,1.441,0.0615,0.0605
5,SPIKE_OCCUPIED,MEDIUM,False,,OCCUPIED,2026-06-13,30,2026-06-13,30,1,1.082,0.0805,0.077
5,SPIKE_OCCUPIED,MEDIUM,False,,OCCUPIED,2026-06-13,31,2026-06-13,31,1,1.445,0.081,0.076
5,SPIKE_OCCUPIED,MEDIUM,False,,OCCUPIED,2026-06-13,32,2026-06-13,32,1,1.06,0.085,0.072
5,SPIKE_OCCUPIED,MEDIUM,False,,OCCUPIED,2026-06-13,33,2026-06-13,33,1,1.734,0.0875,0.08
5,SPIKE_OCCUPIED,MEDIUM,False,,OCCUPIED,2026-06-13,35,2026-06-13,35,1,0.918,0.0915,0.082
5,SPIKE_OCCUPIED,MEDIUM,False,,OCCUPIED,2026-06-14,20,2026-06-14,20,1,0.5,0.06,0.055
5,SPIKE_OCCUPIED,MEDIUM,False,,OCCUPIED,2026-06-14,24,2026-06-14,24,1,0.411,0.068,0.067
5,SPIKE_OCCUPIED,MEDIUM,False,,OCCUPIED,2026-06-14,25,2026-06-14,25,1,0.738,0.064,0.062
5,SPIKE_OCCUPIED,MEDIUM,False,,OCCUPIED,2026-06-15,38,2026-06-15,38,1,0.525,0.115,0.086
5,SPIKE_OCCUPIED,MEDIUM,False,,OCCUPIED,2026-06-15,39,2026-06-15,39,1,1.012,0.121,0.094
5,SPIKE_OCCUPIED,MEDIUM,False,,OCCUPIED,2026-06-16,23,2026-06-16,23,1,0.353,0.067,0.062
5,SPIKE_OCCUPIED,MEDIUM,False,,OCCUPIED,2026-06-16,28,2026-06-16,28,1,2.793,0.077,0.074
5,SPIKE_OCCUPIED,MEDIUM,False,,OCCUPIED,2026-06-16,29,2026-06-16,29,1,3.87,0.07,0.066
5,SPIKE_OCCUPIED,MEDIUM,False,,OCCUPIED,2026-06-16,30,2026-06-16,30,1,3.918,0.073,0.069
5,SPIKE_OCCUPIED,MEDIUM,False,,OCCUPIED,2026-06-16,31,2026-06-16,31,1,4.069,0.081,0.075
5,SPIKE_OCCUPIED,MEDIUM,False,,OCCUPIED,2026-06-16,32,2026-06-16,32,1,3.806,0.093,0.08
5,SPIKE_OCCUPIED,MEDIUM,False,,OCCUPIED,2026-06-16,33,2026-06-16,33,1,3.794,0.097,0.081
5,SPIKE_OCCUPIED,MEDIUM,False,,OCCUPIED,2026-06-16,34,2026-06-16,34,1,3.777,0.1,0.077
5,SPIKE_OCCUPIED,MEDIUM,False,,OCCUPIED,2026-06-16,35,2026-06-16,35,1,3.869,0.113,0.084
5,SPIKE_OCCUPIED,MEDIUM,False,,OCCUPIED,2026-06-16,36,2026-06-16,36,1,3.798,0.113,0.084
5,SPIKE_OCCUPIED,MEDIUM,False,,OCCUPIED,2026-06-16,37,2026-06-16,37,1,3.806,0.126,0.092
5,SPIKE_OCCUPIED,MEDIUM,False,,OCCUPIED,2026-06-16,38,2026-06-16,38,1,3.812,0.118,0.096
5,SPIKE_OCCUPIED,MEDIUM,False,,OCCUPIED,2026-06-16,39,2026-06-16,39,1,2.737,0.141,0.084
5,SPIKE_OCCUPIED,MEDIUM,False,,OCCUPIED,2026-06-17,22,2026-06-17,22,1,0.88,0.068,0.067
5,SPIKE_OCCUPIED,MEDIUM,False,,OCCUPIED,2026-06-17,23,2026-06-17,23,1,0.466,0.063,0.061
5,SPIKE_OCCUPIED,MEDIUM,False,,OCCUPIED,2026-06-17,36,2026-06-17,36,1,0.698,0.11,0.086
5,SPIKE_OCCUPIED,MEDIUM,False,,OCCUPIED,2026-06-18,0,2026-06-18,0,1,1.004,0.108,0.061
5,SPIKE_OCCUPIED,MEDIUM,False,,OCCUPIED,2026-06-18,5,2026-06-18,5,1,0.316,0.085,0.056
5,SPIKE_OCCUPIED,MEDIUM,False,,OCCUPIED,2026-06-18,45,2026-06-18,45,1,2.455,0.109,0.068
5,SPIKE_OCCUPIED,MEDIUM,False,,OCCUPIED,2026-06-18,46,2026-06-18,46,1,2.535,0.104,0.061
5,SPIKE_OCCUPIED,MEDIUM,False,,OCCUPIED,2026-06-18,47,2026-06-18,47,1,2.514,0.1,0.064
5,SPIKE_OCCUPIED,MEDIUM,False,,OCCUPIED,2026-06-19,0,2026-06-19,0,1,0.326,0.095,0.056
5,SPIKE_OCCUPIED,MEDIUM,False,,OCCUPIED,2026-06-19,15,2026-06-19,15,1,0.537,0.088,0.062
5,SPIKE_OCCUPIED,MEDIUM,False,,OCCUPIED,2026-06-19,16,2026-06-19,16,1,1.109,0.08,0.063
5,SPIKE_OCCUPIED,MEDIUM,False,,OCCUPIED,2026-06-19,17,2026-06-19,17,1,0.427,0.081,0.068
5,SPIKE_OCCUPIED,MEDIUM,False,,OCCUPIED,2026-06-19,18,2026-06-19,18,1,0.809,0.082,0.066
5,SPIKE_OCCUPIED,MEDIUM,False,,OCCUPIED,2026-06-19,20,2026-06-19,20,1,0.944,0.082,0.07
5,SPIKE_OCCUPIED,MEDIUM,False,,OCCUPIED,2026-06-19,21,2026-06-19,21,1,0.886,0.075,0.068
5,SPIKE_OCCUPIED,MEDIUM,False,,OCCUPIED,2026-06-19,22,2026-06-19,22,1,0.647,0.07,0.065
5,SPIKE_OCCUPIED,MEDIUM,False,,OCCUPIED,2026-06-19,23,2026-06-19,23,1,0.525,0.067,0.064
5,SPIKE_OCCUPIED,MEDIUM,False,,OCCUPIED,2026-06-19,24,2026-06-19,24,1,0.322,0.061,0.06
5,SPIKE_OCCUPIED,MEDIUM,False,,OCCUPIED,2026-06-19,27,2026-06-19,27,1,0.382,0.068,0.065
5,SPIKE_OCCUPIED,MEDIUM,False,,OCCUPIED,2026-06-19,28,2026-06-19,28,1,0.385,0.068,0.067
5,SPIKE_OCCUPIED,MEDIUM,False,,OCCUPIED,2026-06-19,29,2026-06-19,29,1,0.863,0.073,0.071
5,SPIKE_OCCUPIED,MEDIUM,False,,OCCUPIED,2026-06-19,30,2026-06-19,30,1,0.405,0.085,0.077
5,SPIKE_OCCUPIED,MEDIUM,False,,OCCUPIED,2026-06-19,33,2026-06-19,33,1,1.014,0.101,0.083
5,SPIKE_OCCUPIED,MEDIUM,False,,OCCUPIED,2026-06-19,36,2026-06-19,36,1,0.699,0.108,0.088
5,SPIKE_OCCUPIED,MEDIUM,False,,OCCUPIED,2026-06-19,39,2026-06-19,39,1,1.174,0.121,0.098
5,SPIKE_OCCUPIED,MEDIUM,False,,OCCUPIED,2026-06-19,40,2026-06-19,40,1,0.928,0.122,0.085
5,SPIKE_OCCUPIED,MEDIUM,False,,OCCUPIED,2026-06-19,41,2026-06-19,41,1,0.716,0.112,0.068
5,SPIKE_OCCUPIED,MEDIUM,False,,OCCUPIED,2026-06-19,42,2026-06-19,42,1,0.508,0.112,0.083
5,SPIKE_OCCUPIED,MEDIUM,False,,OCCUPIED,2026-06-19,44,2026-06-19,44,1,0.404,0.113,0.068
5,SPIKE_OCCUPIED,MEDIUM,False,,OCCUPIED,2026-06-19,47,2026-06-19,47,1,0.314,0.091,0.05
5,SPIKE_OCCUPIED,MEDIUM,False,,OCCUPIED,2026-06-20,1,2026-06-20,1,1,0.623,0.0905,0.058
5,SPIKE_OCCUPIED,MEDIUM,False,,OCCUPIED,2026-06-20,3,2026-06-20,3,1,0.595,0.0825,0.05
5,SPIKE_OCCUPIED,MEDIUM,False,,OCCUPIED,2026-06-20,14,2026-06-20,14,1,0.494,0.0715,0.06
5,SPIKE_OCCUPIED,MEDIUM,False,,OCCUPIED,2026-06-20,15,2026-06-20,15,1,0.907,0.075,0.0575
5,SPIKE_OCCUPIED,MEDIUM,False,,OCCUPIED,2026-06-20,16,2026-06-20,16,1,0.368,0.076,0.0605
5,SPIKE_OCCUPIED,MEDIUM,False,,OCCUPIED,2026-06-20,19,2026-06-20,19,1,0.487,0.0735,0.0665
5,SPIKE_OCCUPIED,MEDIUM,False,,OCCUPIED,2026-06-20,20,2026-06-20,20,1,0.468,0.0535,0.05
5,SPIKE_OCCUPIED,MEDIUM,False,,OCCUPIED,2026-06-20,21,2026-06-20,21,1,0.428,0.052,0.05
5,SPIKE_OCCUPIED,MEDIUM,False,,OCCUPIED,2026-06-20,24,2026-06-20,24,1,0.406,0.057,0.056
5,SPIKE_OCCUPIED,MEDIUM,False,,OCCUPIED,2026-06-20,25,2026-06-20,25,1,0.291,0.0575,0.0565
5,SPIKE_OCCUPIED,MEDIUM,False,,OCCUPIED,2026-06-21,0,2026-06-21,0,1,1.167,0.085,0.05
5,SPIKE_OCCUPIED,MEDIUM,False,,OCCUPIED,2026-06-21,1,2026-06-21,1,1,0.372,0.077,0.05
5,SPIKE_OCCUPIED,MEDIUM,False,,OCCUPIED,2026-06-21,3,2026-06-21,3,1,0.763,0.077,0.05
5,SPIKE_OCCUPIED,MEDIUM,False,,OCCUPIED,2026-06-21,46,2026-06-21,46,1,1.814,0.084,0.053
5,SPIKE_OCCUPIED,MEDIUM,False,,OCCUPIED,2026-06-21,47,2026-06-21,47,1,1.753,0.083,0.05
5,SPIKE_OCCUPIED,MEDIUM,False,,OCCUPIED,2026-06-22,12,2026-06-22,12,1,0.396,0.077,0.05
5,SPIKE_OCCUPIED,MEDIUM,False,,OCCUPIED,2026-06-22,34,2026-06-22,34,1,0.802,0.097,0.083
5,SPIKE_OCCUPIED,MEDIUM,False,,OCCUPIED,2026-06-22,35,2026-06-22,35,1,0.761,0.108,0.094
5,SPIKE_OCCUPIED,MEDIUM,False,,OCCUPIED,2026-06-22,36,2026-06-22,36,1,0.57,0.11,0.089
5,SPIKE_OCCUPIED,MEDIUM,False,,OCCUPIED,2026-06-23,0,2026-06-23,0,1,1.976,0.091,0.05
5,SPIKE_OCCUPIED,MEDIUM,False,,OCCUPIED,2026-06-23,1,2026-06-23,1,1,2.842,0.085,0.05
5,SPIKE_OCCUPIED,MEDIUM,False,,OCCUPIED,2026-06-23,2,2026-06-23,2,1,3.089,0.095,0.051
5,SPIKE_OCCUPIED,MEDIUM,False,,OCCUPIED,2026-06-23,3,2026-06-23,3,1,2.5,0.084,0.05
5,SPIKE_OCCUPIED,MEDIUM,False,,OCCUPIED,2026-06-23,4,2026-06-23,4,1,2.128,0.088,0.054
5,SPIKE_OCCUPIED,MEDIUM,False,,OCCUPIED,2026-06-23,5,2026-06-23,5,1,2.112,0.086,0.053
5,SPIKE_OCCUPIED,MEDIUM,False,,OCCUPIED,2026-06-23,6,2026-06-23,6,1,1.323,0.079,0.05
5,SPIKE_OCCUPIED,MEDIUM,False,,OCCUPIED,2026-06-23,47,2026-06-23,47,1,2.545,0.095,0.055
5,SPIKE_OCCUPIED,MEDIUM,False,,OCCUPIED,2026-06-24,0,2026-06-24,0,1,0.738,0.096,0.055
5,SPIKE_OCCUPIED,MEDIUM,False,,OCCUPIED,2026-06-24,1,2026-06-24,1,1,0.381,0.092,0.05
5,SPIKE_OCCUPIED,MEDIUM,False,,OCCUPIED,2026-06-24,32,2026-06-24,32,1,0.778,0.084,0.06
5,SPIKE_OCCUPIED,MEDIUM,False,,OCCUPIED,2026-06-24,33,2026-06-24,33,1,0.564,0.105,0.08
5,SPIKE_OCCUPIED,MEDIUM,False,,OCCUPIED,2026-06-24,34,2026-06-24,34,1,0.687,0.098,0.071
5,SPIKE_OCCUPIED,MEDIUM,False,,OCCUPIED,2026-06-24,36,2026-06-24,36,1,0.612,0.11,0.086
5,SPIKE_OCCUPIED,MEDIUM,False,,OCCUPIED,2026-06-24,47,2026-06-24,47,1,0.299,0.098,0.05
5,SPIKE_OCCUPIED,MEDIUM,False,,OCCUPIED,2026-06-25,0,2026-06-25,0,1,0.396,0.108,0.061
5,SPIKE_OCCUPIED,MEDIUM,False,,OCCUPIED,2026-06-25,1,2026-06-25,1,1,0.374,0.098,0.067
5,SPIKE_OCCUPIED,MEDIUM,False,,OCCUPIED,2026-06-25,2,2026-06-25,2,1,0.354,0.093,0.059
5,SPIKE_OCCUPIED,MEDIUM,False,,OCCUPIED,2026-06-25,9,2026-06-25,9,1,0.418,0.078,0.05
5,SPIKE_OCCUPIED,MEDIUM,False,,OCCUPIED,2026-06-26,19,2026-06-26,19,1,0.39,0.085,0.074
5,SPIKE_OCCUPIED,MEDIUM,False,,OCCUPIED,2026-06-26,39,2026-06-26,39,1,0.744,0.121,0.098
5,SPIKE_OCCUPIED,MEDIUM,False,,OCCUPIED,2026-06-27,25,2026-06-27,25,1,0.528,0.0575,0.0565
5,SPIKE_OCCUPIED,MEDIUM,False,,OCCUPIED,2026-06-27,28,2026-06-27,28,1,0.331,0.0575,0.0555
5,SPIKE_OCCUPIED,MEDIUM,False,,OCCUPIED,2026-06-28,0,2026-06-28,0,1,0.819,0.085,0.05
5,SPIKE_OCCUPIED,MEDIUM,False,,OCCUPIED,2026-06-28,1,2026-06-28,1,1,0.858,0.077,0.05
5,SPIKE_OCCUPIED,MEDIUM,False,,OCCUPIED,2026-06-28,2,2026-06-28,2,1,0.858,0.079,0.05
5,SPIKE_OCCUPIED,MEDIUM,False,,OCCUPIED,2026-06-28,3,2026-06-28,3,1,0.855,0.077,0.05
5,SPIKE_OCCUPIED,MEDIUM,False,,OCCUPIED,2026-06-28,4,2026-06-28,4,1,0.868,0.071,0.05
5,SPIKE_OCCUPIED,MEDIUM,False,,OCCUPIED,2026-06-28,5,2026-06-28,5,1,0.905,0.072,0.05
5,SPIKE_OCCUPIED,MEDIUM,False,,OCCUPIED,2026-06-28,6,2026-06-28,6,1,0.886,0.072,0.05
5,SPIKE_OCCUPIED,MEDIUM,False,,OCCUPIED,2026-06-28,7,2026-06-28,7,1,0.882,0.067,0.05
5,SPIKE_OCCUPIED,MEDIUM,False,,OCCUPIED,2026-06-28,8,2026-06-28,8,1,0.999,0.069,0.05
5,SPIKE_OCCUPIED,MEDIUM,False,,OCCUPIED,2026-06-28,9,2026-06-28,9,1,0.835,0.067,0.05
5,SPIKE_OCCUPIED,MEDIUM,False,,OCCUPIED,2026-06-28,10,2026-06-28,10,1,0.809,0.071,0.05
5,SPIKE_OCCUPIED,MEDIUM,False,,OCCUPIED,2026-06-28,11,2026-06-28,11,1,0.802,0.071,0.05
5,SPIKE_OCCUPIED,MEDIUM,False,,OCCUPIED,2026-06-28,12,2026-06-28,12,1,0.485,0.07,0.05
5,SPIKE_OCCUPIED,MEDIUM,False,,OCCUPIED,2026-06-29,2,2026-06-29,2,1,0.346,0.086,0.05
5,SPIKE_OCCUPIED,MEDIUM,False,,OCCUPIED,2026-06-29,13,2026-06-29,13,1,0.451,0.081,0.05
5,SPIKE_OCCUPIED,MEDIUM,False,,OCCUPIED,2026-06-29,23,2026-06-29,23,1,0.316,0.063,0.059
5,SPIKE_OCCUPIED,MEDIUM,False,,OCCUPIED,2026-06-29,38,2026-06-29,38,1,0.818,0.115,0.086
5,SPIKE_OCCUPIED,MEDIUM,False,,OCCUPIED,2026-06-29,39,2026-06-29,39,1,0.768,0.121,0.094
5,SPIKE_OCCUPIED,MEDIUM,False,,OCCUPIED,2026-06-30,0,2026-06-30,0,1,0.336,0.091,0.05
5,SPIKE_OCCUPIED,MEDIUM,False,,OCCUPIED,2026-06-30,18,2026-06-30,18,1,0.387,0.08,0.073
5,SPIKE_OCCUPIED,MEDIUM,False,,OCCUPIED,2026-06-30,23,2026-06-30,23,1,0.325,0.067,0.062
5,SPIKE_OCCUPIED,MEDIUM,False,,OCCUPIED,2026-06-30,24,2026-06-30,24,1,0.389,0.072,0.067
5,SPIKE_OCCUPIED,MEDIUM,False,,OCCUPIED,2026-06-30,26,2026-06-30,26,1,0.338,0.056,0.055
5,SPIKE_OCCUPIED,MEDIUM,False,,OCCUPIED,2026-06-30,27,2026-06-30,27,1,0.312,0.062,0.06
5,SPIKE_OCCUPIED,MEDIUM,False,,OCCUPIED,2026-06-30,34,2026-06-30,34,1,0.696,0.1,0.077
5,SPIKE_OCCUPIED,MEDIUM,False,,OCCUPIED,2026-06-30,35,2026-06-30,35,1,0.585,0.113,0.084
5,SPIKE_OCCUPIED,MEDIUM,False,,OCCUPIED,2026-06-30,38,2026-06-30,38,1,0.773,0.118,0.096
5,SPIKE_OCCUPIED,MEDIUM,False,,OCCUPIED,2026-06-30,39,2026-06-30,39,1,0.741,0.141,0.084
5,SPIKE_OCCUPIED,MEDIUM,False,,OCCUPIED,2026-06-30,43,2026-06-30,43,1,0.536,0.122,0.087
5,SPIKE_OCCUPIED,MEDIUM,False,,OCCUPIED,2026-06-30,44,2026-06-30,44,1,0.52,0.116,0.065
5,SPIKE_OCCUPIED,MEDIUM,False,,OCCUPIED,2026-06-30,45,2026-06-30,45,1,0.924,0.103,0.053
5,SPIKE_OCCUPIED,MEDIUM,False,,OCCUPIED,2026-06-30,46,2026-06-30,46,1,0.643,0.102,0.05
5,SPIKE_OCCUPIED,MEDIUM,False,,OCCUPIED,2026-07-02,0,2026-07-02,0,1,1.037,0.108,0.061
5,SPIKE_OCCUPIED,MEDIUM,False,,OCCUPIED,2026-07-02,1,2026-07-02,1,1,0.982,0.098,0.067
5,SPIKE_OCCUPIED,MEDIUM,False,,OCCUPIED,2026-07-02,2,2026-07-02,2,1,0.989,0.093,0.059
5,SPIKE_OCCUPIED,MEDIUM,False,,OCCUPIED,2026-07-02,3,2026-07-02,3,1,1.007,0.089,0.061
5,SPIKE_OCCUPIED,MEDIUM,False,,OCCUPIED,2026-07-02,4,2026-07-02,4,1,1.018,0.094,0.068
5,SPIKE_OCCUPIED,MEDIUM,False,,OCCUPIED,2026-07-02,5,2026-07-02,5,1,0.89,0.085,0.056
5,SPIKE_OCCUPIED,MEDIUM,False,,OCCUPIED,2026-07-02,6,2026-07-02,6,1,0.885,0.088,0.057
5,SPIKE_OCCUPIED,MEDIUM,False,,OCCUPIED,2026-07-02,7,2026-07-02,7,1,0.99,0.088,0.058
5,SPIKE_OCCUPIED,MEDIUM,False,,OCCUPIED,2026-07-02,8,2026-07-02,8,1,0.913,0.079,0.052
5,SPIKE_OCCUPIED,MEDIUM,False,,OCCUPIED,2026-07-02,9,2026-07-02,9,1,0.901,0.078,0.05
5,SPIKE_OCCUPIED,MEDIUM,False,,OCCUPIED,2026-07-02,10,2026-07-02,10,1,0.867,0.076,0.05
5,SPIKE_OCCUPIED,MEDIUM,False,,OCCUPIED,2026-07-02,11,2026-07-02,11,1,0.919,0.083,0.057
5,SPIKE_OCCUPIED,MEDIUM,False,,OCCUPIED,2026-07-02,12,2026-07-02,12,1,1.092,0.091,0.062
5,SPIKE_OCCUPIED,MEDIUM,False,,OCCUPIED,2026-07-02,13,2026-07-02,13,1,1.422,0.083,0.057
5,SPIKE_OCCUPIED,MEDIUM,False,,OCCUPIED,2026-07-02,14,2026-07-02,14,1,1.443,0.091,0.063
5,SPIKE_OCCUPIED,MEDIUM,False,,OCCUPIED,2026-07-02,15,2026-07-02,15,1,1.452,0.109,0.082
5,SPIKE_OCCUPIED,MEDIUM,False,,OCCUPIED,2026-07-02,16,2026-07-02,16,1,1.555,0.094,0.072
5,SPIKE_OCCUPIED,MEDIUM,False,,OCCUPIED,2026-07-02,17,2026-07-02,17,1,1.407,0.087,0.08
5,SPIKE_OCCUPIED,MEDIUM,False,,OCCUPIED,2026-07-02,18,2026-07-02,18,1,1.623,0.088,0.083
5,SPIKE_OCCUPIED,MEDIUM,False,,OCCUPIED,2026-07-02,19,2026-07-02,19,1,1.936,0.086,0.082
5,SPIKE_OCCUPIED,MEDIUM,False,,OCCUPIED,2026-07-02,20,2026-07-02,20,1,1.434,0.079,0.076
5,SPIKE_OCCUPIED,MEDIUM,False,,OCCUPIED,2026-07-02,21,2026-07-02,21,1,1.396,0.081,0.078
5,SPIKE_OCCUPIED,MEDIUM,False,,OCCUPIED,2026-07-02,22,2026-07-02,22,1,1.426,0.074,0.072
5,SPIKE_OCCUPIED,MEDIUM,False,,OCCUPIED,2026-07-02,23,2026-07-02,23,1,1.558,0.072,0.07
5,SPIKE_OCCUPIED,MEDIUM,False,,OCCUPIED,2026-07-02,24,2026-07-02,24,1,1.461,0.081,0.079
5,SPIKE_OCCUPIED,MEDIUM,False,,OCCUPIED,2026-07-02,25,2026-07-02,25,1,0.945,0.082,0.075
5,SPIKE_OCCUPIED,MEDIUM,False,,OCCUPIED,2026-07-02,26,2026-07-02,26,1,0.931,0.08,0.073
5,SPIKE_OCCUPIED,MEDIUM,False,,OCCUPIED,2026-07-02,27,2026-07-02,27,1,1.017,0.081,0.076
5,SPIKE_OCCUPIED,MEDIUM,False,,OCCUPIED,2026-07-02,28,2026-07-02,28,1,0.958,0.079,0.074
5,SPIKE_OCCUPIED,MEDIUM,False,,OCCUPIED,2026-07-02,29,2026-07-02,29,1,0.952,0.084,0.08
5,SPIKE_OCCUPIED,MEDIUM,False,,OCCUPIED,2026-07-02,30,2026-07-02,30,1,1.129,0.082,0.077
5,SPIKE_OCCUPIED,MEDIUM,False,,OCCUPIED,2026-07-02,31,2026-07-02,31,1,1.286,0.083,0.078
5,SPIKE_OCCUPIED,MEDIUM,False,,OCCUPIED,2026-07-02,32,2026-07-02,32,1,1.439,0.093,0.086
5,SPIKE_OCCUPIED,MEDIUM,False,,OCCUPIED,2026-07-02,33,2026-07-02,33,1,1.35,0.109,0.094
5,SPIKE_OCCUPIED,MEDIUM,False,,OCCUPIED,2026-07-02,34,2026-07-02,34,1,1.352,0.134,0.127
5,SPIKE_OCCUPIED,MEDIUM,False,,OCCUPIED,2026-07-02,35,2026-07-02,35,1,1.432,0.13,0.119
5,SPIKE_OCCUPIED,MEDIUM,False,,OCCUPIED,2026-07-02,36,2026-07-02,36,1,1.504,0.125,0.106
5,SPIKE_OCCUPIED,MEDIUM,False,,OCCUPIED,2026-07-02,37,2026-07-02,37,1,2.244,0.117,0.088
5,SPIKE_OCCUPIED,MEDIUM,False,,OCCUPIED,2026-07-02,38,2026-07-02,38,1,1.913,0.124,0.104
5,SPIKE_OCCUPIED,MEDIUM,False,,OCCUPIED,2026-07-02,39,2026-07-02,39,1,1.916,0.119,0.092
5,SPIKE_OCCUPIED,MEDIUM,False,,OCCUPIED,2026-07-02,40,2026-07-02,40,1,1.942,0.132,0.098
5,SPIKE_OCCUPIED,MEDIUM,False,,OCCUPIED,2026-07-02,41,2026-07-02,41,1,2.294,0.13,0.098
5,SPIKE_OCCUPIED,MEDIUM,False,,OCCUPIED,2026-07-02,42,2026-07-02,42,1,3.414,0.125,0.09
5,SPIKE_OCCUPIED,MEDIUM,False,,OCCUPIED,2026-07-02,43,2026-07-02,43,1,2.358,0.128,0.084
5,SPIKE_OCCUPIED,MEDIUM,False,,OCCUPIED,2026-07-02,44,2026-07-02,44,1,2.493,0.116,0.069
5,SPIKE_OCCUPIED,MEDIUM,False,,OCCUPIED,2026-07-02,45,2026-07-02,45,1,2.292,0.109,0.068
5,SPIKE_OCCUPIED,MEDIUM,False,,OCCUPIED,2026-07-02,46,2026-07-02,46,1,2.277,0.104,0.061
5,SPIKE_OCCUPIED,MEDIUM,False,,OCCUPIED,2026-07-02,47,2026-07-02,47,1,2.109,0.1,0.064
5,SPIKE_OCCUPIED,MEDIUM,False,,OCCUPIED,2026-07-03,16,2026-07-03,16,1,0.48,0.08,0.063
5,SPIKE_OCCUPIED,MEDIUM,False,,OCCUPIED,2026-07-03,17,2026-07-03,17,1,0.501,0.081,0.068
5,SPIKE_OCCUPIED,MEDIUM,False,,OCCUPIED,2026-07-03,18,2026-07-03,18,1,0.36,0.082,0.066
5,SPIKE_OCCUPIED,MEDIUM,False,,OCCUPIED,2026-07-03,19,2026-07-03,19,1,0.738,0.085,0.074
5,SPIKE_OCCUPIED,MEDIUM,False,,OCCUPIED,2026-07-03,32,2026-07-03,32,1,0.381,0.085,0.071
5,SPIKE_OCCUPIED,MEDIUM,False,,OCCUPIED,2026-07-03,33,2026-07-03,33,1,0.709,0.101,0.083
5,SPIKE_OCCUPIED,MEDIUM,False,,OCCUPIED,2026-07-04,0,2026-07-04,0,1,2.482,0.091,0.0515
5,SPIKE_OCCUPIED,MEDIUM,False,,OCCUPIED,2026-07-04,1,2026-07-04,1,1,3.038,0.0905,0.058
5,SPIKE_OCCUPIED,MEDIUM,False,,OCCUPIED,2026-07-04,2,2026-07-04,2,1,2.908,0.086,0.0505
5,SPIKE_OCCUPIED,MEDIUM,False,,OCCUPIED,2026-07-04,3,2026-07-04,3,1,2.458,0.0825,0.05
5,SPIKE_OCCUPIED,MEDIUM,False,,OCCUPIED,2026-07-04,4,2026-07-04,4,1,2.453,0.083,0.052
5,SPIKE_OCCUPIED,MEDIUM,False,,OCCUPIED,2026-07-04,5,2026-07-04,5,1,2.443,0.08,0.05
5,SPIKE_OCCUPIED,MEDIUM,False,,OCCUPIED,2026-07-04,6,2026-07-04,6,1,2.46,0.078,0.051
5,SPIKE_OCCUPIED,MEDIUM,False,,OCCUPIED,2026-07-04,7,2026-07-04,7,1,2.434,0.076,0.05
5,SPIKE_OCCUPIED,MEDIUM,False,,OCCUPIED,2026-07-04,8,2026-07-04,8,1,2.445,0.076,0.05
5,SPIKE_OCCUPIED,MEDIUM,False,,OCCUPIED,2026-07-04,14,2026-07-04,14,1,0.628,0.0715,0.06
5,SPIKE_OCCUPIED,MEDIUM,False,,OCCUPIED,2026-07-04,30,2026-07-04,30,1,0.469,0.0805,0.077
5,SPIKE_OCCUPIED,MEDIUM,False,,OCCUPIED,2026-07-04,46,2026-07-04,46,1,0.505,0.1065,0.0585
5,SPIKE_OCCUPIED,MEDIUM,False,,OCCUPIED,2026-07-04,47,2026-07-04,47,1,4.195,0.102,0.056
5,SPIKE_OCCUPIED,MEDIUM,False,,OCCUPIED,2026-07-05,16,2026-07-05,16,1,0.789,0.069,0.05
5,SPIKE_OCCUPIED,MEDIUM,False,,OCCUPIED,2026-07-05,18,2026-07-05,18,1,0.596,0.068,0.06
5,SPIKE_OCCUPIED,MEDIUM,False,,OCCUPIED,2026-07-05,28,2026-07-05,28,1,0.571,0.062,0.06
5,SPIKE_OCCUPIED,MEDIUM,False,,OCCUPIED,2026-07-05,29,2026-07-05,29,1,0.393,0.061,0.059
5,SPIKE_OCCUPIED,MEDIUM,False,,OCCUPIED,2026-07-05,30,2026-07-05,30,1,0.356,0.067,0.061
5,SPIKE_OCCUPIED,MEDIUM,False,,OCCUPIED,2026-07-05,31,2026-07-05,31,1,0.512,0.078,0.072
5,SPIKE_OCCUPIED,MEDIUM,False,,OCCUPIED,2026-07-05,32,2026-07-05,32,1,3.757,0.078,0.073
5,SPIKE_OCCUPIED,MEDIUM,False,,OCCUPIED,2026-07-05,34,2026-07-05,34,1,3.52,0.09,0.081
5,SPIKE_OCCUPIED,MEDIUM,False,,OCCUPIED,2026-07-05,35,2026-07-05,35,1,4.956,0.119,0.095
5,SPIKE_OCCUPIED,MEDIUM,False,,OCCUPIED,2026-07-05,36,2026-07-05,36,1,1.33,0.116,0.087
5,SPIKE_OCCUPIED,MEDIUM,False,,OCCUPIED,2026-07-05,37,2026-07-05,37,1,0.645,0.122,0.084
5,SPIKE_OCCUPIED,MEDIUM,False,,OCCUPIED,2026-07-06,22,2026-07-06,22,1,0.353,0.065,0.062
5,SPIKE_OCCUPIED,MEDIUM,False,,OCCUPIED,2026-07-06,38,2026-07-06,38,1,0.473,0.115,0.086
5,SPIKE_OCCUPIED,MEDIUM,False,,OCCUPIED,2026-07-07,0,2026-07-07,0,1,0.638,0.091,0.05
5,SPIKE_OCCUPIED,MEDIUM,False,,OCCUPIED,2026-07-07,1,2026-07-07,1,1,0.638,0.085,0.05
5,SPIKE_OCCUPIED,MEDIUM,False,,OCCUPIED,2026-07-07,2,2026-07-07,2,1,0.635,0.095,0.051
5,SPIKE_OCCUPIED,MEDIUM,False,,OCCUPIED,2026-07-07,3,2026-07-07,3,1,0.633,0.084,0.05
5,SPIKE_OCCUPIED,MEDIUM,False,,OCCUPIED,2026-07-07,4,2026-07-07,4,1,0.637,0.088,0.054
5,SPIKE_OCCUPIED,MEDIUM,False,,OCCUPIED,2026-07-07,5,2026-07-07,5,1,0.637,0.086,0.053
5,SPIKE_OCCUPIED,MEDIUM,False,,OCCUPIED,2026-07-07,6,2026-07-07,6,1,0.638,0.079,0.05
5,SPIKE_OCCUPIED,MEDIUM,False,,OCCUPIED,2026-07-07,7,2026-07-07,7,1,0.633,0.083,0.05
5,SPIKE_OCCUPIED,MEDIUM,False,,OCCUPIED,2026-07-07,8,2026-07-07,8,1,0.638,0.077,0.05
5,SPIKE_OCCUPIED,MEDIUM,False,,OCCUPIED,2026-07-07,9,2026-07-07,9,1,0.635,0.076,0.05
5,SPIKE_OCCUPIED,MEDIUM,False,,OCCUPIED,2026-07-07,10,2026-07-07,10,1,0.632,0.074,0.05
5,SPIKE_OCCUPIED,MEDIUM,False,,OCCUPIED,2026-07-07,11,2026-07-07,11,1,0.625,0.079,0.05
5,SPIKE_OCCUPIED,MEDIUM,False,,OCCUPIED,2026-07-07,12,2026-07-07,12,1,0.633,0.086,0.061
5,SPIKE_OCCUPIED,MEDIUM,False,,OCCUPIED,2026-07-07,13,2026-07-07,13,1,0.634,0.088,0.061
5,SPIKE_OCCUPIED,MEDIUM,False,,OCCUPIED,2026-07-07,14,2026-07-07,14,1,0.634,0.086,0.06
5,SPIKE_OCCUPIED,MEDIUM,False,,OCCUPIED,2026-07-07,15,2026-07-07,15,1,3.157,0.091,0.062
5,SPIKE_OCCUPIED,MEDIUM,False,,OCCUPIED,2026-07-07,16,2026-07-07,16,1,3.107,0.081,0.054
5,SPIKE_OCCUPIED,MEDIUM,False,,OCCUPIED,2026-07-07,17,2026-07-07,17,1,3.224,0.076,0.064
5,SPIKE_OCCUPIED,MEDIUM,False,,OCCUPIED,2026-07-07,18,2026-07-07,18,1,3.295,0.08,0.073
5,SPIKE_OCCUPIED,MEDIUM,False,,OCCUPIED,2026-07-07,19,2026-07-07,19,1,3.582,0.08,0.073
5,SPIKE_OCCUPIED,MEDIUM,False,,OCCUPIED,2026-07-07,20,2026-07-07,20,1,2.975,0.081,0.073
5,SPIKE_OCCUPIED,MEDIUM,False,,OCCUPIED,2026-07-07,21,2026-07-07,21,1,3.424,0.068,0.063
5,SPIKE_OCCUPIED,MEDIUM,False,,OCCUPIED,2026-07-07,22,2026-07-07,22,1,3.118,0.078,0.068
5,SPIKE_OCCUPIED,MEDIUM,False,,OCCUPIED,2026-07-07,23,2026-07-07,23,1,3.435,0.067,0.062
5,SPIKE_OCCUPIED,MEDIUM,False,,OCCUPIED,2026-07-07,24,2026-07-07,24,1,4.192,0.072,0.067
5,SPIKE_OCCUPIED,MEDIUM,False,,OCCUPIED,2026-07-07,25,2026-07-07,25,1,3.291,0.085,0.077
5,SPIKE_OCCUPIED,MEDIUM,False,,OCCUPIED,2026-07-07,26,2026-07-07,26,1,3.045,0.056,0.055
5,SPIKE_OCCUPIED,MEDIUM,False,,OCCUPIED,2026-07-07,27,2026-07-07,27,1,3.318,0.062,0.06
5,SPIKE_OCCUPIED,MEDIUM,False,,OCCUPIED,2026-07-07,28,2026-07-07,28,1,7.471,0.077,0.074
5,SPIKE_OCCUPIED,MEDIUM,False,,OCCUPIED,2026-07-07,29,2026-07-07,29,1,7.83,0.07,0.066
5,SPIKE_OCCUPIED,MEDIUM,False,,OCCUPIED,2026-07-07,30,2026-07-07,30,1,7.366,0.073,0.069
5,SPIKE_OCCUPIED,MEDIUM,False,,OCCUPIED,2026-07-07,31,2026-07-07,31,1,7.735,0.081,0.075
5,SPIKE_OCCUPIED,MEDIUM,False,,OCCUPIED,2026-07-07,32,2026-07-07,32,1,8.327,0.093,0.08
5,SPIKE_OCCUPIED,MEDIUM,False,,OCCUPIED,2026-07-07,33,2026-07-07,33,1,8.476,0.097,0.081
5,SPIKE_OCCUPIED,MEDIUM,False,,OCCUPIED,2026-07-07,34,2026-07-07,34,1,3.012,0.1,0.077
5,SPIKE_OCCUPIED,MEDIUM,False,,OCCUPIED,2026-07-07,35,2026-07-07,35,1,0.587,0.113,0.084
5,SPIKE_OCCUPIED,MEDIUM,False,,OCCUPIED,2026-07-07,36,2026-07-07,36,1,0.601,0.113,0.084
5,SPIKE_OCCUPIED,MEDIUM,False,,OCCUPIED,2026-07-07,37,2026-07-07,37,1,0.594,0.126,0.092
5,SPIKE_OCCUPIED,MEDIUM,False,,OCCUPIED,2026-07-07,38,2026-07-07,38,1,0.591,0.118,0.096
5,SPIKE_OCCUPIED,MEDIUM,False,,OCCUPIED,2026-07-07,39,2026-07-07,39,1,0.597,0.141,0.084
5,SPIKE_OCCUPIED,MEDIUM,False,,OCCUPIED,2026-07-07,40,2026-07-07,40,1,0.586,0.138,0.085
5,SPIKE_OCCUPIED,MEDIUM,False,,OCCUPIED,2026-07-07,41,2026-07-07,41,1,0.598,0.137,0.082
5,SPIKE_OCCUPIED,MEDIUM,False,,OCCUPIED,2026-07-07,42,2026-07-07,42,1,0.613,0.133,0.081
5,SPIKE_OCCUPIED,MEDIUM,False,,OCCUPIED,2026-07-07,43,2026-07-07,43,1,0.653,0.122,0.087
5,SPIKE_OCCUPIED,MEDIUM,False,,OCCUPIED,2026-07-07,44,2026-07-07,44,1,0.639,0.116,0.065
5,SPIKE_OCCUPIED,MEDIUM,False,,OCCUPIED,2026-07-07,45,2026-07-07,45,1,0.654,0.103,0.053
5,SPIKE_OCCUPIED,MEDIUM,False,,OCCUPIED,2026-07-07,46,2026-07-07,46,1,0.633,0.102,0.05
5,SPIKE_OCCUPIED,MEDIUM,False,,OCCUPIED,2026-07-07,47,2026-07-07,47,1,0.642,0.095,0.055
5,SPIKE_OCCUPIED,MEDIUM,False,,OCCUPIED,2026-07-08,0,2026-07-08,0,1,0.339,0.096,0.055
5,SPIKE_OCCUPIED,MEDIUM,False,,OCCUPIED,2026-07-08,4,2026-07-08,4,1,0.381,0.079,0.05
5,SPIKE_OCCUPIED,MEDIUM,False,,OCCUPIED,2026-07-08,7,2026-07-08,7,1,0.535,0.082,0.05
5,SPIKE_OCCUPIED,MEDIUM,False,,OCCUPIED,2026-07-08,8,2026-07-08,8,1,0.293,0.081,0.05
5,SPIKE_OCCUPIED,MEDIUM,False,,OCCUPIED,2026-07-08,24,2026-07-08,24,1,0.612,0.066,0.064
5,SPIKE_OCCUPIED,MEDIUM,False,,OCCUPIED,2026-07-08,25,2026-07-08,25,1,0.811,0.062,0.062
5,SPIKE_OCCUPIED,MEDIUM,False,,OCCUPIED,2026-07-08,46,2026-07-08,46,1,0.351,0.103,0.05
5,SPIKE_OCCUPIED,MEDIUM,False,,OCCUPIED,2026-07-10,21,2026-07-10,21,1,0.41,0.075,0.068
5,SPIKE_OCCUPIED,MEDIUM,False,,OCCUPIED,2026-07-10,23,2026-07-10,23,1,0.337,0.067,0.064
5,SPIKE_OCCUPIED,MEDIUM,False,,OCCUPIED,2026-07-10,24,2026-07-10,24,1,0.305,0.061,0.06
5,SPIKE_OCCUPIED,MEDIUM,False,,OCCUPIED,2026-07-11,38,2026-07-11,38,1,0.488,0.1025,0.075
5,SPIKE_OCCUPIED,MEDIUM,False,,OCCUPIED,2026-07-12,36,2026-07-12,36,1,0.567,0.116,0.087
5,SPIKE_OCCUPIED,MEDIUM,False,,OCCUPIED,2026-07-13,0,2026-07-13,0,1,0.524,0.084,0.05
5,SPIKE_OCCUPIED,MEDIUM,False,,OCCUPIED,2026-07-13,1,2026-07-13,1,1,0.469,0.094,0.051
5,SPIKE_OCCUPIED,MEDIUM,False,,OCCUPIED,2026-07-13,2,2026-07-13,2,1,0.442,0.086,0.05
5,SPIKE_OCCUPIED,MEDIUM,False,,OCCUPIED,2026-07-13,3,2026-07-13,3,1,0.536,0.076,0.05
5,SPIKE_OCCUPIED,MEDIUM,False,,OCCUPIED,2026-07-13,4,2026-07-13,4,1,0.424,0.079,0.05
5,SPIKE_OCCUPIED,MEDIUM,False,,OCCUPIED,2026-07-13,5,2026-07-13,5,1,0.362,0.075,0.05
5,SPIKE_OCCUPIED,MEDIUM,False,,OCCUPIED,2026-07-13,6,2026-07-13,6,1,0.358,0.078,0.05
5,SPIKE_OCCUPIED,MEDIUM,False,,OCCUPIED,2026-07-13,7,2026-07-13,7,1,0.369,0.082,0.05
5,SPIKE_OCCUPIED,MEDIUM,False,,OCCUPIED,2026-07-13,8,2026-07-13,8,1,0.377,0.076,0.05
5,SPIKE_OCCUPIED,MEDIUM,False,,OCCUPIED,2026-07-13,9,2026-07-13,9,1,0.373,0.075,0.05
5,SPIKE_OCCUPIED,MEDIUM,False,,OCCUPIED,2026-07-13,10,2026-07-13,10,1,0.335,0.074,0.05
5,SPIKE_OCCUPIED,MEDIUM,False,,OCCUPIED,2026-07-13,11,2026-07-13,11,1,0.367,0.075,0.05
5,SPIKE_OCCUPIED,MEDIUM,False,,OCCUPIED,2026-07-13,12,2026-07-13,12,1,0.375,0.077,0.05
5,SPIKE_OCCUPIED,MEDIUM,False,,OCCUPIED,2026-07-13,13,2026-07-13,13,1,0.341,0.081,0.05
5,SPIKE_OCCUPIED,MEDIUM,False,,OCCUPIED,2026-07-13,14,2026-07-13,14,1,0.408,0.083,0.064
5,SPIKE_OCCUPIED,MEDIUM,False,,OCCUPIED,2026-07-13,16,2026-07-13,16,1,0.31,0.081,0.056
5,SPIKE_OCCUPIED,MEDIUM,False,,OCCUPIED,2026-07-13,18,2026-07-13,18,1,0.359,0.079,0.068
5,SPIKE_OCCUPIED,MEDIUM,False,,OCCUPIED,2026-07-13,19,2026-07-13,19,1,0.372,0.07,0.059
5,SPIKE_OCCUPIED,MEDIUM,False,,OCCUPIED,2026-07-13,20,2026-07-13,20,1,0.679,0.076,0.066
5,SPIKE_OCCUPIED,MEDIUM,False,,OCCUPIED,2026-07-13,21,2026-07-13,21,1,0.453,0.076,0.065
5,SPIKE_OCCUPIED,MEDIUM,False,,OCCUPIED,2026-07-13,22,2026-07-13,22,1,0.641,0.065,0.062
5,SPIKE_OCCUPIED,MEDIUM,False,,OCCUPIED,2026-07-13,23,2026-07-13,23,1,0.772,0.063,0.059
5,SPIKE_OCCUPIED,MEDIUM,False,,OCCUPIED,2026-07-13,24,2026-07-13,24,1,0.735,0.07,0.066
5,SPIKE_OCCUPIED,MEDIUM,False,,OCCUPIED,2026-07-13,25,2026-07-13,25,1,0.928,0.059,0.056
5,SPIKE_OCCUPIED,MEDIUM,False,,OCCUPIED,2026-07-13,26,2026-07-13,26,1,1.08,0.071,0.063
5,SPIKE_OCCUPIED,MEDIUM,False,,OCCUPIED,2026-07-13,27,2026-07-13,27,1,1.025,0.063,0.057
5,SPIKE_OCCUPIED,MEDIUM,False,,OCCUPIED,2026-07-13,28,2026-07-13,28,1,1.16,0.061,0.057
5,SPIKE_OCCUPIED,MEDIUM,False,,OCCUPIED,2026-07-13,29,2026-07-13,29,1,1.107,0.067,0.064
5,SPIKE_OCCUPIED,MEDIUM,False,,OCCUPIED,2026-07-13,30,2026-07-13,30,1,1.149,0.054,0.053
5,SPIKE_OCCUPIED,MEDIUM,False,,OCCUPIED,2026-07-13,31,2026-07-13,31,1,1.117,0.058,0.054
5,SPIKE_OCCUPIED,MEDIUM,False,,OCCUPIED,2026-07-13,32,2026-07-13,32,1,1.084,0.074,0.068
5,SPIKE_OCCUPIED,MEDIUM,False,,OCCUPIED,2026-07-13,33,2026-07-13,33,1,1.104,0.088,0.076
5,SPIKE_OCCUPIED,MEDIUM,False,,OCCUPIED,2026-07-13,34,2026-07-13,34,1,1.124,0.097,0.083
5,SPIKE_OCCUPIED,MEDIUM,False,,OCCUPIED,2026-07-13,35,2026-07-13,35,1,1.064,0.108,0.094
5,SPIKE_OCCUPIED,MEDIUM,False,,OCCUPIED,2026-07-13,36,2026-07-13,36,1,0.92,0.11,0.089
5,SPIKE_OCCUPIED,MEDIUM,False,,OCCUPIED,2026-07-13,37,2026-07-13,37,1,0.75,0.128,0.101
5,SPIKE_OCCUPIED,MEDIUM,False,,OCCUPIED,2026-07-13,38,2026-07-13,38,1,1.539,0.115,0.086
5,SPIKE_OCCUPIED,MEDIUM,False,,OCCUPIED,2026-07-13,39,2026-07-13,39,1,0.817,0.121,0.094
5,SPIKE_OCCUPIED,MEDIUM,False,,OCCUPIED,2026-07-13,40,2026-07-13,40,1,1.149,0.129,0.091
5,SPIKE_OCCUPIED,MEDIUM,False,,OCCUPIED,2026-07-13,41,2026-07-13,41,1,0.708,0.132,0.094
5,SPIKE_OCCUPIED,MEDIUM,False,,OCCUPIED,2026-07-13,42,2026-07-13,42,1,0.675,0.13,0.078
5,SPIKE_OCCUPIED,MEDIUM,False,,OCCUPIED,2026-07-13,43,2026-07-13,43,1,0.763,0.122,0.072
5,SPIKE_OCCUPIED,MEDIUM,False,,OCCUPIED,2026-07-13,44,2026-07-13,44,1,0.727,0.115,0.069
5,SPIKE_OCCUPIED,MEDIUM,False,,OCCUPIED,2026-07-13,45,2026-07-13,45,1,0.602,0.098,0.051
5,SPIKE_OCCUPIED,MEDIUM,False,,OCCUPIED,2026-07-13,46,2026-07-13,46,1,0.436,0.092,0.05
5,SPIKE_OCCUPIED,MEDIUM,False,,OCCUPIED,2026-07-13,47,2026-07-13,47,1,0.532,0.082,0.05
5,SPIKE_OCCUPIED,MEDIUM,False,,OCCUPIED,2026-07-14,0,2026-07-14,0,1,0.474,0.091,0.05
5,SPIKE_OCCUPIED,MEDIUM,False,,OCCUPIED,2026-07-15,40,2026-07-15,40,1,0.848,0.121,0.089
5,SPIKE_OCCUPIED,MEDIUM,False,,OCCUPIED,2026-07-15,43,2026-07-15,43,1,0.592,0.123,0.071
5,SPIKE_OCCUPIED,MEDIUM,False,,OCCUPIED,2026-07-17,0,2026-07-17,0,1,0.34,0.095,0.056
5,SPIKE_OCCUPIED,MEDIUM,False,,OCCUPIED,2026-07-17,1,2026-07-17,1,1,0.37,0.088,0.05
5,SPIKE_OCCUPIED,MEDIUM,False,,OCCUPIED,2026-07-17,2,2026-07-17,2,1,0.34,0.082,0.054
5,SPIKE_OCCUPIED,MEDIUM,False,,OCCUPIED,2026-07-17,3,2026-07-17,3,1,0.357,0.078,0.052
5,SPIKE_OCCUPIED,MEDIUM,False,,OCCUPIED,2026-07-17,4,2026-07-17,4,1,0.352,0.083,0.051
5,SPIKE_OCCUPIED,MEDIUM,False,,OCCUPIED,2026-07-17,5,2026-07-17,5,1,0.346,0.077,0.05
5,SPIKE_OCCUPIED,MEDIUM,False,,OCCUPIED,2026-07-17,6,2026-07-17,6,1,0.432,0.08,0.05
5,SPIKE_OCCUPIED,MEDIUM,False,,OCCUPIED,2026-07-17,7,2026-07-17,7,1,0.336,0.075,0.05
5,SPIKE_OCCUPIED,MEDIUM,False,,OCCUPIED,2026-07-17,8,2026-07-17,8,1,0.369,0.077,0.05
5,SPIKE_OCCUPIED,MEDIUM,False,,OCCUPIED,2026-07-17,14,2026-07-17,14,1,0.306,0.077,0.056
5,SPIKE_OCCUPIED,MEDIUM,False,,OCCUPIED,2026-07-17,15,2026-07-17,15,1,1.137,0.088,0.062
5,SPIKE_OCCUPIED,MEDIUM,False,,OCCUPIED,2026-07-17,16,2026-07-17,16,1,1.292,0.08,0.063
5,SPIKE_OCCUPIED,MEDIUM,False,,OCCUPIED,2026-07-17,17,2026-07-17,17,1,1.455,0.081,0.068
5,SPIKE_OCCUPIED,MEDIUM,False,,OCCUPIED,2026-07-17,18,2026-07-17,18,1,1.392,0.082,0.066
5,SPIKE_OCCUPIED,MEDIUM,False,,OCCUPIED,2026-07-17,19,2026-07-17,19,1,1.46,0.085,0.074
5,SPIKE_OCCUPIED,MEDIUM,False,,OCCUPIED,2026-07-17,20,2026-07-17,20,1,1.814,0.082,0.07
5,SPIKE_OCCUPIED,MEDIUM,False,,OCCUPIED,2026-07-17,21,2026-07-17,21,1,1.374,0.075,0.068
5,SPIKE_OCCUPIED,MEDIUM,False,,OCCUPIED,2026-07-17,22,2026-07-17,22,1,1.582,0.07,0.065
5,SPIKE_OCCUPIED,MEDIUM,False,,OCCUPIED,2026-07-17,23,2026-07-17,23,1,1.613,0.067,0.064
5,SPIKE_OCCUPIED,MEDIUM,False,,OCCUPIED,2026-07-17,24,2026-07-17,24,1,1.297,0.061,0.06
5,SPIKE_OCCUPIED,MEDIUM,False,,OCCUPIED,2026-07-17,25,2026-07-17,25,1,0.957,0.061,0.06
5,SPIKE_OCCUPIED,MEDIUM,False,,OCCUPIED,2026-07-17,26,2026-07-17,26,1,1.275,0.063,0.062
5,SPIKE_OCCUPIED,MEDIUM,False,,OCCUPIED,2026-07-17,27,2026-07-17,27,1,1.508,0.068,0.065
5,SPIKE_OCCUPIED,MEDIUM,False,,OCCUPIED,2026-07-17,28,2026-07-17,28,1,1.291,0.068,0.067
5,SPIKE_OCCUPIED,MEDIUM,False,,OCCUPIED,2026-07-17,29,2026-07-17,29,1,1.511,0.073,0.071
5,SPIKE_OCCUPIED,MEDIUM,False,,OCCUPIED,2026-07-17,30,2026-07-17,30,1,1.309,0.085,0.077
5,SPIKE_OCCUPIED,MEDIUM,False,,OCCUPIED,2026-07-17,31,2026-07-17,31,1,1.455,0.079,0.073
5,SPIKE_OCCUPIED,MEDIUM,False,,OCCUPIED,2026-07-17,32,2026-07-17,32,1,0.95,0.085,0.071
5,SPIKE_OCCUPIED,MEDIUM,False,,OCCUPIED,2026-07-17,45,2026-07-17,45,1,0.342,0.096,0.06
5,SPIKE_OCCUPIED,MEDIUM,False,,OCCUPIED,2026-07-17,46,2026-07-17,46,1,0.357,0.097,0.053
5,SPIKE_OCCUPIED,MEDIUM,False,,OCCUPIED,2026-07-17,47,2026-07-17,47,1,0.422,0.091,0.05
5,SPIKE_OCCUPIED,MEDIUM,False,,OCCUPIED,2026-07-19,17,2026-07-19,17,1,0.353,0.058,0.05
5,SPIKE_OCCUPIED,MEDIUM,False,,OCCUPIED,2026-07-19,18,2026-07-19,18,1,0.736,0.068,0.06
5,SPIKE_OCCUPIED,MEDIUM,False,,OCCUPIED,2026-07-19,20,2026-07-19,20,1,0.517,0.06,0.055
5,SPIKE_OCCUPIED,MEDIUM,False,,OCCUPIED,2026-07-19,25,2026-07-19,25,1,1.102,0.064,0.062
5,SPIKE_OCCUPIED,MEDIUM,False,,OCCUPIED,2026-07-19,26,2026-07-19,26,1,0.597,0.058,0.055
5,SPIKE_OCCUPIED,MEDIUM,False,,OCCUPIED,2026-07-19,27,2026-07-19,27,1,0.501,0.063,0.06
5,SPIKE_OCCUPIED,MEDIUM,False,,OCCUPIED,2026-07-19,28,2026-07-19,28,1,0.524,0.062,0.06
5,SPIKE_OCCUPIED,MEDIUM,False,,OCCUPIED,2026-07-19,41,2026-07-19,41,1,0.697,0.118,0.069
5,SPIKE_OCCUPIED,MEDIUM,False,,OCCUPIED,2026-07-19,42,2026-07-19,42,1,0.543,0.112,0.065
5,SPIKE_OCCUPIED,MEDIUM,False,,OCCUPIED,2026-07-19,43,2026-07-19,43,1,0.566,0.109,0.058
5,SPIKE_OCCUPIED,MEDIUM,False,,OCCUPIED,2026-07-21,31,2026-07-21,31,1,0.411,0.081,0.075
5,SPIKE_OCCUPIED,MEDIUM,False,,OCCUPIED,2026-07-21,35,2026-07-21,35,1,0.539,0.113,0.084
5,SPIKE_OCCUPIED,MEDIUM,False,,OCCUPIED,2026-07-22,1,2026-07-22,1,1,2.212,0.092,0.05
5,SPIKE_OCCUPIED,MEDIUM,False,,OCCUPIED,2026-07-22,2,2026-07-22,2,1,2.438,0.087,0.05
5,SPIKE_OCCUPIED,MEDIUM,False,,OCCUPIED,2026-07-22,3,2026-07-22,3,1,2.441,0.09,0.055
5,SPIKE_OCCUPIED,MEDIUM,False,,OCCUPIED,2026-07-22,4,2026-07-22,4,1,2.367,0.079,0.05
5,SPIKE_OCCUPIED,MEDIUM,False,,OCCUPIED,2026-07-22,5,2026-07-22,5,1,2.456,0.076,0.05
5,SPIKE_OCCUPIED,MEDIUM,False,,OCCUPIED,2026-07-22,6,2026-07-22,6,1,0.838,0.075,0.05
5,SPIKE_OCCUPIED,MEDIUM,False,,OCCUPIED,2026-07-22,7,2026-07-22,7,1,0.389,0.082,0.05
5,SPIKE_OCCUPIED,MEDIUM,False,,OCCUPIED,2026-07-22,8,2026-07-22,8,1,0.438,0.081,0.05
5,SPIKE_OCCUPIED,MEDIUM,False,,OCCUPIED,2026-07-24,2,2026-07-24,2,1,0.768,0.082,0.054
6,FLATLINE,HIGH,True,vacancy,VACANT,2026-06-10,0,2026-06-10,14,15,0.0061,0.07,0.05
6,FLATLINE,HIGH,True,vacancy,VACANT,2026-06-10,18,2026-06-10,28,11,0.0067,0.122,0.096
6,FLATLINE,HIGH,True,vacancy,VACANT,2026-06-10,30,2026-06-10,47,18,0.005,0.111,0.094
6,FLATLINE,HIGH,True,vacancy,VACANT,2026-06-30,15,2026-06-30,29,15,0.0011,0.128,0.105
6,FLATLINE,HIGH,True,vacancy,VACANT,2026-07-08,10,2026-07-08,46,37,0.0008,0.056,0.05
6,FLATLINE,HIGH,True,vacancy,VACANT,2026-07-14,1,2026-07-16,47,143,0.0,0.061,0.05
6,FLATLINE,LOW,False,,UNKNOWN,2026-07-20,11,2026-07-20,37,27,0.0014,0.0555,0.05
6,FLATLINE,LOW,False,,UNKNOWN,2026-07-25,4,2026-07-25,47,44,0.0003,0.081,0.06
6,SPIKE_OCCUPIED,MEDIUM,False,,OCCUPIED,2026-05-31,12,2026-05-31,12,1,0.307,0.053,0.05
6,SPIKE_OCCUPIED,MEDIUM,False,,OCCUPIED,2026-05-31,27,2026-05-31,27,1,0.714,0.103,0.075
6,SPIKE_OCCUPIED,MEDIUM,False,,OCCUPIED,2026-05-31,30,2026-05-31,30,1,0.796,0.097,0.076
6,SPIKE_OCCUPIED,MEDIUM,False,,OCCUPIED,2026-06-01,47,2026-06-01,47,1,3.062,0.09,0.0625
6,SPIKE_OCCUPIED,MEDIUM,False,,OCCUPIED,2026-06-02,2,2026-06-02,2,1,0.266,0.064,0.05
6,SPIKE_OCCUPIED,MEDIUM,False,,OCCUPIED,2026-06-04,2,2026-06-04,2,1,0.617,0.083,0.056
6,SPIKE_OCCUPIED,MEDIUM,False,,OCCUPIED,2026-06-04,3,2026-06-04,3,1,0.331,0.0775,0.0525
6,SPIKE_OCCUPIED,MEDIUM,False,,OCCUPIED,2026-06-04,4,2026-06-04,4,1,0.344,0.076,0.05
6,SPIKE_OCCUPIED,MEDIUM,False,,OCCUPIED,2026-06-05,1,2026-06-05,1,1,0.603,0.1,0.0755
6,SPIKE_OCCUPIED,MEDIUM,False,,OCCUPIED,2026-06-05,34,2026-06-05,34,1,0.769,0.169,0.1365
6,SPIKE_OCCUPIED,MEDIUM,False,,OCCUPIED,2026-06-05,40,2026-06-05,40,1,0.819,0.194,0.1545
6,SPIKE_OCCUPIED,MEDIUM,False,,OCCUPIED,2026-06-05,42,2026-06-05,42,1,1.479,0.152,0.1055
6,SPIKE_OCCUPIED,MEDIUM,False,,OCCUPIED,2026-06-05,43,2026-06-05,43,1,3.995,0.1385,0.1035
6,SPIKE_OCCUPIED,MEDIUM,False,,OCCUPIED,2026-06-05,44,2026-06-05,44,1,4.104,0.1445,0.116
6,SPIKE_OCCUPIED,MEDIUM,False,,OCCUPIED,2026-06-05,46,2026-06-05,46,1,4.41,0.094,0.0715
6,SPIKE_OCCUPIED,MEDIUM,False,,OCCUPIED,2026-06-05,47,2026-06-05,47,1,5.091,0.115,0.0895
6,SPIKE_OCCUPIED,MEDIUM,False,,OCCUPIED,2026-06-07,18,2026-06-07,18,1,1.032,0.12,0.092
6,SPIKE_OCCUPIED,MEDIUM,False,,OCCUPIED,2026-06-07,19,2026-06-07,19,1,4.684,0.105,0.074
6,SPIKE_OCCUPIED,MEDIUM,False,,OCCUPIED,2026-06-07,20,2026-06-07,20,1,4.069,0.108,0.08
6,SPIKE_OCCUPIED,MEDIUM,False,,OCCUPIED,2026-06-07,21,2026-06-07,21,1,0.547,0.113,0.083
6,SPIKE_OCCUPIED,MEDIUM,False,,OCCUPIED,2026-06-07,22,2026-06-07,22,1,0.539,0.107,0.079
6,SPIKE_OCCUPIED,MEDIUM,False,,OCCUPIED,2026-06-07,23,2026-06-07,23,1,0.48,0.09,0.077
6,SPIKE_OCCUPIED,MEDIUM,False,,OCCUPIED,2026-06-07,27,2026-06-07,27,1,0.556,0.103,0.075
6,SPIKE_OCCUPIED,MEDIUM,False,,OCCUPIED,2026-06-07,30,2026-06-07,30,1,0.601,0.097,0.076
6,SPIKE_OCCUPIED,MEDIUM,False,,OCCUPIED,2026-06-07,31,2026-06-07,31,1,0.757,0.118,0.082
6,SPIKE_OCCUPIED,MEDIUM,False,,OCCUPIED,2026-06-07,32,2026-06-07,32,1,0.627,0.132,0.102
6,SPIKE_OCCUPIED,MEDIUM,False,,OCCUPIED,2026-06-07,33,2026-06-07,33,1,0.55,0.127,0.102
6,SPIKE_OCCUPIED,MEDIUM,False,,OCCUPIED,2026-06-07,34,2026-06-07,34,1,0.876,0.145,0.119
6,SPIKE_OCCUPIED,MEDIUM,False,,OCCUPIED,2026-06-07,35,2026-06-07,35,1,1.105,0.165,0.135
6,SPIKE_OCCUPIED,MEDIUM,False,,OCCUPIED,2026-06-07,42,2026-06-07,42,1,2.303,0.131,0.096
6,SPIKE_OCCUPIED,MEDIUM,False,,OCCUPIED,2026-06-07,43,2026-06-07,43,1,4.121,0.106,0.072
6,SPIKE_OCCUPIED,MEDIUM,False,,OCCUPIED,2026-06-07,44,2026-06-07,44,1,4.141,0.099,0.069
6,SPIKE_OCCUPIED,MEDIUM,False,,OCCUPIED,2026-06-07,45,2026-06-07,45,1,4.032,0.088,0.057
6,SPIKE_OCCUPIED,MEDIUM,False,,OCCUPIED,2026-06-07,46,2026-06-07,46,1,3.945,0.085,0.058
6,SPIKE_OCCUPIED,MEDIUM,False,,OCCUPIED,2026-06-07,47,2026-06-07,47,1,3.949,0.075,0.05
6,SPIKE_OCCUPIED,MEDIUM,False,,OCCUPIED,2026-06-11,41,2026-06-11,41,1,0.743,0.2045,0.132
6,SPIKE_OCCUPIED,MEDIUM,False,,OCCUPIED,2026-06-13,0,2026-06-13,0,1,3.79,0.089,0.068
6,SPIKE_OCCUPIED,MEDIUM,False,,OCCUPIED,2026-06-13,1,2026-06-13,1,1,3.819,0.09,0.069
6,SPIKE_OCCUPIED,MEDIUM,False,,OCCUPIED,2026-06-13,2,2026-06-13,2,1,3.835,0.08,0.06
6,SPIKE_OCCUPIED,MEDIUM,False,,OCCUPIED,2026-06-13,3,2026-06-13,3,1,3.839,0.089,0.067
6,SPIKE_OCCUPIED,MEDIUM,False,,OCCUPIED,2026-06-13,4,2026-06-13,4,1,3.862,0.081,0.06
6,SPIKE_OCCUPIED,MEDIUM,False,,OCCUPIED,2026-06-13,5,2026-06-13,5,1,3.832,0.073,0.056
6,SPIKE_OCCUPIED,MEDIUM,False,,OCCUPIED,2026-06-13,6,2026-06-13,6,1,3.85,0.078,0.056
6,SPIKE_OCCUPIED,MEDIUM,False,,OCCUPIED,2026-06-13,7,2026-06-13,7,1,3.863,0.062,0.05
6,SPIKE_OCCUPIED,MEDIUM,False,,OCCUPIED,2026-06-13,8,2026-06-13,8,1,3.853,0.062,0.05
6,SPIKE_OCCUPIED,MEDIUM,False,,OCCUPIED,2026-06-13,9,2026-06-13,9,1,3.816,0.062,0.05
6,SPIKE_OCCUPIED,MEDIUM,False,,OCCUPIED,2026-06-13,10,2026-06-13,10,1,1.144,0.059,0.05
6,SPIKE_OCCUPIED,MEDIUM,False,,OCCUPIED,2026-06-13,20,2026-06-13,20,1,1.123,0.105,0.09
6,SPIKE_OCCUPIED,MEDIUM,False,,OCCUPIED,2026-06-13,21,2026-06-13,21,1,1.362,0.1,0.093
6,SPIKE_OCCUPIED,MEDIUM,False,,OCCUPIED,2026-06-13,22,2026-06-13,22,1,1.383,0.107,0.091
6,SPIKE_OCCUPIED,MEDIUM,False,,OCCUPIED,2026-06-13,23,2026-06-13,23,1,1.379,0.117,0.111
6,SPIKE_OCCUPIED,MEDIUM,False,,OCCUPIED,2026-06-13,24,2026-06-13,24,1,1.41,0.097,0.095
6,SPIKE_OCCUPIED,MEDIUM,False,,OCCUPIED,2026-06-13,25,2026-06-13,25,1,1.383,0.076,0.075
6,SPIKE_OCCUPIED,MEDIUM,False,,OCCUPIED,2026-06-13,26,2026-06-13,26,1,1.393,0.107,0.102
6,SPIKE_OCCUPIED,MEDIUM,False,,OCCUPIED,2026-06-13,27,2026-06-13,27,1,1.378,0.094,0.093
6,SPIKE_OCCUPIED,MEDIUM,False,,OCCUPIED,2026-06-13,28,2026-06-13,28,1,1.329,0.101,0.085
6,SPIKE_OCCUPIED,MEDIUM,False,,OCCUPIED,2026-06-13,29,2026-06-13,29,1,1.322,0.099,0.089
6,SPIKE_OCCUPIED,MEDIUM,False,,OCCUPIED,2026-06-13,30,2026-06-13,30,1,1.295,0.087,0.082
6,SPIKE_OCCUPIED,MEDIUM,False,,OCCUPIED,2026-06-13,31,2026-06-13,31,1,1.395,0.08,0.078
6,SPIKE_OCCUPIED,MEDIUM,False,,OCCUPIED,2026-06-13,32,2026-06-13,32,1,1.087,0.098,0.096
6,SPIKE_OCCUPIED,MEDIUM,False,,OCCUPIED,2026-06-14,32,2026-06-14,32,1,0.586,0.132,0.102
6,SPIKE_OCCUPIED,MEDIUM,False,,OCCUPIED,2026-06-16,24,2026-06-16,24,1,0.649,0.104,0.086
6,SPIKE_OCCUPIED,MEDIUM,False,,OCCUPIED,2026-06-16,32,2026-06-16,32,1,1.088,0.121,0.095
6,SPIKE_OCCUPIED,MEDIUM,False,,OCCUPIED,2026-06-17,13,2026-06-17,13,1,0.392,0.089,0.06
6,SPIKE_OCCUPIED,MEDIUM,False,,OCCUPIED,2026-06-17,14,2026-06-17,14,1,0.905,0.101,0.08
6,SPIKE_OCCUPIED,MEDIUM,False,,OCCUPIED,2026-06-17,18,2026-06-17,18,1,0.697,0.122,0.096
6,SPIKE_OCCUPIED,MEDIUM,False,,OCCUPIED,2026-06-17,34,2026-06-17,34,1,0.912,0.175,0.142
6,SPIKE_OCCUPIED,MEDIUM,False,,OCCUPIED,2026-06-17,36,2026-06-17,36,1,1.066,0.193,0.174
6,SPIKE_OCCUPIED,MEDIUM,False,,OCCUPIED,2026-06-17,43,2026-06-17,43,1,1.0,0.164,0.106
6,SPIKE_OCCUPIED,MEDIUM,False,,OCCUPIED,2026-06-17,44,2026-06-17,44,1,1.057,0.129,0.099
6,SPIKE_OCCUPIED,MEDIUM,False,,OCCUPIED,2026-06-17,46,2026-06-17,46,1,0.556,0.092,0.07
6,SPIKE_OCCUPIED,MEDIUM,False,,OCCUPIED,2026-06-18,1,2026-06-18,1,1,3.408,0.0895,0.058
6,SPIKE_OCCUPIED,MEDIUM,False,,OCCUPIED,2026-06-18,2,2026-06-18,2,1,3.522,0.083,0.056
6,SPIKE_OCCUPIED,MEDIUM,False,,OCCUPIED,2026-06-18,3,2026-06-18,3,1,3.565,0.0775,0.0525
6,SPIKE_OCCUPIED,MEDIUM,False,,OCCUPIED,2026-06-18,4,2026-06-18,4,1,3.491,0.076,0.05
6,SPIKE_OCCUPIED,MEDIUM,False,,OCCUPIED,2026-06-18,5,2026-06-18,5,1,3.519,0.069,0.05
6,SPIKE_OCCUPIED,MEDIUM,False,,OCCUPIED,2026-06-18,6,2026-06-18,6,1,3.503,0.066,0.05
6,SPIKE_OCCUPIED,MEDIUM,False,,OCCUPIED,2026-06-18,7,2026-06-18,7,1,3.426,0.064,0.05
6,SPIKE_OCCUPIED,MEDIUM,False,,OCCUPIED,2026-06-18,8,2026-06-18,8,1,0.569,0.063,0.05
6,SPIKE_OCCUPIED,MEDIUM,False,,OCCUPIED,2026-06-18,10,2026-06-18,10,1,0.272,0.061,0.05
6,SPIKE_OCCUPIED,MEDIUM,False,,OCCUPIED,2026-06-18,11,2026-06-18,11,1,0.596,0.0775,0.0545
6,SPIKE_OCCUPIED,MEDIUM,False,,OCCUPIED,2026-06-18,12,2026-06-18,12,1,0.487,0.0945,0.0595
6,SPIKE_OCCUPIED,MEDIUM,False,,OCCUPIED,2026-06-18,14,2026-06-18,14,1,0.543,0.1225,0.0975
6,SPIKE_OCCUPIED,MEDIUM,False,,OCCUPIED,2026-06-18,20,2026-06-18,20,1,0.945,0.1125,0.0795
6,SPIKE_OCCUPIED,MEDIUM,False,,OCCUPIED,2026-06-18,21,2026-06-18,21,1,0.964,0.109,0.0775
6,SPIKE_OCCUPIED,MEDIUM,False,,OCCUPIED,2026-06-18,27,2026-06-18,27,1,0.71,0.125,0.101
6,SPIKE_OCCUPIED,MEDIUM,False,,OCCUPIED,2026-06-18,30,2026-06-18,30,1,0.575,0.1315,0.1005
6,SPIKE_OCCUPIED,MEDIUM,False,,OCCUPIED,2026-06-18,33,2026-06-18,33,1,0.827,0.152,0.1175
6,SPIKE_OCCUPIED,MEDIUM,False,,OCCUPIED,2026-06-19,8,2026-06-19,8,1,0.297,0.07,0.0505
6,SPIKE_OCCUPIED,MEDIUM,False,,OCCUPIED,2026-06-20,0,2026-06-20,0,1,0.519,0.089,0.068
6,SPIKE_OCCUPIED,MEDIUM,False,,OCCUPIED,2026-06-20,1,2026-06-20,1,1,0.429,0.09,0.069
6,SPIKE_OCCUPIED,MEDIUM,False,,OCCUPIED,2026-06-20,2,2026-06-20,2,1,0.455,0.08,0.06
6,SPIKE_OCCUPIED,MEDIUM,False,,OCCUPIED,2026-06-20,3,2026-06-20,3,1,0.418,0.089,0.067
6,SPIKE_OCCUPIED,MEDIUM,False,,OCCUPIED,2026-06-20,4,2026-06-20,4,1,0.446,0.081,0.06
6,SPIKE_OCCUPIED,MEDIUM,False,,OCCUPIED,2026-06-20,5,2026-06-20,5,1,0.41,0.073,0.056
6,SPIKE_OCCUPIED,MEDIUM,False,,OCCUPIED,2026-06-20,22,2026-06-20,22,1,0.518,0.107,0.091
6,SPIKE_OCCUPIED,MEDIUM,False,,OCCUPIED,2026-06-20,24,2026-06-20,24,1,0.728,0.097,0.095
6,SPIKE_OCCUPIED,MEDIUM,False,,OCCUPIED,2026-06-20,25,2026-06-20,25,1,0.471,0.076,0.075
6,SPIKE_OCCUPIED,MEDIUM,False,,OCCUPIED,2026-06-22,0,2026-06-22,0,1,0.324,0.0705,0.05
6,SPIKE_OCCUPIED,MEDIUM,False,,OCCUPIED,2026-06-23,22,2026-06-23,22,1,0.741,0.107,0.093
6,SPIKE_OCCUPIED,MEDIUM,False,,OCCUPIED,2026-06-23,23,2026-06-23,23,1,1.704,0.101,0.094
6,SPIKE_OCCUPIED,MEDIUM,False,,OCCUPIED,2026-06-23,24,2026-06-23,24,1,1.734,0.104,0.086
6,SPIKE_OCCUPIED,MEDIUM,False,,OCCUPIED,2026-06-23,25,2026-06-23,25,1,1.583,0.117,0.1
6,SPIKE_OCCUPIED,MEDIUM,False,,OCCUPIED,2026-06-23,26,2026-06-23,26,1,1.267,0.128,0.103
6,SPIKE_OCCUPIED,MEDIUM,False,,OCCUPIED,2026-06-23,27,2026-06-23,27,1,1.267,0.111,0.09
6,SPIKE_OCCUPIED,MEDIUM,False,,OCCUPIED,2026-06-23,28,2026-06-23,28,1,1.242,0.114,0.093
6,SPIKE_OCCUPIED,MEDIUM,False,,OCCUPIED,2026-06-23,29,2026-06-23,29,1,1.249,0.109,0.095
6,SPIKE_OCCUPIED,MEDIUM,False,,OCCUPIED,2026-06-23,30,2026-06-23,30,1,1.197,0.107,0.088
6,SPIKE_OCCUPIED,MEDIUM,False,,OCCUPIED,2026-06-23,31,2026-06-23,31,1,1.206,0.096,0.08
6,SPIKE_OCCUPIED,MEDIUM,False,,OCCUPIED,2026-06-23,32,2026-06-23,32,1,0.924,0.121,0.095
6,SPIKE_OCCUPIED,MEDIUM,False,,OCCUPIED,2026-06-24,5,2026-06-24,5,1,0.305,0.057,0.05
6,SPIKE_OCCUPIED,MEDIUM,False,,OCCUPIED,2026-06-24,23,2026-06-24,23,1,0.681,0.116,0.098
6,SPIKE_OCCUPIED,MEDIUM,False,,OCCUPIED,2026-06-24,24,2026-06-24,24,1,0.856,0.109,0.095
6,SPIKE_OCCUPIED,MEDIUM,False,,OCCUPIED,2026-06-24,25,2026-06-24,25,1,0.666,0.125,0.094
6,SPIKE_OCCUPIED,MEDIUM,False,,OCCUPIED,2026-06-24,26,2026-06-24,26,1,0.749,0.134,0.105
6,SPIKE_OCCUPIED,MEDIUM,False,,OCCUPIED,2026-06-24,32,2026-06-24,32,1,0.631,0.116,0.095
6,SPIKE_OCCUPIED,MEDIUM,False,,OCCUPIED,2026-06-25,11,2026-06-25,11,1,0.39,0.0775,0.0545
6,SPIKE_OCCUPIED,MEDIUM,False,,OCCUPIED,2026-06-27,0,2026-06-27,0,1,1.028,0.089,0.068
6,SPIKE_OCCUPIED,MEDIUM,False,,OCCUPIED,2026-06-27,1,2026-06-27,1,1,1.005,0.09,0.069
6,SPIKE_OCCUPIED,MEDIUM,False,,OCCUPIED,2026-06-27,2,2026-06-27,2,1,0.999,0.08,0.06
6,SPIKE_OCCUPIED,MEDIUM,False,,OCCUPIED,2026-06-27,3,2026-06-27,3,1,1.002,0.089,0.067
6,SPIKE_OCCUPIED,MEDIUM,False,,OCCUPIED,2026-06-27,4,2026-06-27,4,1,1.003,0.081,0.06
6,SPIKE_OCCUPIED,MEDIUM,False,,OCCUPIED,2026-06-27,5,2026-06-27,5,1,1.002,0.073,0.056
6,SPIKE_OCCUPIED,MEDIUM,False,,OCCUPIED,2026-06-27,6,2026-06-27,6,1,1.004,0.078,0.056
6,SPIKE_OCCUPIED,MEDIUM,False,,OCCUPIED,2026-06-27,7,2026-06-27,7,1,1.025,0.062,0.05
6,SPIKE_OCCUPIED,MEDIUM,False,,OCCUPIED,2026-06-27,8,2026-06-27,8,1,1.001,0.062,0.05
6,SPIKE_OCCUPIED,MEDIUM,False,,OCCUPIED,2026-06-27,9,2026-06-27,9,1,1.001,0.062,0.05
6,SPIKE_OCCUPIED,MEDIUM,False,,OCCUPIED,2026-06-27,10,2026-06-27,10,1,1.001,0.059,0.05
6,SPIKE_OCCUPIED,MEDIUM,False,,OCCUPIED,2026-06-27,11,2026-06-27,11,1,1.002,0.057,0.05
6,SPIKE_OCCUPIED,MEDIUM,False,,OCCUPIED,2026-06-27,12,2026-06-27,12,1,1.001,0.052,0.05
6,SPIKE_OCCUPIED,MEDIUM,False,,OCCUPIED,2026-06-27,13,2026-06-27,13,1,1.028,0.055,0.05
6,SPIKE_OCCUPIED,MEDIUM,False,,OCCUPIED,2026-06-27,14,2026-06-27,14,1,1.02,0.081,0.064
6,SPIKE_OCCUPIED,MEDIUM,False,,OCCUPIED,2026-06-27,15,2026-06-27,15,1,1.088,0.093,0.075
6,SPIKE_OCCUPIED,MEDIUM,False,,OCCUPIED,2026-06-27,16,2026-06-27,16,1,1.063,0.114,0.095
6,SPIKE_OCCUPIED,MEDIUM,False,,OCCUPIED,2026-06-27,17,2026-06-27,17,1,1.079,0.121,0.107
6,SPIKE_OCCUPIED,MEDIUM,False,,OCCUPIED,2026-06-27,18,2026-06-27,18,1,1.069,0.127,0.115
6,SPIKE_OCCUPIED,MEDIUM,False,,OCCUPIED,2026-06-27,19,2026-06-27,19,1,1.037,0.142,0.128
6,SPIKE_OCCUPIED,MEDIUM,False,,OCCUPIED,2026-06-27,20,2026-06-27,20,1,1.096,0.105,0.09
6,SPIKE_OCCUPIED,MEDIUM,False,,OCCUPIED,2026-06-27,21,2026-06-27,21,1,1.086,0.1,0.093
6,SPIKE_OCCUPIED,MEDIUM,False,,OCCUPIED,2026-06-27,22,2026-06-27,22,1,1.061,0.107,0.091
6,SPIKE_OCCUPIED,MEDIUM,False,,OCCUPIED,2026-06-27,23,2026-06-27,23,1,1.075,0.117,0.111
6,SPIKE_OCCUPIED,MEDIUM,False,,OCCUPIED,2026-06-27,24,2026-06-27,24,1,1.099,0.097,0.095
6,SPIKE_OCCUPIED,MEDIUM,False,,OCCUPIED,2026-06-27,25,2026-06-27,25,1,1.057,0.076,0.075
6,SPIKE_OCCUPIED,MEDIUM,False,,OCCUPIED,2026-06-27,26,2026-06-27,26,1,1.129,0.107,0.102
6,SPIKE_OCCUPIED,MEDIUM,False,,OCCUPIED,2026-06-27,27,2026-06-27,27,1,1.094,0.094,0.093
6,SPIKE_OCCUPIED,MEDIUM,False,,OCCUPIED,2026-06-27,28,2026-06-27,28,1,1.14,0.101,0.085
6,SPIKE_OCCUPIED,MEDIUM,False,,OCCUPIED,2026-06-27,29,2026-06-27,29,1,1.131,0.099,0.089
6,SPIKE_OCCUPIED,MEDIUM,False,,OCCUPIED,2026-06-27,30,2026-06-27,30,1,1.079,0.087,0.082
6,SPIKE_OCCUPIED,MEDIUM,False,,OCCUPIED,2026-06-27,31,2026-06-27,31,1,1.153,0.08,0.078
6,SPIKE_OCCUPIED,MEDIUM,False,,OCCUPIED,2026-06-27,32,2026-06-27,32,1,1.08,0.098,0.096
6,SPIKE_OCCUPIED,MEDIUM,False,,OCCUPIED,2026-06-27,33,2026-06-27,33,1,1.16,0.125,0.112
6,SPIKE_OCCUPIED,MEDIUM,False,,OCCUPIED,2026-06-27,34,2026-06-27,34,1,1.194,0.125,0.111
6,SPIKE_OCCUPIED,MEDIUM,False,,OCCUPIED,2026-06-27,35,2026-06-27,35,1,1.148,0.161,0.148
6,SPIKE_OCCUPIED,MEDIUM,False,,OCCUPIED,2026-06-27,36,2026-06-27,36,1,1.179,0.197,0.173
6,SPIKE_OCCUPIED,MEDIUM,False,,OCCUPIED,2026-06-27,37,2026-06-27,37,1,1.178,0.189,0.171
6,SPIKE_OCCUPIED,MEDIUM,False,,OCCUPIED,2026-06-27,38,2026-06-27,38,1,1.133,0.176,0.152
6,SPIKE_OCCUPIED,MEDIUM,False,,OCCUPIED,2026-06-27,39,2026-06-27,39,1,1.134,0.163,0.143
6,SPIKE_OCCUPIED,MEDIUM,False,,OCCUPIED,2026-06-27,40,2026-06-27,40,1,1.13,0.18,0.156
6,SPIKE_OCCUPIED,MEDIUM,False,,OCCUPIED,2026-06-27,41,2026-06-27,41,1,1.215,0.178,0.148
6,SPIKE_OCCUPIED,MEDIUM,False,,OCCUPIED,2026-06-27,42,2026-06-27,42,1,1.083,0.133,0.11
6,SPIKE_OCCUPIED,MEDIUM,False,,OCCUPIED,2026-06-27,43,2026-06-27,43,1,1.06,0.126,0.107
6,SPIKE_OCCUPIED,MEDIUM,False,,OCCUPIED,2026-06-27,44,2026-06-27,44,1,1.005,0.123,0.098
6,SPIKE_OCCUPIED,MEDIUM,False,,OCCUPIED,2026-06-27,45,2026-06-27,45,1,1.02,0.117,0.096
6,SPIKE_OCCUPIED,MEDIUM,False,,OCCUPIED,2026-06-27,46,2026-06-27,46,1,1.053,0.109,0.086
6,SPIKE_OCCUPIED,MEDIUM,False,,OCCUPIED,2026-06-27,47,2026-06-27,47,1,1.031,0.094,0.073
6,SPIKE_OCCUPIED,MEDIUM,False,,OCCUPIED,2026-06-28,20,2026-06-28,20,1,0.672,0.108,0.08
6,SPIKE_OCCUPIED,MEDIUM,False,,OCCUPIED,2026-06-28,21,2026-06-28,21,1,0.782,0.113,0.083
6,SPIKE_OCCUPIED,MEDIUM,False,,OCCUPIED,2026-06-28,22,2026-06-28,22,1,0.533,0.107,0.079
6,SPIKE_OCCUPIED,MEDIUM,False,,OCCUPIED,2026-06-28,27,2026-06-28,27,1,0.415,0.103,0.075
6,SPIKE_OCCUPIED,MEDIUM,False,,OCCUPIED,2026-06-29,2,2026-06-29,2,1,0.293,0.0765,0.0525
6,SPIKE_OCCUPIED,MEDIUM,False,,OCCUPIED,2026-06-30,6,2026-06-30,6,1,0.395,0.06,0.05
6,SPIKE_OCCUPIED,MEDIUM,False,,OCCUPIED,2026-06-30,7,2026-06-30,7,1,1.221,0.057,0.05
6,SPIKE_OCCUPIED,MEDIUM,False,,OCCUPIED,2026-06-30,30,2026-06-30,30,1,0.764,0.107,0.088
6,SPIKE_OCCUPIED,MEDIUM,False,,OCCUPIED,2026-06-30,31,2026-06-30,31,1,2.036,0.096,0.08
6,SPIKE_OCCUPIED,MEDIUM,False,,OCCUPIED,2026-06-30,32,2026-06-30,32,1,5.046,0.121,0.095
6,SPIKE_OCCUPIED,MEDIUM,False,,OCCUPIED,2026-06-30,33,2026-06-30,33,1,5.345,0.125,0.095
6,SPIKE_OCCUPIED,MEDIUM,False,,OCCUPIED,2026-06-30,34,2026-06-30,34,1,4.867,0.16,0.138
6,SPIKE_OCCUPIED,MEDIUM,False,,OCCUPIED,2026-06-30,35,2026-06-30,35,1,4.555,0.187,0.164
6,SPIKE_OCCUPIED,MEDIUM,False,,OCCUPIED,2026-06-30,36,2026-06-30,36,1,4.932,0.24,0.197
6,SPIKE_OCCUPIED,MEDIUM,False,,OCCUPIED,2026-06-30,37,2026-06-30,37,1,5.448,0.221,0.182
6,SPIKE_OCCUPIED,MEDIUM,False,,OCCUPIED,2026-06-30,38,2026-06-30,38,1,4.498,0.209,0.156
6,SPIKE_OCCUPIED,MEDIUM,False,,OCCUPIED,2026-06-30,39,2026-06-30,39,1,4.054,0.196,0.138
6,SPIKE_OCCUPIED,MEDIUM,False,,OCCUPIED,2026-06-30,40,2026-06-30,40,1,2.655,0.157,0.116
6,SPIKE_OCCUPIED,MEDIUM,False,,OCCUPIED,2026-06-30,44,2026-06-30,44,1,0.648,0.12,0.083
6,SPIKE_OCCUPIED,MEDIUM,False,,OCCUPIED,2026-06-30,45,2026-06-30,45,1,0.805,0.094,0.072
6,SPIKE_OCCUPIED,MEDIUM,False,,OCCUPIED,2026-07-01,9,2026-07-01,9,1,0.317,0.059,0.05
6,SPIKE_OCCUPIED,MEDIUM,False,,OCCUPIED,2026-07-01,45,2026-07-01,45,1,0.435,0.11,0.07
6,SPIKE_OCCUPIED,MEDIUM,False,,OCCUPIED,2026-07-03,30,2026-07-03,30,1,0.692,0.1,0.0965
6,SPIKE_OCCUPIED,MEDIUM,False,,OCCUPIED,2026-07-03,31,2026-07-03,31,1,0.76,0.1085,0.08
6,SPIKE_OCCUPIED,MEDIUM,False,,OCCUPIED,2026-07-05,22,2026-07-05,22,1,0.641,0.107,0.079
6,SPIKE_OCCUPIED,MEDIUM,False,,OCCUPIED,2026-07-05,23,2026-07-05,23,1,0.406,0.09,0.077
6,SPIKE_OCCUPIED,MEDIUM,False,,OCCUPIED,2026-07-05,24,2026-07-05,24,1,0.463,0.095,0.071
6,SPIKE_OCCUPIED,MEDIUM,False,,OCCUPIED,2026-07-05,26,2026-07-05,26,1,0.508,0.097,0.078
6,SPIKE_OCCUPIED,MEDIUM,False,,OCCUPIED,2026-07-05,27,2026-07-05,27,1,0.5,0.103,0.075
6,SPIKE_OCCUPIED,MEDIUM,False,,OCCUPIED,2026-07-05,28,2026-07-05,28,1,0.474,0.095,0.083
6,SPIKE_OCCUPIED,MEDIUM,False,,OCCUPIED,2026-07-05,29,2026-07-05,29,1,0.483,0.116,0.091
6,SPIKE_OCCUPIED,MEDIUM,False,,OCCUPIED,2026-07-05,30,2026-07-05,30,1,0.496,0.097,0.076
6,SPIKE_OCCUPIED,MEDIUM,False,,OCCUPIED,2026-07-05,31,2026-07-05,31,1,0.517,0.118,0.082
6,SPIKE_OCCUPIED,MEDIUM,False,,OCCUPIED,2026-07-05,46,2026-07-05,46,1,0.381,0.085,0.058
6,SPIKE_OCCUPIED,MEDIUM,False,,OCCUPIED,2026-07-05,47,2026-07-05,47,1,0.442,0.075,0.05
6,SPIKE_OCCUPIED,MEDIUM,False,,OCCUPIED,2026-07-07,33,2026-07-07,33,1,0.788,0.125,0.095
6,SPIKE_OCCUPIED,MEDIUM,False,,OCCUPIED,2026-07-07,34,2026-07-07,34,1,0.855,0.16,0.138
6,SPIKE_OCCUPIED,MEDIUM,False,,OCCUPIED,2026-07-07,45,2026-07-07,45,1,0.416,0.094,0.072
6,SPIKE_OCCUPIED,MEDIUM,False,,OCCUPIED,2026-07-07,46,2026-07-07,46,1,0.386,0.083,0.061
6,SPIKE_OCCUPIED,MEDIUM,False,,OCCUPIED,2026-07-08,0,2026-07-08,0,1,5.565,0.07,0.05
6,SPIKE_OCCUPIED,MEDIUM,False,,OCCUPIED,2026-07-08,1,2026-07-08,1,1,5.145,0.071,0.05
6,SPIKE_OCCUPIED,MEDIUM,False,,OCCUPIED,2026-07-08,2,2026-07-08,2,1,5.127,0.072,0.05
6,SPIKE_OCCUPIED,MEDIUM,False,,OCCUPIED,2026-07-08,3,2026-07-08,3,1,4.188,0.061,0.05
6,SPIKE_OCCUPIED,MEDIUM,False,,OCCUPIED,2026-07-08,4,2026-07-08,4,1,3.719,0.069,0.05
6,SPIKE_OCCUPIED,MEDIUM,False,,OCCUPIED,2026-07-08,5,2026-07-08,5,1,3.782,0.057,0.05
6,SPIKE_OCCUPIED,MEDIUM,False,,OCCUPIED,2026-07-08,6,2026-07-08,6,1,3.857,0.056,0.05
6,SPIKE_OCCUPIED,MEDIUM,False,,OCCUPIED,2026-07-08,7,2026-07-08,7,1,3.865,0.063,0.05
6,SPIKE_OCCUPIED,MEDIUM,False,,OCCUPIED,2026-07-08,8,2026-07-08,8,1,4.419,0.062,0.05
6,SPIKE_OCCUPIED,MEDIUM,False,,OCCUPIED,2026-07-08,47,2026-07-08,47,1,4.638,0.097,0.069
6,SPIKE_OCCUPIED,MEDIUM,False,,OCCUPIED,2026-07-10,29,2026-07-10,29,1,0.643,0.1025,0.093
6,SPIKE_OCCUPIED,MEDIUM,False,,OCCUPIED,2026-07-10,30,2026-07-10,30,1,1.741,0.1,0.0965
6,SPIKE_OCCUPIED,MEDIUM,False,,OCCUPIED,2026-07-10,43,2026-07-10,43,1,1.615,0.1385,0.1035
6,SPIKE_OCCUPIED,MEDIUM,False,,OCCUPIED,2026-07-10,46,2026-07-10,46,1,0.39,0.094,0.0715
6,SPIKE_OCCUPIED,MEDIUM,False,,OCCUPIED,2026-07-11,18,2026-07-11,18,1,0.907,0.127,0.115
6,SPIKE_OCCUPIED,MEDIUM,False,,OCCUPIED,2026-07-13,12,2026-07-13,12,1,0.301,0.071,0.052
6,SPIKE_OCCUPIED,MEDIUM,False,,OCCUPIED,2026-07-13,32,2026-07-13,32,1,0.842,0.114,0.0905
6,SPIKE_OCCUPIED,MEDIUM,False,,OCCUPIED,2026-07-13,33,2026-07-13,33,1,0.588,0.1395,0.1085
6,SPIKE_OCCUPIED,MEDIUM,False,,OCCUPIED,2026-07-13,45,2026-07-13,45,1,0.438,0.101,0.073
6,SPIKE_OCCUPIED,MEDIUM,False,,OCCUPIED,2026-07-14,0,2026-07-14,0,1,0.303,0.076,0.054
6,SPIKE_OCCUPIED,MEDIUM,False,,OCCUPIED,2026-07-17,2,2026-07-17,2,1,1.229,0.0855,0.064
6,SPIKE_OCCUPIED,MEDIUM,False,,OCCUPIED,2026-07-17,3,2026-07-17,3,1,1.403,0.0915,0.0685
6,SPIKE_OCCUPIED,MEDIUM,False,,OCCUPIED,2026-07-17,4,2026-07-17,4,1,1.53,0.0745,0.0525
6,SPIKE_OCCUPIED,MEDIUM,False,,OCCUPIED,2026-07-17,5,2026-07-17,5,1,0.764,0.0745,0.054
6,SPIKE_OCCUPIED,MEDIUM,False,,OCCUPIED,2026-07-19,36,2026-07-19,36,1,1.215,0.209,0.167
6,SPIKE_OCCUPIED,MEDIUM,False,,OCCUPIED,2026-07-19,40,2026-07-19,40,1,0.794,0.198,0.128
6,SPIKE_OCCUPIED,MEDIUM,False,,OCCUPIED,2026-07-19,42,2026-07-19,42,1,0.71,0.131,0.096
6,SPIKE_OCCUPIED,MEDIUM,False,,OCCUPIED,2026-07-19,43,2026-07-19,43,1,0.751,0.106,0.072
6,SPIKE_OCCUPIED,MEDIUM,False,,OCCUPIED,2026-07-19,44,2026-07-19,44,1,0.538,0.099,0.069
6,SPIKE_OCCUPIED,MEDIUM,False,,OCCUPIED,2026-07-19,46,2026-07-19,46,1,0.35,0.085,0.058
6,SPIKE_OCCUPIED,MEDIUM,False,,OCCUPIED,2026-07-20,4,2026-07-20,4,1,1.054,0.073,0.05
6,SPIKE_OCCUPIED,MEDIUM,False,,OCCUPIED,2026-07-21,17,2026-07-21,17,1,0.691,0.123,0.104
6,SPIKE_OCCUPIED,MEDIUM,False,,OCCUPIED,2026-07-21,18,2026-07-21,18,1,1.095,0.114,0.099
6,SPIKE_OCCUPIED,MEDIUM,False,,OCCUPIED,2026-07-22,12,2026-07-22,12,1,0.373,0.067,0.051
6,SPIKE_OCCUPIED,MEDIUM,False,,OCCUPIED,2026-07-22,13,2026-07-22,13,1,0.455,0.089,0.06
6,SPIKE_OCCUPIED,MEDIUM,False,,OCCUPIED,2026-07-22,23,2026-07-22,23,1,0.819,0.116,0.098
6,SPIKE_OCCUPIED,MEDIUM,False,,OCCUPIED,2026-07-22,32,2026-07-22,32,1,0.63,0.116,0.095
6,SPIKE_OCCUPIED,MEDIUM,False,,OCCUPIED,2026-07-22,33,2026-07-22,33,1,1.872,0.13,0.106
6,SPIKE_OCCUPIED,MEDIUM,False,,OCCUPIED,2026-07-23,1,2026-07-23,1,1,0.354,0.0895,0.058
6,SPIKE_OCCUPIED,MEDIUM,False,,OCCUPIED,2026-07-23,13,2026-07-23,13,1,0.602,0.101,0.0715
6,SPIKE_OCCUPIED,MEDIUM,False,,OCCUPIED,2026-07-23,14,2026-07-23,14,1,0.675,0.1225,0.0975
6,SPIKE_OCCUPIED,MEDIUM,False,,OCCUPIED,2026-07-24,0,2026-07-24,0,1,0.553,0.1085,0.0845
6,SPIKE_OCCUPIED,MEDIUM,False,,OCCUPIED,2026-07-24,1,2026-07-24,1,1,0.524,0.1,0.0755
6,SPIKE_OCCUPIED,MEDIUM,False,,OCCUPIED,2026-07-24,2,2026-07-24,2,1,0.811,0.0855,0.064
6,SPIKE_OCCUPIED,MEDIUM,False,,OCCUPIED,2026-07-24,3,2026-07-24,3,1,0.493,0.0915,0.0685
6,SPIKE_OCCUPIED,MEDIUM,False,,OCCUPIED,2026-07-24,4,2026-07-24,4,1,0.532,0.0745,0.0525
6,SPIKE_OCCUPIED,MEDIUM,False,,OCCUPIED,2026-07-24,5,2026-07-24,5,1,0.507,0.0745,0.054
6,SPIKE_OCCUPIED,MEDIUM,False,,OCCUPIED,2026-07-24,6,2026-07-24,6,1,0.849,0.0625,0.05
6,SPIKE_OCCUPIED,MEDIUM,False,,OCCUPIED,2026-07-24,7,2026-07-24,7,1,0.507,0.073,0.051
6,SPIKE_OCCUPIED,MEDIUM,False,,OCCUPIED,2026-07-24,8,2026-07-24,8,1,0.522,0.07,0.0505
6,SPIKE_OCCUPIED,MEDIUM,False,,OCCUPIED,2026-07-24,9,2026-07-24,9,1,0.498,0.073,0.05
6,SPIKE_OCCUPIED,MEDIUM,False,,OCCUPIED,2026-07-24,10,2026-07-24,10,1,0.51,0.0695,0.05
6,SPIKE_OCCUPIED,MEDIUM,False,,OCCUPIED,2026-07-24,11,2026-07-24,11,1,0.83,0.069,0.051
6,SPIKE_OCCUPIED,MEDIUM,False,,OCCUPIED,2026-07-24,12,2026-07-24,12,1,0.506,0.0735,0.053
6,SPIKE_OCCUPIED,MEDIUM,False,,OCCUPIED,2026-07-24,13,2026-07-24,13,1,0.494,0.0885,0.064
6,SPIKE_OCCUPIED,MEDIUM,False,,OCCUPIED,2026-07-24,14,2026-07-24,14,1,0.499,0.105,0.09
6,SPIKE_OCCUPIED,MEDIUM,False,,OCCUPIED,2026-07-24,15,2026-07-24,15,1,0.892,0.1075,0.0915
6,SPIKE_OCCUPIED,MEDIUM,False,,OCCUPIED,2026-07-24,16,2026-07-24,16,1,0.585,0.1315,0.1015
6,SPIKE_OCCUPIED,MEDIUM,False,,OCCUPIED,2026-07-24,17,2026-07-24,17,1,0.57,0.113,0.091
6,SPIKE_OCCUPIED,MEDIUM,False,,OCCUPIED,2026-07-24,18,2026-07-24,18,1,0.677,0.135,0.113
6,SPIKE_OCCUPIED,MEDIUM,False,,OCCUPIED,2026-07-24,19,2026-07-24,19,1,0.986,0.133,0.108
6,SPIKE_OCCUPIED,MEDIUM,False,,OCCUPIED,2026-07-24,20,2026-07-24,20,1,0.551,0.1055,0.0945
6,SPIKE_OCCUPIED,MEDIUM,False,,OCCUPIED,2026-07-24,21,2026-07-24,21,1,1.34,0.097,0.083
6,SPIKE_OCCUPIED,MEDIUM,False,,OCCUPIED,2026-07-24,22,2026-07-24,22,1,0.698,0.091,0.0815
6,SPIKE_OCCUPIED,MEDIUM,False,,OCCUPIED,2026-07-24,23,2026-07-24,23,1,1.08,0.1005,0.0935
6,SPIKE_OCCUPIED,MEDIUM,False,,OCCUPIED,2026-07-24,24,2026-07-24,24,1,1.241,0.09,0.079
6,SPIKE_OCCUPIED,MEDIUM,False,,OCCUPIED,2026-07-24,25,2026-07-24,25,1,0.591,0.1015,0.0945
6,SPIKE_OCCUPIED,MEDIUM,False,,OCCUPIED,2026-07-24,26,2026-07-24,26,1,0.636,0.0965,0.0895
6,SPIKE_OCCUPIED,MEDIUM,False,,OCCUPIED,2026-07-24,27,2026-07-24,27,1,0.599,0.109,0.08
6,SPIKE_OCCUPIED,MEDIUM,False,,OCCUPIED,2026-07-24,28,2026-07-24,28,1,0.615,0.0795,0.0605
6,SPIKE_OCCUPIED,MEDIUM,False,,OCCUPIED,2026-07-24,29,2026-07-24,29,1,0.9,0.1025,0.093
6,SPIKE_OCCUPIED,MEDIUM,False,,OCCUPIED,2026-07-24,30,2026-07-24,30,1,0.631,0.1,0.0965
6,SPIKE_OCCUPIED,MEDIUM,False,,OCCUPIED,2026-07-24,31,2026-07-24,31,1,0.578,0.1085,0.08
6,SPIKE_OCCUPIED,MEDIUM,False,,OCCUPIED,2026-07-24,32,2026-07-24,32,1,0.819,0.112,0.0875
6,SPIKE_OCCUPIED,MEDIUM,False,,OCCUPIED,2026-07-24,33,2026-07-24,33,1,0.624,0.125,0.0985
6,SPIKE_OCCUPIED,MEDIUM,False,,OCCUPIED,2026-07-24,36,2026-07-24,36,1,0.894,0.158,0.1325
6,SPIKE_OCCUPIED,MEDIUM,False,,OCCUPIED,2026-07-24,38,2026-07-24,38,1,1.047,0.1935,0.162
6,SPIKE_OCCUPIED,MEDIUM,False,,OCCUPIED,2026-07-24,39,2026-07-24,39,1,1.847,0.192,0.1565
6,SPIKE_OCCUPIED,MEDIUM,False,,OCCUPIED,2026-07-24,40,2026-07-24,40,1,1.043,0.194,0.1545
6,SPIKE_OCCUPIED,MEDIUM,False,,OCCUPIED,2026-07-24,41,2026-07-24,41,1,0.716,0.1735,0.131
6,SPIKE_OCCUPIED,MEDIUM,False,,OCCUPIED,2026-07-24,42,2026-07-24,42,1,0.65,0.152,0.1055
6,SPIKE_OCCUPIED,MEDIUM,False,,OCCUPIED,2026-07-24,43,2026-07-24,43,1,0.638,0.1385,0.1035
6,SPIKE_OCCUPIED,MEDIUM,False,,OCCUPIED,2026-07-24,44,2026-07-24,44,1,1.195,0.1445,0.116
6,SPIKE_OCCUPIED,MEDIUM,False,,OCCUPIED,2026-07-24,45,2026-07-24,45,1,0.618,0.1275,0.0935
6,SPIKE_OCCUPIED,MEDIUM,False,,OCCUPIED,2026-07-24,46,2026-07-24,46,1,1.029,0.094,0.0715
6,SPIKE_OCCUPIED,MEDIUM,False,,OCCUPIED,2026-07-24,47,2026-07-24,47,1,0.604,0.115,0.0895
7,FLATLINE,HIGH,True,vacancy,VACANT,2026-06-08,26,2026-06-08,31,6,0.0002,0.1085,0.083
7,FLATLINE,HIGH,True,vacancy,VACANT,2026-06-16,0,2026-06-16,10,11,0.0012,0.082,0.055
7,FLATLINE,HIGH,True,vacancy,VACANT,2026-06-16,12,2026-06-16,22,11,0.0037,0.089,0.065
7,FLATLINE,HIGH,True,vacancy,VACANT,2026-06-16,28,2026-06-16,44,17,0.0029,0.099,0.069
7,FLATLINE,HIGH,True,vacancy,VACANT,2026-06-19,9,2026-06-19,45,37,0.0001,0.0855,0.0525
7,FLATLINE,HIGH,True,vacancy,VACANT,2026-07-02,0,2026-07-02,47,48,0.0,0.108,0.072
7,FLATLINE,HIGH,True,vacancy,VACANT,2026-07-05,11,2026-07-05,46,36,0.0024,0.091,0.06
7,FLATLINE,HIGH,True,vacancy,VACANT,2026-07-09,26,2026-07-09,31,6,0.0002,0.089,0.068
7,FLATLINE,HIGH,True,vacancy,VACANT,2026-07-10,18,2026-07-10,36,19,0.0001,0.115,0.0775
7,FLATLINE,HIGH,True,vacancy,VACANT,2026-07-11,19,2026-07-11,25,7,0.0027,0.11,0.076
7,FLATLINE,HIGH,True,vacancy,VACANT,2026-07-11,27,2026-07-11,32,6,0.0007,0.116,0.085
7,FLATLINE,HIGH,True,vacancy,VACANT,2026-07-13,22,2026-07-13,35,14,0.0042,0.1175,0.0755
7,FLATLINE,HIGH,True,vacancy,VACANT,2026-07-21,0,2026-07-21,13,14,0.0015,0.082,0.055
7,FLATLINE,HIGH,True,vacancy,VACANT,2026-07-21,16,2026-07-21,47,32,0.0013,0.124,0.095
7,FLATLINE,HIGH,True,vacancy,VACANT,2026-07-23,9,2026-07-23,15,7,0.0023,0.096,0.059
7,FLATLINE,HIGH,True,vacancy,VACANT,2026-07-23,17,2026-07-23,40,24,0.0005,0.123,0.08
7,FLATLINE,HIGH,True,vacancy,VACANT,2026-07-25,10,2026-07-25,45,36,0.0002,0.072,0.05
7,SPIKE_OCCUPIED,MEDIUM,False,,OCCUPIED,2026-05-31,0,2026-05-31,0,1,1.814,0.1105,0.0705
7,SPIKE_OCCUPIED,MEDIUM,False,,OCCUPIED,2026-05-31,3,2026-05-31,3,1,3.515,0.099,0.0625
7,SPIKE_OCCUPIED,MEDIUM,False,,OCCUPIED,2026-05-31,4,2026-05-31,4,1,4.262,0.096,0.065
7,SPIKE_OCCUPIED,MEDIUM,False,,OCCUPIED,2026-05-31,5,2026-05-31,5,1,4.192,0.095,0.062
7,SPIKE_OCCUPIED,MEDIUM,False,,OCCUPIED,2026-05-31,6,2026-05-31,6,1,3.985,0.093,0.058
7,SPIKE_OCCUPIED,MEDIUM,False,,OCCUPIED,2026-05-31,7,2026-05-31,7,1,4.299,0.096,0.057
7,SPIKE_OCCUPIED,MEDIUM,False,,OCCUPIED,2026-05-31,8,2026-05-31,8,1,3.891,0.096,0.0575
7,SPIKE_OCCUPIED,MEDIUM,False,,OCCUPIED,2026-05-31,9,2026-05-31,9,1,3.894,0.095,0.057
7,SPIKE_OCCUPIED,MEDIUM,False,,OCCUPIED,2026-05-31,10,2026-05-31,10,1,3.901,0.093,0.0585
7,SPIKE_OCCUPIED,MEDIUM,False,,OCCUPIED,2026-05-31,11,2026-05-31,11,1,3.896,0.091,0.06
7,SPIKE_OCCUPIED,MEDIUM,False,,OCCUPIED,2026-05-31,12,2026-05-31,12,1,3.915,0.082,0.057
7,SPIKE_OCCUPIED,MEDIUM,False,,OCCUPIED,2026-05-31,13,2026-05-31,13,1,3.897,0.078,0.057
7,SPIKE_OCCUPIED,MEDIUM,False,,OCCUPIED,2026-05-31,14,2026-05-31,14,1,3.089,0.0805,0.056
7,SPIKE_OCCUPIED,MEDIUM,False,,OCCUPIED,2026-05-31,24,2026-05-31,24,1,0.636,0.1285,0.0805
7,SPIKE_OCCUPIED,MEDIUM,False,,OCCUPIED,2026-05-31,25,2026-05-31,25,1,0.607,0.131,0.0885
7,SPIKE_OCCUPIED,MEDIUM,False,,OCCUPIED,2026-05-31,26,2026-05-31,26,1,0.69,0.134,0.092
7,SPIKE_OCCUPIED,MEDIUM,False,,OCCUPIED,2026-05-31,27,2026-05-31,27,1,0.736,0.1225,0.084
7,SPIKE_OCCUPIED,MEDIUM,False,,OCCUPIED,2026-05-31,46,2026-05-31,46,1,3.835,0.113,0.073
7,SPIKE_OCCUPIED,MEDIUM,False,,OCCUPIED,2026-05-31,47,2026-05-31,47,1,3.872,0.108,0.0675
7,SPIKE_OCCUPIED,MEDIUM,False,,OCCUPIED,2026-06-02,0,2026-06-02,0,1,0.339,0.082,0.055
7,SPIKE_OCCUPIED,MEDIUM,False,,OCCUPIED,2026-06-02,1,2026-06-02,1,1,0.332,0.085,0.056
7,SPIKE_OCCUPIED,MEDIUM,False,,OCCUPIED,2026-06-02,2,2026-06-02,2,1,0.344,0.093,0.056
7,SPIKE_OCCUPIED,MEDIUM,False,,OCCUPIED,2026-06-02,3,2026-06-02,3,1,0.331,0.091,0.056
7,SPIKE_OCCUPIED,MEDIUM,False,,OCCUPIED,2026-06-02,4,2026-06-02,4,1,0.346,0.088,0.054
7,SPIKE_OCCUPIED,MEDIUM,False,,OCCUPIED,2026-06-02,5,2026-06-02,5,1,0.33,0.08,0.051
7,SPIKE_OCCUPIED,MEDIUM,False,,OCCUPIED,2026-06-02,6,2026-06-02,6,1,0.345,0.078,0.05
7,SPIKE_OCCUPIED,MEDIUM,False,,OCCUPIED,2026-06-02,7,2026-06-02,7,1,0.33,0.086,0.055
7,SPIKE_OCCUPIED,MEDIUM,False,,OCCUPIED,2026-06-02,8,2026-06-02,8,1,0.345,0.085,0.056
7,SPIKE_OCCUPIED,MEDIUM,False,,OCCUPIED,2026-06-02,9,2026-06-02,9,1,0.33,0.084,0.053
7,SPIKE_OCCUPIED,MEDIUM,False,,OCCUPIED,2026-06-02,10,2026-06-02,10,1,0.344,0.087,0.059
7,SPIKE_OCCUPIED,MEDIUM,False,,OCCUPIED,2026-06-02,12,2026-06-02,12,1,0.362,0.089,0.065
7,SPIKE_OCCUPIED,MEDIUM,False,,OCCUPIED,2026-06-03,8,2026-06-03,8,1,0.503,0.095,0.054
7,SPIKE_OCCUPIED,MEDIUM,False,,OCCUPIED,2026-06-03,11,2026-06-03,11,1,0.416,0.099,0.061
7,SPIKE_OCCUPIED,MEDIUM,False,,OCCUPIED,2026-06-03,27,2026-06-03,27,1,0.782,0.12,0.08
7,SPIKE_OCCUPIED,MEDIUM,False,,OCCUPIED,2026-06-03,28,2026-06-03,28,1,0.643,0.132,0.084
7,SPIKE_OCCUPIED,MEDIUM,False,,OCCUPIED,2026-06-03,29,2026-06-03,29,1,0.51,0.131,0.088
7,SPIKE_OCCUPIED,MEDIUM,False,,OCCUPIED,2026-06-03,44,2026-06-03,44,1,0.777,0.137,0.086
7,SPIKE_OCCUPIED,MEDIUM,False,,OCCUPIED,2026-06-03,45,2026-06-03,45,1,0.693,0.127,0.071
7,SPIKE_OCCUPIED,MEDIUM,False,,OCCUPIED,2026-06-04,34,2026-06-04,34,1,0.55,0.137,0.101
7,SPIKE_OCCUPIED,MEDIUM,False,,OCCUPIED,2026-06-06,20,2026-06-06,20,1,0.984,0.114,0.083
7,SPIKE_OCCUPIED,MEDIUM,False,,OCCUPIED,2026-06-06,21,2026-06-06,21,1,0.704,0.111,0.084
7,SPIKE_OCCUPIED,MEDIUM,False,,OCCUPIED,2026-06-06,22,2026-06-06,22,1,0.682,0.128,0.096
7,SPIKE_OCCUPIED,MEDIUM,False,,OCCUPIED,2026-06-06,25,2026-06-06,25,1,0.959,0.106,0.084
7,SPIKE_OCCUPIED,MEDIUM,False,,OCCUPIED,2026-06-06,26,2026-06-06,26,1,1.091,0.119,0.088
7,SPIKE_OCCUPIED,MEDIUM,False,,OCCUPIED,2026-06-06,28,2026-06-06,28,1,0.675,0.11,0.086
7,SPIKE_OCCUPIED,MEDIUM,False,,OCCUPIED,2026-06-06,29,2026-06-06,29,1,1.116,0.111,0.089
7,SPIKE_OCCUPIED,MEDIUM,False,,OCCUPIED,2026-06-06,39,2026-06-06,39,1,0.628,0.152,0.116
7,SPIKE_OCCUPIED,MEDIUM,False,,OCCUPIED,2026-06-06,43,2026-06-06,43,1,0.711,0.138,0.084
7,SPIKE_OCCUPIED,MEDIUM,False,,OCCUPIED,2026-06-06,44,2026-06-06,44,1,0.722,0.118,0.074
7,SPIKE_OCCUPIED,MEDIUM,False,,OCCUPIED,2026-06-07,11,2026-06-07,11,1,0.423,0.091,0.06
7,SPIKE_OCCUPIED,MEDIUM,False,,OCCUPIED,2026-06-07,12,2026-06-07,12,1,0.512,0.082,0.057
7,SPIKE_OCCUPIED,MEDIUM,False,,OCCUPIED,2026-06-07,19,2026-06-07,19,1,0.943,0.1445,0.096
7,SPIKE_OCCUPIED,MEDIUM,False,,OCCUPIED,2026-06-07,20,2026-06-07,20,1,1.168,0.145,0.108
7,SPIKE_OCCUPIED,MEDIUM,False,,OCCUPIED,2026-06-07,21,2026-06-07,21,1,0.534,0.1365,0.093
7,SPIKE_OCCUPIED,MEDIUM,False,,OCCUPIED,2026-06-07,22,2026-06-07,22,1,0.599,0.1215,0.0965
7,SPIKE_OCCUPIED,MEDIUM,False,,OCCUPIED,2026-06-07,26,2026-06-07,26,1,1.654,0.134,0.092
7,SPIKE_OCCUPIED,MEDIUM,False,,OCCUPIED,2026-06-07,27,2026-06-07,27,1,1.443,0.1225,0.084
7,SPIKE_OCCUPIED,MEDIUM,False,,OCCUPIED,2026-06-07,28,2026-06-07,28,1,0.963,0.128,0.0925
7,SPIKE_OCCUPIED,MEDIUM,False,,OCCUPIED,2026-06-07,29,2026-06-07,29,1,0.991,0.1295,0.0935
7,SPIKE_OCCUPIED,MEDIUM,False,,OCCUPIED,2026-06-07,30,2026-06-07,30,1,1.61,0.131,0.0965
7,SPIKE_OCCUPIED,MEDIUM,False,,OCCUPIED,2026-06-07,31,2026-06-07,31,1,0.565,0.128,0.09
7,SPIKE_OCCUPIED,MEDIUM,False,,OCCUPIED,2026-06-07,33,2026-06-07,33,1,0.71,0.152,0.118
7,SPIKE_OCCUPIED,MEDIUM,False,,OCCUPIED,2026-06-07,34,2026-06-07,34,1,1.221,0.1635,0.1265
7,SPIKE_OCCUPIED,MEDIUM,False,,OCCUPIED,2026-06-07,35,2026-06-07,35,1,0.961,0.18,0.138
7,SPIKE_OCCUPIED,MEDIUM,False,,OCCUPIED,2026-06-07,36,2026-06-07,36,1,0.842,0.19,0.1315
7,SPIKE_OCCUPIED,MEDIUM,False,,OCCUPIED,2026-06-09,11,2026-06-09,11,1,0.814,0.091,0.064
7,SPIKE_OCCUPIED,MEDIUM,False,,OCCUPIED,2026-06-10,33,2026-06-10,33,1,0.877,0.156,0.097
7,SPIKE_OCCUPIED,MEDIUM,False,,OCCUPIED,2026-06-13,45,2026-06-13,45,1,0.658,0.119,0.076
7,SPIKE_OCCUPIED,MEDIUM,False,,OCCUPIED,2026-06-14,14,2026-06-14,14,1,0.843,0.0805,0.056
7,SPIKE_OCCUPIED,MEDIUM,False,,OCCUPIED,2026-06-15,15,2026-06-15,15,1,0.498,0.1205,0.0865
7,SPIKE_OCCUPIED,MEDIUM,False,,OCCUPIED,2026-06-15,22,2026-06-15,22,1,0.851,0.1175,0.0755
7,SPIKE_OCCUPIED,MEDIUM,False,,OCCUPIED,2026-06-15,29,2026-06-15,29,1,0.427,0.107,0.0765
7,SPIKE_OCCUPIED,MEDIUM,False,,OCCUPIED,2026-06-15,32,2026-06-15,32,1,0.744,0.1185,0.087
7,SPIKE_OCCUPIED,MEDIUM,False,,OCCUPIED,2026-06-16,46,2026-06-16,46,1,1.105,0.107,0.074
7,SPIKE_OCCUPIED,MEDIUM,False,,OCCUPIED,2026-06-16,47,2026-06-16,47,1,1.118,0.087,0.055
7,SPIKE_OCCUPIED,MEDIUM,False,,OCCUPIED,2026-06-17,1,2026-06-17,1,1,0.461,0.1,0.066
7,SPIKE_OCCUPIED,MEDIUM,False,,OCCUPIED,2026-06-17,6,2026-06-17,6,1,0.298,0.079,0.05
7,SPIKE_OCCUPIED,MEDIUM,False,,OCCUPIED,2026-06-17,15,2026-06-17,15,1,0.616,0.142,0.096
7,SPIKE_OCCUPIED,MEDIUM,False,,OCCUPIED,2026-06-17,16,2026-06-17,16,1,1.139,0.15,0.094
7,SPIKE_OCCUPIED,MEDIUM,False,,OCCUPIED,2026-06-17,17,2026-06-17,17,1,0.678,0.129,0.077
7,SPIKE_OCCUPIED,MEDIUM,False,,OCCUPIED,2026-06-17,18,2026-06-17,18,1,0.611,0.136,0.088
7,SPIKE_OCCUPIED,MEDIUM,False,,OCCUPIED,2026-06-17,19,2026-06-17,19,1,0.682,0.122,0.084
7,SPIKE_OCCUPIED,MEDIUM,False,,OCCUPIED,2026-06-17,20,2026-06-17,20,1,0.633,0.122,0.077
7,SPIKE_OCCUPIED,MEDIUM,False,,OCCUPIED,2026-06-17,21,2026-06-17,21,1,0.796,0.112,0.069
7,SPIKE_OCCUPIED,MEDIUM,False,,OCCUPIED,2026-06-17,23,2026-06-17,23,1,0.902,0.119,0.085
7,SPIKE_OCCUPIED,MEDIUM,False,,OCCUPIED,2026-06-17,29,2026-06-17,29,1,0.88,0.131,0.088
7,SPIKE_OCCUPIED,MEDIUM,False,,OCCUPIED,2026-06-17,47,2026-06-17,47,1,0.363,0.108,0.063
7,SPIKE_OCCUPIED,MEDIUM,False,,OCCUPIED,2026-06-18,0,2026-06-18,0,1,3.687,0.108,0.072
7,SPIKE_OCCUPIED,MEDIUM,False,,OCCUPIED,2026-06-18,1,2026-06-18,1,1,3.726,0.109,0.069
7,SPIKE_OCCUPIED,MEDIUM,False,,OCCUPIED,2026-06-18,2,2026-06-18,2,1,3.679,0.091,0.06
7,SPIKE_OCCUPIED,MEDIUM,False,,OCCUPIED,2026-06-18,3,2026-06-18,3,1,3.662,0.102,0.066
7,SPIKE_OCCUPIED,MEDIUM,False,,OCCUPIED,2026-06-18,4,2026-06-18,4,1,3.695,0.085,0.052
7,SPIKE_OCCUPIED,MEDIUM,False,,OCCUPIED,2026-06-18,5,2026-06-18,5,1,3.667,0.092,0.055
7,SPIKE_OCCUPIED,MEDIUM,False,,OCCUPIED,2026-06-18,6,2026-06-18,6,1,3.671,0.093,0.052
7,SPIKE_OCCUPIED,MEDIUM,False,,OCCUPIED,2026-06-18,7,2026-06-18,7,1,3.621,0.092,0.053
7,SPIKE_OCCUPIED,MEDIUM,False,,OCCUPIED,2026-06-18,8,2026-06-18,8,1,3.617,0.095,0.059
7,SPIKE_OCCUPIED,MEDIUM,False,,OCCUPIED,2026-06-18,9,2026-06-18,9,1,0.335,0.096,0.059
7,SPIKE_OCCUPIED,MEDIUM,False,,OCCUPIED,2026-06-18,30,2026-06-18,30,1,0.834,0.109,0.078
7,SPIKE_OCCUPIED,MEDIUM,False,,OCCUPIED,2026-06-19,0,2026-06-19,0,1,4.9,0.1035,0.0675
7,SPIKE_OCCUPIED,MEDIUM,False,,OCCUPIED,2026-06-19,1,2026-06-19,1,1,3.69,0.0965,0.062
7,SPIKE_OCCUPIED,MEDIUM,False,,OCCUPIED,2026-06-19,2,2026-06-19,2,1,3.696,0.0985,0.0615
7,SPIKE_OCCUPIED,MEDIUM,False,,OCCUPIED,2026-06-19,3,2026-06-19,3,1,3.657,0.09,0.0565
7,SPIKE_OCCUPIED,MEDIUM,False,,OCCUPIED,2026-06-19,4,2026-06-19,4,1,3.694,0.0795,0.05
7,SPIKE_OCCUPIED,MEDIUM,False,,OCCUPIED,2026-06-19,5,2026-06-19,5,1,3.679,0.0835,0.0505
7,SPIKE_OCCUPIED,MEDIUM,False,,OCCUPIED,2026-06-19,6,2026-06-19,6,1,3.154,0.084,0.05
7,SPIKE_OCCUPIED,MEDIUM,False,,OCCUPIED,2026-06-19,46,2026-06-19,46,1,2.589,0.117,0.066
7,SPIKE_OCCUPIED,MEDIUM,False,,OCCUPIED,2026-06-19,47,2026-06-19,47,1,2.585,0.1215,0.0695
7,SPIKE_OCCUPIED,MEDIUM,False,,OCCUPIED,2026-06-21,17,2026-06-21,17,1,0.534,0.1245,0.087
7,SPIKE_OCCUPIED,MEDIUM,False,,OCCUPIED,2026-06-21,25,2026-06-21,25,1,0.584,0.131,0.0885
7,SPIKE_OCCUPIED,MEDIUM,False,,OCCUPIED,2026-06-22,46,2026-06-22,46,1,2.17,0.0945,0.0595
7,SPIKE_OCCUPIED,MEDIUM,False,,OCCUPIED,2026-06-22,47,2026-06-22,47,1,4.02,0.0885,0.0505
7,SPIKE_OCCUPIED,MEDIUM,False,,OCCUPIED,2026-06-23,0,2026-06-23,0,1,0.447,0.082,0.055
7,SPIKE_OCCUPIED,MEDIUM,False,,OCCUPIED,2026-06-23,1,2026-06-23,1,1,0.45,0.085,0.056
7,SPIKE_OCCUPIED,MEDIUM,False,,OCCUPIED,2026-06-23,43,2026-06-23,43,1,0.495,0.137,0.082
7,SPIKE_OCCUPIED,MEDIUM,False,,OCCUPIED,2026-06-23,44,2026-06-23,44,1,0.493,0.132,0.086
7,SPIKE_OCCUPIED,MEDIUM,False,,OCCUPIED,2026-06-23,45,2026-06-23,45,1,0.495,0.105,0.072
7,SPIKE_OCCUPIED,MEDIUM,False,,OCCUPIED,2026-06-23,46,2026-06-23,46,1,0.459,0.107,0.074
7,SPIKE_OCCUPIED,MEDIUM,False,,OCCUPIED,2026-06-23,47,2026-06-23,47,1,0.493,0.087,0.055
7,SPIKE_OCCUPIED,MEDIUM,False,,OCCUPIED,2026-06-24,17,2026-06-24,17,1,2.23,0.129,0.077
7,SPIKE_OCCUPIED,MEDIUM,False,,OCCUPIED,2026-06-24,18,2026-06-24,18,1,1.319,0.136,0.088
7,SPIKE_OCCUPIED,MEDIUM,False,,OCCUPIED,2026-06-24,19,2026-06-24,19,1,0.459,0.122,0.084
7,SPIKE_OCCUPIED,MEDIUM,False,,OCCUPIED,2026-06-24,20,2026-06-24,20,1,0.53,0.122,0.077
7,SPIKE_OCCUPIED,MEDIUM,False,,OCCUPIED,2026-06-24,21,2026-06-24,21,1,0.725,0.112,0.069
7,SPIKE_OCCUPIED,MEDIUM,False,,OCCUPIED,2026-06-24,22,2026-06-24,22,1,0.466,0.12,0.076
7,SPIKE_OCCUPIED,MEDIUM,False,,OCCUPIED,2026-06-24,23,2026-06-24,23,1,1.74,0.119,0.085
7,SPIKE_OCCUPIED,MEDIUM,False,,OCCUPIED,2026-06-24,24,2026-06-24,24,1,1.524,0.112,0.078
7,SPIKE_OCCUPIED,MEDIUM,False,,OCCUPIED,2026-06-24,25,2026-06-24,25,1,0.5,0.121,0.079
7,SPIKE_OCCUPIED,MEDIUM,False,,OCCUPIED,2026-06-24,26,2026-06-24,26,1,0.595,0.123,0.082
7,SPIKE_OCCUPIED,MEDIUM,False,,OCCUPIED,2026-06-24,28,2026-06-24,28,1,1.114,0.132,0.084
7,SPIKE_OCCUPIED,MEDIUM,False,,OCCUPIED,2026-06-24,29,2026-06-24,29,1,2.274,0.131,0.088
7,SPIKE_OCCUPIED,MEDIUM,False,,OCCUPIED,2026-06-24,30,2026-06-24,30,1,1.366,0.146,0.086
7,SPIKE_OCCUPIED,MEDIUM,False,,OCCUPIED,2026-06-24,31,2026-06-24,31,1,1.018,0.137,0.076
7,SPIKE_OCCUPIED,MEDIUM,False,,OCCUPIED,2026-06-24,40,2026-06-24,40,1,1.279,0.165,0.116
7,SPIKE_OCCUPIED,MEDIUM,False,,OCCUPIED,2026-06-24,41,2026-06-24,41,1,1.101,0.168,0.104
7,SPIKE_OCCUPIED,MEDIUM,False,,OCCUPIED,2026-06-24,42,2026-06-24,42,1,1.633,0.158,0.106
7,SPIKE_OCCUPIED,MEDIUM,False,,OCCUPIED,2026-06-24,43,2026-06-24,43,1,1.176,0.144,0.1
7,SPIKE_OCCUPIED,MEDIUM,False,,OCCUPIED,2026-06-24,44,2026-06-24,44,1,0.935,0.137,0.086
7,SPIKE_OCCUPIED,MEDIUM,False,,OCCUPIED,2026-06-24,45,2026-06-24,45,1,0.673,0.127,0.071
7,SPIKE_OCCUPIED,MEDIUM,False,,OCCUPIED,2026-06-25,0,2026-06-25,0,1,4.074,0.108,0.072
7,SPIKE_OCCUPIED,MEDIUM,False,,OCCUPIED,2026-06-25,1,2026-06-25,1,1,4.109,0.109,0.069
7,SPIKE_OCCUPIED,MEDIUM,False,,OCCUPIED,2026-06-25,2,2026-06-25,2,1,4.152,0.091,0.06
7,SPIKE_OCCUPIED,MEDIUM,False,,OCCUPIED,2026-06-25,3,2026-06-25,3,1,4.116,0.102,0.066
7,SPIKE_OCCUPIED,MEDIUM,False,,OCCUPIED,2026-06-25,4,2026-06-25,4,1,3.66,0.085,0.052
7,SPIKE_OCCUPIED,MEDIUM,False,,OCCUPIED,2026-06-25,5,2026-06-25,5,1,0.351,0.092,0.055
7,SPIKE_OCCUPIED,MEDIUM,False,,OCCUPIED,2026-06-25,6,2026-06-25,6,1,0.5,0.093,0.052
7,SPIKE_OCCUPIED,MEDIUM,False,,OCCUPIED,2026-06-25,7,2026-06-25,7,1,0.44,0.092,0.053
7,SPIKE_OCCUPIED,MEDIUM,False,,OCCUPIED,2026-06-25,8,2026-06-25,8,1,0.444,0.095,0.059
7,SPIKE_OCCUPIED,MEDIUM,False,,OCCUPIED,2026-06-25,9,2026-06-25,9,1,0.498,0.096,0.059
7,SPIKE_OCCUPIED,MEDIUM,False,,OCCUPIED,2026-06-25,11,2026-06-25,11,1,0.552,0.093,0.059
7,SPIKE_OCCUPIED,MEDIUM,False,,OCCUPIED,2026-06-25,12,2026-06-25,12,1,0.431,0.085,0.06
7,SPIKE_OCCUPIED,MEDIUM,False,,OCCUPIED,2026-06-25,13,2026-06-25,13,1,0.489,0.1,0.081
7,SPIKE_OCCUPIED,MEDIUM,False,,OCCUPIED,2026-06-25,14,2026-06-25,14,1,0.449,0.101,0.075
7,SPIKE_OCCUPIED,MEDIUM,False,,OCCUPIED,2026-06-25,21,2026-06-25,21,1,0.592,0.107,0.075
7,SPIKE_OCCUPIED,MEDIUM,False,,OCCUPIED,2026-06-25,22,2026-06-25,22,1,0.452,0.115,0.077
7,SPIKE_OCCUPIED,MEDIUM,False,,OCCUPIED,2026-06-25,23,2026-06-25,23,1,0.649,0.105,0.071
7,SPIKE_OCCUPIED,MEDIUM,False,,OCCUPIED,2026-06-25,24,2026-06-25,24,1,0.633,0.088,0.062
7,SPIKE_OCCUPIED,MEDIUM,False,,OCCUPIED,2026-06-25,25,2026-06-25,25,1,0.708,0.094,0.066
7,SPIKE_OCCUPIED,MEDIUM,False,,OCCUPIED,2026-06-25,26,2026-06-25,26,1,0.661,0.089,0.068
7,SPIKE_OCCUPIED,MEDIUM,False,,OCCUPIED,2026-06-25,27,2026-06-25,27,1,0.65,0.089,0.068
7,SPIKE_OCCUPIED,MEDIUM,False,,OCCUPIED,2026-06-25,28,2026-06-25,28,1,0.696,0.103,0.076
7,SPIKE_OCCUPIED,MEDIUM,False,,OCCUPIED,2026-06-25,29,2026-06-25,29,1,0.745,0.099,0.068
7,SPIKE_OCCUPIED,MEDIUM,False,,OCCUPIED,2026-06-25,30,2026-06-25,30,1,1.02,0.109,0.078
7,SPIKE_OCCUPIED,MEDIUM,False,,OCCUPIED,2026-06-25,31,2026-06-25,31,1,1.605,0.118,0.092
7,SPIKE_OCCUPIED,MEDIUM,False,,OCCUPIED,2026-06-25,32,2026-06-25,32,1,1.502,0.12,0.085
7,SPIKE_OCCUPIED,MEDIUM,False,,OCCUPIED,2026-06-25,33,2026-06-25,33,1,1.445,0.121,0.092
7,SPIKE_OCCUPIED,MEDIUM,False,,OCCUPIED,2026-06-25,34,2026-06-25,34,1,1.531,0.137,0.101
7,SPIKE_OCCUPIED,MEDIUM,False,,OCCUPIED,2026-06-25,35,2026-06-25,35,1,1.373,0.159,0.128
7,SPIKE_OCCUPIED,MEDIUM,False,,OCCUPIED,2026-06-25,36,2026-06-25,36,1,1.051,0.175,0.146
7,SPIKE_OCCUPIED,MEDIUM,False,,OCCUPIED,2026-06-25,37,2026-06-25,37,1,1.098,0.164,0.134
7,SPIKE_OCCUPIED,MEDIUM,False,,OCCUPIED,2026-06-25,38,2026-06-25,38,1,1.06,0.175,0.13
7,SPIKE_OCCUPIED,MEDIUM,False,,OCCUPIED,2026-06-25,39,2026-06-25,39,1,0.811,0.152,0.105
7,SPIKE_OCCUPIED,MEDIUM,False,,OCCUPIED,2026-06-25,46,2026-06-25,46,1,0.416,0.109,0.069
7,SPIKE_OCCUPIED,MEDIUM,False,,OCCUPIED,2026-06-25,47,2026-06-25,47,1,0.402,0.095,0.058
7,SPIKE_OCCUPIED,MEDIUM,False,,OCCUPIED,2026-06-26,0,2026-06-26,0,1,0.412,0.1035,0.0675
7,SPIKE_OCCUPIED,MEDIUM,False,,OCCUPIED,2026-06-26,1,2026-06-26,1,1,0.413,0.0965,0.062
7,SPIKE_OCCUPIED,MEDIUM,False,,OCCUPIED,2026-06-26,2,2026-06-26,2,1,0.579,0.0985,0.0615
7,SPIKE_OCCUPIED,MEDIUM,False,,OCCUPIED,2026-06-26,3,2026-06-26,3,1,0.416,0.09,0.0565
7,SPIKE_OCCUPIED,MEDIUM,False,,OCCUPIED,2026-06-26,4,2026-06-26,4,1,0.409,0.0795,0.05
7,SPIKE_OCCUPIED,MEDIUM,False,,OCCUPIED,2026-06-26,5,2026-06-26,5,1,0.414,0.0835,0.0505
7,SPIKE_OCCUPIED,MEDIUM,False,,OCCUPIED,2026-06-26,6,2026-06-26,6,1,0.404,0.084,0.05
7,SPIKE_OCCUPIED,MEDIUM,False,,OCCUPIED,2026-06-26,7,2026-06-26,7,1,0.356,0.0865,0.05
7,SPIKE_OCCUPIED,MEDIUM,False,,OCCUPIED,2026-06-26,8,2026-06-26,8,1,0.333,0.089,0.053
7,SPIKE_OCCUPIED,MEDIUM,False,,OCCUPIED,2026-06-26,9,2026-06-26,9,1,0.328,0.0855,0.0525
7,SPIKE_OCCUPIED,MEDIUM,False,,OCCUPIED,2026-06-26,10,2026-06-26,10,1,0.464,0.084,0.054
7,SPIKE_OCCUPIED,MEDIUM,False,,OCCUPIED,2026-06-26,12,2026-06-26,12,1,0.298,0.0785,0.0535
7,SPIKE_OCCUPIED,MEDIUM,False,,OCCUPIED,2026-06-26,15,2026-06-26,15,1,0.847,0.116,0.078
7,SPIKE_OCCUPIED,MEDIUM,False,,OCCUPIED,2026-06-26,18,2026-06-26,18,1,0.745,0.115,0.0775
7,SPIKE_OCCUPIED,MEDIUM,False,,OCCUPIED,2026-06-26,23,2026-06-26,23,1,0.62,0.111,0.079
7,SPIKE_OCCUPIED,MEDIUM,False,,OCCUPIED,2026-06-26,24,2026-06-26,24,1,1.574,0.1125,0.0795
7,SPIKE_OCCUPIED,MEDIUM,False,,OCCUPIED,2026-06-26,26,2026-06-26,26,1,0.47,0.1035,0.072
7,SPIKE_OCCUPIED,MEDIUM,False,,OCCUPIED,2026-06-26,29,2026-06-26,29,1,0.984,0.1075,0.083
7,SPIKE_OCCUPIED,MEDIUM,False,,OCCUPIED,2026-06-26,30,2026-06-26,30,1,1.097,0.1015,0.0705
7,SPIKE_OCCUPIED,MEDIUM,False,,OCCUPIED,2026-06-26,31,2026-06-26,31,1,1.741,0.0995,0.0775
7,SPIKE_OCCUPIED,MEDIUM,False,,OCCUPIED,2026-06-26,32,2026-06-26,32,1,0.575,0.1205,0.0845
7,SPIKE_OCCUPIED,MEDIUM,False,,OCCUPIED,2026-06-26,33,2026-06-26,33,1,0.547,0.1135,0.0795
7,SPIKE_OCCUPIED,MEDIUM,False,,OCCUPIED,2026-06-26,46,2026-06-26,46,1,0.409,0.117,0.066
7,SPIKE_OCCUPIED,MEDIUM,False,,OCCUPIED,2026-06-26,47,2026-06-26,47,1,1.041,0.1215,0.0695
7,SPIKE_OCCUPIED,MEDIUM,False,,OCCUPIED,2026-06-27,0,2026-06-27,0,1,5.965,0.086,0.055
7,SPIKE_OCCUPIED,MEDIUM,False,,OCCUPIED,2026-06-27,1,2026-06-27,1,1,3.722,0.092,0.06
7,SPIKE_OCCUPIED,MEDIUM,False,,OCCUPIED,2026-06-27,2,2026-06-27,2,1,1.932,0.087,0.061
7,SPIKE_OCCUPIED,MEDIUM,False,,OCCUPIED,2026-06-27,3,2026-06-27,3,1,1.714,0.091,0.059
7,SPIKE_OCCUPIED,MEDIUM,False,,OCCUPIED,2026-06-27,4,2026-06-27,4,1,1.904,0.081,0.052
7,SPIKE_OCCUPIED,MEDIUM,False,,OCCUPIED,2026-06-27,5,2026-06-27,5,1,1.877,0.074,0.05
7,SPIKE_OCCUPIED,MEDIUM,False,,OCCUPIED,2026-06-27,6,2026-06-27,6,1,1.438,0.076,0.05
7,SPIKE_OCCUPIED,MEDIUM,False,,OCCUPIED,2026-06-27,7,2026-06-27,7,1,1.466,0.085,0.051
7,SPIKE_OCCUPIED,MEDIUM,False,,OCCUPIED,2026-06-27,8,2026-06-27,8,1,1.901,0.076,0.051
7,SPIKE_OCCUPIED,MEDIUM,False,,OCCUPIED,2026-06-27,9,2026-06-27,9,1,1.645,0.081,0.05
7,SPIKE_OCCUPIED,MEDIUM,False,,OCCUPIED,2026-06-27,10,2026-06-27,10,1,1.961,0.072,0.05
7,SPIKE_OCCUPIED,MEDIUM,False,,OCCUPIED,2026-06-27,11,2026-06-27,11,1,1.412,0.088,0.057
7,SPIKE_OCCUPIED,MEDIUM,False,,OCCUPIED,2026-06-27,12,2026-06-27,12,1,1.387,0.082,0.053
7,SPIKE_OCCUPIED,MEDIUM,False,,OCCUPIED,2026-06-27,13,2026-06-27,13,1,1.558,0.084,0.061
7,SPIKE_OCCUPIED,MEDIUM,False,,OCCUPIED,2026-06-27,14,2026-06-27,14,1,1.675,0.092,0.068
7,SPIKE_OCCUPIED,MEDIUM,False,,OCCUPIED,2026-06-27,15,2026-06-27,15,1,1.888,0.103,0.073
7,SPIKE_OCCUPIED,MEDIUM,False,,OCCUPIED,2026-06-27,16,2026-06-27,16,1,3.191,0.124,0.092
7,SPIKE_OCCUPIED,MEDIUM,False,,OCCUPIED,2026-06-27,17,2026-06-27,17,1,2.185,0.133,0.099
7,SPIKE_OCCUPIED,MEDIUM,False,,OCCUPIED,2026-06-27,18,2026-06-27,18,1,2.778,0.113,0.08
7,SPIKE_OCCUPIED,MEDIUM,False,,OCCUPIED,2026-06-27,19,2026-06-27,19,1,3.312,0.11,0.076
7,SPIKE_OCCUPIED,MEDIUM,False,,OCCUPIED,2026-06-27,20,2026-06-27,20,1,2.79,0.114,0.083
7,SPIKE_OCCUPIED,MEDIUM,False,,OCCUPIED,2026-06-27,21,2026-06-27,21,1,2.735,0.111,0.084
7,SPIKE_OCCUPIED,MEDIUM,False,,OCCUPIED,2026-06-27,22,2026-06-27,22,1,3.194,0.128,0.096
7,SPIKE_OCCUPIED,MEDIUM,False,,OCCUPIED,2026-06-27,23,2026-06-27,23,1,3.226,0.109,0.076
7,SPIKE_OCCUPIED,MEDIUM,False,,OCCUPIED,2026-06-27,24,2026-06-27,24,1,3.209,0.119,0.081
7,SPIKE_OCCUPIED,MEDIUM,False,,OCCUPIED,2026-06-27,25,2026-06-27,25,1,3.522,0.106,0.084
7,SPIKE_OCCUPIED,MEDIUM,False,,OCCUPIED,2026-06-27,26,2026-06-27,26,1,3.324,0.119,0.088
7,SPIKE_OCCUPIED,MEDIUM,False,,OCCUPIED,2026-06-27,27,2026-06-27,27,1,3.309,0.116,0.085
7,SPIKE_OCCUPIED,MEDIUM,False,,OCCUPIED,2026-06-27,28,2026-06-27,28,1,3.534,0.11,0.086
7,SPIKE_OCCUPIED,MEDIUM,False,,OCCUPIED,2026-06-27,29,2026-06-27,29,1,4.79,0.111,0.089
7,SPIKE_OCCUPIED,MEDIUM,False,,OCCUPIED,2026-06-27,30,2026-06-27,30,1,4.013,0.115,0.079
7,SPIKE_OCCUPIED,MEDIUM,False,,OCCUPIED,2026-06-27,31,2026-06-27,31,1,3.681,0.097,0.07
7,SPIKE_OCCUPIED,MEDIUM,False,,OCCUPIED,2026-06-27,32,2026-06-27,32,1,3.981,0.106,0.083
7,SPIKE_OCCUPIED,MEDIUM,False,,OCCUPIED,2026-06-27,33,2026-06-27,33,1,5.321,0.118,0.087
7,SPIKE_OCCUPIED,MEDIUM,False,,OCCUPIED,2026-06-27,34,2026-06-27,34,1,6.763,0.132,0.103
7,SPIKE_OCCUPIED,MEDIUM,False,,OCCUPIED,2026-06-27,35,2026-06-27,35,1,6.739,0.148,0.114
7,SPIKE_OCCUPIED,MEDIUM,False,,OCCUPIED,2026-06-27,36,2026-06-27,36,1,6.629,0.157,0.122
7,SPIKE_OCCUPIED,MEDIUM,False,,OCCUPIED,2026-06-27,37,2026-06-27,37,1,6.402,0.167,0.13
7,SPIKE_OCCUPIED,MEDIUM,False,,OCCUPIED,2026-06-27,38,2026-06-27,38,1,6.494,0.147,0.107
7,SPIKE_OCCUPIED,MEDIUM,False,,OCCUPIED,2026-06-27,39,2026-06-27,39,1,6.463,0.152,0.116
7,SPIKE_OCCUPIED,MEDIUM,False,,OCCUPIED,2026-06-27,40,2026-06-27,40,1,6.278,0.148,0.096
7,SPIKE_OCCUPIED,MEDIUM,False,,OCCUPIED,2026-06-27,41,2026-06-27,41,1,5.504,0.139,0.093
7,SPIKE_OCCUPIED,MEDIUM,False,,OCCUPIED,2026-06-27,42,2026-06-27,42,1,2.627,0.147,0.098
7,SPIKE_OCCUPIED,MEDIUM,False,,OCCUPIED,2026-06-27,43,2026-06-27,43,1,2.904,0.138,0.084
7,SPIKE_OCCUPIED,MEDIUM,False,,OCCUPIED,2026-06-27,44,2026-06-27,44,1,3.013,0.118,0.074
7,SPIKE_OCCUPIED,MEDIUM,False,,OCCUPIED,2026-06-27,45,2026-06-27,45,1,2.596,0.119,0.076
7,SPIKE_OCCUPIED,MEDIUM,False,,OCCUPIED,2026-06-27,46,2026-06-27,46,1,2.506,0.114,0.068
7,SPIKE_OCCUPIED,MEDIUM,False,,OCCUPIED,2026-06-27,47,2026-06-27,47,1,1.779,0.098,0.059
7,SPIKE_OCCUPIED,MEDIUM,False,,OCCUPIED,2026-06-29,2,2026-06-29,2,1,0.293,0.0855,0.0515
7,SPIKE_OCCUPIED,MEDIUM,False,,OCCUPIED,2026-06-29,38,2026-06-29,38,1,0.814,0.164,0.1025
7,SPIKE_OCCUPIED,MEDIUM,False,,OCCUPIED,2026-07-01,2,2026-07-01,2,1,0.617,0.098,0.059
7,SPIKE_OCCUPIED,MEDIUM,False,,OCCUPIED,2026-07-01,39,2026-07-01,39,1,1.35,0.19,0.133
7,SPIKE_OCCUPIED,MEDIUM,False,,OCCUPIED,2026-07-01,40,2026-07-01,40,1,1.272,0.165,0.116
7,SPIKE_OCCUPIED,MEDIUM,False,,OCCUPIED,2026-07-01,42,2026-07-01,42,1,4.026,0.158,0.106
7,SPIKE_OCCUPIED,MEDIUM,False,,OCCUPIED,2026-07-01,45,2026-07-01,45,1,3.853,0.127,0.071
7,SPIKE_OCCUPIED,MEDIUM,False,,OCCUPIED,2026-07-01,46,2026-07-01,46,1,0.429,0.116,0.075
7,SPIKE_OCCUPIED,MEDIUM,False,,OCCUPIED,2026-07-01,47,2026-07-01,47,1,4.087,0.108,0.063
7,SPIKE_OCCUPIED,MEDIUM,False,,OCCUPIED,2026-07-03,12,2026-07-03,12,1,0.351,0.0785,0.0535
7,SPIKE_OCCUPIED,MEDIUM,False,,OCCUPIED,2026-07-03,13,2026-07-03,13,1,0.584,0.0905,0.0645
7,SPIKE_OCCUPIED,MEDIUM,False,,OCCUPIED,2026-07-03,35,2026-07-03,35,1,0.784,0.1555,0.121
7,SPIKE_OCCUPIED,MEDIUM,False,,OCCUPIED,2026-07-03,36,2026-07-03,36,1,1.114,0.16,0.1215
7,SPIKE_OCCUPIED,MEDIUM,False,,OCCUPIED,2026-07-03,40,2026-07-03,40,1,1.309,0.166,0.119
7,SPIKE_OCCUPIED,MEDIUM,False,,OCCUPIED,2026-07-03,41,2026-07-03,41,1,1.165,0.147,0.0915
7,SPIKE_OCCUPIED,MEDIUM,False,,OCCUPIED,2026-07-03,42,2026-07-03,42,1,0.925,0.1465,0.091
7,SPIKE_OCCUPIED,MEDIUM,False,,OCCUPIED,2026-07-03,45,2026-07-03,45,1,0.58,0.1265,0.07
7,SPIKE_OCCUPIED,MEDIUM,False,,OCCUPIED,2026-07-05,0,2026-07-05,0,1,1.074,0.1105,0.0705
7,SPIKE_OCCUPIED,MEDIUM,False,,OCCUPIED,2026-07-06,0,2026-07-06,0,1,0.405,0.092,0.061
7,SPIKE_OCCUPIED,MEDIUM,False,,OCCUPIED,2026-07-06,19,2026-07-06,19,1,0.492,0.1165,0.0735
7,SPIKE_OCCUPIED,MEDIUM,False,,OCCUPIED,2026-07-07,1,2026-07-07,1,1,0.558,0.085,0.056
7,SPIKE_OCCUPIED,MEDIUM,False,,OCCUPIED,2026-07-08,13,2026-07-08,13,1,0.906,0.106,0.077
7,SPIKE_OCCUPIED,MEDIUM,False,,OCCUPIED,2026-07-08,36,2026-07-08,36,1,1.092,0.207,0.147
7,SPIKE_OCCUPIED,MEDIUM,False,,OCCUPIED,2026-07-08,45,2026-07-08,45,1,0.507,0.127,0.071
7,SPIKE_OCCUPIED,MEDIUM,False,,OCCUPIED,2026-07-09,0,2026-07-09,0,1,0.677,0.108,0.072
7,SPIKE_OCCUPIED,MEDIUM,False,,OCCUPIED,2026-07-09,1,2026-07-09,1,1,0.522,0.109,0.069
7,SPIKE_OCCUPIED,MEDIUM,False,,OCCUPIED,2026-07-09,2,2026-07-09,2,1,0.455,0.091,0.06
7,SPIKE_OCCUPIED,MEDIUM,False,,OCCUPIED,2026-07-09,3,2026-07-09,3,1,0.786,0.102,0.066
7,SPIKE_OCCUPIED,MEDIUM,False,,OCCUPIED,2026-07-09,4,2026-07-09,4,1,0.774,0.085,0.052
7,SPIKE_OCCUPIED,MEDIUM,False,,OCCUPIED,2026-07-09,5,2026-07-09,5,1,0.369,0.092,0.055
7,SPIKE_OCCUPIED,MEDIUM,False,,OCCUPIED,2026-07-09,6,2026-07-09,6,1,0.376,0.093,0.052
7,SPIKE_OCCUPIED,MEDIUM,False,,OCCUPIED,2026-07-09,7,2026-07-09,7,1,0.371,0.092,0.053
7,SPIKE_OCCUPIED,MEDIUM,False,,OCCUPIED,2026-07-09,8,2026-07-09,8,1,0.39,0.095,0.059
7,SPIKE_OCCUPIED,MEDIUM,False,,OCCUPIED,2026-07-09,9,2026-07-09,9,1,0.389,0.096,0.059
7,SPIKE_OCCUPIED,MEDIUM,False,,OCCUPIED,2026-07-09,10,2026-07-09,10,1,1.103,0.098,0.063
7,SPIKE_OCCUPIED,MEDIUM,False,,OCCUPIED,2026-07-09,33,2026-07-09,33,1,0.491,0.121,0.092
7,SPIKE_OCCUPIED,MEDIUM,False,,OCCUPIED,2026-07-09,38,2026-07-09,38,1,1.036,0.175,0.13
7,SPIKE_OCCUPIED,MEDIUM,False,,OCCUPIED,2026-07-09,43,2026-07-09,43,1,0.505,0.144,0.083
7,SPIKE_OCCUPIED,MEDIUM,False,,OCCUPIED,2026-07-09,44,2026-07-09,44,1,1.607,0.139,0.085
7,SPIKE_OCCUPIED,MEDIUM,False,,OCCUPIED,2026-07-09,45,2026-07-09,45,1,0.545,0.12,0.072
7,SPIKE_OCCUPIED,MEDIUM,False,,OCCUPIED,2026-07-09,46,2026-07-09,46,1,0.457,0.109,0.069
7,SPIKE_OCCUPIED,MEDIUM,False,,OCCUPIED,2026-07-09,47,2026-07-09,47,1,0.482,0.095,0.058
7,SPIKE_OCCUPIED,MEDIUM,False,,OCCUPIED,2026-07-10,0,2026-07-10,0,1,0.442,0.1035,0.0675
7,SPIKE_OCCUPIED,MEDIUM,False,,OCCUPIED,2026-07-10,1,2026-07-10,1,1,0.436,0.0965,0.062
7,SPIKE_OCCUPIED,MEDIUM,False,,OCCUPIED,2026-07-10,2,2026-07-10,2,1,0.458,0.0985,0.0615
7,SPIKE_OCCUPIED,MEDIUM,False,,OCCUPIED,2026-07-10,3,2026-07-10,3,1,0.676,0.09,0.0565
7,SPIKE_OCCUPIED,MEDIUM,False,,OCCUPIED,2026-07-10,4,2026-07-10,4,1,1.031,0.0795,0.05
7,SPIKE_OCCUPIED,MEDIUM,False,,OCCUPIED,2026-07-10,5,2026-07-10,5,1,0.404,0.0835,0.0505
7,SPIKE_OCCUPIED,MEDIUM,False,,OCCUPIED,2026-07-10,6,2026-07-10,6,1,0.404,0.084,0.05
7,SPIKE_OCCUPIED,MEDIUM,False,,OCCUPIED,2026-07-10,7,2026-07-10,7,1,0.394,0.0865,0.05
7,SPIKE_OCCUPIED,MEDIUM,False,,OCCUPIED,2026-07-10,8,2026-07-10,8,1,0.363,0.089,0.053
7,SPIKE_OCCUPIED,MEDIUM,False,,OCCUPIED,2026-07-10,9,2026-07-10,9,1,0.34,0.0855,0.0525
7,SPIKE_OCCUPIED,MEDIUM,False,,OCCUPIED,2026-07-10,11,2026-07-10,11,1,0.857,0.0835,0.0545
7,SPIKE_OCCUPIED,MEDIUM,False,,OCCUPIED,2026-07-10,41,2026-07-10,41,1,0.99,0.147,0.0915
7,SPIKE_OCCUPIED,MEDIUM,False,,OCCUPIED,2026-07-10,42,2026-07-10,42,1,0.662,0.1465,0.091
7,SPIKE_OCCUPIED,MEDIUM,False,,OCCUPIED,2026-07-10,45,2026-07-10,45,1,0.463,0.1265,0.07
7,SPIKE_OCCUPIED,MEDIUM,False,,OCCUPIED,2026-07-10,46,2026-07-10,46,1,0.439,0.117,0.066
7,SPIKE_OCCUPIED,MEDIUM,False,,OCCUPIED,2026-07-10,47,2026-07-10,47,1,0.48,0.1215,0.0695
7,SPIKE_OCCUPIED,MEDIUM,False,,OCCUPIED,2026-07-11,0,2026-07-11,0,1,0.708,0.086,0.055
7,SPIKE_OCCUPIED,MEDIUM,False,,OCCUPIED,2026-07-11,1,2026-07-11,1,1,0.492,0.092,0.06
7,SPIKE_OCCUPIED,MEDIUM,False,,OCCUPIED,2026-07-11,2,2026-07-11,2,1,0.48,0.087,0.061
7,SPIKE_OCCUPIED,MEDIUM,False,,OCCUPIED,2026-07-11,3,2026-07-11,3,1,1.183,0.091,0.059
7,SPIKE_OCCUPIED,MEDIUM,False,,OCCUPIED,2026-07-11,4,2026-07-11,4,1,0.416,0.081,0.052
7,SPIKE_OCCUPIED,MEDIUM,False,,OCCUPIED,2026-07-11,5,2026-07-11,5,1,0.405,0.074,0.05
7,SPIKE_OCCUPIED,MEDIUM,False,,OCCUPIED,2026-07-11,6,2026-07-11,6,1,0.408,0.076,0.05
7,SPIKE_OCCUPIED,MEDIUM,False,,OCCUPIED,2026-07-11,7,2026-07-11,7,1,0.399,0.085,0.051
7,SPIKE_OCCUPIED,MEDIUM,False,,OCCUPIED,2026-07-11,8,2026-07-11,8,1,0.388,0.076,0.051
7,SPIKE_OCCUPIED,MEDIUM,False,,OCCUPIED,2026-07-11,9,2026-07-11,9,1,0.344,0.081,0.05
7,SPIKE_OCCUPIED,MEDIUM,False,,OCCUPIED,2026-07-11,10,2026-07-11,10,1,1.039,0.072,0.05
7,SPIKE_OCCUPIED,MEDIUM,False,,OCCUPIED,2026-07-11,11,2026-07-11,11,1,0.329,0.088,0.057
7,SPIKE_OCCUPIED,MEDIUM,False,,OCCUPIED,2026-07-11,17,2026-07-11,17,1,0.854,0.133,0.099
7,SPIKE_OCCUPIED,MEDIUM,False,,OCCUPIED,2026-07-11,34,2026-07-11,34,1,1.191,0.132,0.103
7,SPIKE_OCCUPIED,MEDIUM,False,,OCCUPIED,2026-07-11,36,2026-07-11,36,1,0.873,0.157,0.122
7,SPIKE_OCCUPIED,MEDIUM,False,,OCCUPIED,2026-07-11,38,2026-07-11,38,1,0.676,0.147,0.107
7,SPIKE_OCCUPIED,MEDIUM,False,,OCCUPIED,2026-07-11,41,2026-07-11,41,1,1.096,0.139,0.093
7,SPIKE_OCCUPIED,MEDIUM,False,,OCCUPIED,2026-07-11,42,2026-07-11,42,1,2.301,0.147,0.098
7,SPIKE_OCCUPIED,MEDIUM,False,,OCCUPIED,2026-07-11,43,2026-07-11,43,1,1.341,0.138,0.084
7,SPIKE_OCCUPIED,MEDIUM,False,,OCCUPIED,2026-07-11,44,2026-07-11,44,1,1.888,0.118,0.074
7,SPIKE_OCCUPIED,MEDIUM,False,,OCCUPIED,2026-07-11,45,2026-07-11,45,1,0.623,0.119,0.076
7,SPIKE_OCCUPIED,MEDIUM,False,,OCCUPIED,2026-07-11,46,2026-07-11,46,1,0.615,0.114,0.068
7,SPIKE_OCCUPIED,MEDIUM,False,,OCCUPIED,2026-07-11,47,2026-07-11,47,1,1.399,0.098,0.059
7,SPIKE_OCCUPIED,MEDIUM,False,,OCCUPIED,2026-07-12,0,2026-07-12,0,1,0.608,0.1105,0.0705
7,SPIKE_OCCUPIED,MEDIUM,False,,OCCUPIED,2026-07-12,14,2026-07-12,14,1,0.309,0.0805,0.056
7,SPIKE_OCCUPIED,MEDIUM,False,,OCCUPIED,2026-07-13,0,2026-07-13,0,1,1.019,0.092,0.061
7,SPIKE_OCCUPIED,MEDIUM,False,,OCCUPIED,2026-07-13,1,2026-07-13,1,1,2.097,0.0935,0.0605
7,SPIKE_OCCUPIED,MEDIUM,False,,OCCUPIED,2026-07-13,2,2026-07-13,2,1,2.579,0.0855,0.0515
7,SPIKE_OCCUPIED,MEDIUM,False,,OCCUPIED,2026-07-13,3,2026-07-13,3,1,1.837,0.082,0.0505
7,SPIKE_OCCUPIED,MEDIUM,False,,OCCUPIED,2026-07-13,4,2026-07-13,4,1,1.019,0.0805,0.05
7,SPIKE_OCCUPIED,MEDIUM,False,,OCCUPIED,2026-07-13,5,2026-07-13,5,1,1.033,0.082,0.05
7,SPIKE_OCCUPIED,MEDIUM,False,,OCCUPIED,2026-07-13,6,2026-07-13,6,1,1.019,0.081,0.05
7,SPIKE_OCCUPIED,MEDIUM,False,,OCCUPIED,2026-07-13,7,2026-07-13,7,1,0.485,0.087,0.05
7,SPIKE_OCCUPIED,MEDIUM,False,,OCCUPIED,2026-07-14,1,2026-07-14,1,1,0.378,0.085,0.056
7,SPIKE_OCCUPIED,MEDIUM,False,,OCCUPIED,2026-07-14,2,2026-07-14,2,1,0.35,0.093,0.056
7,SPIKE_OCCUPIED,MEDIUM,False,,OCCUPIED,2026-07-14,3,2026-07-14,3,1,0.377,0.091,0.056
7,SPIKE_OCCUPIED,MEDIUM,False,,OCCUPIED,2026-07-14,4,2026-07-14,4,1,0.364,0.088,0.054
7,SPIKE_OCCUPIED,MEDIUM,False,,OCCUPIED,2026-07-14,5,2026-07-14,5,1,0.356,0.08,0.051
7,SPIKE_OCCUPIED,MEDIUM,False,,OCCUPIED,2026-07-14,6,2026-07-14,6,1,0.38,0.078,0.05
7,SPIKE_OCCUPIED,MEDIUM,False,,OCCUPIED,2026-07-14,7,2026-07-14,7,1,0.346,0.086,0.055
7,SPIKE_OCCUPIED,MEDIUM,False,,OCCUPIED,2026-07-14,8,2026-07-14,8,1,0.354,0.085,0.056
7,SPIKE_OCCUPIED,MEDIUM,False,,OCCUPIED,2026-07-14,9,2026-07-14,9,1,0.381,0.084,0.053
7,SPIKE_OCCUPIED,MEDIUM,False,,OCCUPIED,2026-07-14,10,2026-07-14,10,1,0.347,0.087,0.059
7,SPIKE_OCCUPIED,MEDIUM,False,,OCCUPIED,2026-07-14,11,2026-07-14,11,1,0.366,0.091,0.064
7,SPIKE_OCCUPIED,MEDIUM,False,,OCCUPIED,2026-07-14,12,2026-07-14,12,1,0.404,0.089,0.065
7,SPIKE_OCCUPIED,MEDIUM,False,,OCCUPIED,2026-07-14,35,2026-07-14,35,1,0.982,0.148,0.121
7,SPIKE_OCCUPIED,MEDIUM,False,,OCCUPIED,2026-07-14,36,2026-07-14,36,1,1.693,0.189,0.149
7,SPIKE_OCCUPIED,MEDIUM,False,,OCCUPIED,2026-07-14,39,2026-07-14,39,1,0.858,0.185,0.132
7,SPIKE_OCCUPIED,MEDIUM,False,,OCCUPIED,2026-07-14,40,2026-07-14,40,1,0.829,0.166,0.119
7,SPIKE_OCCUPIED,MEDIUM,False,,OCCUPIED,2026-07-14,41,2026-07-14,41,1,0.805,0.15,0.103
7,SPIKE_OCCUPIED,MEDIUM,False,,OCCUPIED,2026-07-14,42,2026-07-14,42,1,0.727,0.133,0.079
7,SPIKE_OCCUPIED,MEDIUM,False,,OCCUPIED,2026-07-14,43,2026-07-14,43,1,0.749,0.137,0.082
7,SPIKE_OCCUPIED,MEDIUM,False,,OCCUPIED,2026-07-14,47,2026-07-14,47,1,3.125,0.087,0.055
7,SPIKE_OCCUPIED,MEDIUM,False,,OCCUPIED,2026-07-15,0,2026-07-15,0,1,2.862,0.104,0.074
7,SPIKE_OCCUPIED,MEDIUM,False,,OCCUPIED,2026-07-15,1,2026-07-15,1,1,2.751,0.1,0.066
7,SPIKE_OCCUPIED,MEDIUM,False,,OCCUPIED,2026-07-15,2,2026-07-15,2,1,4.107,0.098,0.059
7,SPIKE_OCCUPIED,MEDIUM,False,,OCCUPIED,2026-07-15,3,2026-07-15,3,1,3.649,0.098,0.062
7,SPIKE_OCCUPIED,MEDIUM,False,,OCCUPIED,2026-07-15,20,2026-07-15,20,1,0.535,0.122,0.077
7,SPIKE_OCCUPIED,MEDIUM,False,,OCCUPIED,2026-07-15,38,2026-07-15,38,1,0.812,0.199,0.144
7,SPIKE_OCCUPIED,MEDIUM,False,,OCCUPIED,2026-07-15,40,2026-07-15,40,1,0.697,0.165,0.116
7,SPIKE_OCCUPIED,MEDIUM,False,,OCCUPIED,2026-07-15,41,2026-07-15,41,1,0.674,0.168,0.104
7,SPIKE_OCCUPIED,MEDIUM,False,,OCCUPIED,2026-07-15,42,2026-07-15,42,1,0.672,0.158,0.106
7,SPIKE_OCCUPIED,MEDIUM,False,,OCCUPIED,2026-07-15,43,2026-07-15,43,1,0.672,0.144,0.1
7,SPIKE_UNKNOWN,LOW,False,,UNKNOWN,2026-07-16,1,2026-07-16,1,1,0.389,0.109,0.069
7,SPIKE_UNKNOWN,LOW,False,,UNKNOWN,2026-07-16,4,2026-07-16,4,1,0.463,0.085,0.052
7,SPIKE_OCCUPIED,MEDIUM,False,,OCCUPIED,2026-07-16,35,2026-07-16,35,1,0.995,0.159,0.128
7,SPIKE_OCCUPIED,MEDIUM,False,,OCCUPIED,2026-07-16,38,2026-07-16,38,1,0.858,0.175,0.13
7,SPIKE_OCCUPIED,MEDIUM,False,,OCCUPIED,2026-07-16,39,2026-07-16,39,1,0.795,0.152,0.105
7,SPIKE_OCCUPIED,MEDIUM,False,,OCCUPIED,2026-07-16,40,2026-07-16,40,1,0.766,0.173,0.118
7,SPIKE_OCCUPIED,MEDIUM,False,,OCCUPIED,2026-07-16,41,2026-07-16,41,1,0.695,0.183,0.124
7,SPIKE_OCCUPIED,MEDIUM,False,,OCCUPIED,2026-07-16,42,2026-07-16,42,1,0.68,0.157,0.093
7,SPIKE_OCCUPIED,MEDIUM,False,,OCCUPIED,2026-07-16,43,2026-07-16,43,1,0.713,0.144,0.083
7,SPIKE_UNKNOWN,LOW,False,,UNKNOWN,2026-07-17,15,2026-07-17,15,1,0.517,0.116,0.078
7,SPIKE_UNKNOWN,LOW,False,,UNKNOWN,2026-07-17,19,2026-07-17,19,1,0.502,0.1125,0.08
7,SPIKE_OCCUPIED,MEDIUM,False,,OCCUPIED,2026-07-17,41,2026-07-17,41,1,0.75,0.147,0.0915
7,SPIKE_OCCUPIED,MEDIUM,False,,OCCUPIED,2026-07-17,42,2026-07-17,42,1,0.698,0.1465,0.091
7,SPIKE_OCCUPIED,MEDIUM,False,,OCCUPIED,2026-07-17,43,2026-07-17,43,1,0.743,0.1455,0.083
7,SPIKE_OCCUPIED,MEDIUM,False,,OCCUPIED,2026-07-17,44,2026-07-17,44,1,0.664,0.1435,0.086
7,SPIKE_OCCUPIED,MEDIUM,False,,OCCUPIED,2026-07-17,45,2026-07-17,45,1,0.573,0.1265,0.07
7,SPIKE_OCCUPIED,MEDIUM,False,,OCCUPIED,2026-07-17,47,2026-07-17,47,1,2.554,0.1215,0.0695
7,SPIKE_OCCUPIED,MEDIUM,False,,OCCUPIED,2026-07-18,13,2026-07-18,13,1,0.804,0.084,0.061
7,SPIKE_UNKNOWN,LOW,False,,UNKNOWN,2026-07-18,14,2026-07-18,14,1,0.512,0.092,0.068
7,SPIKE_OCCUPIED,MEDIUM,False,,OCCUPIED,2026-07-18,19,2026-07-18,19,1,0.85,0.11,0.076
7,SPIKE_OCCUPIED,MEDIUM,False,,OCCUPIED,2026-07-18,34,2026-07-18,34,1,1.279,0.132,0.103
7,SPIKE_OCCUPIED,MEDIUM,False,,OCCUPIED,2026-07-18,35,2026-07-18,35,1,1.098,0.148,0.114
7,SPIKE_UNKNOWN,LOW,False,,UNKNOWN,2026-07-19,19,2026-07-19,19,1,0.576,0.1445,0.096
7,SPIKE_OCCUPIED,MEDIUM,False,,OCCUPIED,2026-07-19,21,2026-07-19,21,1,0.618,0.1365,0.093
7,SPIKE_OCCUPIED,MEDIUM,False,,OCCUPIED,2026-07-19,22,2026-07-19,22,1,0.678,0.1215,0.0965
7,SPIKE_UNKNOWN,LOW,False,,UNKNOWN,2026-07-19,24,2026-07-19,24,1,0.513,0.1285,0.0805
7,SPIKE_OCCUPIED,MEDIUM,False,,OCCUPIED,2026-07-19,31,2026-07-19,31,1,1.004,0.128,0.09
7,SPIKE_OCCUPIED,MEDIUM,False,,OCCUPIED,2026-07-19,32,2026-07-19,32,1,0.782,0.1485,0.1145
7,SPIKE_UNKNOWN,LOW,False,,UNKNOWN,2026-07-19,38,2026-07-19,38,1,0.702,0.177,0.124
7,SPIKE_OCCUPIED,MEDIUM,False,,OCCUPIED,2026-07-19,39,2026-07-19,39,1,1.158,0.1615,0.121
7,SPIKE_OCCUPIED,MEDIUM,False,,OCCUPIED,2026-07-19,42,2026-07-19,42,1,0.64,0.143,0.0935
7,SPIKE_UNKNOWN,LOW,False,,UNKNOWN,2026-07-20,0,2026-07-20,0,1,0.691,0.092,0.061
7,SPIKE_UNKNOWN,LOW,False,,UNKNOWN,2026-07-20,1,2026-07-20,1,1,0.384,0.0935,0.0605
7,SPIKE_UNKNOWN,LOW,False,,UNKNOWN,2026-07-20,15,2026-07-20,15,1,0.481,0.1205,0.0865
7,SPIKE_UNKNOWN,LOW,False,,UNKNOWN,2026-07-22,22,2026-07-22,22,1,0.625,0.12,0.076
7,SPIKE_UNKNOWN,LOW,False,,UNKNOWN,2026-07-22,30,2026-07-22,30,1,0.601,0.146,0.086
7,SPIKE_OCCUPIED,MEDIUM,False,,OCCUPIED,2026-07-22,39,2026-07-22,39,1,1.113,0.19,0.133
7,SPIKE_OCCUPIED,MEDIUM,False,,OCCUPIED,2026-07-22,40,2026-07-22,40,1,0.757,0.165,0.116
7,SPIKE_OCCUPIED,MEDIUM,False,,OCCUPIED,2026-07-22,41,2026-07-22,41,1,0.585,0.168,0.104
7,SPIKE_UNKNOWN,LOW,False,,UNKNOWN,2026-07-22,44,2026-07-22,44,1,0.683,0.137,0.086
7,SPIKE_UNKNOWN,LOW,False,,UNKNOWN,2026-07-22,46,2026-07-22,46,1,0.729,0.116,0.075
7,SPIKE_UNKNOWN,LOW,False,,UNKNOWN,2026-07-23,3,2026-07-23,3,1,0.654,0.102,0.066
7,SPIKE_UNKNOWN,LOW,False,,UNKNOWN,2026-07-23,4,2026-07-23,4,1,0.4,0.085,0.052
7,SPIKE_OCCUPIED,MEDIUM,False,,OCCUPIED,2026-07-23,6,2026-07-23,6,1,1.508,0.093,0.052
7,SPIKE_OCCUPIED,MEDIUM,False,,OCCUPIED,2026-07-23,8,2026-07-23,8,1,0.825,0.095,0.059
7,SPIKE_OCCUPIED,MEDIUM,False,,OCCUPIED,2026-07-24,39,2026-07-24,39,1,0.675,0.165,0.1085
7,SPIKE_OCCUPIED,MEDIUM,False,,OCCUPIED,2026-07-25,0,2026-07-25,0,1,7.323,0.086,0.055
7,SPIKE_OCCUPIED,MEDIUM,False,,OCCUPIED,2026-07-25,1,2026-07-25,1,1,6.518,0.092,0.06
7,SPIKE_OCCUPIED,MEDIUM,False,,OCCUPIED,2026-07-25,2,2026-07-25,2,1,3.758,0.087,0.061
7,SPIKE_OCCUPIED,MEDIUM,False,,OCCUPIED,2026-07-25,3,2026-07-25,3,1,3.901,0.091,0.059
7,SPIKE_OCCUPIED,MEDIUM,False,,OCCUPIED,2026-07-25,4,2026-07-25,4,1,3.688,0.081,0.052
7,SPIKE_OCCUPIED,MEDIUM,False,,OCCUPIED,2026-07-25,5,2026-07-25,5,1,2.75,0.074,0.05
7,SPIKE_UNKNOWN,LOW,False,,UNKNOWN,2026-07-25,6,2026-07-25,6,1,0.351,0.076,0.05
7,SPIKE_UNKNOWN,LOW,False,,UNKNOWN,2026-07-25,7,2026-07-25,7,1,0.357,0.085,0.051
7,SPIKE_OCCUPIED,MEDIUM,False,,OCCUPIED,2026-07-25,8,2026-07-25,8,1,1.261,0.076,0.051
7,SPIKE_UNKNOWN,LOW,False,,UNKNOWN,2026-07-25,9,2026-07-25,9,1,0.632,0.081,0.05
7,SPIKE_OCCUPIED,MEDIUM,False,,OCCUPIED,2026-07-25,46,2026-07-25,46,1,7.251,0.114,0.068
7,SPIKE_OCCUPIED,MEDIUM,False,,OCCUPIED,2026-07-25,47,2026-07-25,47,1,7.45,0.098,0.059
8,FLATLINE,HIGH,True,vacancy,VACANT,2024-11-30,0,2024-11-30,46,47,0.0038,0.1205,0.0725
8,FLATLINE,HIGH,True,vacancy,VACANT,2025-08-02,0,2025-08-02,14,15,0.0075,0.1205,0.0725
8,FLATLINE,HIGH,True,vacancy,VACANT,2025-08-02,17,2025-08-02,41,25,0.0054,0.08,0.0585
8,FLATLINE,HIGH,True,vacancy,VACANT,2025-10-17,10,2025-10-17,16,7,0.0007,0.075,0.05
8,FLATLINE,HIGH,True,vacancy,VACANT,2025-10-17,18,2025-10-17,45,28,0.0007,0.093,0.05
8,FLATLINE,HIGH,True,vacancy,VACANT,2026-01-08,13,2026-01-08,18,6,0.0,0.097,0.064
8,FLATLINE,HIGH,True,vacancy,VACANT,2026-02-07,13,2026-02-07,42,30,0.0002,0.063,0.05
8,FLATLINE,HIGH,True,vacancy,VACANT,2026-05-02,20,2026-05-02,25,6,0.0035,0.101,0.0815
8,FLATLINE,HIGH,True,vacancy,VACANT,2026-07-19,20,2026-07-19,26,7,0.0,0.104,0.065
8,FLATLINE,HIGH,True,vacancy,VACANT,2026-07-19,28,2026-07-19,34,7,0.0021,0.121,0.092
8,SPIKE_OCCUPIED,MEDIUM,False,,OCCUPIED,2024-08-28,18,2024-08-28,18,1,0.613,0.095,0.0545
8,SPIKE_OCCUPIED,MEDIUM,False,,OCCUPIED,2024-08-28,27,2024-08-28,27,1,0.418,0.0825,0.05
8,SPIKE_OCCUPIED,MEDIUM,False,,OCCUPIED,2024-08-28,28,2024-08-28,28,1,0.722,0.0895,0.05
8,SPIKE_OCCUPIED,MEDIUM,False,,OCCUPIED,2024-08-28,29,2024-08-28,29,1,0.592,0.086,0.055
8,SPIKE_OCCUPIED,MEDIUM,False,,OCCUPIED,2024-08-28,32,2024-08-28,32,1,0.911,0.0985,0.0645
8,SPIKE_OCCUPIED,MEDIUM,False,,OCCUPIED,2024-08-29,15,2024-08-29,15,1,0.612,0.145,0.092
8,SPIKE_OCCUPIED,MEDIUM,False,,OCCUPIED,2024-08-29,19,2024-08-29,19,1,0.712,0.08,0.05
8,SPIKE_OCCUPIED,MEDIUM,False,,OCCUPIED,2024-08-29,20,2024-08-29,20,1,0.868,0.088,0.05
8,SPIKE_OCCUPIED,MEDIUM,False,,OCCUPIED,2024-08-29,21,2024-08-29,21,1,1.002,0.078,0.051
8,SPIKE_OCCUPIED,MEDIUM,False,,OCCUPIED,2024-08-29,28,2024-08-29,28,1,0.458,0.079,0.059
8,SPIKE_OCCUPIED,MEDIUM,False,,OCCUPIED,2024-08-29,32,2024-08-29,32,1,0.504,0.133,0.084
8,SPIKE_OCCUPIED,MEDIUM,False,,OCCUPIED,2024-09-02,13,2024-09-02,13,1,0.492,0.0785,0.05
8,SPIKE_OCCUPIED,MEDIUM,False,,OCCUPIED,2024-09-02,16,2024-09-02,16,1,0.677,0.113,0.074
8,SPIKE_OCCUPIED,MEDIUM,False,,OCCUPIED,2024-09-02,18,2024-09-02,18,1,0.49,0.1075,0.071
8,SPIKE_OCCUPIED,MEDIUM,False,,OCCUPIED,2024-09-02,20,2024-09-02,20,1,0.985,0.0885,0.055
8,SPIKE_OCCUPIED,MEDIUM,False,,OCCUPIED,2024-09-02,21,2024-09-02,21,1,1.07,0.0915,0.063
8,SPIKE_OCCUPIED,MEDIUM,False,,OCCUPIED,2024-09-02,22,2024-09-02,22,1,0.702,0.0795,0.059
8,SPIKE_OCCUPIED,MEDIUM,False,,OCCUPIED,2024-09-02,31,2024-09-02,31,1,0.788,0.122,0.079
8,SPIKE_OCCUPIED,MEDIUM,False,,OCCUPIED,2024-09-02,32,2024-09-02,32,1,1.328,0.102,0.05
8,SPIKE_OCCUPIED,MEDIUM,False,,OCCUPIED,2024-09-02,34,2024-09-02,34,1,0.308,0.102,0.05
8,SPIKE_OCCUPIED,MEDIUM,False,,OCCUPIED,2024-09-02,43,2024-09-02,43,1,0.463,0.1385,0.079
8,SPIKE_OCCUPIED,MEDIUM,False,,OCCUPIED,2024-09-04,17,2024-09-04,17,1,0.508,0.1155,0.055
8,SPIKE_OCCUPIED,MEDIUM,False,,OCCUPIED,2024-09-04,18,2024-09-04,18,1,0.637,0.095,0.0545
8,SPIKE_OCCUPIED,MEDIUM,False,,OCCUPIED,2024-09-04,19,2024-09-04,19,1,0.521,0.0875,0.05
8,SPIKE_OCCUPIED,MEDIUM,False,,OCCUPIED,2024-09-04,21,2024-09-04,21,1,0.307,0.0925,0.05
8,SPIKE_OCCUPIED,MEDIUM,False,,OCCUPIED,2024-09-04,23,2024-09-04,23,1,0.472,0.0945,0.05
8,SPIKE_OCCUPIED,MEDIUM,False,,OCCUPIED,2024-09-04,24,2024-09-04,24,1,0.428,0.094,0.0685
8,SPIKE_OCCUPIED,MEDIUM,False,,OCCUPIED,2024-09-04,26,2024-09-04,26,1,0.427,0.081,0.05
8,SPIKE_OCCUPIED,MEDIUM,False,,OCCUPIED,2024-09-04,27,2024-09-04,27,1,0.458,0.0825,0.05
8,SPIKE_OCCUPIED,MEDIUM,False,,OCCUPIED,2024-09-04,32,2024-09-04,32,1,0.613,0.0985,0.0645
8,SPIKE_OCCUPIED,MEDIUM,False,,OCCUPIED,2024-09-04,34,2024-09-04,34,1,0.504,0.1275,0.0915
8,SPIKE_OCCUPIED,MEDIUM,False,,OCCUPIED,2024-09-05,15,2024-09-05,15,1,0.633,0.145,0.092
8,SPIKE_OCCUPIED,MEDIUM,False,,OCCUPIED,2024-09-05,16,2024-09-05,16,1,0.604,0.15,0.102
8,SPIKE_OCCUPIED,MEDIUM,False,,OCCUPIED,2024-09-05,19,2024-09-05,19,1,0.387,0.08,0.05
8,SPIKE_OCCUPIED,MEDIUM,False,,OCCUPIED,2024-09-05,21,2024-09-05,21,1,1.015,0.078,0.051
8,SPIKE_OCCUPIED,MEDIUM,False,,OCCUPIED,2024-09-05,22,2024-09-05,22,1,0.598,0.084,0.082
8,SPIKE_OCCUPIED,MEDIUM,False,,OCCUPIED,2024-09-05,23,2024-09-05,23,1,0.561,0.095,0.094
8,SPIKE_OCCUPIED,MEDIUM,False,,OCCUPIED,2024-09-05,33,2024-09-05,33,1,0.38,0.113,0.061
8,SPIKE_OCCUPIED,MEDIUM,False,,OCCUPIED,2024-09-06,14,2024-09-06,14,1,0.626,0.115,0.068
8,SPIKE_OCCUPIED,MEDIUM,False,,OCCUPIED,2024-09-06,19,2024-09-06,19,1,0.545,0.093,0.05
8,SPIKE_OCCUPIED,MEDIUM,False,,OCCUPIED,2024-09-06,21,2024-09-06,21,1,0.482,0.082,0.057
8,SPIKE_OCCUPIED,MEDIUM,False,,OCCUPIED,2024-09-06,23,2024-09-06,23,1,0.487,0.088,0.05
8,SPIKE_OCCUPIED,MEDIUM,False,,OCCUPIED,2024-09-06,24,2024-09-06,24,1,0.325,0.091,0.054
8,SPIKE_OCCUPIED,MEDIUM,False,,OCCUPIED,2024-09-06,26,2024-09-06,26,1,1.169,0.079,0.05
8,SPIKE_OCCUPIED,MEDIUM,False,,OCCUPIED,2024-09-06,28,2024-09-06,28,1,0.56,0.088,0.05
8,SPIKE_OCCUPIED,MEDIUM,False,,OCCUPIED,2024-09-06,34,2024-09-06,34,1,0.648,0.116,0.065
8,SPIKE_OCCUPIED,MEDIUM,False,,OCCUPIED,2024-09-07,29,2024-09-07,29,1,0.872,0.09,0.082
8,SPIKE_OCCUPIED,MEDIUM,False,,OCCUPIED,2024-09-07,31,2024-09-07,31,1,0.652,0.107,0.0785
8,SPIKE_OCCUPIED,MEDIUM,False,,OCCUPIED,2024-09-07,32,2024-09-07,32,1,0.963,0.09,0.085
8,SPIKE_OCCUPIED,MEDIUM,False,,OCCUPIED,2024-09-07,33,2024-09-07,33,1,0.476,0.0875,0.067
8,SPIKE_OCCUPIED,MEDIUM,False,,OCCUPIED,2024-09-07,35,2024-09-07,35,1,0.789,0.13,0.0915
8,SPIKE_OCCUPIED,MEDIUM,False,,OCCUPIED,2024-09-08,15,2024-09-08,15,1,0.403,0.074,0.05
8,SPIKE_OCCUPIED,MEDIUM,False,,OCCUPIED,2024-09-08,22,2024-09-08,22,1,1.434,0.087,0.05
8,SPIKE_OCCUPIED,MEDIUM,False,,OCCUPIED,2024-09-08,24,2024-09-08,24,1,0.616,0.096,0.065
8,SPIKE_OCCUPIED,MEDIUM,False,,OCCUPIED,2024-09-08,25,2024-09-08,25,1,0.767,0.124,0.088
8,SPIKE_OCCUPIED,MEDIUM,False,,OCCUPIED,2024-09-08,27,2024-09-08,27,1,0.621,0.1,0.073
8,SPIKE_OCCUPIED,MEDIUM,False,,OCCUPIED,2024-09-08,28,2024-09-08,28,1,0.514,0.121,0.092
8,SPIKE_OCCUPIED,MEDIUM,False,,OCCUPIED,2024-09-08,29,2024-09-08,29,1,0.453,0.104,0.086
8,SPIKE_OCCUPIED,MEDIUM,False,,OCCUPIED,2024-09-08,32,2024-09-08,32,1,0.634,0.129,0.114
8,SPIKE_OCCUPIED,MEDIUM,False,,OCCUPIED,2024-09-09,19,2024-09-09,19,1,0.488,0.088,0.051
8,SPIKE_OCCUPIED,MEDIUM,False,,OCCUPIED,2024-09-09,21,2024-09-09,21,1,0.432,0.0915,0.063
8,SPIKE_OCCUPIED,MEDIUM,False,,OCCUPIED,2024-09-09,22,2024-09-09,22,1,1.042,0.0795,0.059
8,SPIKE_OCCUPIED,MEDIUM,False,,OCCUPIED,2024-09-09,23,2024-09-09,23,1,0.444,0.0725,0.05
8,SPIKE_OCCUPIED,MEDIUM,False,,OCCUPIED,2024-09-09,24,2024-09-09,24,1,0.788,0.0725,0.05
8,SPIKE_OCCUPIED,MEDIUM,False,,OCCUPIED,2024-09-09,28,2024-09-09,28,1,0.66,0.0795,0.05
8,SPIKE_OCCUPIED,MEDIUM,False,,OCCUPIED,2024-09-09,29,2024-09-09,29,1,0.453,0.076,0.05
8,SPIKE_OCCUPIED,MEDIUM,False,,OCCUPIED,2024-09-09,31,2024-09-09,31,1,0.658,0.122,0.079
8,SPIKE_OCCUPIED,MEDIUM,False,,OCCUPIED,2024-09-09,32,2024-09-09,32,1,1.635,0.102,0.05
8,SPIKE_OCCUPIED,MEDIUM,False,,OCCUPIED,2024-09-11,12,2024-09-11,12,1,0.34,0.0915,0.05
8,SPIKE_OCCUPIED,MEDIUM,False,,OCCUPIED,2024-09-11,13,2024-09-11,13,1,0.436,0.1135,0.0715
8,SPIKE_OCCUPIED,MEDIUM,False,,OCCUPIED,2024-09-11,15,2024-09-11,15,1,0.519,0.1305,0.0685
8,SPIKE_OCCUPIED,MEDIUM,False,,OCCUPIED,2024-09-11,24,2024-09-11,24,1,0.384,0.094,0.0685
8,SPIKE_OCCUPIED,MEDIUM,False,,OCCUPIED,2024-09-11,28,2024-09-11,28,1,0.65,0.0895,0.05
8,SPIKE_OCCUPIED,MEDIUM,False,,OCCUPIED,2024-09-11,30,2024-09-11,30,1,0.662,0.0935,0.0525
8,SPIKE_OCCUPIED,MEDIUM,False,,OCCUPIED,2024-09-11,31,2024-09-11,31,1,0.497,0.1065,0.0545
8,SPIKE_OCCUPIED,MEDIUM,False,,OCCUPIED,2024-09-11,32,2024-09-11,32,1,1.199,0.0985,0.0645
8,SPIKE_OCCUPIED,MEDIUM,False,,OCCUPIED,2024-09-11,33,2024-09-11,33,1,0.65,0.102,0.0635
8,SPIKE_OCCUPIED,MEDIUM,False,,OCCUPIED,2024-09-30,8,2024-09-30,8,1,0.406,0.0595,0.05
8,SPIKE_OCCUPIED,MEDIUM,False,,OCCUPIED,2024-09-30,9,2024-09-30,9,1,1.206,0.0635,0.05
8,SPIKE_OCCUPIED,MEDIUM,False,,OCCUPIED,2024-09-30,10,2024-09-30,10,1,1.024,0.071,0.05
8,SPIKE_OCCUPIED,MEDIUM,False,,OCCUPIED,2024-09-30,11,2024-09-30,11,1,1.505,0.0695,0.05
8,SPIKE_OCCUPIED,MEDIUM,False,,OCCUPIED,2024-09-30,12,2024-09-30,12,1,0.539,0.0745,0.05
8,SPIKE_OCCUPIED,MEDIUM,False,,OCCUPIED,2024-09-30,32,2024-09-30,32,1,0.714,0.102,0.05
8,SPIKE_OCCUPIED,MEDIUM,False,,OCCUPIED,2024-09-30,33,2024-09-30,33,1,0.612,0.1,0.05
8,SPIKE_OCCUPIED,MEDIUM,False,,OCCUPIED,2024-10-13,0,2024-10-13,0,1,0.342,0.087,0.05
8,SPIKE_OCCUPIED,MEDIUM,False,,OCCUPIED,2024-10-13,1,2024-10-13,1,1,0.633,0.083,0.05
8,SPIKE_OCCUPIED,MEDIUM,False,,OCCUPIED,2024-10-13,2,2024-10-13,2,1,0.541,0.074,0.05
8,SPIKE_OCCUPIED,MEDIUM,False,,OCCUPIED,2024-10-13,3,2024-10-13,3,1,0.43,0.068,0.05
8,SPIKE_OCCUPIED,MEDIUM,False,,OCCUPIED,2024-10-13,4,2024-10-13,4,1,0.711,0.068,0.05
8,SPIKE_OCCUPIED,MEDIUM,False,,OCCUPIED,2024-10-13,6,2024-10-13,6,1,0.884,0.058,0.05
8,SPIKE_OCCUPIED,MEDIUM,False,,OCCUPIED,2024-10-13,8,2024-10-13,8,1,0.788,0.06,0.05
8,SPIKE_OCCUPIED,MEDIUM,False,,OCCUPIED,2024-10-13,9,2024-10-13,9,1,0.346,0.058,0.05
8,SPIKE_OCCUPIED,MEDIUM,False,,OCCUPIED,2024-10-13,10,2024-10-13,10,1,0.575,0.062,0.05
8,SPIKE_OCCUPIED,MEDIUM,False,,OCCUPIED,2024-10-13,11,2024-10-13,11,1,0.659,0.064,0.05
8,SPIKE_OCCUPIED,MEDIUM,False,,OCCUPIED,2024-10-13,12,2024-10-13,12,1,0.447,0.058,0.05
8,SPIKE_OCCUPIED,MEDIUM,False,,OCCUPIED,2024-10-13,13,2024-10-13,13,1,1.192,0.07,0.05
8,SPIKE_OCCUPIED,MEDIUM,False,,OCCUPIED,2024-10-13,14,2024-10-13,14,1,0.942,0.092,0.05
8,SPIKE_OCCUPIED,MEDIUM,False,,OCCUPIED,2024-10-13,15,2024-10-13,15,1,0.389,0.074,0.05
8,SPIKE_OCCUPIED,MEDIUM,False,,OCCUPIED,2024-10-13,16,2024-10-13,16,1,1.982,0.07,0.05
8,SPIKE_OCCUPIED,MEDIUM,False,,OCCUPIED,2024-10-13,17,2024-10-13,17,1,1.453,0.11,0.071
8,SPIKE_OCCUPIED,MEDIUM,False,,OCCUPIED,2024-10-13,18,2024-10-13,18,1,2.534,0.104,0.063
8,SPIKE_OCCUPIED,MEDIUM,False,,OCCUPIED,2024-10-13,20,2024-10-13,20,1,1.042,0.104,0.065
8,SPIKE_OCCUPIED,MEDIUM,False,,OCCUPIED,2024-10-13,21,2024-10-13,21,1,2.456,0.098,0.066
8,SPIKE_OCCUPIED,MEDIUM,False,,OCCUPIED,2024-10-13,23,2024-10-13,23,1,0.621,0.082,0.052
8,SPIKE_OCCUPIED,MEDIUM,False,,OCCUPIED,2024-10-13,24,2024-10-13,24,1,1.356,0.096,0.065
8,SPIKE_OCCUPIED,MEDIUM,False,,OCCUPIED,2024-10-13,26,2024-10-13,26,1,1.795,0.138,0.103
8,SPIKE_OCCUPIED,MEDIUM,False,,OCCUPIED,2024-10-13,27,2024-10-13,27,1,1.363,0.1,0.073
8,SPIKE_OCCUPIED,MEDIUM,False,,OCCUPIED,2024-10-13,28,2024-10-13,28,1,1.862,0.121,0.092
8,SPIKE_OCCUPIED,MEDIUM,False,,OCCUPIED,2024-10-13,29,2024-10-13,29,1,1.158,0.104,0.086
8,SPIKE_OCCUPIED,MEDIUM,False,,OCCUPIED,2024-10-13,30,2024-10-13,30,1,1.288,0.111,0.08
8,SPIKE_OCCUPIED,MEDIUM,False,,OCCUPIED,2024-10-13,31,2024-10-13,31,1,1.657,0.142,0.097
8,SPIKE_OCCUPIED,MEDIUM,False,,OCCUPIED,2024-10-13,32,2024-10-13,32,1,0.713,0.129,0.114
8,SPIKE_OCCUPIED,MEDIUM,False,,OCCUPIED,2024-10-13,34,2024-10-13,34,1,0.86,0.155,0.115
8,SPIKE_OCCUPIED,MEDIUM,False,,OCCUPIED,2024-10-13,36,2024-10-13,36,1,0.981,0.192,0.129
8,SPIKE_OCCUPIED,MEDIUM,False,,OCCUPIED,2024-10-13,37,2024-10-13,37,1,5.943,0.208,0.126
8,SPIKE_OCCUPIED,MEDIUM,False,,OCCUPIED,2024-10-13,38,2024-10-13,38,1,1.052,0.194,0.113
8,SPIKE_OCCUPIED,MEDIUM,False,,OCCUPIED,2024-10-13,39,2024-10-13,39,1,1.264,0.201,0.116
8,SPIKE_OCCUPIED,MEDIUM,False,,OCCUPIED,2024-10-13,40,2024-10-13,40,1,1.542,0.263,0.174
8,SPIKE_OCCUPIED,MEDIUM,False,,OCCUPIED,2024-10-13,41,2024-10-13,41,1,1.177,0.237,0.153
8,SPIKE_OCCUPIED,MEDIUM,False,,OCCUPIED,2024-10-13,42,2024-10-13,42,1,3.244,0.195,0.117
8,SPIKE_OCCUPIED,MEDIUM,False,,OCCUPIED,2024-10-13,43,2024-10-13,43,1,1.366,0.155,0.081
8,SPIKE_OCCUPIED,MEDIUM,False,,OCCUPIED,2024-10-13,44,2024-10-13,44,1,1.168,0.152,0.101
8,SPIKE_OCCUPIED,MEDIUM,False,,OCCUPIED,2024-10-13,45,2024-10-13,45,1,1.001,0.13,0.061
8,SPIKE_OCCUPIED,MEDIUM,False,,OCCUPIED,2024-10-13,46,2024-10-13,46,1,0.355,0.096,0.054
8,SPIKE_OCCUPIED,MEDIUM,False,,OCCUPIED,2024-10-13,47,2024-10-13,47,1,0.926,0.089,0.051
8,SPIKE_OCCUPIED,MEDIUM,False,,OCCUPIED,2024-10-16,0,2024-10-16,0,1,0.287,0.0695,0.05
8,SPIKE_OCCUPIED,MEDIUM,False,,OCCUPIED,2024-10-16,1,2024-10-16,1,1,0.419,0.069,0.05
8,SPIKE_OCCUPIED,MEDIUM,False,,OCCUPIED,2024-10-16,21,2024-10-16,21,1,0.335,0.0925,0.05
8,SPIKE_OCCUPIED,MEDIUM,False,,OCCUPIED,2024-10-16,27,2024-10-16,27,1,0.414,0.0825,0.05
8,SPIKE_OCCUPIED,MEDIUM,False,,OCCUPIED,2024-10-16,47,2024-10-16,47,1,0.582,0.076,0.05
8,SPIKE_OCCUPIED,MEDIUM,False,,OCCUPIED,2024-11-03,17,2024-11-03,17,1,1.085,0.11,0.071
8,SPIKE_OCCUPIED,MEDIUM,False,,OCCUPIED,2024-11-03,28,2024-11-03,28,1,1.72,0.121,0.092
8,SPIKE_OCCUPIED,MEDIUM,False,,OCCUPIED,2024-11-03,29,2024-11-03,29,1,1.314,0.104,0.086
8,SPIKE_OCCUPIED,MEDIUM,False,,OCCUPIED,2024-11-03,30,2024-11-03,30,1,0.639,0.111,0.08
8,SPIKE_OCCUPIED,MEDIUM,False,,OCCUPIED,2024-11-03,31,2024-11-03,31,1,0.674,0.142,0.097
8,SPIKE_OCCUPIED,MEDIUM,False,,OCCUPIED,2024-11-03,32,2024-11-03,32,1,0.648,0.129,0.114
8,SPIKE_OCCUPIED,MEDIUM,False,,OCCUPIED,2024-11-03,33,2024-11-03,33,1,0.79,0.183,0.142
8,SPIKE_OCCUPIED,MEDIUM,False,,OCCUPIED,2024-11-03,34,2024-11-03,34,1,3.045,0.155,0.115
8,SPIKE_OCCUPIED,MEDIUM,False,,OCCUPIED,2024-11-03,37,2024-11-03,37,1,0.791,0.208,0.126
8,SPIKE_OCCUPIED,MEDIUM,False,,OCCUPIED,2024-11-23,16,2024-11-23,16,1,1.369,0.086,0.072
8,SPIKE_OCCUPIED,MEDIUM,False,,OCCUPIED,2024-11-23,17,2024-11-23,17,1,0.379,0.08,0.0585
8,SPIKE_OCCUPIED,MEDIUM,False,,OCCUPIED,2024-11-23,18,2024-11-23,18,1,0.344,0.079,0.0575
8,SPIKE_OCCUPIED,MEDIUM,False,,OCCUPIED,2024-11-23,21,2024-11-23,21,1,0.461,0.1035,0.0755
8,SPIKE_OCCUPIED,MEDIUM,False,,OCCUPIED,2024-11-23,22,2024-11-23,22,1,0.467,0.1005,0.0875
8,SPIKE_OCCUPIED,MEDIUM,False,,OCCUPIED,2024-11-23,24,2024-11-23,24,1,1.11,0.0735,0.065
8,SPIKE_OCCUPIED,MEDIUM,False,,OCCUPIED,2024-11-23,25,2024-11-23,25,1,0.602,0.0735,0.071
8,SPIKE_OCCUPIED,MEDIUM,False,,OCCUPIED,2024-11-23,26,2024-11-23,26,1,1.725,0.076,0.0715
8,SPIKE_OCCUPIED,MEDIUM,False,,OCCUPIED,2024-11-23,27,2024-11-23,27,1,0.893,0.0765,0.0715
8,SPIKE_OCCUPIED,MEDIUM,False,,OCCUPIED,2024-11-23,28,2024-11-23,28,1,0.591,0.08,0.077
8,SPIKE_OCCUPIED,MEDIUM,False,,OCCUPIED,2024-11-23,29,2024-11-23,29,1,0.539,0.09,0.082
8,SPIKE_OCCUPIED,MEDIUM,False,,OCCUPIED,2024-11-23,30,2024-11-23,30,1,0.688,0.079,0.063
8,SPIKE_OCCUPIED,MEDIUM,False,,OCCUPIED,2024-11-23,31,2024-11-23,31,1,1.694,0.107,0.0785
8,SPIKE_OCCUPIED,MEDIUM,False,,OCCUPIED,2024-11-23,32,2024-11-23,32,1,0.909,0.09,0.085
8,SPIKE_OCCUPIED,MEDIUM,False,,OCCUPIED,2024-11-23,33,2024-11-23,33,1,1.092,0.0875,0.067
8,SPIKE_OCCUPIED,MEDIUM,False,,OCCUPIED,2024-11-23,34,2024-11-23,34,1,1.042,0.095,0.089
8,SPIKE_OCCUPIED,MEDIUM,False,,OCCUPIED,2024-11-23,35,2024-11-23,35,1,0.532,0.13,0.0915
8,SPIKE_OCCUPIED,MEDIUM,False,,OCCUPIED,2024-11-23,36,2024-11-23,36,1,1.348,0.1855,0.1335
8,SPIKE_OCCUPIED,MEDIUM,False,,OCCUPIED,2024-11-23,42,2024-11-23,42,1,0.723,0.189,0.102
8,SPIKE_OCCUPIED,MEDIUM,False,,OCCUPIED,2024-11-23,44,2024-11-23,44,1,0.609,0.157,0.0995
8,SPIKE_OCCUPIED,MEDIUM,False,,OCCUPIED,2024-11-23,45,2024-11-23,45,1,0.611,0.138,0.0795
8,SPIKE_OCCUPIED,MEDIUM,False,,OCCUPIED,2024-11-28,23,2024-11-28,23,1,0.623,0.095,0.094
8,SPIKE_OCCUPIED,MEDIUM,False,,OCCUPIED,2024-11-28,33,2024-11-28,33,1,3.182,0.113,0.061
8,SPIKE_OCCUPIED,MEDIUM,False,,OCCUPIED,2024-11-28,34,2024-11-28,34,1,0.521,0.135,0.086
8,SPIKE_OCCUPIED,MEDIUM,False,,OCCUPIED,2024-11-28,35,2024-11-28,35,1,0.636,0.177,0.114
8,SPIKE_OCCUPIED,MEDIUM,False,,OCCUPIED,2024-12-26,0,2024-12-26,0,1,0.388,0.078,0.05
8,SPIKE_OCCUPIED,MEDIUM,False,,OCCUPIED,2024-12-26,1,2024-12-26,1,1,0.271,0.069,0.05
8,SPIKE_OCCUPIED,MEDIUM,False,,OCCUPIED,2024-12-26,29,2024-12-26,29,1,0.342,0.077,0.05
8,SPIKE_OCCUPIED,MEDIUM,False,,OCCUPIED,2024-12-26,30,2024-12-26,30,1,1.299,0.083,0.05
8,SPIKE_OCCUPIED,MEDIUM,False,,OCCUPIED,2024-12-26,31,2024-12-26,31,1,0.959,0.098,0.06
8,SPIKE_OCCUPIED,MEDIUM,False,,OCCUPIED,2024-12-26,33,2024-12-26,33,1,0.424,0.113,0.061
8,SPIKE_OCCUPIED,MEDIUM,False,,OCCUPIED,2024-12-26,34,2024-12-26,34,1,0.942,0.135,0.086
8,SPIKE_OCCUPIED,MEDIUM,False,,OCCUPIED,2024-12-26,35,2024-12-26,35,1,0.678,0.177,0.114
8,SPIKE_OCCUPIED,MEDIUM,False,,OCCUPIED,2024-12-26,42,2024-12-26,42,1,1.552,0.226,0.148
8,SPIKE_OCCUPIED,MEDIUM,False,,OCCUPIED,2024-12-26,43,2024-12-26,43,1,0.933,0.204,0.127
8,SPIKE_OCCUPIED,MEDIUM,False,,OCCUPIED,2024-12-26,44,2024-12-26,44,1,1.261,0.15,0.103
8,SPIKE_OCCUPIED,MEDIUM,False,,OCCUPIED,2024-12-26,46,2024-12-26,46,1,0.496,0.105,0.061
8,SPIKE_OCCUPIED,MEDIUM,False,,OCCUPIED,2024-12-26,47,2024-12-26,47,1,0.542,0.079,0.05
8,SPIKE_OCCUPIED,MEDIUM,False,,OCCUPIED,2025-01-08,25,2025-01-08,25,1,0.695,0.08,0.05
8,SPIKE_OCCUPIED,MEDIUM,False,,OCCUPIED,2025-01-08,26,2025-01-08,26,1,0.702,0.081,0.05
8,SPIKE_OCCUPIED,MEDIUM,False,,OCCUPIED,2025-01-08,27,2025-01-08,27,1,0.582,0.0825,0.05
8,SPIKE_OCCUPIED,MEDIUM,False,,OCCUPIED,2025-01-08,28,2025-01-08,28,1,0.379,0.0895,0.05
8,SPIKE_OCCUPIED,MEDIUM,False,,OCCUPIED,2025-01-08,29,2025-01-08,29,1,1.005,0.086,0.055
8,SPIKE_OCCUPIED,MEDIUM,False,,OCCUPIED,2025-01-08,30,2025-01-08,30,1,0.92,0.0935,0.0525
8,SPIKE_OCCUPIED,MEDIUM,False,,OCCUPIED,2025-01-08,31,2025-01-08,31,1,0.429,0.1065,0.0545
8,SPIKE_OCCUPIED,MEDIUM,False,,OCCUPIED,2025-01-08,32,2025-01-08,32,1,0.363,0.0985,0.0645
8,SPIKE_OCCUPIED,MEDIUM,False,,OCCUPIED,2025-01-08,33,2025-01-08,33,1,0.383,0.102,0.0635
8,SPIKE_OCCUPIED,MEDIUM,False,,OCCUPIED,2025-01-08,35,2025-01-08,35,1,1.04,0.229,0.1485
8,SPIKE_OCCUPIED,MEDIUM,False,,OCCUPIED,2025-01-08,43,2025-01-08,43,1,0.877,0.153,0.0775
8,SPIKE_OCCUPIED,MEDIUM,False,,OCCUPIED,2025-01-08,44,2025-01-08,44,1,0.762,0.1275,0.074
8,SPIKE_OCCUPIED,MEDIUM,False,,OCCUPIED,2025-02-01,0,2025-02-01,0,1,2.239,0.1205,0.0725
8,SPIKE_OCCUPIED,MEDIUM,False,,OCCUPIED,2025-02-01,1,2025-02-01,1,1,2.509,0.0965,0.054
8,SPIKE_OCCUPIED,MEDIUM,False,,OCCUPIED,2025-02-01,2,2025-02-01,2,1,2.2,0.0785,0.05
8,SPIKE_OCCUPIED,MEDIUM,False,,OCCUPIED,2025-02-01,3,2025-02-01,3,1,0.91,0.0645,0.05
8,SPIKE_OCCUPIED,MEDIUM,False,,OCCUPIED,2025-02-01,4,2025-02-01,4,1,0.862,0.0635,0.05
8,SPIKE_OCCUPIED,MEDIUM,False,,OCCUPIED,2025-02-01,5,2025-02-01,5,1,1.348,0.062,0.05
8,SPIKE_OCCUPIED,MEDIUM,False,,OCCUPIED,2025-02-01,6,2025-02-01,6,1,0.993,0.054,0.05
8,SPIKE_OCCUPIED,MEDIUM,False,,OCCUPIED,2025-02-01,7,2025-02-01,7,1,0.937,0.0595,0.05
8,SPIKE_OCCUPIED,MEDIUM,False,,OCCUPIED,2025-02-01,8,2025-02-01,8,1,0.528,0.057,0.05
8,SPIKE_OCCUPIED,MEDIUM,False,,OCCUPIED,2025-02-01,9,2025-02-01,9,1,0.315,0.0585,0.05
8,SPIKE_OCCUPIED,MEDIUM,False,,OCCUPIED,2025-02-01,10,2025-02-01,10,1,2.755,0.0625,0.05
8,SPIKE_OCCUPIED,MEDIUM,False,,OCCUPIED,2025-02-01,11,2025-02-01,11,1,2.921,0.0795,0.05
8,SPIKE_OCCUPIED,MEDIUM,False,,OCCUPIED,2025-02-01,12,2025-02-01,12,1,0.425,0.061,0.05
8,SPIKE_OCCUPIED,MEDIUM,False,,OCCUPIED,2025-02-01,13,2025-02-01,13,1,0.325,0.063,0.05
8,SPIKE_OCCUPIED,MEDIUM,False,,OCCUPIED,2025-02-01,14,2025-02-01,14,1,0.337,0.087,0.056
8,SPIKE_OCCUPIED,MEDIUM,False,,OCCUPIED,2025-02-01,15,2025-02-01,15,1,0.379,0.086,0.0595
8,SPIKE_OCCUPIED,MEDIUM,False,,OCCUPIED,2025-02-01,16,2025-02-01,16,1,0.83,0.086,0.072
8,SPIKE_OCCUPIED,MEDIUM,False,,OCCUPIED,2025-02-01,17,2025-02-01,17,1,0.676,0.08,0.0585
8,SPIKE_OCCUPIED,MEDIUM,False,,OCCUPIED,2025-02-01,18,2025-02-01,18,1,0.521,0.079,0.0575
8,SPIKE_OCCUPIED,MEDIUM,False,,OCCUPIED,2025-02-01,19,2025-02-01,19,1,0.432,0.0985,0.0745
8,SPIKE_OCCUPIED,MEDIUM,False,,OCCUPIED,2025-02-01,21,2025-02-01,21,1,0.415,0.1035,0.0755
8,SPIKE_OCCUPIED,MEDIUM,False,,OCCUPIED,2025-02-01,22,2025-02-01,22,1,0.48,0.1005,0.0875
8,SPIKE_OCCUPIED,MEDIUM,False,,OCCUPIED,2025-02-01,23,2025-02-01,23,1,0.448,0.0825,0.0755
8,SPIKE_OCCUPIED,MEDIUM,False,,OCCUPIED,2025-02-01,24,2025-02-01,24,1,0.393,0.0735,0.065
8,SPIKE_OCCUPIED,MEDIUM,False,,OCCUPIED,2025-02-01,25,2025-02-01,25,1,0.491,0.0735,0.071
8,SPIKE_OCCUPIED,MEDIUM,False,,OCCUPIED,2025-02-01,33,2025-02-01,33,1,0.418,0.0875,0.067
8,SPIKE_OCCUPIED,MEDIUM,False,,OCCUPIED,2025-02-01,43,2025-02-01,43,1,0.579,0.152,0.095
8,SPIKE_OCCUPIED,MEDIUM,False,,OCCUPIED,2025-02-01,46,2025-02-01,46,1,0.4,0.11,0.062
8,SPIKE_OCCUPIED,MEDIUM,False,,OCCUPIED,2025-02-01,47,2025-02-01,47,1,0.386,0.1005,0.057
8,SPIKE_OCCUPIED,MEDIUM,False,,OCCUPIED,2025-02-07,0,2025-02-07,0,1,0.669,0.079,0.05
8,SPIKE_OCCUPIED,MEDIUM,False,,OCCUPIED,2025-02-07,15,2025-02-07,15,1,0.703,0.135,0.088
8,SPIKE_OCCUPIED,MEDIUM,False,,OCCUPIED,2025-02-07,16,2025-02-07,16,1,0.54,0.115,0.068
8,SPIKE_OCCUPIED,MEDIUM,False,,OCCUPIED,2025-02-07,17,2025-02-07,17,1,0.409,0.105,0.056
8,SPIKE_OCCUPIED,MEDIUM,False,,OCCUPIED,2025-02-07,19,2025-02-07,19,1,0.662,0.093,0.05
8,SPIKE_OCCUPIED,MEDIUM,False,,OCCUPIED,2025-02-07,20,2025-02-07,20,1,0.384,0.087,0.054
8,SPIKE_OCCUPIED,MEDIUM,False,,OCCUPIED,2025-02-07,22,2025-02-07,22,1,0.368,0.089,0.05
8,SPIKE_OCCUPIED,MEDIUM,False,,OCCUPIED,2025-02-07,26,2025-02-07,26,1,0.448,0.079,0.05
8,SPIKE_OCCUPIED,MEDIUM,False,,OCCUPIED,2025-02-07,27,2025-02-07,27,1,0.404,0.089,0.05
8,SPIKE_OCCUPIED,MEDIUM,False,,OCCUPIED,2025-02-07,33,2025-02-07,33,1,0.426,0.108,0.052
8,SPIKE_OCCUPIED,MEDIUM,False,,OCCUPIED,2025-02-07,35,2025-02-07,35,1,1.403,0.123,0.07
8,SPIKE_OCCUPIED,MEDIUM,False,,OCCUPIED,2025-02-07,36,2025-02-07,36,1,0.706,0.15,0.075
8,SPIKE_OCCUPIED,MEDIUM,False,,OCCUPIED,2025-02-07,42,2025-02-07,42,1,1.013,0.19,0.133
8,SPIKE_OCCUPIED,MEDIUM,False,,OCCUPIED,2025-02-07,43,2025-02-07,43,1,0.509,0.144,0.09
8,SPIKE_OCCUPIED,MEDIUM,False,,OCCUPIED,2025-02-07,44,2025-02-07,44,1,0.664,0.13,0.079
8,SPIKE_OCCUPIED,MEDIUM,False,,OCCUPIED,2025-02-19,3,2025-02-19,3,1,0.353,0.0735,0.05
8,SPIKE_OCCUPIED,MEDIUM,False,,OCCUPIED,2025-03-26,0,2025-03-26,0,1,0.304,0.0695,0.05
8,SPIKE_OCCUPIED,MEDIUM,False,,OCCUPIED,2025-03-26,1,2025-03-26,1,1,0.299,0.069,0.05
8,SPIKE_OCCUPIED,MEDIUM,False,,OCCUPIED,2025-03-26,2,2025-03-26,2,1,0.271,0.0705,0.05
8,SPIKE_OCCUPIED,MEDIUM,False,,OCCUPIED,2025-03-26,3,2025-03-26,3,1,0.635,0.0735,0.05
8,SPIKE_OCCUPIED,MEDIUM,False,,OCCUPIED,2025-03-26,4,2025-03-26,4,1,0.327,0.0685,0.05
8,SPIKE_OCCUPIED,MEDIUM,False,,OCCUPIED,2025-03-26,5,2025-03-26,5,1,0.323,0.0605,0.05
8,SPIKE_OCCUPIED,MEDIUM,False,,OCCUPIED,2025-03-26,6,2025-03-26,6,1,0.596,0.0605,0.05
8,SPIKE_OCCUPIED,MEDIUM,False,,OCCUPIED,2025-03-26,8,2025-03-26,8,1,0.327,0.072,0.05
8,SPIKE_OCCUPIED,MEDIUM,False,,OCCUPIED,2025-03-26,9,2025-03-26,9,1,1.129,0.0735,0.05
8,SPIKE_OCCUPIED,MEDIUM,False,,OCCUPIED,2025-03-26,10,2025-03-26,10,1,0.355,0.0735,0.05
8,SPIKE_OCCUPIED,MEDIUM,False,,OCCUPIED,2025-03-26,15,2025-03-26,15,1,0.413,0.1305,0.0685
8,SPIKE_OCCUPIED,MEDIUM,False,,OCCUPIED,2025-03-26,16,2025-03-26,16,1,0.818,0.098,0.0655
8,SPIKE_OCCUPIED,MEDIUM,False,,OCCUPIED,2025-03-26,19,2025-03-26,19,1,0.33,0.0875,0.05
8,SPIKE_OCCUPIED,MEDIUM,False,,OCCUPIED,2025-03-26,25,2025-03-26,25,1,0.346,0.08,0.05
8,SPIKE_OCCUPIED,MEDIUM,False,,OCCUPIED,2025-03-26,26,2025-03-26,26,1,0.293,0.081,0.05
8,SPIKE_OCCUPIED,MEDIUM,False,,OCCUPIED,2025-03-26,27,2025-03-26,27,1,0.511,0.0825,0.05
8,SPIKE_OCCUPIED,MEDIUM,False,,OCCUPIED,2025-03-26,28,2025-03-26,28,1,0.412,0.0895,0.05
8,SPIKE_OCCUPIED,MEDIUM,False,,OCCUPIED,2025-03-26,29,2025-03-26,29,1,0.372,0.086,0.055
8,SPIKE_OCCUPIED,MEDIUM,False,,OCCUPIED,2025-03-26,33,2025-03-26,33,1,0.382,0.102,0.0635
8,SPIKE_OCCUPIED,MEDIUM,False,,OCCUPIED,2025-03-26,45,2025-03-26,45,1,0.707,0.1095,0.053
8,SPIKE_OCCUPIED,MEDIUM,False,,OCCUPIED,2025-03-26,46,2025-03-26,46,1,0.32,0.085,0.05
8,SPIKE_OCCUPIED,MEDIUM,False,,OCCUPIED,2025-03-26,47,2025-03-26,47,1,0.321,0.076,0.05
8,SPIKE_OCCUPIED,MEDIUM,False,,OCCUPIED,2025-04-17,2,2025-04-17,2,1,1.46,0.077,0.05
8,SPIKE_OCCUPIED,MEDIUM,False,,OCCUPIED,2025-04-17,3,2025-04-17,3,1,1.611,0.079,0.05
8,SPIKE_OCCUPIED,MEDIUM,False,,OCCUPIED,2025-04-17,4,2025-04-17,4,1,1.641,0.068,0.05
8,SPIKE_OCCUPIED,MEDIUM,False,,OCCUPIED,2025-04-17,5,2025-04-17,5,1,0.903,0.075,0.05
8,SPIKE_OCCUPIED,MEDIUM,False,,OCCUPIED,2025-04-17,6,2025-04-17,6,1,0.465,0.078,0.05
8,SPIKE_OCCUPIED,MEDIUM,False,,OCCUPIED,2025-04-17,7,2025-04-17,7,1,0.352,0.081,0.05
8,SPIKE_OCCUPIED,MEDIUM,False,,OCCUPIED,2025-04-17,9,2025-04-17,9,1,0.334,0.067,0.05
8,SPIKE_OCCUPIED,MEDIUM,False,,OCCUPIED,2025-04-17,10,2025-04-17,10,1,0.426,0.081,0.05
8,SPIKE_OCCUPIED,MEDIUM,False,,OCCUPIED,2025-04-17,11,2025-04-17,11,1,0.315,0.074,0.05
8,SPIKE_OCCUPIED,MEDIUM,False,,OCCUPIED,2025-04-17,12,2025-04-17,12,1,0.365,0.087,0.06
8,SPIKE_OCCUPIED,MEDIUM,False,,OCCUPIED,2025-04-19,12,2025-04-19,12,1,0.394,0.061,0.05
8,SPIKE_OCCUPIED,MEDIUM,False,,OCCUPIED,2025-04-19,30,2025-04-19,30,1,0.334,0.079,0.063
8,SPIKE_OCCUPIED,MEDIUM,False,,OCCUPIED,2025-04-19,33,2025-04-19,33,1,0.447,0.0875,0.067
8,SPIKE_OCCUPIED,MEDIUM,False,,OCCUPIED,2025-04-24,5,2025-04-24,5,1,1.596,0.075,0.05
8,SPIKE_OCCUPIED,MEDIUM,False,,OCCUPIED,2025-04-24,6,2025-04-24,6,1,1.681,0.078,0.05
8,SPIKE_OCCUPIED,MEDIUM,False,,OCCUPIED,2025-04-24,7,2025-04-24,7,1,1.707,0.081,0.05
8,SPIKE_OCCUPIED,MEDIUM,False,,OCCUPIED,2025-04-24,8,2025-04-24,8,1,1.676,0.085,0.05
8,SPIKE_OCCUPIED,MEDIUM,False,,OCCUPIED,2025-04-24,23,2025-04-24,23,1,1.558,0.095,0.094
8,SPIKE_OCCUPIED,MEDIUM,False,,OCCUPIED,2025-04-24,24,2025-04-24,24,1,1.63,0.105,0.079
8,SPIKE_OCCUPIED,MEDIUM,False,,OCCUPIED,2025-04-24,25,2025-04-24,25,1,0.645,0.095,0.063
8,SPIKE_OCCUPIED,MEDIUM,False,,OCCUPIED,2025-04-24,37,2025-04-24,37,1,0.96,0.194,0.122
8,SPIKE_OCCUPIED,MEDIUM,False,,OCCUPIED,2025-04-24,38,2025-04-24,38,1,1.472,0.2,0.115
8,SPIKE_OCCUPIED,MEDIUM,False,,OCCUPIED,2025-04-24,39,2025-04-24,39,1,1.396,0.318,0.198
8,SPIKE_OCCUPIED,MEDIUM,False,,OCCUPIED,2025-05-29,13,2025-05-29,13,1,1.116,0.097,0.064
8,SPIKE_OCCUPIED,MEDIUM,False,,OCCUPIED,2025-05-29,24,2025-05-29,24,1,0.452,0.105,0.079
8,SPIKE_OCCUPIED,MEDIUM,False,,OCCUPIED,2025-05-29,25,2025-05-29,25,1,0.358,0.095,0.063
8,SPIKE_OCCUPIED,MEDIUM,False,,OCCUPIED,2025-05-29,26,2025-05-29,26,1,0.354,0.094,0.062
8,SPIKE_OCCUPIED,MEDIUM,False,,OCCUPIED,2025-05-29,35,2025-05-29,35,1,0.842,0.177,0.114
8,SPIKE_OCCUPIED,MEDIUM,False,,OCCUPIED,2025-05-29,42,2025-05-29,42,1,1.466,0.226,0.148
8,SPIKE_OCCUPIED,MEDIUM,False,,OCCUPIED,2025-06-11,15,2025-06-11,15,1,0.539,0.1305,0.0685
8,SPIKE_OCCUPIED,MEDIUM,False,,OCCUPIED,2025-06-11,18,2025-06-11,18,1,0.365,0.095,0.0545
8,SPIKE_OCCUPIED,MEDIUM,False,,OCCUPIED,2025-06-11,19,2025-06-11,19,1,0.375,0.0875,0.05
8,SPIKE_OCCUPIED,MEDIUM,False,,OCCUPIED,2025-06-11,25,2025-06-11,25,1,0.289,0.08,0.05
8,SPIKE_OCCUPIED,MEDIUM,False,,OCCUPIED,2025-06-11,27,2025-06-11,27,1,0.291,0.0825,0.05
8,SPIKE_OCCUPIED,MEDIUM,False,,OCCUPIED,2025-06-14,14,2025-06-14,14,1,0.432,0.087,0.056
8,SPIKE_OCCUPIED,MEDIUM,False,,OCCUPIED,2025-06-14,15,2025-06-14,15,1,0.679,0.086,0.0595
8,SPIKE_OCCUPIED,MEDIUM,False,,OCCUPIED,2025-06-14,17,2025-06-14,17,1,0.331,0.08,0.0585
8,SPIKE_OCCUPIED,MEDIUM,False,,OCCUPIED,2025-06-14,18,2025-06-14,18,1,0.424,0.079,0.0575
8,SPIKE_OCCUPIED,MEDIUM,False,,OCCUPIED,2025-06-14,19,2025-06-14,19,1,0.649,0.0985,0.0745
8,SPIKE_OCCUPIED,MEDIUM,False,,OCCUPIED,2025-06-14,25,2025-06-14,25,1,0.381,0.0735,0.071
8,SPIKE_OCCUPIED,MEDIUM,False,,OCCUPIED,2025-06-14,26,2025-06-14,26,1,0.472,0.076,0.0715
8,SPIKE_OCCUPIED,MEDIUM,False,,OCCUPIED,2025-06-14,33,2025-06-14,33,1,0.534,0.0875,0.067
8,SPIKE_OCCUPIED,MEDIUM,False,,OCCUPIED,2025-06-14,35,2025-06-14,35,1,0.58,0.13,0.0915
8,SPIKE_OCCUPIED,MEDIUM,False,,OCCUPIED,2025-06-14,37,2025-06-14,37,1,0.681,0.176,0.119
8,SPIKE_OCCUPIED,MEDIUM,False,,OCCUPIED,2025-06-30,2,2025-06-30,2,1,0.454,0.0645,0.05
8,SPIKE_OCCUPIED,MEDIUM,False,,OCCUPIED,2025-06-30,3,2025-06-30,3,1,0.5,0.0675,0.05
8,SPIKE_OCCUPIED,MEDIUM,False,,OCCUPIED,2025-06-30,4,2025-06-30,4,1,0.386,0.0655,0.05
8,SPIKE_OCCUPIED,MEDIUM,False,,OCCUPIED,2025-06-30,5,2025-06-30,5,1,0.504,0.0615,0.05
8,SPIKE_OCCUPIED,MEDIUM,False,,OCCUPIED,2025-06-30,9,2025-06-30,9,1,0.328,0.0635,0.05
8,SPIKE_OCCUPIED,MEDIUM,False,,OCCUPIED,2025-06-30,10,2025-06-30,10,1,0.288,0.071,0.05
8,SPIKE_OCCUPIED,MEDIUM,False,,OCCUPIED,2025-06-30,19,2025-06-30,19,1,0.413,0.088,0.051
8,SPIKE_OCCUPIED,MEDIUM,False,,OCCUPIED,2025-06-30,20,2025-06-30,20,1,0.441,0.0885,0.055
8,SPIKE_OCCUPIED,MEDIUM,False,,OCCUPIED,2025-06-30,43,2025-06-30,43,1,0.668,0.1385,0.079
8,SPIKE_OCCUPIED,MEDIUM,False,,OCCUPIED,2025-06-30,45,2025-06-30,45,1,0.321,0.0875,0.05
8,SPIKE_OCCUPIED,MEDIUM,False,,OCCUPIED,2025-06-30,46,2025-06-30,46,1,0.495,0.071,0.05
8,SPIKE_OCCUPIED,MEDIUM,False,,OCCUPIED,2025-07-22,39,2025-07-22,39,1,1.011,0.24,0.144
8,SPIKE_OCCUPIED,MEDIUM,False,,OCCUPIED,2025-07-31,20,2025-07-31,20,1,0.45,0.088,0.05
8,SPIKE_OCCUPIED,MEDIUM,False,,OCCUPIED,2025-07-31,24,2025-07-31,24,1,0.608,0.105,0.079
8,SPIKE_OCCUPIED,MEDIUM,False,,OCCUPIED,2025-07-31,43,2025-07-31,43,1,2.072,0.204,0.127
8,SPIKE_OCCUPIED,MEDIUM,False,,OCCUPIED,2025-07-31,47,2025-07-31,47,1,0.291,0.079,0.05
8,SPIKE_OCCUPIED,MEDIUM,False,,OCCUPIED,2025-08-30,17,2025-08-30,17,1,0.64,0.08,0.0585
8,SPIKE_OCCUPIED,MEDIUM,False,,OCCUPIED,2025-08-30,18,2025-08-30,18,1,0.357,0.079,0.0575
8,SPIKE_OCCUPIED,MEDIUM,False,,OCCUPIED,2025-08-30,19,2025-08-30,19,1,0.8,0.0985,0.0745
8,SPIKE_OCCUPIED,MEDIUM,False,,OCCUPIED,2025-08-30,34,2025-08-30,34,1,0.538,0.095,0.089
8,SPIKE_OCCUPIED,MEDIUM,False,,OCCUPIED,2025-08-30,35,2025-08-30,35,1,1.388,0.13,0.0915
8,SPIKE_OCCUPIED,MEDIUM,False,,OCCUPIED,2025-08-30,43,2025-08-30,43,1,0.601,0.152,0.095
8,SPIKE_OCCUPIED,MEDIUM,False,,OCCUPIED,2025-08-30,46,2025-08-30,46,1,0.53,0.11,0.062
8,SPIKE_OCCUPIED,MEDIUM,False,,OCCUPIED,2025-10-17,0,2025-10-17,0,1,2.756,0.079,0.05
8,SPIKE_OCCUPIED,MEDIUM,False,,OCCUPIED,2025-10-17,1,2025-10-17,1,1,3.12,0.065,0.05
8,SPIKE_OCCUPIED,MEDIUM,False,,OCCUPIED,2025-10-17,2,2025-10-17,2,1,2.449,0.067,0.05
8,SPIKE_OCCUPIED,MEDIUM,False,,OCCUPIED,2025-10-17,3,2025-10-17,3,1,0.297,0.062,0.05
8,SPIKE_OCCUPIED,MEDIUM,False,,OCCUPIED,2025-10-17,46,2025-10-17,46,1,2.861,0.099,0.054
8,SPIKE_OCCUPIED,MEDIUM,False,,OCCUPIED,2025-10-17,47,2025-10-17,47,1,2.808,0.09,0.05
8,SPIKE_OCCUPIED,MEDIUM,False,,OCCUPIED,2025-12-06,0,2025-12-06,0,1,0.625,0.1205,0.0725
8,SPIKE_OCCUPIED,MEDIUM,False,,OCCUPIED,2025-12-06,1,2025-12-06,1,1,0.422,0.0965,0.054
8,SPIKE_OCCUPIED,MEDIUM,False,,OCCUPIED,2025-12-06,2,2025-12-06,2,1,1.054,0.0785,0.05
8,SPIKE_OCCUPIED,MEDIUM,False,,OCCUPIED,2025-12-06,3,2025-12-06,3,1,0.4,0.0645,0.05
8,SPIKE_OCCUPIED,MEDIUM,False,,OCCUPIED,2025-12-06,4,2025-12-06,4,1,0.366,0.0635,0.05
8,SPIKE_OCCUPIED,MEDIUM,False,,OCCUPIED,2025-12-06,5,2025-12-06,5,1,0.37,0.062,0.05
8,SPIKE_OCCUPIED,MEDIUM,False,,OCCUPIED,2025-12-06,6,2025-12-06,6,1,0.374,0.054,0.05
8,SPIKE_OCCUPIED,MEDIUM,False,,OCCUPIED,2025-12-06,7,2025-12-06,7,1,0.346,0.0595,0.05
8,SPIKE_OCCUPIED,MEDIUM,False,,OCCUPIED,2025-12-06,8,2025-12-06,8,1,0.315,0.057,0.05
8,SPIKE_OCCUPIED,MEDIUM,False,,OCCUPIED,2025-12-06,9,2025-12-06,9,1,0.323,0.0585,0.05
8,SPIKE_OCCUPIED,MEDIUM,False,,OCCUPIED,2025-12-06,10,2025-12-06,10,1,0.355,0.0625,0.05
8,SPIKE_OCCUPIED,MEDIUM,False,,OCCUPIED,2025-12-06,11,2025-12-06,11,1,0.333,0.0795,0.05
8,SPIKE_OCCUPIED,MEDIUM,False,,OCCUPIED,2025-12-06,12,2025-12-06,12,1,0.355,0.061,0.05
8,SPIKE_OCCUPIED,MEDIUM,False,,OCCUPIED,2025-12-06,13,2025-12-06,13,1,0.333,0.063,0.05
8,SPIKE_OCCUPIED,MEDIUM,False,,OCCUPIED,2025-12-06,14,2025-12-06,14,1,0.352,0.087,0.056
8,SPIKE_OCCUPIED,MEDIUM,False,,OCCUPIED,2025-12-06,15,2025-12-06,15,1,0.343,0.086,0.0595
8,SPIKE_OCCUPIED,MEDIUM,False,,OCCUPIED,2025-12-06,17,2025-12-06,17,1,0.331,0.08,0.0585
8,SPIKE_OCCUPIED,MEDIUM,False,,OCCUPIED,2025-12-06,18,2025-12-06,18,1,0.339,0.079,0.0575
8,SPIKE_OCCUPIED,MEDIUM,False,,OCCUPIED,2025-12-06,21,2025-12-06,21,1,0.481,0.1035,0.0755
8,SPIKE_OCCUPIED,MEDIUM,False,,OCCUPIED,2025-12-06,23,2025-12-06,23,1,0.512,0.0825,0.0755
8,SPIKE_OCCUPIED,MEDIUM,False,,OCCUPIED,2025-12-06,24,2025-12-06,24,1,0.58,0.0735,0.065
8,SPIKE_OCCUPIED,MEDIUM,False,,OCCUPIED,2025-12-06,25,2025-12-06,25,1,0.375,0.0735,0.071
8,SPIKE_OCCUPIED,MEDIUM,False,,OCCUPIED,2025-12-06,26,2025-12-06,26,1,0.387,0.076,0.0715
8,SPIKE_OCCUPIED,MEDIUM,False,,OCCUPIED,2025-12-06,27,2025-12-06,27,1,0.552,0.0765,0.0715
8,SPIKE_OCCUPIED,MEDIUM,False,,OCCUPIED,2025-12-06,28,2025-12-06,28,1,0.42,0.08,0.077
8,SPIKE_OCCUPIED,MEDIUM,False,,OCCUPIED,2025-12-06,29,2025-12-06,29,1,0.45,0.09,0.082
8,SPIKE_OCCUPIED,MEDIUM,False,,OCCUPIED,2025-12-06,30,2025-12-06,30,1,0.831,0.079,0.063
8,SPIKE_OCCUPIED,MEDIUM,False,,OCCUPIED,2025-12-06,31,2025-12-06,31,1,0.75,0.107,0.0785
8,SPIKE_OCCUPIED,MEDIUM,False,,OCCUPIED,2025-12-06,32,2025-12-06,32,1,0.45,0.09,0.085
8,SPIKE_OCCUPIED,MEDIUM,False,,OCCUPIED,2025-12-06,33,2025-12-06,33,1,0.456,0.0875,0.067
8,SPIKE_OCCUPIED,MEDIUM,False,,OCCUPIED,2025-12-06,34,2025-12-06,34,1,0.468,0.095,0.089
8,SPIKE_OCCUPIED,MEDIUM,False,,OCCUPIED,2025-12-06,35,2025-12-06,35,1,0.827,0.13,0.0915
8,SPIKE_OCCUPIED,MEDIUM,False,,OCCUPIED,2025-12-06,43,2025-12-06,43,1,2.412,0.152,0.095
8,SPIKE_OCCUPIED,MEDIUM,False,,OCCUPIED,2025-12-06,46,2025-12-06,46,1,0.398,0.11,0.062
8,SPIKE_OCCUPIED,MEDIUM,False,,OCCUPIED,2025-12-06,47,2025-12-06,47,1,0.565,0.1005,0.057
8,SPIKE_OCCUPIED,MEDIUM,False,,OCCUPIED,2025-12-17,0,2025-12-17,0,1,0.593,0.0695,0.05
8,SPIKE_OCCUPIED,MEDIUM,False,,OCCUPIED,2025-12-17,1,2025-12-17,1,1,2.836,0.069,0.05
8,SPIKE_OCCUPIED,MEDIUM,False,,OCCUPIED,2025-12-17,2,2025-12-17,2,1,2.028,0.0705,0.05
8,SPIKE_OCCUPIED,MEDIUM,False,,OCCUPIED,2025-12-17,3,2025-12-17,3,1,0.645,0.0735,0.05
8,SPIKE_OCCUPIED,MEDIUM,False,,OCCUPIED,2025-12-17,4,2025-12-17,4,1,0.706,0.0685,0.05
8,SPIKE_OCCUPIED,MEDIUM,False,,OCCUPIED,2025-12-17,5,2025-12-17,5,1,2.202,0.0605,0.05
8,SPIKE_OCCUPIED,MEDIUM,False,,OCCUPIED,2025-12-17,6,2025-12-17,6,1,2.439,0.0605,0.05
8,SPIKE_OCCUPIED,MEDIUM,False,,OCCUPIED,2025-12-17,7,2025-12-17,7,1,2.262,0.072,0.05
8,SPIKE_OCCUPIED,MEDIUM,False,,OCCUPIED,2025-12-17,8,2025-12-17,8,1,2.825,0.072,0.05
8,SPIKE_OCCUPIED,MEDIUM,False,,OCCUPIED,2025-12-17,9,2025-12-17,9,1,2.608,0.0735,0.05
8,SPIKE_OCCUPIED,MEDIUM,False,,OCCUPIED,2025-12-17,10,2025-12-17,10,1,3.281,0.0735,0.05
8,SPIKE_OCCUPIED,MEDIUM,False,,OCCUPIED,2025-12-17,11,2025-12-17,11,1,2.015,0.08,0.05
8,SPIKE_OCCUPIED,MEDIUM,False,,OCCUPIED,2025-12-17,12,2025-12-17,12,1,1.49,0.0915,0.05
8,SPIKE_OCCUPIED,MEDIUM,False,,OCCUPIED,2025-12-17,13,2025-12-17,13,1,0.55,0.1135,0.0715
8,SPIKE_OCCUPIED,MEDIUM,False,,OCCUPIED,2025-12-17,15,2025-12-17,15,1,1.0,0.1305,0.0685
8,SPIKE_OCCUPIED,MEDIUM,False,,OCCUPIED,2025-12-17,16,2025-12-17,16,1,1.488,0.098,0.0655
8,SPIKE_OCCUPIED,MEDIUM,False,,OCCUPIED,2025-12-17,17,2025-12-17,17,1,0.746,0.1155,0.055
8,SPIKE_OCCUPIED,MEDIUM,False,,OCCUPIED,2025-12-17,18,2025-12-17,18,1,0.508,0.095,0.0545
8,SPIKE_OCCUPIED,MEDIUM,False,,OCCUPIED,2025-12-17,19,2025-12-17,19,1,0.466,0.0875,0.05
8,SPIKE_OCCUPIED,MEDIUM,False,,OCCUPIED,2025-12-17,20,2025-12-17,20,1,0.86,0.0805,0.05
8,SPIKE_OCCUPIED,MEDIUM,False,,OCCUPIED,2025-12-17,21,2025-12-17,21,1,0.709,0.0925,0.05
8,SPIKE_OCCUPIED,MEDIUM,False,,OCCUPIED,2025-12-17,22,2025-12-17,22,1,0.839,0.0935,0.0575
8,SPIKE_OCCUPIED,MEDIUM,False,,OCCUPIED,2025-12-17,23,2025-12-17,23,1,0.416,0.0945,0.05
8,SPIKE_OCCUPIED,MEDIUM,False,,OCCUPIED,2025-12-17,24,2025-12-17,24,1,0.48,0.094,0.0685
8,SPIKE_OCCUPIED,MEDIUM,False,,OCCUPIED,2025-12-17,25,2025-12-17,25,1,0.395,0.08,0.05
8,SPIKE_OCCUPIED,MEDIUM,False,,OCCUPIED,2025-12-17,26,2025-12-17,26,1,0.492,0.081,0.05
8,SPIKE_OCCUPIED,MEDIUM,False,,OCCUPIED,2025-12-17,27,2025-12-17,27,1,1.596,0.0825,0.05
8,SPIKE_OCCUPIED,MEDIUM,False,,OCCUPIED,2025-12-17,28,2025-12-17,28,1,2.274,0.0895,0.05
8,SPIKE_OCCUPIED,MEDIUM,False,,OCCUPIED,2025-12-17,29,2025-12-17,29,1,0.827,0.086,0.055
8,SPIKE_OCCUPIED,MEDIUM,False,,OCCUPIED,2025-12-17,30,2025-12-17,30,1,1.329,0.0935,0.0525
8,SPIKE_OCCUPIED,MEDIUM,False,,OCCUPIED,2025-12-17,31,2025-12-17,31,1,1.525,0.1065,0.0545
8,SPIKE_OCCUPIED,MEDIUM,False,,OCCUPIED,2025-12-17,32,2025-12-17,32,1,1.273,0.0985,0.0645
8,SPIKE_OCCUPIED,MEDIUM,False,,OCCUPIED,2025-12-17,33,2025-12-17,33,1,1.035,0.102,0.0635
8,SPIKE_OCCUPIED,MEDIUM,False,,OCCUPIED,2025-12-17,34,2025-12-17,34,1,0.715,0.1275,0.0915
8,SPIKE_OCCUPIED,MEDIUM,False,,OCCUPIED,2025-12-17,40,2025-12-17,40,1,0.808,0.241,0.1375
8,SPIKE_OCCUPIED,MEDIUM,False,,OCCUPIED,2025-12-17,41,2025-12-17,41,1,1.151,0.2445,0.131
8,SPIKE_OCCUPIED,MEDIUM,False,,OCCUPIED,2025-12-17,44,2025-12-17,44,1,0.555,0.1275,0.074
8,SPIKE_OCCUPIED,MEDIUM,False,,OCCUPIED,2025-12-17,45,2025-12-17,45,1,0.71,0.1095,0.053
8,SPIKE_OCCUPIED,MEDIUM,False,,OCCUPIED,2025-12-17,46,2025-12-17,46,1,0.414,0.085,0.05
8,SPIKE_OCCUPIED,MEDIUM,False,,OCCUPIED,2025-12-17,47,2025-12-17,47,1,0.376,0.076,0.05
8,SPIKE_OCCUPIED,MEDIUM,False,,OCCUPIED,2025-12-25,1,2025-12-25,1,1,0.435,0.069,0.05
8,SPIKE_OCCUPIED,MEDIUM,False,,OCCUPIED,2025-12-25,2,2025-12-25,2,1,0.335,0.077,0.05
8,SPIKE_OCCUPIED,MEDIUM,False,,OCCUPIED,2025-12-25,3,2025-12-25,3,1,0.32,0.079,0.05
8,SPIKE_OCCUPIED,MEDIUM,False,,OCCUPIED,2025-12-25,4,2025-12-25,4,1,0.278,0.068,0.05
8,SPIKE_OCCUPIED,MEDIUM,False,,OCCUPIED,2025-12-25,5,2025-12-25,5,1,1.803,0.075,0.05
8,SPIKE_OCCUPIED,MEDIUM,False,,OCCUPIED,2025-12-25,6,2025-12-25,6,1,1.642,0.078,0.05
8,SPIKE_OCCUPIED,MEDIUM,False,,OCCUPIED,2025-12-25,7,2025-12-25,7,1,1.537,0.081,0.05
8,SPIKE_OCCUPIED,MEDIUM,False,,OCCUPIED,2025-12-25,8,2025-12-25,8,1,1.125,0.085,0.05
8,SPIKE_OCCUPIED,MEDIUM,False,,OCCUPIED,2025-12-25,9,2025-12-25,9,1,1.022,0.067,0.05
8,SPIKE_OCCUPIED,MEDIUM,False,,OCCUPIED,2025-12-25,10,2025-12-25,10,1,0.937,0.081,0.05
8,SPIKE_OCCUPIED,MEDIUM,False,,OCCUPIED,2025-12-25,17,2025-12-25,17,1,0.983,0.107,0.062
8,SPIKE_OCCUPIED,MEDIUM,False,,OCCUPIED,2025-12-25,18,2025-12-25,18,1,1.529,0.094,0.059
8,SPIKE_OCCUPIED,MEDIUM,False,,OCCUPIED,2025-12-25,19,2025-12-25,19,1,1.818,0.08,0.05
8,SPIKE_OCCUPIED,MEDIUM,False,,OCCUPIED,2025-12-25,20,2025-12-25,20,1,1.822,0.088,0.05
8,SPIKE_OCCUPIED,MEDIUM,False,,OCCUPIED,2025-12-25,21,2025-12-25,21,1,1.023,0.078,0.051
8,SPIKE_OCCUPIED,MEDIUM,False,,OCCUPIED,2025-12-25,22,2025-12-25,22,1,2.097,0.084,0.082
8,SPIKE_OCCUPIED,MEDIUM,False,,OCCUPIED,2025-12-25,23,2025-12-25,23,1,2.336,0.095,0.094
8,SPIKE_OCCUPIED,MEDIUM,False,,OCCUPIED,2025-12-25,24,2025-12-25,24,1,2.402,0.105,0.079
8,SPIKE_OCCUPIED,MEDIUM,False,,OCCUPIED,2025-12-25,25,2025-12-25,25,1,2.97,0.095,0.063
8,SPIKE_OCCUPIED,MEDIUM,False,,OCCUPIED,2025-12-25,26,2025-12-25,26,1,2.34,0.094,0.062
8,SPIKE_OCCUPIED,MEDIUM,False,,OCCUPIED,2025-12-25,27,2025-12-25,27,1,1.721,0.074,0.061
8,SPIKE_OCCUPIED,MEDIUM,False,,OCCUPIED,2025-12-25,28,2025-12-25,28,1,1.64,0.079,0.059
8,SPIKE_OCCUPIED,MEDIUM,False,,OCCUPIED,2025-12-25,29,2025-12-25,29,1,0.737,0.077,0.05
8,SPIKE_OCCUPIED,MEDIUM,False,,OCCUPIED,2025-12-25,30,2025-12-25,30,1,0.313,0.083,0.05
8,SPIKE_OCCUPIED,MEDIUM,False,,OCCUPIED,2025-12-25,31,2025-12-25,31,1,0.487,0.098,0.06
8,SPIKE_OCCUPIED,MEDIUM,False,,OCCUPIED,2025-12-25,32,2025-12-25,32,1,1.236,0.133,0.084
8,SPIKE_OCCUPIED,MEDIUM,False,,OCCUPIED,2025-12-25,33,2025-12-25,33,1,0.456,0.113,0.061
8,SPIKE_OCCUPIED,MEDIUM,False,,OCCUPIED,2025-12-25,36,2025-12-25,36,1,1.85,0.237,0.146
8,SPIKE_OCCUPIED,MEDIUM,False,,OCCUPIED,2025-12-25,37,2025-12-25,37,1,0.868,0.194,0.122
8,SPIKE_OCCUPIED,MEDIUM,False,,OCCUPIED,2025-12-25,39,2025-12-25,39,1,1.62,0.318,0.198
8,SPIKE_OCCUPIED,MEDIUM,False,,OCCUPIED,2025-12-25,41,2025-12-25,41,1,1.005,0.267,0.168
8,SPIKE_OCCUPIED,MEDIUM,False,,OCCUPIED,2025-12-25,42,2025-12-25,42,1,1.885,0.226,0.148
8,SPIKE_OCCUPIED,MEDIUM,False,,OCCUPIED,2025-12-25,43,2025-12-25,43,1,1.27,0.204,0.127
8,SPIKE_OCCUPIED,MEDIUM,False,,OCCUPIED,2026-01-08,0,2026-01-08,0,1,4.438,0.078,0.05
8,SPIKE_OCCUPIED,MEDIUM,False,,OCCUPIED,2026-01-08,1,2026-01-08,1,1,7.457,0.069,0.05
8,SPIKE_OCCUPIED,MEDIUM,False,,OCCUPIED,2026-01-08,2,2026-01-08,2,1,7.598,0.077,0.05
8,SPIKE_OCCUPIED,MEDIUM,False,,OCCUPIED,2026-01-08,3,2026-01-08,3,1,7.022,0.079,0.05
8,SPIKE_OCCUPIED,MEDIUM,False,,OCCUPIED,2026-01-08,4,2026-01-08,4,1,6.548,0.068,0.05
8,SPIKE_OCCUPIED,MEDIUM,False,,OCCUPIED,2026-01-08,5,2026-01-08,5,1,6.164,0.075,0.05
8,SPIKE_OCCUPIED,MEDIUM,False,,OCCUPIED,2026-01-08,6,2026-01-08,6,1,5.551,0.078,0.05
8,SPIKE_OCCUPIED,MEDIUM,False,,OCCUPIED,2026-01-08,7,2026-01-08,7,1,5.085,0.081,0.05
8,SPIKE_OCCUPIED,MEDIUM,False,,OCCUPIED,2026-01-08,8,2026-01-08,8,1,5.179,0.085,0.05
8,SPIKE_OCCUPIED,MEDIUM,False,,OCCUPIED,2026-01-08,9,2026-01-08,9,1,3.551,0.067,0.05
8,SPIKE_OCCUPIED,MEDIUM,False,,OCCUPIED,2026-01-08,10,2026-01-08,10,1,2.724,0.081,0.05
8,SPIKE_OCCUPIED,MEDIUM,False,,OCCUPIED,2026-01-08,11,2026-01-08,11,1,2.641,0.074,0.05
8,SPIKE_OCCUPIED,MEDIUM,False,,OCCUPIED,2026-01-08,12,2026-01-08,12,1,2.314,0.087,0.06
8,SPIKE_OCCUPIED,MEDIUM,False,,OCCUPIED,2026-01-08,19,2026-01-08,19,1,0.458,0.08,0.05
8,SPIKE_OCCUPIED,MEDIUM,False,,OCCUPIED,2026-01-08,20,2026-01-08,20,1,2.309,0.088,0.05
8,SPIKE_OCCUPIED,MEDIUM,False,,OCCUPIED,2026-01-08,21,2026-01-08,21,1,1.649,0.078,0.051
8,SPIKE_OCCUPIED,MEDIUM,False,,OCCUPIED,2026-01-08,22,2026-01-08,22,1,2.221,0.084,0.082
8,SPIKE_OCCUPIED,MEDIUM,False,,OCCUPIED,2026-01-08,23,2026-01-08,23,1,1.449,0.095,0.094
8,SPIKE_OCCUPIED,MEDIUM,False,,OCCUPIED,2026-01-08,24,2026-01-08,24,1,2.059,0.105,0.079
8,SPIKE_OCCUPIED,MEDIUM,False,,OCCUPIED,2026-01-08,25,2026-01-08,25,1,1.643,0.095,0.063
8,SPIKE_OCCUPIED,MEDIUM,False,,OCCUPIED,2026-01-08,26,2026-01-08,26,1,2.213,0.094,0.062
8,SPIKE_OCCUPIED,MEDIUM,False,,OCCUPIED,2026-01-08,27,2026-01-08,27,1,1.904,0.074,0.061
8,SPIKE_OCCUPIED,MEDIUM,False,,OCCUPIED,2026-01-08,28,2026-01-08,28,1,2.133,0.079,0.059
8,SPIKE_OCCUPIED,MEDIUM,False,,OCCUPIED,2026-01-08,29,2026-01-08,29,1,2.064,0.077,0.05
8,SPIKE_OCCUPIED,MEDIUM,False,,OCCUPIED,2026-01-08,30,2026-01-08,30,1,2.515,0.083,0.05
8,SPIKE_OCCUPIED,MEDIUM,False,,OCCUPIED,2026-01-08,31,2026-01-08,31,1,2.208,0.098,0.06
8,SPIKE_OCCUPIED,MEDIUM,False,,OCCUPIED,2026-01-08,32,2026-01-08,32,1,2.61,0.133,0.084
8,SPIKE_OCCUPIED,MEDIUM,False,,OCCUPIED,2026-01-08,33,2026-01-08,33,1,2.896,0.113,0.061
8,SPIKE_OCCUPIED,MEDIUM,False,,OCCUPIED,2026-01-08,34,2026-01-08,34,1,3.014,0.135,0.086
8,SPIKE_OCCUPIED,MEDIUM,False,,OCCUPIED,2026-01-08,35,2026-01-08,35,1,2.399,0.177,0.114
8,SPIKE_OCCUPIED,MEDIUM,False,,OCCUPIED,2026-01-08,36,2026-01-08,36,1,2.52,0.237,0.146
8,SPIKE_OCCUPIED,MEDIUM,False,,OCCUPIED,2026-01-08,37,2026-01-08,37,1,1.63,0.194,0.122
8,SPIKE_OCCUPIED,MEDIUM,False,,OCCUPIED,2026-01-08,38,2026-01-08,38,1,2.148,0.2,0.115
8,SPIKE_OCCUPIED,MEDIUM,False,,OCCUPIED,2026-01-08,39,2026-01-08,39,1,2.848,0.318,0.198
8,SPIKE_OCCUPIED,MEDIUM,False,,OCCUPIED,2026-01-08,40,2026-01-08,40,1,4.194,0.287,0.224
8,SPIKE_OCCUPIED,MEDIUM,False,,OCCUPIED,2026-01-08,41,2026-01-08,41,1,3.849,0.267,0.168
8,SPIKE_OCCUPIED,MEDIUM,False,,OCCUPIED,2026-01-08,42,2026-01-08,42,1,3.948,0.226,0.148
8,SPIKE_OCCUPIED,MEDIUM,False,,OCCUPIED,2026-01-08,43,2026-01-08,43,1,4.324,0.204,0.127
8,SPIKE_OCCUPIED,MEDIUM,False,,OCCUPIED,2026-01-08,44,2026-01-08,44,1,3.356,0.15,0.103
8,SPIKE_OCCUPIED,MEDIUM,False,,OCCUPIED,2026-01-08,45,2026-01-08,45,1,2.784,0.127,0.074
8,SPIKE_OCCUPIED,MEDIUM,False,,OCCUPIED,2026-01-08,46,2026-01-08,46,1,4.341,0.105,0.061
8,SPIKE_OCCUPIED,MEDIUM,False,,OCCUPIED,2026-01-08,47,2026-01-08,47,1,3.714,0.079,0.05
8,SPIKE_OCCUPIED,MEDIUM,False,,OCCUPIED,2026-01-11,19,2026-01-11,19,1,0.497,0.102,0.061
8,SPIKE_OCCUPIED,MEDIUM,False,,OCCUPIED,2026-01-11,23,2026-01-11,23,1,0.617,0.082,0.052
8,SPIKE_OCCUPIED,MEDIUM,False,,OCCUPIED,2026-01-14,1,2026-01-14,1,1,1.812,0.069,0.05
8,SPIKE_OCCUPIED,MEDIUM,False,,OCCUPIED,2026-01-14,2,2026-01-14,2,1,1.505,0.0705,0.05
8,SPIKE_OCCUPIED,MEDIUM,False,,OCCUPIED,2026-01-14,3,2026-01-14,3,1,1.47,0.0735,0.05
8,SPIKE_OCCUPIED,MEDIUM,False,,OCCUPIED,2026-01-14,4,2026-01-14,4,1,1.814,0.0685,0.05
8,SPIKE_OCCUPIED,MEDIUM,False,,OCCUPIED,2026-01-14,5,2026-01-14,5,1,1.681,0.0605,0.05
8,SPIKE_OCCUPIED,MEDIUM,False,,OCCUPIED,2026-01-14,6,2026-01-14,6,1,1.593,0.0605,0.05
8,SPIKE_OCCUPIED,MEDIUM,False,,OCCUPIED,2026-01-14,7,2026-01-14,7,1,1.863,0.072,0.05
8,SPIKE_OCCUPIED,MEDIUM,False,,OCCUPIED,2026-01-14,8,2026-01-14,8,1,1.464,0.072,0.05
8,SPIKE_OCCUPIED,MEDIUM,False,,OCCUPIED,2026-01-14,10,2026-01-14,10,1,0.331,0.0735,0.05
8,SPIKE_OCCUPIED,MEDIUM,False,,OCCUPIED,2026-01-14,32,2026-01-14,32,1,0.409,0.0985,0.0645
8,SPIKE_OCCUPIED,MEDIUM,False,,OCCUPIED,2026-01-14,33,2026-01-14,33,1,0.684,0.102,0.0635
8,SPIKE_OCCUPIED,MEDIUM,False,,OCCUPIED,2026-01-14,34,2026-01-14,34,1,0.909,0.1275,0.0915
8,SPIKE_OCCUPIED,MEDIUM,False,,OCCUPIED,2026-01-14,37,2026-01-14,37,1,1.12,0.1815,0.1005
8,SPIKE_OCCUPIED,MEDIUM,False,,OCCUPIED,2026-01-14,38,2026-01-14,38,1,1.906,0.174,0.0975
8,SPIKE_OCCUPIED,MEDIUM,False,,OCCUPIED,2026-01-14,39,2026-01-14,39,1,1.415,0.197,0.1165
8,SPIKE_OCCUPIED,MEDIUM,False,,OCCUPIED,2026-01-14,41,2026-01-14,41,1,1.686,0.2445,0.131
8,SPIKE_OCCUPIED,MEDIUM,False,,OCCUPIED,2026-01-14,42,2026-01-14,42,1,1.395,0.2035,0.107
8,SPIKE_OCCUPIED,MEDIUM,False,,OCCUPIED,2026-01-14,45,2026-01-14,45,1,0.474,0.1095,0.053
8,SPIKE_OCCUPIED,MEDIUM,False,,OCCUPIED,2026-01-14,47,2026-01-14,47,1,0.422,0.076,0.05
8,SPIKE_OCCUPIED,MEDIUM,False,,OCCUPIED,2026-01-21,11,2026-01-21,11,1,2.125,0.08,0.05
8,SPIKE_OCCUPIED,MEDIUM,False,,OCCUPIED,2026-01-21,24,2026-01-21,24,1,0.969,0.094,0.0685
8,SPIKE_OCCUPIED,MEDIUM,False,,OCCUPIED,2026-01-21,26,2026-01-21,26,1,0.529,0.081,0.05
8,SPIKE_OCCUPIED,MEDIUM,False,,OCCUPIED,2026-01-21,27,2026-01-21,27,1,0.331,0.0825,0.05
8,SPIKE_OCCUPIED,MEDIUM,False,,OCCUPIED,2026-01-21,32,2026-01-21,32,1,0.368,0.0985,0.0645
8,SPIKE_OCCUPIED,MEDIUM,False,,OCCUPIED,2026-01-21,37,2026-01-21,37,1,0.677,0.1815,0.1005
8,SPIKE_OCCUPIED,MEDIUM,False,,OCCUPIED,2026-02-07,0,2026-02-07,0,1,3.59,0.1205,0.0725
8,SPIKE_OCCUPIED,MEDIUM,False,,OCCUPIED,2026-02-07,1,2026-02-07,1,1,5.946,0.0965,0.054
8,SPIKE_OCCUPIED,MEDIUM,False,,OCCUPIED,2026-02-07,2,2026-02-07,2,1,5.888,0.0785,0.05
8,SPIKE_OCCUPIED,MEDIUM,False,,OCCUPIED,2026-02-07,3,2026-02-07,3,1,6.429,0.0645,0.05
8,SPIKE_OCCUPIED,MEDIUM,False,,OCCUPIED,2026-02-07,4,2026-02-07,4,1,5.677,0.0635,0.05
8,SPIKE_OCCUPIED,MEDIUM,False,,OCCUPIED,2026-02-07,5,2026-02-07,5,1,4.458,0.062,0.05
8,SPIKE_OCCUPIED,MEDIUM,False,,OCCUPIED,2026-02-07,6,2026-02-07,6,1,3.622,0.054,0.05
8,SPIKE_OCCUPIED,MEDIUM,False,,OCCUPIED,2026-02-07,7,2026-02-07,7,1,3.494,0.0595,0.05
8,SPIKE_OCCUPIED,MEDIUM,False,,OCCUPIED,2026-02-07,8,2026-02-07,8,1,3.191,0.057,0.05
8,SPIKE_OCCUPIED,MEDIUM,False,,OCCUPIED,2026-02-07,9,2026-02-07,9,1,3.051,0.0585,0.05
8,SPIKE_OCCUPIED,MEDIUM,False,,OCCUPIED,2026-02-07,10,2026-02-07,10,1,2.616,0.0625,0.05
8,SPIKE_OCCUPIED,MEDIUM,False,,OCCUPIED,2026-02-07,11,2026-02-07,11,1,2.412,0.0795,0.05
8,SPIKE_OCCUPIED,MEDIUM,False,,OCCUPIED,2026-02-07,46,2026-02-07,46,1,0.557,0.11,0.062
8,SPIKE_OCCUPIED,MEDIUM,False,,OCCUPIED,2026-02-12,1,2026-02-12,1,1,0.633,0.069,0.05
8,SPIKE_OCCUPIED,MEDIUM,False,,OCCUPIED,2026-02-12,9,2026-02-12,9,1,0.63,0.067,0.05
8,SPIKE_OCCUPIED,MEDIUM,False,,OCCUPIED,2026-02-12,10,2026-02-12,10,1,0.502,0.081,0.05
8,SPIKE_OCCUPIED,MEDIUM,False,,OCCUPIED,2026-02-12,11,2026-02-12,11,1,1.055,0.074,0.05
8,SPIKE_OCCUPIED,MEDIUM,False,,OCCUPIED,2026-02-12,12,2026-02-12,12,1,0.438,0.087,0.06
8,SPIKE_OCCUPIED,MEDIUM,False,,OCCUPIED,2026-02-12,21,2026-02-12,21,1,0.297,0.078,0.051
8,SPIKE_OCCUPIED,MEDIUM,False,,OCCUPIED,2026-02-12,34,2026-02-12,34,1,0.727,0.135,0.086
8,SPIKE_OCCUPIED,MEDIUM,False,,OCCUPIED,2026-02-12,37,2026-02-12,37,1,1.791,0.194,0.122
8,SPIKE_OCCUPIED,MEDIUM,False,,OCCUPIED,2026-02-12,38,2026-02-12,38,1,1.773,0.2,0.115
8,SPIKE_OCCUPIED,MEDIUM,False,,OCCUPIED,2026-02-12,39,2026-02-12,39,1,1.564,0.318,0.198
8,SPIKE_OCCUPIED,MEDIUM,False,,OCCUPIED,2026-02-12,40,2026-02-12,40,1,1.271,0.287,0.224
8,SPIKE_OCCUPIED,MEDIUM,False,,OCCUPIED,2026-02-12,41,2026-02-12,41,1,2.061,0.267,0.168
8,SPIKE_OCCUPIED,MEDIUM,False,,OCCUPIED,2026-02-12,42,2026-02-12,42,1,1.659,0.226,0.148
8,SPIKE_OCCUPIED,MEDIUM,False,,OCCUPIED,2026-02-12,46,2026-02-12,46,1,0.808,0.105,0.061
8,SPIKE_OCCUPIED,MEDIUM,False,,OCCUPIED,2026-02-12,47,2026-02-12,47,1,0.481,0.079,0.05
8,SPIKE_OCCUPIED,MEDIUM,False,,OCCUPIED,2026-03-12,0,2026-03-12,0,1,0.334,0.078,0.05
8,SPIKE_OCCUPIED,MEDIUM,False,,OCCUPIED,2026-03-12,1,2026-03-12,1,1,0.348,0.069,0.05
8,SPIKE_OCCUPIED,MEDIUM,False,,OCCUPIED,2026-03-12,2,2026-03-12,2,1,0.398,0.077,0.05
8,SPIKE_OCCUPIED,MEDIUM,False,,OCCUPIED,2026-03-12,4,2026-03-12,4,1,0.273,0.068,0.05
8,SPIKE_OCCUPIED,MEDIUM,False,,OCCUPIED,2026-03-12,22,2026-03-12,22,1,0.991,0.084,0.082
8,SPIKE_OCCUPIED,MEDIUM,False,,OCCUPIED,2026-03-12,23,2026-03-12,23,1,0.767,0.095,0.094
8,SPIKE_OCCUPIED,MEDIUM,False,,OCCUPIED,2026-03-12,24,2026-03-12,24,1,0.447,0.105,0.079
8,SPIKE_OCCUPIED,MEDIUM,False,,OCCUPIED,2026-03-12,29,2026-03-12,29,1,0.409,0.077,0.05
8,SPIKE_OCCUPIED,MEDIUM,False,,OCCUPIED,2026-03-12,37,2026-03-12,37,1,2.397,0.194,0.122
8,SPIKE_OCCUPIED,MEDIUM,False,,OCCUPIED,2026-03-12,38,2026-03-12,38,1,0.867,0.2,0.115
8,SPIKE_OCCUPIED,MEDIUM,False,,OCCUPIED,2026-03-12,43,2026-03-12,43,1,1.669,0.204,0.127
8,SPIKE_OCCUPIED,MEDIUM,False,,OCCUPIED,2026-03-12,47,2026-03-12,47,1,0.337,0.079,0.05
8,SPIKE_OCCUPIED,MEDIUM,False,,OCCUPIED,2026-04-07,33,2026-04-07,33,1,0.497,0.101,0.064
8,SPIKE_OCCUPIED,MEDIUM,False,,OCCUPIED,2026-04-07,34,2026-04-07,34,1,0.586,0.141,0.094
8,SPIKE_OCCUPIED,MEDIUM,False,,OCCUPIED,2026-04-07,37,2026-04-07,37,1,1.235,0.211,0.139
8,SPIKE_OCCUPIED,MEDIUM,False,,OCCUPIED,2026-05-02,4,2026-05-02,4,1,1.572,0.0635,0.05
8,SPIKE_OCCUPIED,MEDIUM,False,,OCCUPIED,2026-05-02,5,2026-05-02,5,1,1.165,0.062,0.05
8,SPIKE_OCCUPIED,MEDIUM,False,,OCCUPIED,2026-05-02,6,2026-05-02,6,1,1.552,0.054,0.05
8,SPIKE_OCCUPIED,MEDIUM,False,,OCCUPIED,2026-05-02,7,2026-05-02,7,1,1.638,0.0595,0.05
8,SPIKE_OCCUPIED,MEDIUM,False,,OCCUPIED,2026-05-02,8,2026-05-02,8,1,1.603,0.057,0.05
8,SPIKE_OCCUPIED,MEDIUM,False,,OCCUPIED,2026-05-02,9,2026-05-02,9,1,1.633,0.0585,0.05
8,SPIKE_OCCUPIED,MEDIUM,False,,OCCUPIED,2026-05-02,37,2026-05-02,37,1,2.701,0.176,0.119
8,SPIKE_OCCUPIED,MEDIUM,False,,OCCUPIED,2026-05-02,38,2026-05-02,38,1,3.685,0.2125,0.156
8,SPIKE_OCCUPIED,MEDIUM,False,,OCCUPIED,2026-05-02,39,2026-05-02,39,1,3.702,0.233,0.1695
8,SPIKE_OCCUPIED,MEDIUM,False,,OCCUPIED,2026-05-02,40,2026-05-02,40,1,3.646,0.256,0.1805
8,SPIKE_OCCUPIED,MEDIUM,False,,OCCUPIED,2026-05-02,41,2026-05-02,41,1,3.6,0.2445,0.173
8,SPIKE_OCCUPIED,MEDIUM,False,,OCCUPIED,2026-05-02,42,2026-05-02,42,1,2.417,0.189,0.102
8,SPIKE_UNKNOWN,LOW,False,,UNKNOWN,2026-06-02,17,2026-06-02,17,1,0.486,0.084,0.05
8,SPIKE_UNKNOWN,LOW,False,,UNKNOWN,2026-06-02,28,2026-06-02,28,1,0.435,0.074,0.05
8,SPIKE_OCCUPIED,MEDIUM,False,,OCCUPIED,2026-06-02,29,2026-06-02,29,1,1.294,0.062,0.05
8,SPIKE_OCCUPIED,MEDIUM,False,,OCCUPIED,2026-06-02,30,2026-06-02,30,1,0.933,0.075,0.05
8,SPIKE_OCCUPIED,MEDIUM,False,,OCCUPIED,2026-06-02,44,2026-06-02,44,1,0.556,0.135,0.082
8,SPIKE_UNKNOWN,LOW,False,,UNKNOWN,2026-06-02,45,2026-06-02,45,1,0.315,0.099,0.052
8,SPIKE_OCCUPIED,MEDIUM,False,,OCCUPIED,2026-06-12,0,2026-06-12,0,1,0.297,0.079,0.05
8,SPIKE_OCCUPIED,MEDIUM,False,,OCCUPIED,2026-06-12,1,2026-06-12,1,1,0.3,0.065,0.05
8,SPIKE_OCCUPIED,MEDIUM,False,,OCCUPIED,2026-06-12,2,2026-06-12,2,1,1.027,0.067,0.05
8,SPIKE_UNKNOWN,LOW,False,,UNKNOWN,2026-06-12,3,2026-06-12,3,1,0.316,0.062,0.05
8,SPIKE_OCCUPIED,MEDIUM,False,,OCCUPIED,2026-06-12,4,2026-06-12,4,1,0.535,0.063,0.05
8,SPIKE_OCCUPIED,MEDIUM,False,,OCCUPIED,2026-06-12,5,2026-06-12,5,1,0.664,0.071,0.05
8,SPIKE_UNKNOWN,LOW,False,,UNKNOWN,2026-06-12,6,2026-06-12,6,1,0.289,0.06,0.05
8,SPIKE_UNKNOWN,LOW,False,,UNKNOWN,2026-06-12,8,2026-06-12,8,1,0.281,0.063,0.05
8,SPIKE_UNKNOWN,LOW,False,,UNKNOWN,2026-06-12,12,2026-06-12,12,1,0.28,0.076,0.05
8,SPIKE_OCCUPIED,MEDIUM,False,,OCCUPIED,2026-06-12,16,2026-06-12,16,1,0.404,0.115,0.068
8,SPIKE_OCCUPIED,MEDIUM,False,,OCCUPIED,2026-06-12,17,2026-06-12,17,1,0.385,0.105,0.056
8,SPIKE_OCCUPIED,MEDIUM,False,,OCCUPIED,2026-06-12,18,2026-06-12,18,1,0.363,0.093,0.05
8,SPIKE_OCCUPIED,MEDIUM,False,,OCCUPIED,2026-06-12,19,2026-06-12,19,1,0.443,0.093,0.05
8,SPIKE_OCCUPIED,MEDIUM,False,,OCCUPIED,2026-06-12,20,2026-06-12,20,1,0.595,0.087,0.054
8,SPIKE_OCCUPIED,MEDIUM,False,,OCCUPIED,2026-06-12,21,2026-06-12,21,1,0.379,0.082,0.057
8,SPIKE_OCCUPIED,MEDIUM,False,,OCCUPIED,2026-06-12,22,2026-06-12,22,1,0.367,0.089,0.05
8,SPIKE_OCCUPIED,MEDIUM,False,,OCCUPIED,2026-06-12,23,2026-06-12,23,1,0.381,0.088,0.05
8,SPIKE_OCCUPIED,MEDIUM,False,,OCCUPIED,2026-06-12,24,2026-06-12,24,1,0.347,0.091,0.054
8,SPIKE_OCCUPIED,MEDIUM,False,,OCCUPIED,2026-06-12,25,2026-06-12,25,1,0.35,0.083,0.05
8,SPIKE_OCCUPIED,MEDIUM,False,,OCCUPIED,2026-06-12,26,2026-06-12,26,1,0.345,0.079,0.05
8,SPIKE_OCCUPIED,MEDIUM,False,,OCCUPIED,2026-06-12,27,2026-06-12,27,1,0.359,0.089,0.05
8,SPIKE_OCCUPIED,MEDIUM,False,,OCCUPIED,2026-06-12,28,2026-06-12,28,1,0.385,0.088,0.05
8,SPIKE_OCCUPIED,MEDIUM,False,,OCCUPIED,2026-06-12,29,2026-06-12,29,1,0.345,0.079,0.05
8,SPIKE_OCCUPIED,MEDIUM,False,,OCCUPIED,2026-06-12,30,2026-06-12,30,1,0.35,0.084,0.05
8,SPIKE_OCCUPIED,MEDIUM,False,,OCCUPIED,2026-06-12,31,2026-06-12,31,1,0.386,0.098,0.05
8,SPIKE_OCCUPIED,MEDIUM,False,,OCCUPIED,2026-06-12,32,2026-06-12,32,1,0.433,0.094,0.05
8,SPIKE_OCCUPIED,MEDIUM,False,,OCCUPIED,2026-06-12,33,2026-06-12,33,1,0.485,0.108,0.052
8,SPIKE_OCCUPIED,MEDIUM,False,,OCCUPIED,2026-06-12,34,2026-06-12,34,1,1.271,0.116,0.065
8,SPIKE_OCCUPIED,MEDIUM,False,,OCCUPIED,2026-06-12,38,2026-06-12,38,1,1.064,0.157,0.092
8,SPIKE_OCCUPIED,MEDIUM,False,,OCCUPIED,2026-06-12,46,2026-06-12,46,1,0.867,0.099,0.054
8,SPIKE_UNKNOWN,LOW,False,,UNKNOWN,2026-06-12,47,2026-06-12,47,1,0.483,0.09,0.05
8,SPIKE_OCCUPIED,MEDIUM,False,,OCCUPIED,2026-06-28,0,2026-06-28,0,1,1.441,0.087,0.05
8,SPIKE_OCCUPIED,MEDIUM,False,,OCCUPIED,2026-06-28,1,2026-06-28,1,1,1.579,0.083,0.05
8,SPIKE_OCCUPIED,MEDIUM,False,,OCCUPIED,2026-06-28,2,2026-06-28,2,1,1.424,0.074,0.05
8,SPIKE_OCCUPIED,MEDIUM,False,,OCCUPIED,2026-06-28,3,2026-06-28,3,1,1.318,0.068,0.05
8,SPIKE_OCCUPIED,MEDIUM,False,,OCCUPIED,2026-06-28,4,2026-06-28,4,1,1.431,0.068,0.05
8,SPIKE_OCCUPIED,MEDIUM,False,,OCCUPIED,2026-06-28,5,2026-06-28,5,1,1.475,0.058,0.05
8,SPIKE_OCCUPIED,MEDIUM,False,,OCCUPIED,2026-06-28,6,2026-06-28,6,1,1.485,0.058,0.05
8,SPIKE_OCCUPIED,MEDIUM,False,,OCCUPIED,2026-06-28,7,2026-06-28,7,1,1.437,0.074,0.05
8,SPIKE_OCCUPIED,MEDIUM,False,,OCCUPIED,2026-06-28,8,2026-06-28,8,1,1.32,0.06,0.05
8,SPIKE_OCCUPIED,MEDIUM,False,,OCCUPIED,2026-06-28,9,2026-06-28,9,1,1.275,0.058,0.05
8,SPIKE_OCCUPIED,MEDIUM,False,,OCCUPIED,2026-06-28,10,2026-06-28,10,1,1.312,0.062,0.05
8,SPIKE_OCCUPIED,MEDIUM,False,,OCCUPIED,2026-06-28,11,2026-06-28,11,1,1.302,0.064,0.05
8,SPIKE_OCCUPIED,MEDIUM,False,,OCCUPIED,2026-06-28,12,2026-06-28,12,1,1.272,0.058,0.05
8,SPIKE_OCCUPIED,MEDIUM,False,,OCCUPIED,2026-06-28,13,2026-06-28,13,1,1.189,0.07,0.05
8,SPIKE_OCCUPIED,MEDIUM,False,,OCCUPIED,2026-06-28,14,2026-06-28,14,1,0.97,0.092,0.05
8,SPIKE_OCCUPIED,MEDIUM,False,,OCCUPIED,2026-07-19,0,2026-07-19,0,1,0.405,0.087,0.05
8,SPIKE_OCCUPIED,MEDIUM,False,,OCCUPIED,2026-07-19,1,2026-07-19,1,1,0.369,0.083,0.05
8,SPIKE_OCCUPIED,MEDIUM,False,,OCCUPIED,2026-07-19,2,2026-07-19,2,1,0.396,0.074,0.05
8,SPIKE_OCCUPIED,MEDIUM,False,,OCCUPIED,2026-07-19,3,2026-07-19,3,1,0.353,0.068,0.05
8,SPIKE_OCCUPIED,MEDIUM,False,,OCCUPIED,2026-07-19,4,2026-07-19,4,1,0.354,0.068,0.05
8,SPIKE_OCCUPIED,MEDIUM,False,,OCCUPIED,2026-07-19,5,2026-07-19,5,1,0.367,0.058,0.05
8,SPIKE_OCCUPIED,MEDIUM,False,,OCCUPIED,2026-07-19,6,2026-07-19,6,1,0.341,0.058,0.05
8,SPIKE_OCCUPIED,MEDIUM,False,,OCCUPIED,2026-07-19,7,2026-07-19,7,1,0.356,0.074,0.05
8,SPIKE_OCCUPIED,MEDIUM,False,,OCCUPIED,2026-07-19,8,2026-07-19,8,1,0.344,0.06,0.05
8,SPIKE_OCCUPIED,MEDIUM,False,,OCCUPIED,2026-07-19,9,2026-07-19,9,1,0.318,0.058,0.05
8,SPIKE_OCCUPIED,MEDIUM,False,,OCCUPIED,2026-07-19,10,2026-07-19,10,1,0.317,0.062,0.05
8,SPIKE_OCCUPIED,MEDIUM,False,,OCCUPIED,2026-07-19,11,2026-07-19,11,1,0.299,0.064,0.05
8,SPIKE_OCCUPIED,MEDIUM,False,,OCCUPIED,2026-07-19,45,2026-07-19,45,1,0.431,0.13,0.061
8,SPIKE_OCCUPIED,MEDIUM,False,,OCCUPIED,2026-07-19,46,2026-07-19,46,1,0.374,0.096,0.054
8,SPIKE_OCCUPIED,MEDIUM,False,,OCCUPIED,2026-07-19,47,2026-07-19,47,1,0.36,0.089,0.051
9,FLATLINE,HIGH,True,vacancy,VACANT,2026-06-19,9,2026-06-19,45,37,0.0004,0.109,0.061
9,FLATLINE,HIGH,True,vacancy,VACANT,2026-07-01,9,2026-07-01,46,38,0.0016,0.112,0.065
9,FLATLINE,HIGH,True,vacancy,VACANT,2026-07-02,10,2026-07-02,40,31,0.0005,0.117,0.076
9,FLATLINE,HIGH,True,vacancy,VACANT,2026-07-04,15,2026-07-04,21,7,0.0053,0.135,0.098
9,FLATLINE,HIGH,True,vacancy,VACANT,2026-07-04,29,2026-07-04,37,9,0.0041,0.122,0.081
9,FLATLINE,HIGH,True,vacancy,VACANT,2026-07-08,18,2026-07-08,38,21,0.0002,0.131,0.101
9,FLATLINE,HIGH,True,vacancy,VACANT,2026-07-22,33,2026-07-22,38,6,0.0003,0.147,0.106
9,SPIKE_OCCUPIED,MEDIUM,False,,OCCUPIED,2026-06-02,36,2026-06-02,36,1,1.401,0.175,0.122
9,SPIKE_OCCUPIED,MEDIUM,False,,OCCUPIED,2026-06-02,37,2026-06-02,37,1,1.384,0.2095,0.1525
9,SPIKE_OCCUPIED,MEDIUM,False,,OCCUPIED,2026-06-02,41,2026-06-02,41,1,0.775,0.1645,0.089
9,SPIKE_OCCUPIED,MEDIUM,False,,OCCUPIED,2026-06-03,9,2026-06-03,9,1,0.389,0.112,0.065
9,SPIKE_OCCUPIED,MEDIUM,False,,OCCUPIED,2026-06-03,31,2026-06-03,31,1,0.57,0.132,0.087
9,SPIKE_OCCUPIED,MEDIUM,False,,OCCUPIED,2026-06-03,32,2026-06-03,32,1,0.573,0.134,0.095
9,SPIKE_OCCUPIED,MEDIUM,False,,OCCUPIED,2026-06-03,45,2026-06-03,45,1,0.907,0.123,0.074
9,SPIKE_OCCUPIED,MEDIUM,False,,OCCUPIED,2026-06-03,46,2026-06-03,46,1,0.525,0.125,0.072
9,SPIKE_OCCUPIED,MEDIUM,False,,OCCUPIED,2026-06-04,37,2026-06-04,37,1,0.958,0.213,0.16
9,SPIKE_OCCUPIED,MEDIUM,False,,OCCUPIED,2026-06-05,27,2026-06-05,27,1,0.812,0.118,0.072
9,SPIKE_OCCUPIED,MEDIUM,False,,OCCUPIED,2026-06-06,0,2026-06-06,0,1,0.53,0.11,0.07
9,SPIKE_OCCUPIED,MEDIUM,False,,OCCUPIED,2026-06-06,1,2026-06-06,1,1,0.458,0.112,0.068
9,SPIKE_OCCUPIED,MEDIUM,False,,OCCUPIED,2026-06-06,3,2026-06-06,3,1,0.36,0.107,0.06
9,SPIKE_OCCUPIED,MEDIUM,False,,OCCUPIED,2026-06-06,4,2026-06-06,4,1,0.57,0.099,0.059
9,SPIKE_OCCUPIED,MEDIUM,False,,OCCUPIED,2026-06-06,31,2026-06-06,31,1,0.541,0.117,0.087
9,SPIKE_OCCUPIED,MEDIUM,False,,OCCUPIED,2026-06-06,32,2026-06-06,32,1,0.591,0.134,0.101
9,SPIKE_OCCUPIED,MEDIUM,False,,OCCUPIED,2026-06-06,35,2026-06-06,35,1,1.094,0.189,0.147
9,SPIKE_OCCUPIED,MEDIUM,False,,OCCUPIED,2026-06-06,37,2026-06-06,37,1,0.668,0.159,0.116
9,SPIKE_OCCUPIED,MEDIUM,False,,OCCUPIED,2026-06-06,42,2026-06-06,42,1,0.587,0.154,0.098
9,SPIKE_OCCUPIED,MEDIUM,False,,OCCUPIED,2026-06-11,19,2026-06-11,19,1,0.616,0.137,0.1055
9,SPIKE_OCCUPIED,MEDIUM,False,,OCCUPIED,2026-06-11,28,2026-06-11,28,1,0.809,0.124,0.082
9,SPIKE_OCCUPIED,MEDIUM,False,,OCCUPIED,2026-06-11,29,2026-06-11,29,1,0.826,0.1205,0.0815
9,SPIKE_OCCUPIED,MEDIUM,False,,OCCUPIED,2026-06-11,30,2026-06-11,30,1,0.679,0.1245,0.0835
9,SPIKE_OCCUPIED,MEDIUM,False,,OCCUPIED,2026-06-11,31,2026-06-11,31,1,0.621,0.1425,0.0925
9,SPIKE_OCCUPIED,MEDIUM,False,,OCCUPIED,2026-06-12,21,2026-06-12,21,1,0.483,0.116,0.079
9,SPIKE_OCCUPIED,MEDIUM,False,,OCCUPIED,2026-06-12,22,2026-06-12,22,1,0.461,0.115,0.081
9,SPIKE_OCCUPIED,MEDIUM,False,,OCCUPIED,2026-06-12,23,2026-06-12,23,1,0.54,0.111,0.078
9,SPIKE_OCCUPIED,MEDIUM,False,,OCCUPIED,2026-06-12,24,2026-06-12,24,1,0.549,0.097,0.066
9,SPIKE_OCCUPIED,MEDIUM,False,,OCCUPIED,2026-06-12,25,2026-06-12,25,1,0.508,0.11,0.075
9,SPIKE_OCCUPIED,MEDIUM,False,,OCCUPIED,2026-06-12,26,2026-06-12,26,1,0.517,0.11,0.067
9,SPIKE_OCCUPIED,MEDIUM,False,,OCCUPIED,2026-06-12,27,2026-06-12,27,1,0.509,0.118,0.072
9,SPIKE_OCCUPIED,MEDIUM,False,,OCCUPIED,2026-06-12,28,2026-06-12,28,1,0.432,0.119,0.078
9,SPIKE_OCCUPIED,MEDIUM,False,,OCCUPIED,2026-06-13,46,2026-06-13,46,1,0.545,0.12,0.091
9,SPIKE_OCCUPIED,MEDIUM,False,,OCCUPIED,2026-06-13,47,2026-06-13,47,1,0.503,0.118,0.082
9,SPIKE_OCCUPIED,MEDIUM,False,,OCCUPIED,2026-06-14,10,2026-06-14,10,1,0.399,0.109,0.063
9,SPIKE_OCCUPIED,MEDIUM,False,,OCCUPIED,2026-06-14,11,2026-06-14,11,1,0.449,0.1085,0.0685
9,SPIKE_OCCUPIED,MEDIUM,False,,OCCUPIED,2026-06-14,12,2026-06-14,12,1,0.453,0.104,0.0625
9,SPIKE_OCCUPIED,MEDIUM,False,,OCCUPIED,2026-06-14,13,2026-06-14,13,1,0.677,0.125,0.0845
9,SPIKE_OCCUPIED,MEDIUM,False,,OCCUPIED,2026-06-14,14,2026-06-14,14,1,0.693,0.136,0.0915
9,SPIKE_OCCUPIED,MEDIUM,False,,OCCUPIED,2026-06-14,16,2026-06-14,16,1,0.955,0.1775,0.1265
9,SPIKE_OCCUPIED,MEDIUM,False,,OCCUPIED,2026-06-14,18,2026-06-14,18,1,0.745,0.173,0.1275
9,SPIKE_OCCUPIED,MEDIUM,False,,OCCUPIED,2026-06-14,19,2026-06-14,19,1,0.862,0.165,0.1255
9,SPIKE_OCCUPIED,MEDIUM,False,,OCCUPIED,2026-06-14,22,2026-06-14,22,1,0.805,0.1825,0.1365
9,SPIKE_OCCUPIED,MEDIUM,False,,OCCUPIED,2026-06-14,23,2026-06-14,23,1,0.757,0.1535,0.1085
9,SPIKE_OCCUPIED,MEDIUM,False,,OCCUPIED,2026-06-14,27,2026-06-14,27,1,0.875,0.1495,0.1225
9,SPIKE_OCCUPIED,MEDIUM,False,,OCCUPIED,2026-06-14,29,2026-06-14,29,1,1.714,0.164,0.124
9,SPIKE_OCCUPIED,MEDIUM,False,,OCCUPIED,2026-06-14,30,2026-06-14,30,1,2.219,0.1635,0.1245
9,SPIKE_OCCUPIED,MEDIUM,False,,OCCUPIED,2026-06-14,31,2026-06-14,31,1,2.136,0.1875,0.145
9,SPIKE_OCCUPIED,MEDIUM,False,,OCCUPIED,2026-06-14,32,2026-06-14,32,1,0.661,0.1705,0.1205
9,SPIKE_OCCUPIED,MEDIUM,False,,OCCUPIED,2026-06-14,36,2026-06-14,36,1,1.372,0.25,0.2025
9,SPIKE_OCCUPIED,MEDIUM,False,,OCCUPIED,2026-06-14,37,2026-06-14,37,1,1.722,0.249,0.1935
9,SPIKE_OCCUPIED,MEDIUM,False,,OCCUPIED,2026-06-14,38,2026-06-14,38,1,1.11,0.231,0.1675
9,SPIKE_OCCUPIED,MEDIUM,False,,OCCUPIED,2026-06-14,39,2026-06-14,39,1,0.805,0.2105,0.1465
9,SPIKE_OCCUPIED,MEDIUM,False,,OCCUPIED,2026-06-14,40,2026-06-14,40,1,1.015,0.1925,0.1475
9,SPIKE_OCCUPIED,MEDIUM,False,,OCCUPIED,2026-06-14,41,2026-06-14,41,1,0.674,0.1815,0.122
9,SPIKE_OCCUPIED,MEDIUM,False,,OCCUPIED,2026-06-14,42,2026-06-14,42,1,0.685,0.1685,0.1145
9,SPIKE_OCCUPIED,MEDIUM,False,,OCCUPIED,2026-06-14,43,2026-06-14,43,1,0.709,0.1615,0.1055
9,SPIKE_OCCUPIED,MEDIUM,False,,OCCUPIED,2026-06-16,15,2026-06-16,15,1,0.703,0.146,0.099
9,SPIKE_OCCUPIED,MEDIUM,False,,OCCUPIED,2026-06-16,31,2026-06-16,31,1,0.433,0.111,0.0795
9,SPIKE_OCCUPIED,MEDIUM,False,,OCCUPIED,2026-06-16,33,2026-06-16,33,1,0.564,0.1465,0.0995
9,SPIKE_OCCUPIED,MEDIUM,False,,OCCUPIED,2026-06-16,39,2026-06-16,39,1,1.401,0.1615,0.0965
9,SPIKE_OCCUPIED,MEDIUM,False,,OCCUPIED,2026-06-16,40,2026-06-16,40,1,0.744,0.165,0.0795
9,SPIKE_OCCUPIED,MEDIUM,False,,OCCUPIED,2026-06-16,42,2026-06-16,42,1,0.599,0.1845,0.0975
9,SPIKE_OCCUPIED,MEDIUM,False,,OCCUPIED,2026-06-18,12,2026-06-18,12,1,0.99,0.1275,0.083
9,SPIKE_OCCUPIED,MEDIUM,False,,OCCUPIED,2026-06-18,13,2026-06-18,13,1,1.332,0.1355,0.0935
9,SPIKE_OCCUPIED,MEDIUM,False,,OCCUPIED,2026-06-18,23,2026-06-18,23,1,0.726,0.1195,0.0935
9,SPIKE_OCCUPIED,MEDIUM,False,,OCCUPIED,2026-06-18,24,2026-06-18,24,1,0.642,0.1265,0.089
9,SPIKE_OCCUPIED,MEDIUM,False,,OCCUPIED,2026-06-18,36,2026-06-18,36,1,1.198,0.2375,0.179
9,SPIKE_OCCUPIED,MEDIUM,False,,OCCUPIED,2026-06-19,0,2026-06-19,0,1,2.605,0.122,0.065
9,SPIKE_OCCUPIED,MEDIUM,False,,OCCUPIED,2026-06-19,1,2026-06-19,1,1,2.942,0.109,0.057
9,SPIKE_OCCUPIED,MEDIUM,False,,OCCUPIED,2026-06-19,2,2026-06-19,2,1,2.921,0.102,0.057
9,SPIKE_OCCUPIED,MEDIUM,False,,OCCUPIED,2026-06-19,3,2026-06-19,3,1,2.682,0.102,0.055
9,SPIKE_OCCUPIED,MEDIUM,False,,OCCUPIED,2026-06-19,4,2026-06-19,4,1,1.637,0.097,0.055
9,SPIKE_OCCUPIED,MEDIUM,False,,OCCUPIED,2026-06-19,47,2026-06-19,47,1,2.635,0.126,0.068
9,SPIKE_OCCUPIED,MEDIUM,False,,OCCUPIED,2026-06-20,27,2026-06-20,27,1,1.015,0.125,0.093
9,SPIKE_OCCUPIED,MEDIUM,False,,OCCUPIED,2026-06-20,28,2026-06-20,28,1,1.175,0.12,0.087
9,SPIKE_OCCUPIED,MEDIUM,False,,OCCUPIED,2026-06-20,29,2026-06-20,29,1,1.097,0.122,0.081
9,SPIKE_OCCUPIED,MEDIUM,False,,OCCUPIED,2026-06-20,30,2026-06-20,30,1,1.101,0.121,0.086
9,SPIKE_OCCUPIED,MEDIUM,False,,OCCUPIED,2026-06-20,31,2026-06-20,31,1,1.147,0.117,0.087
9,SPIKE_OCCUPIED,MEDIUM,False,,OCCUPIED,2026-06-20,32,2026-06-20,32,1,1.175,0.134,0.101
9,SPIKE_OCCUPIED,MEDIUM,False,,OCCUPIED,2026-06-20,34,2026-06-20,34,1,1.077,0.171,0.114
9,SPIKE_OCCUPIED,MEDIUM,False,,OCCUPIED,2026-06-20,35,2026-06-20,35,1,1.129,0.189,0.147
9,SPIKE_OCCUPIED,MEDIUM,False,,OCCUPIED,2026-06-20,36,2026-06-20,36,1,1.733,0.181,0.141
9,SPIKE_OCCUPIED,MEDIUM,False,,OCCUPIED,2026-06-20,37,2026-06-20,37,1,1.657,0.159,0.116
9,SPIKE_OCCUPIED,MEDIUM,False,,OCCUPIED,2026-06-20,38,2026-06-20,38,1,1.183,0.166,0.111
9,SPIKE_OCCUPIED,MEDIUM,False,,OCCUPIED,2026-06-20,39,2026-06-20,39,1,1.085,0.169,0.117
9,SPIKE_OCCUPIED,MEDIUM,False,,OCCUPIED,2026-06-20,40,2026-06-20,40,1,1.398,0.174,0.117
9,SPIKE_OCCUPIED,MEDIUM,False,,OCCUPIED,2026-06-20,41,2026-06-20,41,1,1.549,0.158,0.099
9,SPIKE_OCCUPIED,MEDIUM,False,,OCCUPIED,2026-06-20,42,2026-06-20,42,1,1.144,0.154,0.098
9,SPIKE_OCCUPIED,MEDIUM,False,,OCCUPIED,2026-06-20,43,2026-06-20,43,1,1.734,0.15,0.105
9,SPIKE_OCCUPIED,MEDIUM,False,,OCCUPIED,2026-06-20,44,2026-06-20,44,1,1.203,0.145,0.097
9,SPIKE_OCCUPIED,MEDIUM,False,,OCCUPIED,2026-06-20,45,2026-06-20,45,1,1.149,0.132,0.087
9,SPIKE_OCCUPIED,MEDIUM,False,,OCCUPIED,2026-06-20,46,2026-06-20,46,1,1.105,0.12,0.091
9,SPIKE_OCCUPIED,MEDIUM,False,,OCCUPIED,2026-06-20,47,2026-06-20,47,1,1.067,0.118,0.082
9,SPIKE_OCCUPIED,MEDIUM,False,,OCCUPIED,2026-06-21,15,2026-06-21,15,1,1.383,0.1445,0.1055
9,SPIKE_OCCUPIED,MEDIUM,False,,OCCUPIED,2026-06-21,16,2026-06-21,16,1,0.805,0.1775,0.1265
9,SPIKE_OCCUPIED,MEDIUM,False,,OCCUPIED,2026-06-21,29,2026-06-21,29,1,0.746,0.164,0.124
9,SPIKE_OCCUPIED,MEDIUM,False,,OCCUPIED,2026-06-21,30,2026-06-21,30,1,0.691,0.1635,0.1245
9,SPIKE_OCCUPIED,MEDIUM,False,,OCCUPIED,2026-06-22,23,2026-06-22,23,1,0.629,0.13,0.107
9,SPIKE_OCCUPIED,MEDIUM,False,,OCCUPIED,2026-06-22,40,2026-06-22,40,1,0.961,0.178,0.119
9,SPIKE_OCCUPIED,MEDIUM,False,,OCCUPIED,2026-06-23,26,2026-06-23,26,1,0.73,0.094,0.088
9,SPIKE_OCCUPIED,MEDIUM,False,,OCCUPIED,2026-06-23,27,2026-06-23,27,1,0.477,0.1155,0.0845
9,SPIKE_OCCUPIED,MEDIUM,False,,OCCUPIED,2026-06-23,30,2026-06-23,30,1,0.839,0.1075,0.0665
9,SPIKE_OCCUPIED,MEDIUM,False,,OCCUPIED,2026-06-23,31,2026-06-23,31,1,0.842,0.111,0.0795
9,SPIKE_OCCUPIED,MEDIUM,False,,OCCUPIED,2026-06-23,32,2026-06-23,32,1,0.551,0.124,0.087
9,SPIKE_OCCUPIED,MEDIUM,False,,OCCUPIED,2026-06-23,38,2026-06-23,38,1,0.775,0.184,0.1305
9,SPIKE_OCCUPIED,MEDIUM,False,,OCCUPIED,2026-06-23,39,2026-06-23,39,1,0.73,0.1615,0.0965
9,SPIKE_OCCUPIED,MEDIUM,False,,OCCUPIED,2026-06-24,15,2026-06-24,15,1,0.734,0.147,0.096
9,SPIKE_OCCUPIED,MEDIUM,False,,OCCUPIED,2026-06-25,0,2026-06-25,0,1,0.534,0.12,0.0755
9,SPIKE_OCCUPIED,MEDIUM,False,,OCCUPIED,2026-06-25,9,2026-06-25,9,1,0.723,0.111,0.067
9,SPIKE_OCCUPIED,MEDIUM,False,,OCCUPIED,2026-06-25,47,2026-06-25,47,1,0.571,0.1175,0.075
9,SPIKE_OCCUPIED,MEDIUM,False,,OCCUPIED,2026-06-27,20,2026-06-27,20,1,0.544,0.128,0.098
9,SPIKE_OCCUPIED,MEDIUM,False,,OCCUPIED,2026-06-28,5,2026-06-28,5,1,0.59,0.1105,0.063
9,SPIKE_OCCUPIED,MEDIUM,False,,OCCUPIED,2026-06-28,7,2026-06-28,7,1,0.523,0.1155,0.066
9,SPIKE_OCCUPIED,MEDIUM,False,,OCCUPIED,2026-06-28,44,2026-06-28,44,1,0.909,0.1475,0.0975
9,SPIKE_OCCUPIED,MEDIUM,False,,OCCUPIED,2026-06-28,45,2026-06-28,45,1,0.513,0.128,0.0805
9,SPIKE_OCCUPIED,MEDIUM,False,,OCCUPIED,2026-06-28,46,2026-06-28,46,1,0.882,0.1315,0.0805
9,SPIKE_OCCUPIED,MEDIUM,False,,OCCUPIED,2026-06-28,47,2026-06-28,47,1,0.571,0.1285,0.0795
9,SPIKE_OCCUPIED,MEDIUM,False,,OCCUPIED,2026-06-29,31,2026-06-29,31,1,0.635,0.133,0.096
9,SPIKE_OCCUPIED,MEDIUM,False,,OCCUPIED,2026-06-29,32,2026-06-29,32,1,0.676,0.153,0.12
9,SPIKE_OCCUPIED,MEDIUM,False,,OCCUPIED,2026-06-29,33,2026-06-29,33,1,0.655,0.148,0.123
9,SPIKE_OCCUPIED,MEDIUM,False,,OCCUPIED,2026-06-29,46,2026-06-29,46,1,0.435,0.125,0.076
9,SPIKE_OCCUPIED,MEDIUM,False,,OCCUPIED,2026-06-30,0,2026-06-30,0,1,1.457,0.108,0.0595
9,SPIKE_OCCUPIED,MEDIUM,False,,OCCUPIED,2026-06-30,1,2026-06-30,1,1,1.399,0.1,0.0515
9,SPIKE_OCCUPIED,MEDIUM,False,,OCCUPIED,2026-06-30,2,2026-06-30,2,1,0.952,0.102,0.059
9,SPIKE_OCCUPIED,MEDIUM,False,,OCCUPIED,2026-06-30,3,2026-06-30,3,1,0.89,0.103,0.0605
9,SPIKE_OCCUPIED,MEDIUM,False,,OCCUPIED,2026-06-30,4,2026-06-30,4,1,1.012,0.102,0.05
9,SPIKE_OCCUPIED,MEDIUM,False,,OCCUPIED,2026-06-30,5,2026-06-30,5,1,0.842,0.1,0.052
9,SPIKE_OCCUPIED,MEDIUM,False,,OCCUPIED,2026-06-30,6,2026-06-30,6,1,0.901,0.101,0.0515
9,SPIKE_OCCUPIED,MEDIUM,False,,OCCUPIED,2026-06-30,7,2026-06-30,7,1,0.917,0.1035,0.055
9,SPIKE_OCCUPIED,MEDIUM,False,,OCCUPIED,2026-06-30,8,2026-06-30,8,1,0.934,0.1015,0.0545
9,SPIKE_OCCUPIED,MEDIUM,False,,OCCUPIED,2026-06-30,9,2026-06-30,9,1,0.87,0.105,0.0545
9,SPIKE_OCCUPIED,MEDIUM,False,,OCCUPIED,2026-06-30,10,2026-06-30,10,1,0.926,0.106,0.059
9,SPIKE_OCCUPIED,MEDIUM,False,,OCCUPIED,2026-06-30,11,2026-06-30,11,1,0.893,0.1135,0.0695
9,SPIKE_OCCUPIED,MEDIUM,False,,OCCUPIED,2026-06-30,12,2026-06-30,12,1,0.989,0.1235,0.0865
9,SPIKE_OCCUPIED,MEDIUM,False,,OCCUPIED,2026-06-30,13,2026-06-30,13,1,0.91,0.1255,0.088
9,SPIKE_OCCUPIED,MEDIUM,False,,OCCUPIED,2026-06-30,14,2026-06-30,14,1,0.842,0.1155,0.087
9,SPIKE_OCCUPIED,MEDIUM,False,,OCCUPIED,2026-06-30,15,2026-06-30,15,1,0.954,0.146,0.099
9,SPIKE_OCCUPIED,MEDIUM,False,,OCCUPIED,2026-06-30,16,2026-06-30,16,1,0.987,0.1225,0.094
9,SPIKE_OCCUPIED,MEDIUM,False,,OCCUPIED,2026-06-30,17,2026-06-30,17,1,0.921,0.1185,0.0835
9,SPIKE_OCCUPIED,MEDIUM,False,,OCCUPIED,2026-06-30,18,2026-06-30,18,1,0.882,0.1195,0.092
9,SPIKE_OCCUPIED,MEDIUM,False,,OCCUPIED,2026-06-30,19,2026-06-30,19,1,0.945,0.1165,0.0825
9,SPIKE_OCCUPIED,MEDIUM,False,,OCCUPIED,2026-06-30,20,2026-06-30,20,1,0.968,0.1135,0.0785
9,SPIKE_OCCUPIED,MEDIUM,False,,OCCUPIED,2026-06-30,21,2026-06-30,21,1,0.904,0.098,0.069
9,SPIKE_OCCUPIED,MEDIUM,False,,OCCUPIED,2026-06-30,22,2026-06-30,22,1,1.312,0.0945,0.0795
9,SPIKE_OCCUPIED,MEDIUM,False,,OCCUPIED,2026-06-30,23,2026-06-30,23,1,1.442,0.098,0.072
9,SPIKE_OCCUPIED,MEDIUM,False,,OCCUPIED,2026-06-30,24,2026-06-30,24,1,1.482,0.097,0.07
9,SPIKE_OCCUPIED,MEDIUM,False,,OCCUPIED,2026-06-30,25,2026-06-30,25,1,1.557,0.091,0.065
9,SPIKE_OCCUPIED,MEDIUM,False,,OCCUPIED,2026-06-30,26,2026-06-30,26,1,1.508,0.094,0.088
9,SPIKE_OCCUPIED,MEDIUM,False,,OCCUPIED,2026-06-30,27,2026-06-30,27,1,1.623,0.1155,0.0845
9,SPIKE_OCCUPIED,MEDIUM,False,,OCCUPIED,2026-06-30,28,2026-06-30,28,1,1.787,0.109,0.077
9,SPIKE_OCCUPIED,MEDIUM,False,,OCCUPIED,2026-06-30,29,2026-06-30,29,1,1.648,0.105,0.0775
9,SPIKE_OCCUPIED,MEDIUM,False,,OCCUPIED,2026-06-30,30,2026-06-30,30,1,2.692,0.1075,0.0665
9,SPIKE_OCCUPIED,MEDIUM,False,,OCCUPIED,2026-06-30,31,2026-06-30,31,1,2.416,0.111,0.0795
9,SPIKE_OCCUPIED,MEDIUM,False,,OCCUPIED,2026-06-30,32,2026-06-30,32,1,2.248,0.124,0.087
9,SPIKE_OCCUPIED,MEDIUM,False,,OCCUPIED,2026-06-30,33,2026-06-30,33,1,2.511,0.1465,0.0995
9,SPIKE_OCCUPIED,MEDIUM,False,,OCCUPIED,2026-06-30,34,2026-06-30,34,1,2.825,0.163,0.1225
9,SPIKE_OCCUPIED,MEDIUM,False,,OCCUPIED,2026-06-30,35,2026-06-30,35,1,2.386,0.166,0.123
9,SPIKE_OCCUPIED,MEDIUM,False,,OCCUPIED,2026-06-30,36,2026-06-30,36,1,2.612,0.175,0.122
9,SPIKE_OCCUPIED,MEDIUM,False,,OCCUPIED,2026-06-30,37,2026-06-30,37,1,2.434,0.2095,0.1525
9,SPIKE_OCCUPIED,MEDIUM,False,,OCCUPIED,2026-06-30,38,2026-06-30,38,1,2.627,0.184,0.1305
9,SPIKE_OCCUPIED,MEDIUM,False,,OCCUPIED,2026-06-30,39,2026-06-30,39,1,2.412,0.1615,0.0965
9,SPIKE_OCCUPIED,MEDIUM,False,,OCCUPIED,2026-06-30,40,2026-06-30,40,1,2.688,0.165,0.0795
9,SPIKE_OCCUPIED,MEDIUM,False,,OCCUPIED,2026-06-30,41,2026-06-30,41,1,2.243,0.1645,0.089
9,SPIKE_OCCUPIED,MEDIUM,False,,OCCUPIED,2026-06-30,42,2026-06-30,42,1,2.868,0.1845,0.0975
9,SPIKE_OCCUPIED,MEDIUM,False,,OCCUPIED,2026-06-30,43,2026-06-30,43,1,2.553,0.147,0.083
9,SPIKE_OCCUPIED,MEDIUM,False,,OCCUPIED,2026-06-30,44,2026-06-30,44,1,2.089,0.132,0.076
9,SPIKE_OCCUPIED,MEDIUM,False,,OCCUPIED,2026-06-30,45,2026-06-30,45,1,2.147,0.13,0.0775
9,SPIKE_OCCUPIED,MEDIUM,False,,OCCUPIED,2026-06-30,46,2026-06-30,46,1,1.159,0.119,0.068
9,SPIKE_OCCUPIED,MEDIUM,False,,OCCUPIED,2026-06-30,47,2026-06-30,47,1,1.09,0.11,0.0635
9,SPIKE_OCCUPIED,MEDIUM,False,,OCCUPIED,2026-07-01,0,2026-07-01,0,1,4.142,0.112,0.061
9,SPIKE_OCCUPIED,MEDIUM,False,,OCCUPIED,2026-07-01,1,2026-07-01,1,1,3.477,0.113,0.063
9,SPIKE_OCCUPIED,MEDIUM,False,,OCCUPIED,2026-07-01,2,2026-07-01,2,1,3.466,0.112,0.059
9,SPIKE_OCCUPIED,MEDIUM,False,,OCCUPIED,2026-07-01,4,2026-07-01,4,1,3.447,0.104,0.052
9,SPIKE_OCCUPIED,MEDIUM,False,,OCCUPIED,2026-07-01,5,2026-07-01,5,1,3.5,0.098,0.058
9,SPIKE_OCCUPIED,MEDIUM,False,,OCCUPIED,2026-07-01,6,2026-07-01,6,1,2.469,0.108,0.063
9,SPIKE_OCCUPIED,MEDIUM,False,,OCCUPIED,2026-07-01,47,2026-07-01,47,1,2.298,0.116,0.065
9,SPIKE_OCCUPIED,MEDIUM,False,,OCCUPIED,2026-07-02,0,2026-07-02,0,1,5.009,0.12,0.0755
9,SPIKE_OCCUPIED,MEDIUM,False,,OCCUPIED,2026-07-02,1,2026-07-02,1,1,5.176,0.1155,0.068
9,SPIKE_OCCUPIED,MEDIUM,False,,OCCUPIED,2026-07-02,2,2026-07-02,2,1,5.261,0.11,0.0685
9,SPIKE_OCCUPIED,MEDIUM,False,,OCCUPIED,2026-07-02,3,2026-07-02,3,1,4.915,0.106,0.0645
9,SPIKE_OCCUPIED,MEDIUM,False,,OCCUPIED,2026-07-02,4,2026-07-02,4,1,2.229,0.108,0.063
9,SPIKE_OCCUPIED,MEDIUM,False,,OCCUPIED,2026-07-02,42,2026-07-02,42,1,0.832,0.181,0.1015
9,SPIKE_OCCUPIED,MEDIUM,False,,OCCUPIED,2026-07-02,43,2026-07-02,43,1,1.173,0.1685,0.1065
9,SPIKE_OCCUPIED,MEDIUM,False,,OCCUPIED,2026-07-02,44,2026-07-02,44,1,0.952,0.1605,0.098
9,SPIKE_OCCUPIED,MEDIUM,False,,OCCUPIED,2026-07-02,45,2026-07-02,45,1,0.647,0.1465,0.093
9,SPIKE_OCCUPIED,MEDIUM,False,,OCCUPIED,2026-07-02,47,2026-07-02,47,1,5.243,0.1175,0.075
9,SPIKE_OCCUPIED,MEDIUM,False,,OCCUPIED,2026-07-03,32,2026-07-03,32,1,0.541,0.131,0.087
9,SPIKE_OCCUPIED,MEDIUM,False,,OCCUPIED,2026-07-03,33,2026-07-03,33,1,0.966,0.133,0.088
9,SPIKE_OCCUPIED,MEDIUM,False,,OCCUPIED,2026-07-03,34,2026-07-03,34,1,1.673,0.171,0.117
9,SPIKE_OCCUPIED,MEDIUM,False,,OCCUPIED,2026-07-03,35,2026-07-03,35,1,1.232,0.201,0.15
9,SPIKE_OCCUPIED,MEDIUM,False,,OCCUPIED,2026-07-03,36,2026-07-03,36,1,1.091,0.189,0.133
9,SPIKE_OCCUPIED,MEDIUM,False,,OCCUPIED,2026-07-03,37,2026-07-03,37,1,1.64,0.17,0.121
9,SPIKE_OCCUPIED,MEDIUM,False,,OCCUPIED,2026-07-03,39,2026-07-03,39,1,0.663,0.198,0.111
9,SPIKE_OCCUPIED,MEDIUM,False,,OCCUPIED,2026-07-03,40,2026-07-03,40,1,1.391,0.214,0.127
9,SPIKE_OCCUPIED,MEDIUM,False,,OCCUPIED,2026-07-03,41,2026-07-03,41,1,1.304,0.188,0.095
9,SPIKE_OCCUPIED,MEDIUM,False,,OCCUPIED,2026-07-04,0,2026-07-04,0,1,2.963,0.11,0.07
9,SPIKE_OCCUPIED,MEDIUM,False,,OCCUPIED,2026-07-04,1,2026-07-04,1,1,2.761,0.112,0.068
9,SPIKE_OCCUPIED,MEDIUM,False,,OCCUPIED,2026-07-04,2,2026-07-04,2,1,1.751,0.114,0.066
9,SPIKE_OCCUPIED,MEDIUM,False,,OCCUPIED,2026-07-04,3,2026-07-04,3,1,1.032,0.107,0.06
9,SPIKE_OCCUPIED,MEDIUM,False,,OCCUPIED,2026-07-04,4,2026-07-04,4,1,0.367,0.099,0.059
9,SPIKE_OCCUPIED,MEDIUM,False,,OCCUPIED,2026-07-04,5,2026-07-04,5,1,0.394,0.092,0.05
9,SPIKE_OCCUPIED,MEDIUM,False,,OCCUPIED,2026-07-04,6,2026-07-04,6,1,0.402,0.09,0.05
9,SPIKE_OCCUPIED,MEDIUM,False,,OCCUPIED,2026-07-04,7,2026-07-04,7,1,0.394,0.085,0.05
9,SPIKE_OCCUPIED,MEDIUM,False,,OCCUPIED,2026-07-04,8,2026-07-04,8,1,0.437,0.094,0.055
9,SPIKE_OCCUPIED,MEDIUM,False,,OCCUPIED,2026-07-04,9,2026-07-04,9,1,0.373,0.099,0.058
9,SPIKE_OCCUPIED,MEDIUM,False,,OCCUPIED,2026-07-04,41,2026-07-04,41,1,0.558,0.158,0.099
9,SPIKE_OCCUPIED,MEDIUM,False,,OCCUPIED,2026-07-04,42,2026-07-04,42,1,0.557,0.154,0.098
9,SPIKE_OCCUPIED,MEDIUM,False,,OCCUPIED,2026-07-04,43,2026-07-04,43,1,0.966,0.15,0.105
9,SPIKE_OCCUPIED,MEDIUM,False,,OCCUPIED,2026-07-04,45,2026-07-04,45,1,0.55,0.132,0.087
9,SPIKE_OCCUPIED,MEDIUM,False,,OCCUPIED,2026-07-04,46,2026-07-04,46,1,2.96,0.12,0.091
9,SPIKE_OCCUPIED,MEDIUM,False,,OCCUPIED,2026-07-04,47,2026-07-04,47,1,2.919,0.118,0.082
9,SPIKE_OCCUPIED,MEDIUM,False,,OCCUPIED,2026-07-05,5,2026-07-05,5,1,0.372,0.1105,0.063
9,SPIKE_OCCUPIED,MEDIUM,False,,OCCUPIED,2026-07-05,8,2026-07-05,8,1,0.384,0.106,0.0575
9,SPIKE_OCCUPIED,MEDIUM,False,,OCCUPIED,2026-07-05,9,2026-07-05,9,1,0.373,0.1045,0.063
9,SPIKE_OCCUPIED,MEDIUM,False,,OCCUPIED,2026-07-05,10,2026-07-05,10,1,0.378,0.109,0.063
9,SPIKE_OCCUPIED,MEDIUM,False,,OCCUPIED,2026-07-07,11,2026-07-07,11,1,0.437,0.1135,0.0695
9,SPIKE_OCCUPIED,MEDIUM,False,,OCCUPIED,2026-07-07,12,2026-07-07,12,1,0.51,0.1235,0.0865
9,SPIKE_OCCUPIED,MEDIUM,False,,OCCUPIED,2026-07-07,16,2026-07-07,16,1,0.53,0.1225,0.094
9,SPIKE_OCCUPIED,MEDIUM,False,,OCCUPIED,2026-07-07,19,2026-07-07,19,1,0.478,0.1165,0.0825
9,SPIKE_OCCUPIED,MEDIUM,False,,OCCUPIED,2026-07-07,31,2026-07-07,31,1,0.559,0.111,0.0795
9,SPIKE_OCCUPIED,MEDIUM,False,,OCCUPIED,2026-07-09,20,2026-07-09,20,1,0.523,0.1225,0.0895
9,SPIKE_OCCUPIED,MEDIUM,False,,OCCUPIED,2026-07-09,23,2026-07-09,23,1,0.847,0.1195,0.0935
9,SPIKE_OCCUPIED,MEDIUM,False,,OCCUPIED,2026-07-09,31,2026-07-09,31,1,0.531,0.1425,0.0925
9,SPIKE_OCCUPIED,MEDIUM,False,,OCCUPIED,2026-07-09,32,2026-07-09,32,1,1.213,0.16,0.1185
9,SPIKE_OCCUPIED,MEDIUM,False,,OCCUPIED,2026-07-10,14,2026-07-10,14,1,0.683,0.143,0.094
9,SPIKE_OCCUPIED,MEDIUM,False,,OCCUPIED,2026-07-10,24,2026-07-10,24,1,0.382,0.097,0.066
9,SPIKE_OCCUPIED,MEDIUM,False,,OCCUPIED,2026-07-10,33,2026-07-10,33,1,0.88,0.133,0.088
9,SPIKE_OCCUPIED,MEDIUM,False,,OCCUPIED,2026-07-12,32,2026-07-12,32,1,0.711,0.1705,0.1205
9,SPIKE_OCCUPIED,MEDIUM,False,,OCCUPIED,2026-07-12,39,2026-07-12,39,1,1.367,0.2105,0.1465
9,SPIKE_OCCUPIED,MEDIUM,False,,OCCUPIED,2026-07-12,40,2026-07-12,40,1,0.875,0.1925,0.1475
9,SPIKE_OCCUPIED,MEDIUM,False,,OCCUPIED,2026-07-12,43,2026-07-12,43,1,0.683,0.1615,0.1055
9,SPIKE_OCCUPIED,MEDIUM,False,,OCCUPIED,2026-07-13,4,2026-07-13,4,1,0.44,0.114,0.068
9,SPIKE_OCCUPIED,MEDIUM,False,,OCCUPIED,2026-07-13,5,2026-07-13,5,1,0.422,0.104,0.065
9,SPIKE_OCCUPIED,MEDIUM,False,,OCCUPIED,2026-07-13,6,2026-07-13,6,1,0.416,0.105,0.068
9,SPIKE_OCCUPIED,MEDIUM,False,,OCCUPIED,2026-07-13,7,2026-07-13,7,1,0.506,0.106,0.067
9,SPIKE_OCCUPIED,MEDIUM,False,,OCCUPIED,2026-07-13,8,2026-07-13,8,1,0.42,0.103,0.062
9,SPIKE_OCCUPIED,MEDIUM,False,,OCCUPIED,2026-07-13,9,2026-07-13,9,1,0.398,0.103,0.063
9,SPIKE_OCCUPIED,MEDIUM,False,,OCCUPIED,2026-07-13,10,2026-07-13,10,1,0.436,0.105,0.066
9,SPIKE_OCCUPIED,MEDIUM,False,,OCCUPIED,2026-07-13,11,2026-07-13,11,1,0.408,0.11,0.059
9,SPIKE_OCCUPIED,MEDIUM,False,,OCCUPIED,2026-07-13,20,2026-07-13,20,1,0.529,0.128,0.099
9,SPIKE_OCCUPIED,MEDIUM,False,,OCCUPIED,2026-07-13,23,2026-07-13,23,1,0.829,0.13,0.107
9,SPIKE_OCCUPIED,MEDIUM,False,,OCCUPIED,2026-07-13,24,2026-07-13,24,1,2.751,0.123,0.096
9,SPIKE_OCCUPIED,MEDIUM,False,,OCCUPIED,2026-07-13,26,2026-07-13,26,1,1.556,0.127,0.098
9,SPIKE_OCCUPIED,MEDIUM,False,,OCCUPIED,2026-07-13,34,2026-07-13,34,1,0.889,0.187,0.148
9,SPIKE_OCCUPIED,MEDIUM,False,,OCCUPIED,2026-07-13,38,2026-07-13,38,1,0.973,0.192,0.131
9,SPIKE_OCCUPIED,MEDIUM,False,,OCCUPIED,2026-07-14,40,2026-07-14,40,1,0.742,0.165,0.0795
9,SPIKE_OCCUPIED,MEDIUM,False,,OCCUPIED,2026-07-15,17,2026-07-15,17,1,0.557,0.126,0.089
9,SPIKE_OCCUPIED,MEDIUM,False,,OCCUPIED,2026-07-15,28,2026-07-15,28,1,1.065,0.129,0.093
9,SPIKE_OCCUPIED,MEDIUM,False,,OCCUPIED,2026-07-15,29,2026-07-15,29,1,0.769,0.129,0.093
9,SPIKE_OCCUPIED,MEDIUM,False,,OCCUPIED,2026-07-15,37,2026-07-15,37,1,0.805,0.187,0.116
9,SPIKE_OCCUPIED,MEDIUM,False,,OCCUPIED,2026-07-15,42,2026-07-15,42,1,0.683,0.162,0.093
9,SPIKE_OCCUPIED,MEDIUM,False,,OCCUPIED,2026-07-16,18,2026-07-16,18,1,0.631,0.14,0.101
9,SPIKE_OCCUPIED,MEDIUM,False,,OCCUPIED,2026-07-16,20,2026-07-16,20,1,0.733,0.1225,0.0895
9,SPIKE_OCCUPIED,MEDIUM,False,,OCCUPIED,2026-07-16,37,2026-07-16,37,1,1.55,0.213,0.16
9,SPIKE_OCCUPIED,MEDIUM,False,,OCCUPIED,2026-07-16,41,2026-07-16,41,1,0.656,0.179,0.101
9,SPIKE_OCCUPIED,MEDIUM,False,,OCCUPIED,2026-07-17,1,2026-07-17,1,1,0.589,0.109,0.057
9,SPIKE_OCCUPIED,MEDIUM,False,,OCCUPIED,2026-07-17,15,2026-07-17,15,1,0.77,0.135,0.092
9,SPIKE_OCCUPIED,MEDIUM,False,,OCCUPIED,2026-07-17,31,2026-07-17,31,1,0.768,0.13,0.077
9,SPIKE_OCCUPIED,MEDIUM,False,,OCCUPIED,2026-07-18,27,2026-07-18,27,1,0.608,0.125,0.093
9,SPIKE_OCCUPIED,MEDIUM,False,,OCCUPIED,2026-07-18,37,2026-07-18,37,1,0.629,0.159,0.116
9,SPIKE_OCCUPIED,MEDIUM,False,,OCCUPIED,2026-07-18,38,2026-07-18,38,1,0.616,0.166,0.111
9,SPIKE_OCCUPIED,MEDIUM,False,,OCCUPIED,2026-07-18,40,2026-07-18,40,1,0.682,0.174,0.117
9,SPIKE_OCCUPIED,MEDIUM,False,,OCCUPIED,2026-07-21,34,2026-07-21,34,1,0.677,0.163,0.1225
9,SPIKE_OCCUPIED,MEDIUM,False,,OCCUPIED,2026-07-22,4,2026-07-22,4,1,1.9,0.104,0.052
9,SPIKE_OCCUPIED,MEDIUM,False,,OCCUPIED,2026-07-22,5,2026-07-22,5,1,1.889,0.098,0.058
9,SPIKE_OCCUPIED,MEDIUM,False,,OCCUPIED,2026-07-22,6,2026-07-22,6,1,1.911,0.108,0.063
9,SPIKE_OCCUPIED,MEDIUM,False,,OCCUPIED,2026-07-22,7,2026-07-22,7,1,1.901,0.101,0.056
9,SPIKE_OCCUPIED,MEDIUM,False,,OCCUPIED,2026-07-22,8,2026-07-22,8,1,1.887,0.098,0.056
9,SPIKE_OCCUPIED,MEDIUM,False,,OCCUPIED,2026-07-22,9,2026-07-22,9,1,1.898,0.112,0.065
9,SPIKE_OCCUPIED,MEDIUM,False,,OCCUPIED,2026-07-22,10,2026-07-22,10,1,1.903,0.105,0.062
9,SPIKE_OCCUPIED,MEDIUM,False,,OCCUPIED,2026-07-22,11,2026-07-22,11,1,1.876,0.108,0.06
9,SPIKE_OCCUPIED,MEDIUM,False,,OCCUPIED,2026-07-22,12,2026-07-22,12,1,1.877,0.123,0.082
9,SPIKE_OCCUPIED,MEDIUM,False,,OCCUPIED,2026-07-22,13,2026-07-22,13,1,0.705,0.133,0.089
9,SPIKE_OCCUPIED,MEDIUM,False,,OCCUPIED,2026-07-22,46,2026-07-22,46,1,1.899,0.125,0.072
9,SPIKE_OCCUPIED,MEDIUM,False,,OCCUPIED,2026-07-23,24,2026-07-23,24,1,3.762,0.1265,0.089
9,SPIKE_OCCUPIED,MEDIUM,False,,OCCUPIED,2026-07-24,39,2026-07-24,39,1,0.675,0.198,0.111
9,SPIKE_OCCUPIED,MEDIUM,False,,OCCUPIED,2026-07-25,3,2026-07-25,3,1,0.423,0.107,0.06
9,SPIKE_OCCUPIED,MEDIUM,False,,OCCUPIED,2026-07-25,8,2026-07-25,8,1,0.506,0.094,0.055
9,SPIKE_OCCUPIED,MEDIUM,False,,OCCUPIED,2026-07-25,13,2026-07-25,13,1,0.505,0.122,0.082
9,SPIKE_OCCUPIED,MEDIUM,False,,OCCUPIED,2026-07-25,16,2026-07-25,16,1,0.617,0.144,0.116
9,SPIKE_OCCUPIED,MEDIUM,False,,OCCUPIED,2026-07-25,47,2026-07-25,47,1,0.463,0.118,0.082
10,FLATLINE,HIGH,True,vacancy,VACANT,2026-06-06,10,2026-06-06,45,36,0.0002,0.075,0.05
10,FLATLINE,HIGH,True,vacancy,VACANT,2026-06-10,25,2026-06-10,31,7,0.002,0.074,0.066
10,FLATLINE,HIGH,True,vacancy,VACANT,2026-06-10,38,2026-06-10,44,7,0.001,0.146,0.116
10,FLATLINE,HIGH,True,vacancy,VACANT,2026-06-14,20,2026-06-14,26,7,0.0041,0.102,0.079
10,FLATLINE,HIGH,True,vacancy,VACANT,2026-06-14,28,2026-06-14,46,19,0.0031,0.114,0.091
10,FLATLINE,HIGH,True,vacancy,VACANT,2026-06-18,35,2026-06-18,45,11,0.0025,0.103,0.085
10,FLATLINE,HIGH,True,vacancy,VACANT,2026-06-23,22,2026-06-23,33,12,0.0,0.076,0.068
10,FLATLINE,HIGH,True,vacancy,VACANT,2026-06-29,8,2026-06-29,41,34,0.0026,0.078,0.05
10,FLATLINE,HIGH,True,vacancy,VACANT,2026-07-03,9,2026-07-03,27,19,0.0024,0.0705,0.05
10,FLATLINE,HIGH,True,vacancy,VACANT,2026-07-03,29,2026-07-03,40,12,0.0046,0.076,0.0675
10,FLATLINE,HIGH,True,vacancy,VACANT,2026-07-04,9,2026-07-04,41,33,0.0076,0.081,0.05
10,FLATLINE,HIGH,True,vacancy,VACANT,2026-07-09,1,2026-07-09,12,12,0.008,0.085,0.063
10,FLATLINE,HIGH,True,vacancy,VACANT,2026-07-10,2,2026-07-10,12,11,0.008,0.0755,0.05
10,FLATLINE,LOW,False,,UNKNOWN,2026-07-10,44,2026-07-11,1,6,0.008,0.117,0.09
10,FLATLINE,HIGH,True,vacancy,VACANT,2026-07-11,4,2026-07-11,14,11,0.008,0.07,0.05
10,FLATLINE,HIGH,True,vacancy,VACANT,2026-07-12,9,2026-07-12,42,34,0.0076,0.073,0.05
10,FLATLINE,HIGH,True,vacancy,VACANT,2026-07-14,23,2026-07-14,34,12,0.0006,0.078,0.07
10,FLATLINE,HIGH,True,vacancy,VACANT,2026-07-15,26,2026-07-15,34,9,0.0,0.088,0.07
10,FLATLINE,HIGH,True,vacancy,VACANT,2026-07-16,19,2026-07-16,34,16,0.0003,0.074,0.06
10,FLATLINE,HIGH,True,vacancy,VACANT,2026-07-17,15,2026-07-17,34,20,0.0004,0.1145,0.082
10,FLATLINE,HIGH,True,vacancy,VACANT,2026-07-17,36,2026-07-17,44,9,0.0008,0.1055,0.091
10,SPIKE_OCCUPIED,MEDIUM,False,,OCCUPIED,2026-06-01,17,2026-06-01,17,1,0.479,0.094,0.084
10,SPIKE_OCCUPIED,MEDIUM,False,,OCCUPIED,2026-06-01,18,2026-06-01,18,1,1.203,0.091,0.075
10,SPIKE_OCCUPIED,MEDIUM,False,,OCCUPIED,2026-06-01,19,2026-06-01,19,1,0.814,0.082,0.07
10,SPIKE_OCCUPIED,MEDIUM,False,,OCCUPIED,2026-06-01,20,2026-06-01,20,1,0.676,0.086,0.065
10,SPIKE_OCCUPIED,MEDIUM,False,,OCCUPIED,2026-06-01,24,2026-06-01,24,1,1.425,0.082,0.065
10,SPIKE_OCCUPIED,MEDIUM,False,,OCCUPIED,2026-06-01,26,2026-06-01,26,1,1.3,0.084,0.064
10,SPIKE_OCCUPIED,MEDIUM,False,,OCCUPIED,2026-06-01,32,2026-06-01,32,1,0.687,0.107,0.082
10,SPIKE_OCCUPIED,MEDIUM,False,,OCCUPIED,2026-06-01,33,2026-06-01,33,1,1.802,0.102,0.088
10,SPIKE_OCCUPIED,MEDIUM,False,,OCCUPIED,2026-06-01,34,2026-06-01,34,1,0.817,0.105,0.083
10,SPIKE_OCCUPIED,MEDIUM,False,,OCCUPIED,2026-06-01,35,2026-06-01,35,1,0.654,0.115,0.094
10,SPIKE_OCCUPIED,MEDIUM,False,,OCCUPIED,2026-06-02,16,2026-06-02,16,1,0.445,0.092,0.0815
10,SPIKE_OCCUPIED,MEDIUM,False,,OCCUPIED,2026-06-02,17,2026-06-02,17,1,0.46,0.0825,0.074
10,SPIKE_OCCUPIED,MEDIUM,False,,OCCUPIED,2026-06-02,19,2026-06-02,19,1,0.69,0.075,0.067
10,SPIKE_OCCUPIED,MEDIUM,False,,OCCUPIED,2026-06-02,32,2026-06-02,32,1,0.63,0.124,0.1005
10,SPIKE_OCCUPIED,MEDIUM,False,,OCCUPIED,2026-06-02,35,2026-06-02,35,1,0.79,0.1545,0.1345
10,SPIKE_OCCUPIED,MEDIUM,False,,OCCUPIED,2026-06-02,36,2026-06-02,36,1,0.968,0.155,0.1345
10,SPIKE_OCCUPIED,MEDIUM,False,,OCCUPIED,2026-06-02,44,2026-06-02,44,1,0.584,0.122,0.096
10,SPIKE_OCCUPIED,MEDIUM,False,,OCCUPIED,2026-06-05,13,2026-06-05,13,1,0.668,0.0985,0.0695
10,SPIKE_OCCUPIED,MEDIUM,False,,OCCUPIED,2026-06-05,14,2026-06-05,14,1,0.573,0.102,0.071
10,SPIKE_OCCUPIED,MEDIUM,False,,OCCUPIED,2026-06-05,16,2026-06-05,16,1,0.572,0.0905,0.0765
10,SPIKE_OCCUPIED,MEDIUM,False,,OCCUPIED,2026-06-05,35,2026-06-05,35,1,0.855,0.1155,0.1005
10,SPIKE_OCCUPIED,MEDIUM,False,,OCCUPIED,2026-06-06,0,2026-06-06,0,1,5.089,0.085,0.065
10,SPIKE_OCCUPIED,MEDIUM,False,,OCCUPIED,2026-06-06,5,2026-06-06,5,1,4.658,0.071,0.05
10,SPIKE_OCCUPIED,MEDIUM,False,,OCCUPIED,2026-06-06,8,2026-06-06,8,1,0.504,0.075,0.05
10,SPIKE_OCCUPIED,MEDIUM,False,,OCCUPIED,2026-06-06,9,2026-06-06,9,1,4.129,0.081,0.05
10,SPIKE_OCCUPIED,MEDIUM,False,,OCCUPIED,2026-06-06,46,2026-06-06,46,1,0.467,0.095,0.072
10,SPIKE_OCCUPIED,MEDIUM,False,,OCCUPIED,2026-06-07,33,2026-06-07,33,1,0.626,0.128,0.104
10,SPIKE_OCCUPIED,MEDIUM,False,,OCCUPIED,2026-06-09,28,2026-06-09,28,1,0.64,0.082,0.0755
10,SPIKE_OCCUPIED,MEDIUM,False,,OCCUPIED,2026-06-09,33,2026-06-09,33,1,0.874,0.123,0.106
10,SPIKE_OCCUPIED,MEDIUM,False,,OCCUPIED,2026-06-09,35,2026-06-09,35,1,0.78,0.1545,0.1345
10,SPIKE_OCCUPIED,MEDIUM,False,,OCCUPIED,2026-06-09,36,2026-06-09,36,1,0.77,0.155,0.1345
10,SPIKE_OCCUPIED,MEDIUM,False,,OCCUPIED,2026-06-09,37,2026-06-09,37,1,0.957,0.164,0.135
10,SPIKE_OCCUPIED,MEDIUM,False,,OCCUPIED,2026-06-09,46,2026-06-09,46,1,4.223,0.107,0.083
10,SPIKE_OCCUPIED,MEDIUM,False,,OCCUPIED,2026-06-09,47,2026-06-09,47,1,4.309,0.1035,0.0765
10,SPIKE_OCCUPIED,MEDIUM,False,,OCCUPIED,2026-06-10,46,2026-06-10,46,1,1.114,0.107,0.076
10,SPIKE_OCCUPIED,MEDIUM,False,,OCCUPIED,2026-06-10,47,2026-06-10,47,1,1.112,0.087,0.063
10,SPIKE_OCCUPIED,MEDIUM,False,,OCCUPIED,2026-06-11,20,2026-06-11,20,1,0.326,0.076,0.06
10,SPIKE_OCCUPIED,MEDIUM,False,,OCCUPIED,2026-06-13,21,2026-06-13,21,1,0.452,0.078,0.071
10,SPIKE_OCCUPIED,MEDIUM,False,,OCCUPIED,2026-06-13,22,2026-06-13,22,1,0.565,0.075,0.069
10,SPIKE_OCCUPIED,MEDIUM,False,,OCCUPIED,2026-06-13,24,2026-06-13,24,1,0.451,0.062,0.055
10,SPIKE_OCCUPIED,MEDIUM,False,,OCCUPIED,2026-06-13,25,2026-06-13,25,1,0.661,0.089,0.08
10,SPIKE_OCCUPIED,MEDIUM,False,,OCCUPIED,2026-06-13,35,2026-06-13,35,1,0.779,0.118,0.104
10,SPIKE_OCCUPIED,MEDIUM,False,,OCCUPIED,2026-06-14,0,2026-06-14,0,1,2.548,0.083,0.057
10,SPIKE_OCCUPIED,MEDIUM,False,,OCCUPIED,2026-06-14,1,2026-06-14,1,1,1.162,0.081,0.056
10,SPIKE_OCCUPIED,MEDIUM,False,,OCCUPIED,2026-06-14,2,2026-06-14,2,1,1.145,0.073,0.051
10,SPIKE_OCCUPIED,MEDIUM,False,,OCCUPIED,2026-06-14,3,2026-06-14,3,1,1.163,0.074,0.05
10,SPIKE_OCCUPIED,MEDIUM,False,,OCCUPIED,2026-06-14,4,2026-06-14,4,1,1.144,0.071,0.05
10,SPIKE_OCCUPIED,MEDIUM,False,,OCCUPIED,2026-06-14,5,2026-06-14,5,1,1.183,0.069,0.05
10,SPIKE_OCCUPIED,MEDIUM,False,,OCCUPIED,2026-06-14,6,2026-06-14,6,1,1.143,0.073,0.05
10,SPIKE_OCCUPIED,MEDIUM,False,,OCCUPIED,2026-06-14,7,2026-06-14,7,1,1.159,0.073,0.05
10,SPIKE_OCCUPIED,MEDIUM,False,,OCCUPIED,2026-06-14,8,2026-06-14,8,1,1.135,0.074,0.05
10,SPIKE_OCCUPIED,MEDIUM,False,,OCCUPIED,2026-06-14,13,2026-06-14,13,1,1.198,0.09,0.059
10,SPIKE_OCCUPIED,MEDIUM,False,,OCCUPIED,2026-06-14,14,2026-06-14,14,1,1.765,0.088,0.06
10,SPIKE_OCCUPIED,MEDIUM,False,,OCCUPIED,2026-06-14,15,2026-06-14,15,1,0.484,0.1,0.078
10,SPIKE_OCCUPIED,MEDIUM,False,,OCCUPIED,2026-06-14,47,2026-06-14,47,1,3.021,0.091,0.066
10,SPIKE_OCCUPIED,MEDIUM,False,,OCCUPIED,2026-06-15,5,2026-06-15,5,1,3.667,0.074,0.05
10,SPIKE_OCCUPIED,MEDIUM,False,,OCCUPIED,2026-06-15,6,2026-06-15,6,1,4.208,0.072,0.05
10,SPIKE_OCCUPIED,MEDIUM,False,,OCCUPIED,2026-06-15,7,2026-06-15,7,1,4.169,0.075,0.052
10,SPIKE_OCCUPIED,MEDIUM,False,,OCCUPIED,2026-06-15,8,2026-06-15,8,1,3.921,0.078,0.05
10,SPIKE_OCCUPIED,MEDIUM,False,,OCCUPIED,2026-06-15,9,2026-06-15,9,1,3.956,0.077,0.05
10,SPIKE_OCCUPIED,MEDIUM,False,,OCCUPIED,2026-06-15,10,2026-06-15,10,1,3.631,0.078,0.054
10,SPIKE_OCCUPIED,MEDIUM,False,,OCCUPIED,2026-06-15,14,2026-06-15,14,1,0.493,0.095,0.074
10,SPIKE_OCCUPIED,MEDIUM,False,,OCCUPIED,2026-06-15,15,2026-06-15,15,1,0.613,0.102,0.085
10,SPIKE_OCCUPIED,MEDIUM,False,,OCCUPIED,2026-06-15,17,2026-06-15,17,1,0.499,0.094,0.084
10,SPIKE_OCCUPIED,MEDIUM,False,,OCCUPIED,2026-06-15,18,2026-06-15,18,1,1.146,0.091,0.075
10,SPIKE_OCCUPIED,MEDIUM,False,,OCCUPIED,2026-06-15,19,2026-06-15,19,1,0.739,0.082,0.07
10,SPIKE_OCCUPIED,MEDIUM,False,,OCCUPIED,2026-06-15,23,2026-06-15,23,1,0.863,0.075,0.058
10,SPIKE_OCCUPIED,MEDIUM,False,,OCCUPIED,2026-06-15,24,2026-06-15,24,1,0.629,0.082,0.065
10,SPIKE_OCCUPIED,MEDIUM,False,,OCCUPIED,2026-06-15,25,2026-06-15,25,1,0.378,0.085,0.065
10,SPIKE_OCCUPIED,MEDIUM,False,,OCCUPIED,2026-06-15,31,2026-06-15,31,1,0.51,0.098,0.084
10,SPIKE_OCCUPIED,MEDIUM,False,,OCCUPIED,2026-06-15,32,2026-06-15,32,1,1.003,0.107,0.082
10,SPIKE_OCCUPIED,MEDIUM,False,,OCCUPIED,2026-06-15,37,2026-06-15,37,1,1.061,0.142,0.118
10,SPIKE_OCCUPIED,MEDIUM,False,,OCCUPIED,2026-06-15,46,2026-06-15,46,1,3.688,0.1,0.073
10,SPIKE_OCCUPIED,MEDIUM,False,,OCCUPIED,2026-06-15,47,2026-06-15,47,1,3.936,0.091,0.063
10,SPIKE_OCCUPIED,MEDIUM,False,,OCCUPIED,2026-06-16,19,2026-06-16,19,1,0.377,0.075,0.067
10,SPIKE_OCCUPIED,MEDIUM,False,,OCCUPIED,2026-06-16,21,2026-06-16,21,1,0.576,0.091,0.076
10,SPIKE_OCCUPIED,MEDIUM,False,,OCCUPIED,2026-06-16,22,2026-06-16,22,1,0.38,0.076,0.068
10,SPIKE_OCCUPIED,MEDIUM,False,,OCCUPIED,2026-06-16,24,2026-06-16,24,1,0.412,0.0785,0.072
10,SPIKE_OCCUPIED,MEDIUM,False,,OCCUPIED,2026-06-16,27,2026-06-16,27,1,0.4,0.0675,0.064
10,SPIKE_OCCUPIED,MEDIUM,False,,OCCUPIED,2026-06-16,31,2026-06-16,31,1,0.526,0.0955,0.08
10,SPIKE_OCCUPIED,MEDIUM,False,,OCCUPIED,2026-06-17,0,2026-06-17,0,1,0.749,0.091,0.06
10,SPIKE_OCCUPIED,MEDIUM,False,,OCCUPIED,2026-06-17,28,2026-06-17,28,1,1.188,0.094,0.063
10,SPIKE_OCCUPIED,MEDIUM,False,,OCCUPIED,2026-06-17,35,2026-06-17,35,1,1.166,0.145,0.124
10,SPIKE_OCCUPIED,MEDIUM,False,,OCCUPIED,2026-06-17,36,2026-06-17,36,1,0.846,0.158,0.12
10,SPIKE_OCCUPIED,MEDIUM,False,,OCCUPIED,2026-06-17,39,2026-06-17,39,1,1.075,0.172,0.128
10,SPIKE_OCCUPIED,MEDIUM,False,,OCCUPIED,2026-06-17,40,2026-06-17,40,1,1.101,0.178,0.129
10,SPIKE_OCCUPIED,MEDIUM,False,,OCCUPIED,2026-06-17,41,2026-06-17,41,1,1.063,0.176,0.131
10,SPIKE_OCCUPIED,MEDIUM,False,,OCCUPIED,2026-06-17,42,2026-06-17,42,1,1.109,0.156,0.114
10,SPIKE_OCCUPIED,MEDIUM,False,,OCCUPIED,2026-06-17,43,2026-06-17,43,1,1.082,0.143,0.105
10,SPIKE_OCCUPIED,MEDIUM,False,,OCCUPIED,2026-06-17,44,2026-06-17,44,1,1.098,0.114,0.089
10,SPIKE_OCCUPIED,MEDIUM,False,,OCCUPIED,2026-06-17,45,2026-06-17,45,1,1.085,0.105,0.073
10,SPIKE_OCCUPIED,MEDIUM,False,,OCCUPIED,2026-06-17,46,2026-06-17,46,1,1.489,0.107,0.076
10,SPIKE_OCCUPIED,MEDIUM,False,,OCCUPIED,2026-06-17,47,2026-06-17,47,1,1.066,0.087,0.063
10,SPIKE_OCCUPIED,MEDIUM,False,,OCCUPIED,2026-06-18,0,2026-06-18,0,1,6.445,0.093,0.067
10,SPIKE_OCCUPIED,MEDIUM,False,,OCCUPIED,2026-06-18,1,2026-06-18,1,1,6.295,0.085,0.063
10,SPIKE_OCCUPIED,MEDIUM,False,,OCCUPIED,2026-06-18,2,2026-06-18,2,1,6.543,0.078,0.056
10,SPIKE_OCCUPIED,MEDIUM,False,,OCCUPIED,2026-06-18,3,2026-06-18,3,1,5.844,0.067,0.05
10,SPIKE_OCCUPIED,MEDIUM,False,,OCCUPIED,2026-06-18,4,2026-06-18,4,1,3.214,0.063,0.05
10,SPIKE_OCCUPIED,MEDIUM,False,,OCCUPIED,2026-06-18,5,2026-06-18,5,1,3.18,0.064,0.05
10,SPIKE_OCCUPIED,MEDIUM,False,,OCCUPIED,2026-06-18,6,2026-06-18,6,1,4.544,0.067,0.05
10,SPIKE_OCCUPIED,MEDIUM,False,,OCCUPIED,2026-06-18,7,2026-06-18,7,1,4.173,0.066,0.05
10,SPIKE_OCCUPIED,MEDIUM,False,,OCCUPIED,2026-06-18,8,2026-06-18,8,1,3.509,0.07,0.05
10,SPIKE_OCCUPIED,MEDIUM,False,,OCCUPIED,2026-06-18,9,2026-06-18,9,1,2.476,0.076,0.05
10,SPIKE_OCCUPIED,MEDIUM,False,,OCCUPIED,2026-06-18,10,2026-06-18,10,1,1.123,0.085,0.051
10,SPIKE_OCCUPIED,MEDIUM,False,,OCCUPIED,2026-06-18,11,2026-06-18,11,1,0.466,0.079,0.051
10,SPIKE_OCCUPIED,MEDIUM,False,,OCCUPIED,2026-06-18,32,2026-06-18,32,1,1.275,0.11,0.08
10,SPIKE_OCCUPIED,MEDIUM,False,,OCCUPIED,2026-06-18,33,2026-06-18,33,1,1.643,0.106,0.083
10,SPIKE_OCCUPIED,MEDIUM,False,,OCCUPIED,2026-06-18,34,2026-06-18,34,1,0.542,0.127,0.098
10,SPIKE_OCCUPIED,MEDIUM,False,,OCCUPIED,2026-06-18,46,2026-06-18,46,1,2.694,0.119,0.076
10,SPIKE_OCCUPIED,MEDIUM,False,,OCCUPIED,2026-06-18,47,2026-06-18,47,1,3.402,0.104,0.076
10,SPIKE_OCCUPIED,MEDIUM,False,,OCCUPIED,2026-06-19,24,2026-06-19,24,1,0.361,0.0805,0.057
10,SPIKE_OCCUPIED,MEDIUM,False,,OCCUPIED,2026-06-19,27,2026-06-19,27,1,0.347,0.0815,0.0585
10,SPIKE_OCCUPIED,MEDIUM,False,,OCCUPIED,2026-06-20,0,2026-06-20,0,1,3.866,0.085,0.065
10,SPIKE_OCCUPIED,MEDIUM,False,,OCCUPIED,2026-06-20,1,2026-06-20,1,1,3.88,0.081,0.06
10,SPIKE_OCCUPIED,MEDIUM,False,,OCCUPIED,2026-06-20,2,2026-06-20,2,1,3.879,0.076,0.051
10,SPIKE_OCCUPIED,MEDIUM,False,,OCCUPIED,2026-06-20,3,2026-06-20,3,1,3.857,0.069,0.05
10,SPIKE_OCCUPIED,MEDIUM,False,,OCCUPIED,2026-06-20,4,2026-06-20,4,1,3.854,0.07,0.05
10,SPIKE_OCCUPIED,MEDIUM,False,,OCCUPIED,2026-06-20,5,2026-06-20,5,1,3.878,0.071,0.05
10,SPIKE_OCCUPIED,MEDIUM,False,,OCCUPIED,2026-06-20,6,2026-06-20,6,1,0.537,0.068,0.05
10,SPIKE_OCCUPIED,MEDIUM,False,,OCCUPIED,2026-06-20,20,2026-06-20,20,1,0.499,0.081,0.072
10,SPIKE_OCCUPIED,MEDIUM,False,,OCCUPIED,2026-06-20,21,2026-06-20,21,1,0.72,0.078,0.071
10,SPIKE_OCCUPIED,MEDIUM,False,,OCCUPIED,2026-06-20,22,2026-06-20,22,1,1.063,0.075,0.069
10,SPIKE_OCCUPIED,MEDIUM,False,,OCCUPIED,2026-06-20,23,2026-06-20,23,1,1.208,0.077,0.069
10,SPIKE_OCCUPIED,MEDIUM,False,,OCCUPIED,2026-06-20,24,2026-06-20,24,1,0.947,0.062,0.055
10,SPIKE_OCCUPIED,MEDIUM,False,,OCCUPIED,2026-06-20,25,2026-06-20,25,1,0.592,0.089,0.08
10,SPIKE_OCCUPIED,MEDIUM,False,,OCCUPIED,2026-06-20,26,2026-06-20,26,1,0.835,0.094,0.083
10,SPIKE_OCCUPIED,MEDIUM,False,,OCCUPIED,2026-06-20,27,2026-06-20,27,1,0.984,0.086,0.078
10,SPIKE_OCCUPIED,MEDIUM,False,,OCCUPIED,2026-06-20,28,2026-06-20,28,1,0.546,0.09,0.079
10,SPIKE_OCCUPIED,MEDIUM,False,,OCCUPIED,2026-06-20,29,2026-06-20,29,1,0.623,0.07,0.063
10,SPIKE_OCCUPIED,MEDIUM,False,,OCCUPIED,2026-06-20,30,2026-06-20,30,1,0.638,0.071,0.066
10,SPIKE_OCCUPIED,MEDIUM,False,,OCCUPIED,2026-06-20,32,2026-06-20,32,1,1.267,0.095,0.085
10,SPIKE_OCCUPIED,MEDIUM,False,,OCCUPIED,2026-06-20,33,2026-06-20,33,1,0.866,0.103,0.092
10,SPIKE_OCCUPIED,MEDIUM,False,,OCCUPIED,2026-06-20,34,2026-06-20,34,1,0.643,0.102,0.092
10,SPIKE_OCCUPIED,MEDIUM,False,,OCCUPIED,2026-06-20,38,2026-06-20,38,1,0.979,0.143,0.118
10,SPIKE_OCCUPIED,MEDIUM,False,,OCCUPIED,2026-06-20,39,2026-06-20,39,1,0.977,0.148,0.117
10,SPIKE_OCCUPIED,MEDIUM,False,,OCCUPIED,2026-06-20,40,2026-06-20,40,1,0.765,0.138,0.113
10,SPIKE_OCCUPIED,MEDIUM,False,,OCCUPIED,2026-06-21,20,2026-06-21,20,1,0.564,0.102,0.079
10,SPIKE_OCCUPIED,MEDIUM,False,,OCCUPIED,2026-06-21,21,2026-06-21,21,1,0.958,0.106,0.08
10,SPIKE_OCCUPIED,MEDIUM,False,,OCCUPIED,2026-06-21,22,2026-06-21,22,1,1.061,0.096,0.076
10,SPIKE_OCCUPIED,MEDIUM,False,,OCCUPIED,2026-06-21,23,2026-06-21,23,1,1.126,0.111,0.084
10,SPIKE_OCCUPIED,MEDIUM,False,,OCCUPIED,2026-06-21,24,2026-06-21,24,1,1.063,0.111,0.083
10,SPIKE_OCCUPIED,MEDIUM,False,,OCCUPIED,2026-06-21,25,2026-06-21,25,1,1.026,0.115,0.102
10,SPIKE_OCCUPIED,MEDIUM,False,,OCCUPIED,2026-06-21,26,2026-06-21,26,1,1.08,0.114,0.086
10,SPIKE_OCCUPIED,MEDIUM,False,,OCCUPIED,2026-06-21,27,2026-06-21,27,1,0.465,0.111,0.085
10,SPIKE_OCCUPIED,MEDIUM,False,,OCCUPIED,2026-06-21,30,2026-06-21,30,1,0.652,0.125,0.104
10,SPIKE_OCCUPIED,MEDIUM,False,,OCCUPIED,2026-06-21,31,2026-06-21,31,1,0.92,0.124,0.093
10,SPIKE_OCCUPIED,MEDIUM,False,,OCCUPIED,2026-06-21,32,2026-06-21,32,1,1.225,0.132,0.113
10,SPIKE_OCCUPIED,MEDIUM,False,,OCCUPIED,2026-06-21,33,2026-06-21,33,1,1.044,0.128,0.104
10,SPIKE_OCCUPIED,MEDIUM,False,,OCCUPIED,2026-06-21,34,2026-06-21,34,1,0.913,0.148,0.121
10,SPIKE_OCCUPIED,MEDIUM,False,,OCCUPIED,2026-06-21,36,2026-06-21,36,1,0.899,0.192,0.161
10,SPIKE_OCCUPIED,MEDIUM,False,,OCCUPIED,2026-06-21,39,2026-06-21,39,1,0.642,0.16,0.11
10,SPIKE_OCCUPIED,MEDIUM,False,,OCCUPIED,2026-06-21,40,2026-06-21,40,1,0.611,0.153,0.109
10,SPIKE_OCCUPIED,MEDIUM,False,,OCCUPIED,2026-06-23,11,2026-06-23,11,1,0.518,0.101,0.067
10,SPIKE_OCCUPIED,MEDIUM,False,,OCCUPIED,2026-06-24,17,2026-06-24,17,1,0.534,0.096,0.075
10,SPIKE_OCCUPIED,MEDIUM,False,,OCCUPIED,2026-06-24,18,2026-06-24,18,1,0.412,0.094,0.073
10,SPIKE_OCCUPIED,MEDIUM,False,,OCCUPIED,2026-06-24,23,2026-06-24,23,1,0.5,0.091,0.071
10,SPIKE_OCCUPIED,MEDIUM,False,,OCCUPIED,2026-06-24,25,2026-06-24,25,1,0.573,0.074,0.066
10,SPIKE_OCCUPIED,MEDIUM,False,,OCCUPIED,2026-06-24,27,2026-06-24,27,1,0.294,0.079,0.053
10,SPIKE_OCCUPIED,MEDIUM,False,,OCCUPIED,2026-06-24,44,2026-06-24,44,1,0.479,0.114,0.089
10,SPIKE_OCCUPIED,MEDIUM,False,,OCCUPIED,2026-06-24,47,2026-06-24,47,1,0.371,0.087,0.063
10,SPIKE_OCCUPIED,MEDIUM,False,,OCCUPIED,2026-06-25,0,2026-06-25,0,1,0.534,0.093,0.067
10,SPIKE_OCCUPIED,MEDIUM,False,,OCCUPIED,2026-06-25,3,2026-06-25,3,1,0.362,0.067,0.05
10,SPIKE_OCCUPIED,MEDIUM,False,,OCCUPIED,2026-06-25,9,2026-06-25,9,1,0.723,0.076,0.05
10,SPIKE_OCCUPIED,MEDIUM,False,,OCCUPIED,2026-06-25,10,2026-06-25,10,1,0.413,0.085,0.051
10,SPIKE_OCCUPIED,MEDIUM,False,,OCCUPIED,2026-06-25,23,2026-06-25,23,1,0.48,0.081,0.063
10,SPIKE_OCCUPIED,MEDIUM,False,,OCCUPIED,2026-06-25,47,2026-06-25,47,1,0.571,0.104,0.076
10,SPIKE_OCCUPIED,MEDIUM,False,,OCCUPIED,2026-06-26,34,2026-06-26,34,1,0.842,0.1045,0.0815
10,SPIKE_OCCUPIED,MEDIUM,False,,OCCUPIED,2026-06-26,39,2026-06-26,39,1,0.565,0.147,0.1035
10,SPIKE_OCCUPIED,MEDIUM,False,,OCCUPIED,2026-06-28,11,2026-06-28,11,1,0.586,0.068,0.05
10,SPIKE_OCCUPIED,MEDIUM,False,,OCCUPIED,2026-06-28,12,2026-06-28,12,1,0.462,0.081,0.052
10,SPIKE_OCCUPIED,MEDIUM,False,,OCCUPIED,2026-06-28,13,2026-06-28,13,1,0.427,0.09,0.059
10,SPIKE_OCCUPIED,MEDIUM,False,,OCCUPIED,2026-06-28,14,2026-06-28,14,1,0.399,0.088,0.06
10,SPIKE_OCCUPIED,MEDIUM,False,,OCCUPIED,2026-06-28,15,2026-06-28,15,1,0.44,0.1,0.078
10,SPIKE_OCCUPIED,MEDIUM,False,,OCCUPIED,2026-06-28,21,2026-06-28,21,1,0.576,0.106,0.08
10,SPIKE_OCCUPIED,MEDIUM,False,,OCCUPIED,2026-06-30,17,2026-06-30,17,1,0.406,0.0825,0.074
10,SPIKE_OCCUPIED,MEDIUM,False,,OCCUPIED,2026-06-30,25,2026-06-30,25,1,0.583,0.0905,0.078
10,SPIKE_OCCUPIED,MEDIUM,False,,OCCUPIED,2026-06-30,29,2026-06-30,29,1,0.523,0.08,0.071
10,SPIKE_OCCUPIED,MEDIUM,False,,OCCUPIED,2026-06-30,34,2026-06-30,34,1,1.096,0.157,0.1315
10,SPIKE_OCCUPIED,MEDIUM,False,,OCCUPIED,2026-06-30,35,2026-06-30,35,1,1.131,0.1545,0.1345
10,SPIKE_OCCUPIED,MEDIUM,False,,OCCUPIED,2026-06-30,37,2026-06-30,37,1,0.917,0.164,0.135
10,SPIKE_OCCUPIED,MEDIUM,False,,OCCUPIED,2026-06-30,38,2026-06-30,38,1,0.844,0.1615,0.1305
10,SPIKE_OCCUPIED,MEDIUM,False,,OCCUPIED,2026-07-01,25,2026-07-01,25,1,0.452,0.074,0.066
10,SPIKE_OCCUPIED,MEDIUM,False,,OCCUPIED,2026-07-02,9,2026-07-02,9,1,0.331,0.076,0.05
10,SPIKE_OCCUPIED,MEDIUM,False,,OCCUPIED,2026-07-02,37,2026-07-02,37,1,0.978,0.147,0.115
10,SPIKE_OCCUPIED,MEDIUM,False,,OCCUPIED,2026-07-02,38,2026-07-02,38,1,0.878,0.16,0.118
10,SPIKE_OCCUPIED,MEDIUM,False,,OCCUPIED,2026-07-03,0,2026-07-03,0,1,2.621,0.0805,0.0545
10,SPIKE_OCCUPIED,MEDIUM,False,,OCCUPIED,2026-07-03,1,2026-07-03,1,1,2.528,0.0805,0.0535
10,SPIKE_OCCUPIED,MEDIUM,False,,OCCUPIED,2026-07-03,2,2026-07-03,2,1,0.583,0.0755,0.05
10,SPIKE_OCCUPIED,MEDIUM,False,,OCCUPIED,2026-07-03,47,2026-07-03,47,1,2.66,0.0915,0.0675
10,SPIKE_OCCUPIED,MEDIUM,False,,OCCUPIED,2026-07-05,13,2026-07-05,13,1,0.375,0.09,0.059
10,SPIKE_OCCUPIED,MEDIUM,False,,OCCUPIED,2026-07-05,15,2026-07-05,15,1,0.459,0.1,0.078
10,SPIKE_OCCUPIED,MEDIUM,False,,OCCUPIED,2026-07-05,20,2026-07-05,20,1,0.612,0.102,0.079
10,SPIKE_OCCUPIED,MEDIUM,False,,OCCUPIED,2026-07-05,30,2026-07-05,30,1,0.552,0.125,0.104
10,SPIKE_OCCUPIED,MEDIUM,False,,OCCUPIED,2026-07-05,32,2026-07-05,32,1,0.883,0.132,0.113
10,SPIKE_OCCUPIED,MEDIUM,False,,OCCUPIED,2026-07-06,20,2026-07-06,20,1,0.629,0.086,0.065
10,SPIKE_OCCUPIED,MEDIUM,False,,OCCUPIED,2026-07-06,23,2026-07-06,23,1,0.538,0.075,0.058
10,SPIKE_OCCUPIED,MEDIUM,False,,OCCUPIED,2026-07-06,24,2026-07-06,24,1,0.718,0.082,0.065
10,SPIKE_OCCUPIED,MEDIUM,False,,OCCUPIED,2026-07-06,26,2026-07-06,26,1,0.418,0.084,0.064
10,SPIKE_OCCUPIED,MEDIUM,False,,OCCUPIED,2026-07-06,27,2026-07-06,27,1,0.37,0.079,0.067
10,SPIKE_OCCUPIED,MEDIUM,False,,OCCUPIED,2026-07-07,33,2026-07-07,33,1,1.32,0.123,0.106
10,SPIKE_OCCUPIED,MEDIUM,False,,OCCUPIED,2026-07-07,34,2026-07-07,34,1,1.298,0.157,0.1315
10,SPIKE_OCCUPIED,MEDIUM,False,,OCCUPIED,2026-07-07,35,2026-07-07,35,1,1.401,0.1545,0.1345
10,SPIKE_OCCUPIED,MEDIUM,False,,OCCUPIED,2026-07-07,36,2026-07-07,36,1,1.188,0.155,0.1345
10,SPIKE_OCCUPIED,MEDIUM,False,,OCCUPIED,2026-07-07,37,2026-07-07,37,1,1.299,0.164,0.135
10,SPIKE_OCCUPIED,MEDIUM,False,,OCCUPIED,2026-07-07,45,2026-07-07,45,1,0.567,0.1195,0.1
10,SPIKE_OCCUPIED,MEDIUM,False,,OCCUPIED,2026-07-09,13,2026-07-09,13,1,0.406,0.104,0.074
10,SPIKE_OCCUPIED,MEDIUM,False,,OCCUPIED,2026-07-09,22,2026-07-09,22,1,0.372,0.084,0.06
10,SPIKE_OCCUPIED,MEDIUM,False,,OCCUPIED,2026-07-09,27,2026-07-09,27,1,0.393,0.088,0.067
10,SPIKE_OCCUPIED,MEDIUM,False,,OCCUPIED,2026-07-10,1,2026-07-10,1,1,0.359,0.0805,0.0535
10,SPIKE_OCCUPIED,MEDIUM,False,,OCCUPIED,2026-07-10,22,2026-07-10,22,1,0.389,0.074,0.053
10,SPIKE_OCCUPIED,MEDIUM,False,,OCCUPIED,2026-07-10,27,2026-07-10,27,1,0.387,0.0815,0.0585
10,SPIKE_OCCUPIED,MEDIUM,False,,OCCUPIED,2026-07-10,31,2026-07-10,31,1,0.393,0.0875,0.0715
10,SPIKE_OCCUPIED,MEDIUM,False,,OCCUPIED,2026-07-11,2,2026-07-11,2,1,0.31,0.076,0.051
10,SPIKE_OCCUPIED,MEDIUM,False,,OCCUPIED,2026-07-11,23,2026-07-11,23,1,0.374,0.077,0.069
10,SPIKE_OCCUPIED,MEDIUM,False,,OCCUPIED,2026-07-11,30,2026-07-11,30,1,0.379,0.071,0.066
10,SPIKE_OCCUPIED,MEDIUM,False,,OCCUPIED,2026-07-13,0,2026-07-13,0,1,3.845,0.088,0.057
10,SPIKE_OCCUPIED,MEDIUM,False,,OCCUPIED,2026-07-13,1,2026-07-13,1,1,3.865,0.073,0.054
10,SPIKE_OCCUPIED,MEDIUM,False,,OCCUPIED,2026-07-13,2,2026-07-13,2,1,3.861,0.073,0.054
10,SPIKE_OCCUPIED,MEDIUM,False,,OCCUPIED,2026-07-13,3,2026-07-13,3,1,3.904,0.07,0.05
10,SPIKE_OCCUPIED,MEDIUM,False,,OCCUPIED,2026-07-13,4,2026-07-13,4,1,3.977,0.074,0.05
10,SPIKE_OCCUPIED,MEDIUM,False,,OCCUPIED,2026-07-13,5,2026-07-13,5,1,3.924,0.074,0.05
10,SPIKE_OCCUPIED,MEDIUM,False,,OCCUPIED,2026-07-13,6,2026-07-13,6,1,3.918,0.072,0.05
10,SPIKE_OCCUPIED,MEDIUM,False,,OCCUPIED,2026-07-13,7,2026-07-13,7,1,1.177,0.075,0.052
10,SPIKE_OCCUPIED,MEDIUM,False,,OCCUPIED,2026-07-13,13,2026-07-13,13,1,0.375,0.089,0.064
10,SPIKE_OCCUPIED,MEDIUM,False,,OCCUPIED,2026-07-13,19,2026-07-13,19,1,0.497,0.082,0.07
10,SPIKE_OCCUPIED,MEDIUM,False,,OCCUPIED,2026-07-13,23,2026-07-13,23,1,0.518,0.075,0.058
10,SPIKE_OCCUPIED,MEDIUM,False,,OCCUPIED,2026-07-13,24,2026-07-13,24,1,0.428,0.082,0.065
10,SPIKE_OCCUPIED,MEDIUM,False,,OCCUPIED,2026-07-13,25,2026-07-13,25,1,0.429,0.085,0.065
10,SPIKE_OCCUPIED,MEDIUM,False,,OCCUPIED,2026-07-13,26,2026-07-13,26,1,0.387,0.084,0.064
10,SPIKE_OCCUPIED,MEDIUM,False,,OCCUPIED,2026-07-13,27,2026-07-13,27,1,0.447,0.079,0.067
10,SPIKE_OCCUPIED,MEDIUM,False,,OCCUPIED,2026-07-13,28,2026-07-13,28,1,0.386,0.08,0.067
10,SPIKE_OCCUPIED,MEDIUM,False,,OCCUPIED,2026-07-13,29,2026-07-13,29,1,0.416,0.083,0.065
10,SPIKE_OCCUPIED,MEDIUM,False,,OCCUPIED,2026-07-13,30,2026-07-13,30,1,0.414,0.082,0.059
10,SPIKE_OCCUPIED,MEDIUM,False,,OCCUPIED,2026-07-13,31,2026-07-13,31,1,0.495,0.098,0.084
10,SPIKE_OCCUPIED,MEDIUM,False,,OCCUPIED,2026-07-13,32,2026-07-13,32,1,0.587,0.107,0.082
10,SPIKE_OCCUPIED,MEDIUM,False,,OCCUPIED,2026-07-13,33,2026-07-13,33,1,1.154,0.102,0.088
10,SPIKE_OCCUPIED,MEDIUM,False,,OCCUPIED,2026-07-13,34,2026-07-13,34,1,1.71,0.105,0.083
10,SPIKE_OCCUPIED,MEDIUM,False,,OCCUPIED,2026-07-13,35,2026-07-13,35,1,1.402,0.115,0.094
10,SPIKE_OCCUPIED,MEDIUM,False,,OCCUPIED,2026-07-14,1,2026-07-14,1,1,5.533,0.084,0.0615
10,SPIKE_OCCUPIED,MEDIUM,False,,OCCUPIED,2026-07-14,2,2026-07-14,2,1,3.699,0.08,0.055
10,SPIKE_OCCUPIED,MEDIUM,False,,OCCUPIED,2026-07-14,3,2026-07-14,3,1,0.422,0.08,0.05
10,SPIKE_OCCUPIED,MEDIUM,False,,OCCUPIED,2026-07-14,4,2026-07-14,4,1,0.424,0.0795,0.05
10,SPIKE_OCCUPIED,MEDIUM,False,,OCCUPIED,2026-07-14,5,2026-07-14,5,1,0.417,0.077,0.0505
10,SPIKE_OCCUPIED,MEDIUM,False,,OCCUPIED,2026-07-14,6,2026-07-14,6,1,0.421,0.074,0.05
10,SPIKE_OCCUPIED,MEDIUM,False,,OCCUPIED,2026-07-14,7,2026-07-14,7,1,0.417,0.0745,0.05
10,SPIKE_OCCUPIED,MEDIUM,False,,OCCUPIED,2026-07-14,8,2026-07-14,8,1,0.403,0.081,0.05
10,SPIKE_OCCUPIED,MEDIUM,False,,OCCUPIED,2026-07-14,9,2026-07-14,9,1,0.392,0.087,0.054
10,SPIKE_OCCUPIED,MEDIUM,False,,OCCUPIED,2026-07-14,47,2026-07-14,47,1,5.526,0.1035,0.0765
10,SPIKE_OCCUPIED,MEDIUM,False,,OCCUPIED,2026-07-15,0,2026-07-15,0,1,5.491,0.091,0.06
10,SPIKE_OCCUPIED,MEDIUM,False,,OCCUPIED,2026-07-15,1,2026-07-15,1,1,5.501,0.082,0.059
10,SPIKE_OCCUPIED,MEDIUM,False,,OCCUPIED,2026-07-15,2,2026-07-15,2,1,3.715,0.071,0.05
10,SPIKE_OCCUPIED,MEDIUM,False,,OCCUPIED,2026-07-15,3,2026-07-15,3,1,0.412,0.065,0.05
10,SPIKE_OCCUPIED,MEDIUM,False,,OCCUPIED,2026-07-15,4,2026-07-15,4,1,0.404,0.065,0.05
10,SPIKE_OCCUPIED,MEDIUM,False,,OCCUPIED,2026-07-15,5,2026-07-15,5,1,0.406,0.065,0.05
10,SPIKE_OCCUPIED,MEDIUM,False,,OCCUPIED,2026-07-15,6,2026-07-15,6,1,0.407,0.066,0.05
10,SPIKE_OCCUPIED,MEDIUM,False,,OCCUPIED,2026-07-15,7,2026-07-15,7,1,0.398,0.068,0.05
10,SPIKE_OCCUPIED,MEDIUM,False,,OCCUPIED,2026-07-15,8,2026-07-15,8,1,0.392,0.07,0.05
10,SPIKE_OCCUPIED,MEDIUM,False,,OCCUPIED,2026-07-15,9,2026-07-15,9,1,0.4,0.072,0.05
10,SPIKE_OCCUPIED,MEDIUM,False,,OCCUPIED,2026-07-15,47,2026-07-15,47,1,5.545,0.087,0.063
10,SPIKE_OCCUPIED,MEDIUM,False,,OCCUPIED,2026-07-16,0,2026-07-16,0,1,5.543,0.093,0.067
10,SPIKE_OCCUPIED,MEDIUM,False,,OCCUPIED,2026-07-16,1,2026-07-16,1,1,5.541,0.085,0.063
10,SPIKE_OCCUPIED,MEDIUM,False,,OCCUPIED,2026-07-16,2,2026-07-16,2,1,3.567,0.078,0.056
10,SPIKE_OCCUPIED,MEDIUM,False,,OCCUPIED,2026-07-16,3,2026-07-16,3,1,0.433,0.067,0.05
10,SPIKE_OCCUPIED,MEDIUM,False,,OCCUPIED,2026-07-16,4,2026-07-16,4,1,0.435,0.063,0.05
10,SPIKE_OCCUPIED,MEDIUM,False,,OCCUPIED,2026-07-16,5,2026-07-16,5,1,0.436,0.064,0.05
10,SPIKE_OCCUPIED,MEDIUM,False,,OCCUPIED,2026-07-16,6,2026-07-16,6,1,0.433,0.067,0.05
10,SPIKE_OCCUPIED,MEDIUM,False,,OCCUPIED,2026-07-16,7,2026-07-16,7,1,0.424,0.066,0.05
10,SPIKE_OCCUPIED,MEDIUM,False,,OCCUPIED,2026-07-16,8,2026-07-16,8,1,0.418,0.07,0.05
10,SPIKE_OCCUPIED,MEDIUM,False,,OCCUPIED,2026-07-16,9,2026-07-16,9,1,0.392,0.076,0.05
10,SPIKE_OCCUPIED,MEDIUM,False,,OCCUPIED,2026-07-16,45,2026-07-16,45,1,0.826,0.132,0.092
10,SPIKE_OCCUPIED,MEDIUM,False,,OCCUPIED,2026-07-16,47,2026-07-16,47,1,5.951,0.104,0.076
10,SPIKE_OCCUPIED,MEDIUM,False,,OCCUPIED,2026-07-17,0,2026-07-17,0,1,4.88,0.0805,0.0545
10,SPIKE_OCCUPIED,MEDIUM,False,,OCCUPIED,2026-07-17,1,2026-07-17,1,1,4.103,0.0805,0.0535
10,SPIKE_OCCUPIED,MEDIUM,False,,OCCUPIED,2026-07-17,2,2026-07-17,2,1,3.632,0.0755,0.05
10,SPIKE_OCCUPIED,MEDIUM,False,,OCCUPIED,2026-07-17,3,2026-07-17,3,1,3.646,0.068,0.05
10,SPIKE_OCCUPIED,MEDIUM,False,,OCCUPIED,2026-07-17,4,2026-07-17,4,1,3.417,0.067,0.05
10,SPIKE_OCCUPIED,MEDIUM,False,,OCCUPIED,2026-07-17,5,2026-07-17,5,1,3.852,0.069,0.05
10,SPIKE_OCCUPIED,MEDIUM,False,,OCCUPIED,2026-07-17,6,2026-07-17,6,1,3.631,0.068,0.05
10,SPIKE_OCCUPIED,MEDIUM,False,,OCCUPIED,2026-07-17,7,2026-07-17,7,1,3.653,0.068,0.05
10,SPIKE_OCCUPIED,MEDIUM,False,,OCCUPIED,2026-07-17,8,2026-07-17,8,1,3.611,0.0665,0.05
10,SPIKE_OCCUPIED,MEDIUM,False,,OCCUPIED,2026-07-17,9,2026-07-17,9,1,3.57,0.0705,0.05
10,SPIKE_OCCUPIED,MEDIUM,False,,OCCUPIED,2026-07-17,11,2026-07-17,11,1,1.054,0.0775,0.0525
10,SPIKE_OCCUPIED,MEDIUM,False,,OCCUPIED,2026-07-17,12,2026-07-17,12,1,1.45,0.0895,0.058
10,SPIKE_OCCUPIED,MEDIUM,False,,OCCUPIED,2026-07-17,46,2026-07-17,46,1,1.728,0.0845,0.069
10,SPIKE_OCCUPIED,MEDIUM,False,,OCCUPIED,2026-07-17,47,2026-07-17,47,1,1.832,0.0915,0.0675
10,SPIKE_OCCUPIED,MEDIUM,False,,OCCUPIED,2026-07-18,2,2026-07-18,2,1,0.309,0.076,0.051
10,SPIKE_OCCUPIED,MEDIUM,False,,OCCUPIED,2026-07-18,3,2026-07-18,3,1,0.289,0.069,0.05
10,SPIKE_OCCUPIED,MEDIUM,False,,OCCUPIED,2026-07-18,21,2026-07-18,21,1,0.447,0.078,0.071
10,SPIKE_UNKNOWN,LOW,False,,UNKNOWN,2026-07-20,16,2026-07-20,16,1,0.677,0.119,0.097
10,SPIKE_UNKNOWN,LOW,False,,UNKNOWN,2026-07-20,19,2026-07-20,19,1,0.489,0.082,0.07
10,SPIKE_UNKNOWN,LOW,False,,UNKNOWN,2026-07-20,20,2026-07-20,20,1,0.359,0.086,0.065
10,SPIKE_UNKNOWN,LOW,False,,UNKNOWN,2026-07-20,35,2026-07-20,35,1,0.636,0.115,0.094
10,SPIKE_UNKNOWN,LOW,False,,UNKNOWN,2026-07-21,22,2026-07-21,22,1,0.588,0.076,0.068
10,SPIKE_OCCUPIED,MEDIUM,False,,OCCUPIED,2026-07-21,42,2026-07-21,42,1,0.698,0.167,0.124
10,SPIKE_OCCUPIED,MEDIUM,False,,OCCUPIED,2026-07-21,43,2026-07-21,43,1,0.85,0.139,0.1155
10,SPIKE_OCCUPIED,MEDIUM,False,,OCCUPIED,2026-07-23,0,2026-07-23,0,1,6.955,0.093,0.067
10,SPIKE_OCCUPIED,MEDIUM,False,,OCCUPIED,2026-07-23,1,2026-07-23,1,1,6.936,0.085,0.063
10,SPIKE_OCCUPIED,MEDIUM,False,,OCCUPIED,2026-07-23,2,2026-07-23,2,1,6.898,0.078,0.056
10,SPIKE_OCCUPIED,MEDIUM,False,,OCCUPIED,2026-07-23,3,2026-07-23,3,1,4.199,0.067,0.05
10,SPIKE_OCCUPIED,MEDIUM,False,,OCCUPIED,2026-07-23,4,2026-07-23,4,1,4.172,0.063,0.05
10,SPIKE_OCCUPIED,MEDIUM,False,,OCCUPIED,2026-07-23,5,2026-07-23,5,1,4.189,0.064,0.05
10,SPIKE_OCCUPIED,MEDIUM,False,,OCCUPIED,2026-07-23,6,2026-07-23,6,1,4.176,0.067,0.05
10,SPIKE_OCCUPIED,MEDIUM,False,,OCCUPIED,2026-07-23,7,2026-07-23,7,1,4.177,0.066,0.05
10,SPIKE_OCCUPIED,MEDIUM,False,,OCCUPIED,2026-07-23,8,2026-07-23,8,1,4.174,0.07,0.05
10,SPIKE_OCCUPIED,MEDIUM,False,,OCCUPIED,2026-07-23,9,2026-07-23,9,1,4.179,0.076,0.05
10,SPIKE_UNKNOWN,LOW,False,,UNKNOWN,2026-07-23,23,2026-07-23,23,1,0.378,0.081,0.063
10,SPIKE_OCCUPIED,MEDIUM,False,,OCCUPIED,2026-07-23,47,2026-07-23,47,1,5.535,0.104,0.076
10,SPIKE_OCCUPIED,MEDIUM,False,,OCCUPIED,2026-07-25,0,2026-07-25,0,1,1.386,0.085,0.065
10,SPIKE_OCCUPIED,MEDIUM,False,,OCCUPIED,2026-07-25,1,2026-07-25,1,1,1.468,0.081,0.06
10,SPIKE_OCCUPIED,MEDIUM,False,,OCCUPIED,2026-07-25,2,2026-07-25,2,1,1.467,0.076,0.051
10,SPIKE_OCCUPIED,MEDIUM,False,,OCCUPIED,2026-07-25,3,2026-07-25,3,1,1.355,0.069,0.05
10,SPIKE_UNKNOWN,LOW,False,,UNKNOWN,2026-07-25,4,2026-07-25,4,1,0.365,0.07,0.05
10,SPIKE_UNKNOWN,LOW,False,,UNKNOWN,2026-07-25,8,2026-07-25,8,1,0.281,0.075,0.05
10,SPIKE_UNKNOWN,LOW,False,,UNKNOWN,2026-07-25,12,2026-07-25,12,1,0.783,0.077,0.052
10,SPIKE_UNKNOWN,LOW,False,,UNKNOWN,2026-07-25,13,2026-07-25,13,1,0.339,0.078,0.059
10,SPIKE_OCCUPIED,MEDIUM,False,,OCCUPIED,2026-07-25,14,2026-07-25,14,1,1.067,0.074,0.059
10,SPIKE_UNKNOWN,LOW,False,,UNKNOWN,2026-07-25,16,2026-07-25,16,1,0.528,0.108,0.094
10,SPIKE_UNKNOWN,LOW,False,,UNKNOWN,2026-07-25,20,2026-07-25,20,1,0.461,0.081,0.072
10,SPIKE_UNKNOWN,LOW,False,,UNKNOWN,2026-07-25,21,2026-07-25,21,1,0.382,0.078,0.071
10,SPIKE_UNKNOWN,LOW,False,,UNKNOWN,2026-07-25,24,2026-07-25,24,1,0.38,0.062,0.055
10,SPIKE_OCCUPIED,MEDIUM,False,,OCCUPIED,2026-07-25,26,2026-07-25,26,1,0.727,0.094,0.083
10,SPIKE_OCCUPIED,MEDIUM,False,,OCCUPIED,2026-07-25,27,2026-07-25,27,1,0.728,0.086,0.078
10,SPIKE_OCCUPIED,MEDIUM,False,,OCCUPIED,2026-07-25,36,2026-07-25,36,1,1.14,0.113,0.102
10,SPIKE_UNKNOWN,LOW,False,,UNKNOWN,2026-07-25,37,2026-07-25,37,1,0.873,0.132,0.112
10,SPIKE_OCCUPIED,MEDIUM,False,,OCCUPIED,2026-07-25,42,2026-07-25,42,1,0.58,0.134,0.109
10,SPIKE_OCCUPIED,MEDIUM,False,,OCCUPIED,2026-07-25,43,2026-07-25,43,1,0.79,0.136,0.108
10,SPIKE_OCCUPIED,MEDIUM,False,,OCCUPIED,2026-07-25,47,2026-07-25,47,1,1.415,0.095,0.072
11,FLATLINE,HIGH,True,vacancy,VACANT,2026-06-05,12,2026-06-05,25,14,0.0,0.103,0.05
11,FLATLINE,HIGH,True,vacancy,VACANT,2026-06-08,14,2026-06-08,33,20,0.0015,0.115,0.066
11,FLATLINE,HIGH,True,vacancy,VACANT,2026-06-08,40,2026-06-08,45,6,0.0052,0.198,0.091
11,FLATLINE,HIGH,True,vacancy,VACANT,2026-06-30,8,2026-06-30,20,13,0.0014,0.0775,0.05
11,FLATLINE,HIGH,True,vacancy,VACANT,2026-06-30,26,2026-06-30,47,22,0.0007,0.132,0.0755
11,FLATLINE,HIGH,True,vacancy,VACANT,2026-07-01,9,2026-07-01,35,27,0.0019,0.075,0.05
11,FLATLINE,HIGH,True,vacancy,VACANT,2026-07-02,17,2026-07-02,36,20,0.0015,0.1115,0.061
11,FLATLINE,HIGH,True,vacancy,VACANT,2026-07-18,10,2026-07-18,16,7,0.0043,0.08,0.05
11,FLATLINE,HIGH,True,vacancy,VACANT,2026-07-20,12,2026-07-20,17,6,0.0003,0.088,0.05
11,SPIKE_OCCUPIED,MEDIUM,False,,OCCUPIED,2026-05-31,6,2026-05-31,6,1,0.439,0.084,0.05
11,SPIKE_OCCUPIED,MEDIUM,False,,OCCUPIED,2026-06-01,46,2026-06-01,46,1,0.332,0.108,0.05
11,SPIKE_OCCUPIED,MEDIUM,False,,OCCUPIED,2026-06-01,47,2026-06-01,47,1,0.338,0.101,0.05
11,SPIKE_OCCUPIED,MEDIUM,False,,OCCUPIED,2026-06-02,1,2026-06-02,1,1,0.314,0.093,0.05
11,SPIKE_OCCUPIED,MEDIUM,False,,OCCUPIED,2026-06-02,2,2026-06-02,2,1,0.29,0.082,0.05
11,SPIKE_OCCUPIED,MEDIUM,False,,OCCUPIED,2026-06-02,3,2026-06-02,3,1,0.362,0.0885,0.05
11,SPIKE_OCCUPIED,MEDIUM,False,,OCCUPIED,2026-06-02,4,2026-06-02,4,1,0.292,0.083,0.05
11,SPIKE_OCCUPIED,MEDIUM,False,,OCCUPIED,2026-06-02,6,2026-06-02,6,1,0.309,0.078,0.05
11,SPIKE_OCCUPIED,MEDIUM,False,,OCCUPIED,2026-06-02,7,2026-06-02,7,1,0.291,0.0755,0.05
11,SPIKE_OCCUPIED,MEDIUM,False,,OCCUPIED,2026-06-02,9,2026-06-02,9,1,0.317,0.0805,0.05
11,SPIKE_OCCUPIED,MEDIUM,False,,OCCUPIED,2026-06-02,10,2026-06-02,10,1,0.416,0.0805,0.05
11,SPIKE_OCCUPIED,MEDIUM,False,,OCCUPIED,2026-06-02,11,2026-06-02,11,1,0.334,0.078,0.05
11,SPIKE_OCCUPIED,MEDIUM,False,,OCCUPIED,2026-06-03,33,2026-06-03,33,1,0.592,0.173,0.084
11,SPIKE_OCCUPIED,MEDIUM,False,,OCCUPIED,2026-06-03,34,2026-06-03,34,1,0.791,0.206,0.115
11,SPIKE_OCCUPIED,MEDIUM,False,,OCCUPIED,2026-06-03,40,2026-06-03,40,1,1.167,0.182,0.086
11,SPIKE_OCCUPIED,MEDIUM,False,,OCCUPIED,2026-06-03,41,2026-06-03,41,1,1.006,0.196,0.085
11,SPIKE_OCCUPIED,MEDIUM,False,,OCCUPIED,2026-06-03,42,2026-06-03,42,1,0.538,0.181,0.077
11,SPIKE_OCCUPIED,MEDIUM,False,,OCCUPIED,2026-06-03,43,2026-06-03,43,1,0.454,0.162,0.059
11,SPIKE_OCCUPIED,MEDIUM,False,,OCCUPIED,2026-06-03,44,2026-06-03,44,1,0.447,0.16,0.062
11,SPIKE_OCCUPIED,MEDIUM,False,,OCCUPIED,2026-06-04,8,2026-06-04,8,1,0.591,0.086,0.05
11,SPIKE_OCCUPIED,MEDIUM,False,,OCCUPIED,2026-06-04,9,2026-06-04,9,1,0.595,0.0805,0.05
11,SPIKE_OCCUPIED,MEDIUM,False,,OCCUPIED,2026-06-04,11,2026-06-04,11,1,0.302,0.082,0.05
11,SPIKE_OCCUPIED,MEDIUM,False,,OCCUPIED,2026-06-04,15,2026-06-04,15,1,0.621,0.132,0.0835
11,SPIKE_OCCUPIED,MEDIUM,False,,OCCUPIED,2026-06-04,20,2026-06-04,20,1,1.449,0.103,0.0585
11,SPIKE_OCCUPIED,MEDIUM,False,,OCCUPIED,2026-06-04,21,2026-06-04,21,1,0.47,0.1105,0.0655
11,SPIKE_OCCUPIED,MEDIUM,False,,OCCUPIED,2026-06-04,35,2026-06-04,35,1,0.958,0.2205,0.112
11,SPIKE_OCCUPIED,MEDIUM,False,,OCCUPIED,2026-06-07,0,2026-06-07,0,1,3.642,0.104,0.05
11,SPIKE_OCCUPIED,MEDIUM,False,,OCCUPIED,2026-06-07,1,2026-06-07,1,1,3.85,0.098,0.05
11,SPIKE_OCCUPIED,MEDIUM,False,,OCCUPIED,2026-06-07,2,2026-06-07,2,1,3.864,0.092,0.05
11,SPIKE_OCCUPIED,MEDIUM,False,,OCCUPIED,2026-06-07,3,2026-06-07,3,1,3.815,0.09,0.05
11,SPIKE_OCCUPIED,MEDIUM,False,,OCCUPIED,2026-06-07,4,2026-06-07,4,1,3.788,0.085,0.05
11,SPIKE_OCCUPIED,MEDIUM,False,,OCCUPIED,2026-06-07,5,2026-06-07,5,1,1.76,0.083,0.05
11,SPIKE_OCCUPIED,MEDIUM,False,,OCCUPIED,2026-06-07,6,2026-06-07,6,1,3.698,0.084,0.05
11,SPIKE_OCCUPIED,MEDIUM,False,,OCCUPIED,2026-06-07,7,2026-06-07,7,1,3.79,0.078,0.05
11,SPIKE_OCCUPIED,MEDIUM,False,,OCCUPIED,2026-06-07,8,2026-06-07,8,1,2.895,0.077,0.05
11,SPIKE_OCCUPIED,MEDIUM,False,,OCCUPIED,2026-06-07,9,2026-06-07,9,1,3.732,0.073,0.05
11,SPIKE_OCCUPIED,MEDIUM,False,,OCCUPIED,2026-06-07,10,2026-06-07,10,1,3.172,0.076,0.05
11,SPIKE_OCCUPIED,MEDIUM,False,,OCCUPIED,2026-06-07,18,2026-06-07,18,1,0.514,0.139,0.084
11,SPIKE_OCCUPIED,MEDIUM,False,,OCCUPIED,2026-06-07,35,2026-06-07,35,1,0.872,0.21,0.139
11,SPIKE_OCCUPIED,MEDIUM,False,,OCCUPIED,2026-06-08,0,2026-06-08,0,1,3.887,0.084,0.05
11,SPIKE_OCCUPIED,MEDIUM,False,,OCCUPIED,2026-06-08,1,2026-06-08,1,1,3.901,0.087,0.05
11,SPIKE_OCCUPIED,MEDIUM,False,,OCCUPIED,2026-06-08,2,2026-06-08,2,1,3.908,0.088,0.05
11,SPIKE_OCCUPIED,MEDIUM,False,,OCCUPIED,2026-06-08,3,2026-06-08,3,1,3.916,0.083,0.05
11,SPIKE_OCCUPIED,MEDIUM,False,,OCCUPIED,2026-06-08,4,2026-06-08,4,1,3.917,0.083,0.05
11,SPIKE_OCCUPIED,MEDIUM,False,,OCCUPIED,2026-06-08,5,2026-06-08,5,1,0.706,0.082,0.05
11,SPIKE_OCCUPIED,MEDIUM,False,,OCCUPIED,2026-06-08,6,2026-06-08,6,1,0.306,0.077,0.05
11,SPIKE_OCCUPIED,MEDIUM,False,,OCCUPIED,2026-06-08,7,2026-06-08,7,1,0.512,0.076,0.05
11,SPIKE_OCCUPIED,MEDIUM,False,,OCCUPIED,2026-06-08,8,2026-06-08,8,1,0.839,0.078,0.05
11,SPIKE_OCCUPIED,MEDIUM,False,,OCCUPIED,2026-06-08,9,2026-06-08,9,1,0.289,0.072,0.05
11,SPIKE_OCCUPIED,MEDIUM,False,,OCCUPIED,2026-06-08,46,2026-06-08,46,1,0.593,0.108,0.05
11,SPIKE_OCCUPIED,MEDIUM,False,,OCCUPIED,2026-06-08,47,2026-06-08,47,1,1.029,0.101,0.05
11,SPIKE_OCCUPIED,MEDIUM,False,,OCCUPIED,2026-06-09,1,2026-06-09,1,1,0.545,0.093,0.05
11,SPIKE_OCCUPIED,MEDIUM,False,,OCCUPIED,2026-06-09,4,2026-06-09,4,1,0.463,0.083,0.05
11,SPIKE_OCCUPIED,MEDIUM,False,,OCCUPIED,2026-06-10,3,2026-06-10,3,1,0.48,0.079,0.05
11,SPIKE_OCCUPIED,MEDIUM,False,,OCCUPIED,2026-06-11,31,2026-06-11,31,1,0.9,0.1355,0.087
11,SPIKE_OCCUPIED,MEDIUM,False,,OCCUPIED,2026-06-12,19,2026-06-12,19,1,0.454,0.11,0.065
11,SPIKE_OCCUPIED,MEDIUM,False,,OCCUPIED,2026-06-12,23,2026-06-12,23,1,0.382,0.104,0.061
11,SPIKE_OCCUPIED,MEDIUM,False,,OCCUPIED,2026-06-12,33,2026-06-12,33,1,0.598,0.186,0.101
11,SPIKE_OCCUPIED,MEDIUM,False,,OCCUPIED,2026-06-13,26,2026-06-13,26,1,0.499,0.131,0.0905
11,SPIKE_OCCUPIED,MEDIUM,False,,OCCUPIED,2026-06-13,28,2026-06-13,28,1,0.566,0.1305,0.086
11,SPIKE_OCCUPIED,MEDIUM,False,,OCCUPIED,2026-06-14,10,2026-06-14,10,1,0.452,0.076,0.05
11,SPIKE_OCCUPIED,MEDIUM,False,,OCCUPIED,2026-06-14,11,2026-06-14,11,1,1.388,0.077,0.05
11,SPIKE_OCCUPIED,MEDIUM,False,,OCCUPIED,2026-06-14,12,2026-06-14,12,1,1.005,0.072,0.05
11,SPIKE_OCCUPIED,MEDIUM,False,,OCCUPIED,2026-06-14,13,2026-06-14,13,1,0.294,0.08,0.05
11,SPIKE_OCCUPIED,MEDIUM,False,,OCCUPIED,2026-06-14,18,2026-06-14,18,1,1.231,0.139,0.084
11,SPIKE_OCCUPIED,MEDIUM,False,,OCCUPIED,2026-06-14,22,2026-06-14,22,1,1.348,0.167,0.122
11,SPIKE_OCCUPIED,MEDIUM,False,,OCCUPIED,2026-06-14,40,2026-06-14,40,1,0.763,0.203,0.078
11,SPIKE_OCCUPIED,MEDIUM,False,,OCCUPIED,2026-06-15,18,2026-06-15,18,1,0.463,0.104,0.066
11,SPIKE_OCCUPIED,MEDIUM,False,,OCCUPIED,2026-06-15,20,2026-06-15,20,1,0.502,0.107,0.071
11,SPIKE_OCCUPIED,MEDIUM,False,,OCCUPIED,2026-06-15,21,2026-06-15,21,1,0.596,0.1,0.069
11,SPIKE_OCCUPIED,MEDIUM,False,,OCCUPIED,2026-06-15,23,2026-06-15,23,1,0.582,0.116,0.072
11,SPIKE_OCCUPIED,MEDIUM,False,,OCCUPIED,2026-06-16,14,2026-06-16,14,1,0.585,0.115,0.088
11,SPIKE_OCCUPIED,MEDIUM,False,,OCCUPIED,2026-06-16,31,2026-06-16,31,1,0.571,0.1405,0.0785
11,SPIKE_OCCUPIED,MEDIUM,False,,OCCUPIED,2026-06-17,0,2026-06-17,0,1,0.317,0.088,0.05
11,SPIKE_OCCUPIED,MEDIUM,False,,OCCUPIED,2026-06-17,1,2026-06-17,1,1,0.305,0.083,0.05
11,SPIKE_OCCUPIED,MEDIUM,False,,OCCUPIED,2026-06-17,2,2026-06-17,2,1,0.308,0.079,0.05
11,SPIKE_OCCUPIED,MEDIUM,False,,OCCUPIED,2026-06-17,3,2026-06-17,3,1,0.312,0.079,0.05
11,SPIKE_OCCUPIED,MEDIUM,False,,OCCUPIED,2026-06-17,4,2026-06-17,4,1,0.301,0.081,0.05
11,SPIKE_OCCUPIED,MEDIUM,False,,OCCUPIED,2026-06-17,5,2026-06-17,5,1,0.312,0.079,0.05
11,SPIKE_OCCUPIED,MEDIUM,False,,OCCUPIED,2026-06-17,6,2026-06-17,6,1,0.308,0.077,0.05
11,SPIKE_OCCUPIED,MEDIUM,False,,OCCUPIED,2026-06-17,7,2026-06-17,7,1,0.305,0.079,0.05
11,SPIKE_OCCUPIED,MEDIUM,False,,OCCUPIED,2026-06-17,8,2026-06-17,8,1,0.342,0.078,0.05
11,SPIKE_OCCUPIED,MEDIUM,False,,OCCUPIED,2026-06-17,9,2026-06-17,9,1,0.298,0.075,0.05
11,SPIKE_OCCUPIED,MEDIUM,False,,OCCUPIED,2026-06-17,10,2026-06-17,10,1,0.308,0.077,0.05
11,SPIKE_OCCUPIED,MEDIUM,False,,OCCUPIED,2026-06-17,11,2026-06-17,11,1,0.317,0.078,0.05
11,SPIKE_OCCUPIED,MEDIUM,False,,OCCUPIED,2026-06-17,12,2026-06-17,12,1,0.408,0.089,0.05
11,SPIKE_OCCUPIED,MEDIUM,False,,OCCUPIED,2026-06-17,13,2026-06-17,13,1,0.473,0.124,0.068
11,SPIKE_OCCUPIED,MEDIUM,False,,OCCUPIED,2026-06-17,23,2026-06-17,23,1,0.611,0.11,0.06
11,SPIKE_OCCUPIED,MEDIUM,False,,OCCUPIED,2026-06-17,24,2026-06-17,24,1,0.493,0.12,0.054
11,SPIKE_OCCUPIED,MEDIUM,False,,OCCUPIED,2026-06-17,25,2026-06-17,25,1,0.481,0.122,0.066
11,SPIKE_OCCUPIED,MEDIUM,False,,OCCUPIED,2026-06-17,26,2026-06-17,26,1,0.576,0.113,0.063
11,SPIKE_OCCUPIED,MEDIUM,False,,OCCUPIED,2026-06-17,27,2026-06-17,27,1,0.778,0.121,0.062
11,SPIKE_OCCUPIED,MEDIUM,False,,OCCUPIED,2026-06-17,28,2026-06-17,28,1,0.769,0.108,0.058
11,SPIKE_OCCUPIED,MEDIUM,False,,OCCUPIED,2026-06-17,40,2026-06-17,40,1,0.588,0.182,0.086
11,SPIKE_OCCUPIED,MEDIUM,False,,OCCUPIED,2026-06-17,41,2026-06-17,41,1,0.632,0.196,0.085
11,SPIKE_OCCUPIED,MEDIUM,False,,OCCUPIED,2026-06-17,42,2026-06-17,42,1,0.661,0.181,0.077
11,SPIKE_OCCUPIED,MEDIUM,False,,OCCUPIED,2026-06-17,43,2026-06-17,43,1,0.659,0.162,0.059
11,SPIKE_OCCUPIED,MEDIUM,False,,OCCUPIED,2026-06-17,44,2026-06-17,44,1,0.646,0.16,0.062
11,SPIKE_OCCUPIED,MEDIUM,False,,OCCUPIED,2026-06-17,45,2026-06-17,45,1,0.53,0.124,0.054
11,SPIKE_OCCUPIED,MEDIUM,False,,OCCUPIED,2026-06-17,46,2026-06-17,46,1,0.457,0.109,0.05
11,SPIKE_OCCUPIED,MEDIUM,False,,OCCUPIED,2026-06-17,47,2026-06-17,47,1,0.409,0.102,0.05
11,SPIKE_OCCUPIED,MEDIUM,False,,OCCUPIED,2026-06-18,0,2026-06-18,0,1,3.687,0.1,0.05
11,SPIKE_OCCUPIED,MEDIUM,False,,OCCUPIED,2026-06-18,1,2026-06-18,1,1,3.726,0.0925,0.05
11,SPIKE_OCCUPIED,MEDIUM,False,,OCCUPIED,2026-06-18,2,2026-06-18,2,1,3.679,0.087,0.05
11,SPIKE_OCCUPIED,MEDIUM,False,,OCCUPIED,2026-06-18,3,2026-06-18,3,1,3.662,0.0875,0.05
11,SPIKE_OCCUPIED,MEDIUM,False,,OCCUPIED,2026-06-18,4,2026-06-18,4,1,3.695,0.087,0.05
11,SPIKE_OCCUPIED,MEDIUM,False,,OCCUPIED,2026-06-18,5,2026-06-18,5,1,3.667,0.08,0.05
11,SPIKE_OCCUPIED,MEDIUM,False,,OCCUPIED,2026-06-18,6,2026-06-18,6,1,3.671,0.0845,0.05
11,SPIKE_OCCUPIED,MEDIUM,False,,OCCUPIED,2026-06-18,7,2026-06-18,7,1,3.621,0.084,0.05
11,SPIKE_OCCUPIED,MEDIUM,False,,OCCUPIED,2026-06-18,8,2026-06-18,8,1,3.617,0.086,0.05
11,SPIKE_OCCUPIED,MEDIUM,False,,OCCUPIED,2026-06-18,9,2026-06-18,9,1,0.335,0.0805,0.05
11,SPIKE_OCCUPIED,MEDIUM,False,,OCCUPIED,2026-06-18,30,2026-06-18,30,1,0.834,0.14,0.083
11,SPIKE_OCCUPIED,MEDIUM,False,,OCCUPIED,2026-06-19,31,2026-06-19,31,1,0.438,0.122,0.073
11,SPIKE_OCCUPIED,MEDIUM,False,,OCCUPIED,2026-06-20,0,2026-06-20,0,1,0.529,0.1045,0.05
11,SPIKE_OCCUPIED,MEDIUM,False,,OCCUPIED,2026-06-21,0,2026-06-21,0,1,0.785,0.104,0.05
11,SPIKE_OCCUPIED,MEDIUM,False,,OCCUPIED,2026-06-21,1,2026-06-21,1,1,0.828,0.098,0.05
11,SPIKE_OCCUPIED,MEDIUM,False,,OCCUPIED,2026-06-21,2,2026-06-21,2,1,0.829,0.092,0.05
11,SPIKE_OCCUPIED,MEDIUM,False,,OCCUPIED,2026-06-21,3,2026-06-21,3,1,0.773,0.09,0.05
11,SPIKE_OCCUPIED,MEDIUM,False,,OCCUPIED,2026-06-21,4,2026-06-21,4,1,0.837,0.085,0.05
11,SPIKE_OCCUPIED,MEDIUM,False,,OCCUPIED,2026-06-21,5,2026-06-21,5,1,0.73,0.083,0.05
11,SPIKE_OCCUPIED,MEDIUM,False,,OCCUPIED,2026-06-21,6,2026-06-21,6,1,0.809,0.084,0.05
11,SPIKE_OCCUPIED,MEDIUM,False,,OCCUPIED,2026-06-21,7,2026-06-21,7,1,0.789,0.078,0.05
11,SPIKE_OCCUPIED,MEDIUM,False,,OCCUPIED,2026-06-21,8,2026-06-21,8,1,0.763,0.077,0.05
11,SPIKE_OCCUPIED,MEDIUM,False,,OCCUPIED,2026-06-21,9,2026-06-21,9,1,0.862,0.073,0.05
11,SPIKE_OCCUPIED,MEDIUM,False,,OCCUPIED,2026-06-21,10,2026-06-21,10,1,0.728,0.076,0.05
11,SPIKE_OCCUPIED,MEDIUM,False,,OCCUPIED,2026-06-21,11,2026-06-21,11,1,0.802,0.077,0.05
11,SPIKE_OCCUPIED,MEDIUM,False,,OCCUPIED,2026-06-21,12,2026-06-21,12,1,0.856,0.072,0.05
11,SPIKE_OCCUPIED,MEDIUM,False,,OCCUPIED,2026-06-21,13,2026-06-21,13,1,0.807,0.08,0.05
11,SPIKE_OCCUPIED,MEDIUM,False,,OCCUPIED,2026-06-21,14,2026-06-21,14,1,0.655,0.097,0.05
11,SPIKE_OCCUPIED,MEDIUM,False,,OCCUPIED,2026-06-21,15,2026-06-21,15,1,0.717,0.104,0.062
11,SPIKE_OCCUPIED,MEDIUM,False,,OCCUPIED,2026-06-21,16,2026-06-21,16,1,0.696,0.124,0.067
11,SPIKE_OCCUPIED,MEDIUM,False,,OCCUPIED,2026-06-21,17,2026-06-21,17,1,0.678,0.138,0.075
11,SPIKE_OCCUPIED,MEDIUM,False,,OCCUPIED,2026-06-21,18,2026-06-21,18,1,0.84,0.139,0.084
11,SPIKE_OCCUPIED,MEDIUM,False,,OCCUPIED,2026-06-21,19,2026-06-21,19,1,0.799,0.135,0.084
11,SPIKE_OCCUPIED,MEDIUM,False,,OCCUPIED,2026-06-21,20,2026-06-21,20,1,0.739,0.162,0.104
11,SPIKE_OCCUPIED,MEDIUM,False,,OCCUPIED,2026-06-21,21,2026-06-21,21,1,0.693,0.157,0.105
11,SPIKE_OCCUPIED,MEDIUM,False,,OCCUPIED,2026-06-21,22,2026-06-21,22,1,0.7,0.167,0.122
11,SPIKE_OCCUPIED,MEDIUM,False,,OCCUPIED,2026-06-21,23,2026-06-21,23,1,0.803,0.173,0.107
11,SPIKE_OCCUPIED,MEDIUM,False,,OCCUPIED,2026-06-21,24,2026-06-21,24,1,0.918,0.164,0.113
11,SPIKE_OCCUPIED,MEDIUM,False,,OCCUPIED,2026-06-21,25,2026-06-21,25,1,0.911,0.169,0.114
11,SPIKE_OCCUPIED,MEDIUM,False,,OCCUPIED,2026-06-21,26,2026-06-21,26,1,0.963,0.17,0.112
11,SPIKE_OCCUPIED,MEDIUM,False,,OCCUPIED,2026-06-21,27,2026-06-21,27,1,0.891,0.151,0.113
11,SPIKE_OCCUPIED,MEDIUM,False,,OCCUPIED,2026-06-21,28,2026-06-21,28,1,0.969,0.155,0.111
11,SPIKE_OCCUPIED,MEDIUM,False,,OCCUPIED,2026-06-21,29,2026-06-21,29,1,0.974,0.172,0.106
11,SPIKE_OCCUPIED,MEDIUM,False,,OCCUPIED,2026-06-21,30,2026-06-21,30,1,0.953,0.158,0.099
11,SPIKE_OCCUPIED,MEDIUM,False,,OCCUPIED,2026-06-21,31,2026-06-21,31,1,0.942,0.163,0.111
11,SPIKE_OCCUPIED,MEDIUM,False,,OCCUPIED,2026-06-21,32,2026-06-21,32,1,1.043,0.179,0.103
11,SPIKE_OCCUPIED,MEDIUM,False,,OCCUPIED,2026-06-21,33,2026-06-21,33,1,0.973,0.203,0.131
11,SPIKE_OCCUPIED,MEDIUM,False,,OCCUPIED,2026-06-21,34,2026-06-21,34,1,0.993,0.214,0.146
11,SPIKE_OCCUPIED,MEDIUM,False,,OCCUPIED,2026-06-21,35,2026-06-21,35,1,1.203,0.21,0.139
11,SPIKE_OCCUPIED,MEDIUM,False,,OCCUPIED,2026-06-21,36,2026-06-21,36,1,1.13,0.22,0.158
11,SPIKE_OCCUPIED,MEDIUM,False,,OCCUPIED,2026-06-21,37,2026-06-21,37,1,0.892,0.198,0.129
11,SPIKE_OCCUPIED,MEDIUM,False,,OCCUPIED,2026-06-21,38,2026-06-21,38,1,0.845,0.195,0.11
11,SPIKE_OCCUPIED,MEDIUM,False,,OCCUPIED,2026-06-21,39,2026-06-21,39,1,0.976,0.205,0.096
11,SPIKE_OCCUPIED,MEDIUM,False,,OCCUPIED,2026-06-21,40,2026-06-21,40,1,3.046,0.203,0.078
11,SPIKE_OCCUPIED,MEDIUM,False,,OCCUPIED,2026-06-21,41,2026-06-21,41,1,0.938,0.184,0.08
11,SPIKE_OCCUPIED,MEDIUM,False,,OCCUPIED,2026-06-21,42,2026-06-21,42,1,0.789,0.176,0.073
11,SPIKE_OCCUPIED,MEDIUM,False,,OCCUPIED,2026-06-21,43,2026-06-21,43,1,1.187,0.17,0.065
11,SPIKE_OCCUPIED,MEDIUM,False,,OCCUPIED,2026-06-21,44,2026-06-21,44,1,0.78,0.152,0.065
11,SPIKE_OCCUPIED,MEDIUM,False,,OCCUPIED,2026-06-21,45,2026-06-21,45,1,4.643,0.132,0.066
11,SPIKE_OCCUPIED,MEDIUM,False,,OCCUPIED,2026-06-21,46,2026-06-21,46,1,4.318,0.116,0.055
11,SPIKE_OCCUPIED,MEDIUM,False,,OCCUPIED,2026-06-21,47,2026-06-21,47,1,4.309,0.093,0.05
11,SPIKE_OCCUPIED,MEDIUM,False,,OCCUPIED,2026-06-22,0,2026-06-22,0,1,2.461,0.084,0.05
11,SPIKE_OCCUPIED,MEDIUM,False,,OCCUPIED,2026-06-22,1,2026-06-22,1,1,0.822,0.087,0.05
11,SPIKE_OCCUPIED,MEDIUM,False,,OCCUPIED,2026-06-22,2,2026-06-22,2,1,0.328,0.088,0.05
11,SPIKE_OCCUPIED,MEDIUM,False,,OCCUPIED,2026-06-22,3,2026-06-22,3,1,0.284,0.083,0.05
11,SPIKE_OCCUPIED,MEDIUM,False,,OCCUPIED,2026-06-22,5,2026-06-22,5,1,0.509,0.082,0.05
11,SPIKE_OCCUPIED,MEDIUM,False,,OCCUPIED,2026-06-22,6,2026-06-22,6,1,0.302,0.077,0.05
11,SPIKE_OCCUPIED,MEDIUM,False,,OCCUPIED,2026-06-22,7,2026-06-22,7,1,0.342,0.076,0.05
11,SPIKE_OCCUPIED,MEDIUM,False,,OCCUPIED,2026-06-22,8,2026-06-22,8,1,1.091,0.078,0.05
11,SPIKE_OCCUPIED,MEDIUM,False,,OCCUPIED,2026-06-22,9,2026-06-22,9,1,0.469,0.072,0.05
11,SPIKE_OCCUPIED,MEDIUM,False,,OCCUPIED,2026-06-22,46,2026-06-22,46,1,0.67,0.108,0.05
11,SPIKE_OCCUPIED,MEDIUM,False,,OCCUPIED,2026-06-22,47,2026-06-22,47,1,0.784,0.101,0.05
11,SPIKE_OCCUPIED,MEDIUM,False,,OCCUPIED,2026-06-23,0,2026-06-23,0,1,0.315,0.096,0.05
11,SPIKE_OCCUPIED,MEDIUM,False,,OCCUPIED,2026-06-23,8,2026-06-23,8,1,0.371,0.0775,0.05
11,SPIKE_OCCUPIED,MEDIUM,False,,OCCUPIED,2026-06-23,9,2026-06-23,9,1,0.364,0.0805,0.05
11,SPIKE_OCCUPIED,MEDIUM,False,,OCCUPIED,2026-06-23,10,2026-06-23,10,1,0.334,0.0805,0.05
11,SPIKE_OCCUPIED,MEDIUM,False,,OCCUPIED,2026-06-23,11,2026-06-23,11,1,0.928,0.078,0.05
11,SPIKE_OCCUPIED,MEDIUM,False,,OCCUPIED,2026-06-23,12,2026-06-23,12,1,0.436,0.094,0.05
11,SPIKE_OCCUPIED,MEDIUM,False,,OCCUPIED,2026-06-23,13,2026-06-23,13,1,1.103,0.107,0.0575
11,SPIKE_OCCUPIED,MEDIUM,False,,OCCUPIED,2026-06-23,19,2026-06-23,19,1,0.607,0.113,0.0605
11,SPIKE_OCCUPIED,MEDIUM,False,,OCCUPIED,2026-06-23,21,2026-06-23,21,1,0.382,0.1175,0.054
11,SPIKE_OCCUPIED,MEDIUM,False,,OCCUPIED,2026-06-23,24,2026-06-23,24,1,0.981,0.1315,0.074
11,SPIKE_OCCUPIED,MEDIUM,False,,OCCUPIED,2026-06-23,25,2026-06-23,25,1,0.43,0.12,0.072
11,SPIKE_OCCUPIED,MEDIUM,False,,OCCUPIED,2026-06-23,27,2026-06-23,27,1,0.427,0.125,0.0715
11,SPIKE_OCCUPIED,MEDIUM,False,,OCCUPIED,2026-06-23,34,2026-06-23,34,1,0.865,0.2,0.1155
11,SPIKE_OCCUPIED,MEDIUM,False,,OCCUPIED,2026-06-23,40,2026-06-23,40,1,2.934,0.191,0.091
11,SPIKE_OCCUPIED,MEDIUM,False,,OCCUPIED,2026-06-23,42,2026-06-23,42,1,1.344,0.1865,0.084
11,SPIKE_OCCUPIED,MEDIUM,False,,OCCUPIED,2026-06-23,45,2026-06-23,45,1,2.455,0.1385,0.0725
11,SPIKE_OCCUPIED,MEDIUM,False,,OCCUPIED,2026-06-23,46,2026-06-23,46,1,0.38,0.123,0.061
11,SPIKE_OCCUPIED,MEDIUM,False,,OCCUPIED,2026-06-25,18,2026-06-25,18,1,1.198,0.111,0.0635
11,SPIKE_OCCUPIED,MEDIUM,False,,OCCUPIED,2026-06-27,19,2026-06-27,19,1,0.449,0.127,0.076
11,SPIKE_OCCUPIED,MEDIUM,False,,OCCUPIED,2026-06-27,20,2026-06-27,20,1,0.771,0.134,0.0905
11,SPIKE_OCCUPIED,MEDIUM,False,,OCCUPIED,2026-06-27,21,2026-06-27,21,1,1.04,0.1375,0.0875
11,SPIKE_OCCUPIED,MEDIUM,False,,OCCUPIED,2026-06-27,22,2026-06-27,22,1,0.518,0.134,0.089
11,SPIKE_OCCUPIED,MEDIUM,False,,OCCUPIED,2026-06-27,23,2026-06-27,23,1,0.528,0.1425,0.095
11,SPIKE_OCCUPIED,MEDIUM,False,,OCCUPIED,2026-06-27,25,2026-06-27,25,1,0.748,0.1355,0.088
11,SPIKE_OCCUPIED,MEDIUM,False,,OCCUPIED,2026-06-27,26,2026-06-27,26,1,0.647,0.131,0.0905
11,SPIKE_OCCUPIED,MEDIUM,False,,OCCUPIED,2026-06-27,27,2026-06-27,27,1,0.557,0.1255,0.076
11,SPIKE_OCCUPIED,MEDIUM,False,,OCCUPIED,2026-06-27,28,2026-06-27,28,1,0.965,0.1305,0.086
11,SPIKE_OCCUPIED,MEDIUM,False,,OCCUPIED,2026-06-27,29,2026-06-27,29,1,0.572,0.1365,0.0995
11,SPIKE_OCCUPIED,MEDIUM,False,,OCCUPIED,2026-06-27,30,2026-06-27,30,1,0.667,0.131,0.0825
11,SPIKE_OCCUPIED,MEDIUM,False,,OCCUPIED,2026-06-27,31,2026-06-27,31,1,0.591,0.1545,0.085
11,SPIKE_OCCUPIED,MEDIUM,False,,OCCUPIED,2026-06-27,32,2026-06-27,32,1,0.569,0.1575,0.1005
11,SPIKE_OCCUPIED,MEDIUM,False,,OCCUPIED,2026-06-27,35,2026-06-27,35,1,0.646,0.175,0.11
11,SPIKE_OCCUPIED,MEDIUM,False,,OCCUPIED,2026-06-27,39,2026-06-27,39,1,0.72,0.19,0.0995
11,SPIKE_OCCUPIED,MEDIUM,False,,OCCUPIED,2026-06-27,40,2026-06-27,40,1,0.7,0.1845,0.081
11,SPIKE_OCCUPIED,MEDIUM,False,,OCCUPIED,2026-06-27,41,2026-06-27,41,1,0.771,0.1795,0.078
11,SPIKE_OCCUPIED,MEDIUM,False,,OCCUPIED,2026-06-27,42,2026-06-27,42,1,0.653,0.1785,0.078
11,SPIKE_OCCUPIED,MEDIUM,False,,OCCUPIED,2026-06-27,43,2026-06-27,43,1,0.663,0.168,0.066
11,SPIKE_OCCUPIED,MEDIUM,False,,OCCUPIED,2026-06-30,5,2026-06-30,5,1,1.562,0.083,0.05
11,SPIKE_OCCUPIED,MEDIUM,False,,OCCUPIED,2026-06-30,6,2026-06-30,6,1,1.604,0.078,0.05
11,SPIKE_OCCUPIED,MEDIUM,False,,OCCUPIED,2026-06-30,21,2026-06-30,21,1,1.307,0.1175,0.054
11,SPIKE_OCCUPIED,MEDIUM,False,,OCCUPIED,2026-06-30,24,2026-06-30,24,1,1.281,0.1315,0.074
11,SPIKE_OCCUPIED,MEDIUM,False,,OCCUPIED,2026-07-01,0,2026-07-01,0,1,1.921,0.088,0.05
11,SPIKE_OCCUPIED,MEDIUM,False,,OCCUPIED,2026-07-01,1,2026-07-01,1,1,0.354,0.083,0.05
11,SPIKE_OCCUPIED,MEDIUM,False,,OCCUPIED,2026-07-01,7,2026-07-01,7,1,0.351,0.079,0.05
11,SPIKE_OCCUPIED,MEDIUM,False,,OCCUPIED,2026-07-01,41,2026-07-01,41,1,1.022,0.196,0.085
11,SPIKE_OCCUPIED,MEDIUM,False,,OCCUPIED,2026-07-01,42,2026-07-01,42,1,1.143,0.181,0.077
11,SPIKE_OCCUPIED,MEDIUM,False,,OCCUPIED,2026-07-01,43,2026-07-01,43,1,1.148,0.162,0.059
11,SPIKE_OCCUPIED,MEDIUM,False,,OCCUPIED,2026-07-01,44,2026-07-01,44,1,1.12,0.16,0.062
11,SPIKE_OCCUPIED,MEDIUM,False,,OCCUPIED,2026-07-01,45,2026-07-01,45,1,1.118,0.124,0.054
11,SPIKE_OCCUPIED,MEDIUM,False,,OCCUPIED,2026-07-01,46,2026-07-01,46,1,1.093,0.109,0.05
11,SPIKE_OCCUPIED,MEDIUM,False,,OCCUPIED,2026-07-01,47,2026-07-01,47,1,2.961,0.102,0.05
11,SPIKE_OCCUPIED,MEDIUM,False,,OCCUPIED,2026-07-02,0,2026-07-02,0,1,2.922,0.1,0.05
11,SPIKE_OCCUPIED,MEDIUM,False,,OCCUPIED,2026-07-02,1,2026-07-02,1,1,2.879,0.0925,0.05
11,SPIKE_OCCUPIED,MEDIUM,False,,OCCUPIED,2026-07-02,2,2026-07-02,2,1,1.419,0.087,0.05
11,SPIKE_OCCUPIED,MEDIUM,False,,OCCUPIED,2026-07-02,3,2026-07-02,3,1,1.105,0.0875,0.05
11,SPIKE_OCCUPIED,MEDIUM,False,,OCCUPIED,2026-07-02,4,2026-07-02,4,1,1.102,0.087,0.05
11,SPIKE_OCCUPIED,MEDIUM,False,,OCCUPIED,2026-07-02,5,2026-07-02,5,1,1.087,0.08,0.05
11,SPIKE_OCCUPIED,MEDIUM,False,,OCCUPIED,2026-07-02,6,2026-07-02,6,1,1.328,0.0845,0.05
11,SPIKE_OCCUPIED,MEDIUM,False,,OCCUPIED,2026-07-02,7,2026-07-02,7,1,1.132,0.084,0.05
11,SPIKE_OCCUPIED,MEDIUM,False,,OCCUPIED,2026-07-02,8,2026-07-02,8,1,1.137,0.086,0.05
11,SPIKE_OCCUPIED,MEDIUM,False,,OCCUPIED,2026-07-02,13,2026-07-02,13,1,0.625,0.1175,0.065
11,SPIKE_OCCUPIED,MEDIUM,False,,OCCUPIED,2026-07-02,14,2026-07-02,14,1,0.983,0.134,0.0745
11,SPIKE_OCCUPIED,MEDIUM,False,,OCCUPIED,2026-07-02,15,2026-07-02,15,1,0.723,0.132,0.0835
11,SPIKE_OCCUPIED,MEDIUM,False,,OCCUPIED,2026-07-02,41,2026-07-02,41,1,1.165,0.192,0.084
11,SPIKE_OCCUPIED,MEDIUM,False,,OCCUPIED,2026-07-02,42,2026-07-02,42,1,1.161,0.179,0.07
11,SPIKE_OCCUPIED,MEDIUM,False,,OCCUPIED,2026-07-02,43,2026-07-02,43,1,1.14,0.1795,0.0795
11,SPIKE_OCCUPIED,MEDIUM,False,,OCCUPIED,2026-07-02,44,2026-07-02,44,1,1.181,0.1615,0.0655
11,SPIKE_OCCUPIED,MEDIUM,False,,OCCUPIED,2026-07-02,45,2026-07-02,45,1,1.182,0.1325,0.064
11,SPIKE_OCCUPIED,MEDIUM,False,,OCCUPIED,2026-07-02,46,2026-07-02,46,1,1.134,0.1195,0.054
11,SPIKE_OCCUPIED,MEDIUM,False,,OCCUPIED,2026-07-02,47,2026-07-02,47,1,2.953,0.11,0.05
11,SPIKE_OCCUPIED,MEDIUM,False,,OCCUPIED,2026-07-03,0,2026-07-03,0,1,3.835,0.105,0.05
11,SPIKE_OCCUPIED,MEDIUM,False,,OCCUPIED,2026-07-03,1,2026-07-03,1,1,3.847,0.102,0.05
11,SPIKE_OCCUPIED,MEDIUM,False,,OCCUPIED,2026-07-03,2,2026-07-03,2,1,4.194,0.09,0.05
11,SPIKE_OCCUPIED,MEDIUM,False,,OCCUPIED,2026-07-03,3,2026-07-03,3,1,4.265,0.087,0.05
11,SPIKE_OCCUPIED,MEDIUM,False,,OCCUPIED,2026-07-03,4,2026-07-03,4,1,3.829,0.082,0.05
11,SPIKE_OCCUPIED,MEDIUM,False,,OCCUPIED,2026-07-03,5,2026-07-03,5,1,0.707,0.084,0.05
11,SPIKE_OCCUPIED,MEDIUM,False,,OCCUPIED,2026-07-03,45,2026-07-03,45,1,0.571,0.134,0.054
11,SPIKE_OCCUPIED,MEDIUM,False,,OCCUPIED,2026-07-04,23,2026-07-04,23,1,0.532,0.1425,0.095
11,SPIKE_OCCUPIED,MEDIUM,False,,OCCUPIED,2026-07-05,46,2026-07-05,46,1,0.381,0.116,0.055
11,SPIKE_OCCUPIED,MEDIUM,False,,OCCUPIED,2026-07-05,47,2026-07-05,47,1,0.442,0.093,0.05
11,SPIKE_OCCUPIED,MEDIUM,False,,OCCUPIED,2026-07-07,0,2026-07-07,0,1,0.535,0.096,0.05
11,SPIKE_OCCUPIED,MEDIUM,False,,OCCUPIED,2026-07-07,1,2026-07-07,1,1,0.521,0.093,0.05
11,SPIKE_OCCUPIED,MEDIUM,False,,OCCUPIED,2026-07-07,2,2026-07-07,2,1,0.579,0.082,0.05
11,SPIKE_OCCUPIED,MEDIUM,False,,OCCUPIED,2026-07-07,3,2026-07-07,3,1,0.563,0.0885,0.05
11,SPIKE_OCCUPIED,MEDIUM,False,,OCCUPIED,2026-07-07,4,2026-07-07,4,1,0.54,0.083,0.05
11,SPIKE_OCCUPIED,MEDIUM,False,,OCCUPIED,2026-07-07,5,2026-07-07,5,1,0.595,0.083,0.05
11,SPIKE_OCCUPIED,MEDIUM,False,,OCCUPIED,2026-07-07,6,2026-07-07,6,1,0.59,0.078,0.05
11,SPIKE_OCCUPIED,MEDIUM,False,,OCCUPIED,2026-07-07,7,2026-07-07,7,1,0.572,0.0755,0.05
11,SPIKE_OCCUPIED,MEDIUM,False,,OCCUPIED,2026-07-07,8,2026-07-07,8,1,0.551,0.0775,0.05
11,SPIKE_OCCUPIED,MEDIUM,False,,OCCUPIED,2026-07-07,9,2026-07-07,9,1,0.523,0.0805,0.05
11,SPIKE_OCCUPIED,MEDIUM,False,,OCCUPIED,2026-07-07,10,2026-07-07,10,1,0.568,0.0805,0.05
11,SPIKE_OCCUPIED,MEDIUM,False,,OCCUPIED,2026-07-07,11,2026-07-07,11,1,0.585,0.078,0.05
11,SPIKE_OCCUPIED,MEDIUM,False,,OCCUPIED,2026-07-07,12,2026-07-07,12,1,0.585,0.094,0.05
11,SPIKE_OCCUPIED,MEDIUM,False,,OCCUPIED,2026-07-07,13,2026-07-07,13,1,1.189,0.107,0.0575
11,SPIKE_OCCUPIED,MEDIUM,False,,OCCUPIED,2026-07-07,14,2026-07-07,14,1,0.669,0.115,0.088
11,SPIKE_OCCUPIED,MEDIUM,False,,OCCUPIED,2026-07-07,15,2026-07-07,15,1,0.602,0.1255,0.094
11,SPIKE_OCCUPIED,MEDIUM,False,,OCCUPIED,2026-07-07,16,2026-07-07,16,1,0.678,0.1095,0.073
11,SPIKE_OCCUPIED,MEDIUM,False,,OCCUPIED,2026-07-07,17,2026-07-07,17,1,0.707,0.109,0.05
11,SPIKE_OCCUPIED,MEDIUM,False,,OCCUPIED,2026-07-07,18,2026-07-07,18,1,0.621,0.114,0.0625
11,SPIKE_OCCUPIED,MEDIUM,False,,OCCUPIED,2026-07-07,19,2026-07-07,19,1,0.677,0.113,0.0605
11,SPIKE_OCCUPIED,MEDIUM,False,,OCCUPIED,2026-07-07,20,2026-07-07,20,1,0.662,0.1265,0.067
11,SPIKE_OCCUPIED,MEDIUM,False,,OCCUPIED,2026-07-07,21,2026-07-07,21,1,0.6,0.1175,0.054
11,SPIKE_OCCUPIED,MEDIUM,False,,OCCUPIED,2026-07-07,22,2026-07-07,22,1,0.663,0.116,0.0745
11,SPIKE_OCCUPIED,MEDIUM,False,,OCCUPIED,2026-07-07,23,2026-07-07,23,1,0.605,0.123,0.072
11,SPIKE_OCCUPIED,MEDIUM,False,,OCCUPIED,2026-07-07,24,2026-07-07,24,1,0.877,0.1315,0.074
11,SPIKE_OCCUPIED,MEDIUM,False,,OCCUPIED,2026-07-07,25,2026-07-07,25,1,0.613,0.12,0.072
11,SPIKE_OCCUPIED,MEDIUM,False,,OCCUPIED,2026-07-07,26,2026-07-07,26,1,0.581,0.132,0.0755
11,SPIKE_OCCUPIED,MEDIUM,False,,OCCUPIED,2026-07-07,27,2026-07-07,27,1,0.672,0.125,0.0715
11,SPIKE_OCCUPIED,MEDIUM,False,,OCCUPIED,2026-07-07,28,2026-07-07,28,1,0.591,0.121,0.069
11,SPIKE_OCCUPIED,MEDIUM,False,,OCCUPIED,2026-07-07,29,2026-07-07,29,1,0.636,0.136,0.0705
11,SPIKE_OCCUPIED,MEDIUM,False,,OCCUPIED,2026-07-07,30,2026-07-07,30,1,0.539,0.131,0.0695
11,SPIKE_OCCUPIED,MEDIUM,False,,OCCUPIED,2026-07-07,31,2026-07-07,31,1,0.553,0.1405,0.0785
11,SPIKE_OCCUPIED,MEDIUM,False,,OCCUPIED,2026-07-07,32,2026-07-07,32,1,0.552,0.148,0.0845
11,SPIKE_OCCUPIED,MEDIUM,False,,OCCUPIED,2026-07-07,36,2026-07-07,36,1,0.891,0.2365,0.1465
11,SPIKE_OCCUPIED,MEDIUM,False,,OCCUPIED,2026-07-07,37,2026-07-07,37,1,0.883,0.2035,0.1175
11,SPIKE_OCCUPIED,MEDIUM,False,,OCCUPIED,2026-07-07,38,2026-07-07,38,1,0.884,0.2065,0.1205
11,SPIKE_OCCUPIED,MEDIUM,False,,OCCUPIED,2026-07-07,39,2026-07-07,39,1,0.896,0.2035,0.108
11,SPIKE_OCCUPIED,MEDIUM,False,,OCCUPIED,2026-07-07,40,2026-07-07,40,1,0.947,0.191,0.091
11,SPIKE_OCCUPIED,MEDIUM,False,,OCCUPIED,2026-07-07,41,2026-07-07,41,1,0.872,0.185,0.077
11,SPIKE_OCCUPIED,MEDIUM,False,,OCCUPIED,2026-07-07,42,2026-07-07,42,1,0.917,0.1865,0.084
11,SPIKE_OCCUPIED,MEDIUM,False,,OCCUPIED,2026-07-07,43,2026-07-07,43,1,0.793,0.1875,0.084
11,SPIKE_OCCUPIED,MEDIUM,False,,OCCUPIED,2026-07-07,44,2026-07-07,44,1,0.545,0.169,0.082
11,SPIKE_OCCUPIED,MEDIUM,False,,OCCUPIED,2026-07-07,45,2026-07-07,45,1,0.547,0.1385,0.0725
11,SPIKE_OCCUPIED,MEDIUM,False,,OCCUPIED,2026-07-07,46,2026-07-07,46,1,0.552,0.123,0.061
11,SPIKE_OCCUPIED,MEDIUM,False,,OCCUPIED,2026-07-07,47,2026-07-07,47,1,0.534,0.114,0.057
11,SPIKE_OCCUPIED,MEDIUM,False,,OCCUPIED,2026-07-08,36,2026-07-08,36,1,0.626,0.203,0.101
11,SPIKE_OCCUPIED,MEDIUM,False,,OCCUPIED,2026-07-11,28,2026-07-11,28,1,0.612,0.1305,0.086
11,SPIKE_OCCUPIED,MEDIUM,False,,OCCUPIED,2026-07-12,0,2026-07-12,0,1,0.318,0.104,0.05
11,SPIKE_OCCUPIED,MEDIUM,False,,OCCUPIED,2026-07-12,1,2026-07-12,1,1,0.389,0.098,0.05
11,SPIKE_OCCUPIED,MEDIUM,False,,OCCUPIED,2026-07-12,43,2026-07-12,43,1,0.436,0.17,0.065
11,SPIKE_OCCUPIED,MEDIUM,False,,OCCUPIED,2026-07-12,45,2026-07-12,45,1,0.647,0.132,0.066
11,SPIKE_OCCUPIED,MEDIUM,False,,OCCUPIED,2026-07-13,36,2026-07-13,36,1,1.029,0.198,0.114
11,SPIKE_OCCUPIED,MEDIUM,False,,OCCUPIED,2026-07-13,38,2026-07-13,38,1,0.851,0.198,0.13
11,SPIKE_OCCUPIED,MEDIUM,False,,OCCUPIED,2026-07-14,27,2026-07-14,27,1,0.422,0.125,0.0715
11,SPIKE_OCCUPIED,MEDIUM,False,,OCCUPIED,2026-07-14,30,2026-07-14,30,1,0.692,0.131,0.0695
11,SPIKE_OCCUPIED,MEDIUM,False,,OCCUPIED,2026-07-14,34,2026-07-14,34,1,0.877,0.2,0.1155
11,SPIKE_OCCUPIED,MEDIUM,False,,OCCUPIED,2026-07-14,37,2026-07-14,37,1,1.166,0.2035,0.1175
11,SPIKE_OCCUPIED,MEDIUM,False,,OCCUPIED,2026-07-14,39,2026-07-14,39,1,0.871,0.2035,0.108
11,SPIKE_OCCUPIED,MEDIUM,False,,OCCUPIED,2026-07-14,40,2026-07-14,40,1,1.688,0.191,0.091
11,SPIKE_OCCUPIED,MEDIUM,False,,OCCUPIED,2026-07-14,41,2026-07-14,41,1,0.685,0.185,0.077
11,SPIKE_OCCUPIED,MEDIUM,False,,OCCUPIED,2026-07-14,42,2026-07-14,42,1,0.73,0.1865,0.084
11,SPIKE_OCCUPIED,MEDIUM,False,,OCCUPIED,2026-07-15,15,2026-07-15,15,1,1.098,0.125,0.086
11,SPIKE_OCCUPIED,MEDIUM,False,,OCCUPIED,2026-07-15,16,2026-07-15,16,1,0.822,0.123,0.079
11,SPIKE_OCCUPIED,MEDIUM,False,,OCCUPIED,2026-07-15,18,2026-07-15,18,1,0.504,0.102,0.057
11,SPIKE_OCCUPIED,MEDIUM,False,,OCCUPIED,2026-07-15,19,2026-07-15,19,1,0.449,0.108,0.058
11,SPIKE_OCCUPIED,MEDIUM,False,,OCCUPIED,2026-07-15,20,2026-07-15,20,1,1.143,0.109,0.062
11,SPIKE_OCCUPIED,MEDIUM,False,,OCCUPIED,2026-07-15,21,2026-07-15,21,1,0.414,0.102,0.057
11,SPIKE_OCCUPIED,MEDIUM,False,,OCCUPIED,2026-07-15,23,2026-07-15,23,1,0.946,0.11,0.06
11,SPIKE_OCCUPIED,MEDIUM,False,,OCCUPIED,2026-07-16,12,2026-07-16,12,1,0.619,0.1005,0.05
11,SPIKE_OCCUPIED,MEDIUM,False,,OCCUPIED,2026-07-16,17,2026-07-16,17,1,1.346,0.1115,0.061
11,SPIKE_OCCUPIED,MEDIUM,False,,OCCUPIED,2026-07-16,18,2026-07-16,18,1,0.736,0.111,0.0635
11,SPIKE_OCCUPIED,MEDIUM,False,,OCCUPIED,2026-07-16,20,2026-07-16,20,1,0.701,0.103,0.0585
11,SPIKE_OCCUPIED,MEDIUM,False,,OCCUPIED,2026-07-16,23,2026-07-16,23,1,0.699,0.117,0.066
11,SPIKE_OCCUPIED,MEDIUM,False,,OCCUPIED,2026-07-16,26,2026-07-16,26,1,1.012,0.1235,0.0645
11,SPIKE_OCCUPIED,MEDIUM,False,,OCCUPIED,2026-07-16,34,2026-07-16,34,1,1.484,0.2045,0.1095
11,SPIKE_OCCUPIED,MEDIUM,False,,OCCUPIED,2026-07-16,39,2026-07-16,39,1,1.266,0.193,0.094
11,SPIKE_OCCUPIED,MEDIUM,False,,OCCUPIED,2026-07-16,40,2026-07-16,40,1,1.464,0.2025,0.0785
11,SPIKE_OCCUPIED,MEDIUM,False,,OCCUPIED,2026-07-16,41,2026-07-16,41,1,1.328,0.192,0.084
11,SPIKE_OCCUPIED,MEDIUM,False,,OCCUPIED,2026-07-16,42,2026-07-16,42,1,1.311,0.179,0.07
11,SPIKE_OCCUPIED,MEDIUM,False,,OCCUPIED,2026-07-16,43,2026-07-16,43,1,1.334,0.1795,0.0795
11,SPIKE_OCCUPIED,MEDIUM,False,,OCCUPIED,2026-07-16,44,2026-07-16,44,1,1.319,0.1615,0.0655
11,SPIKE_OCCUPIED,MEDIUM,False,,OCCUPIED,2026-07-16,45,2026-07-16,45,1,1.201,0.1325,0.064
11,SPIKE_OCCUPIED,MEDIUM,False,,OCCUPIED,2026-07-16,46,2026-07-16,46,1,1.194,0.1195,0.054
11,SPIKE_OCCUPIED,MEDIUM,False,,OCCUPIED,2026-07-16,47,2026-07-16,47,1,1.206,0.11,0.05
11,SPIKE_OCCUPIED,MEDIUM,False,,OCCUPIED,2026-07-17,43,2026-07-17,43,1,0.443,0.162,0.068
11,SPIKE_OCCUPIED,MEDIUM,False,,OCCUPIED,2026-07-18,0,2026-07-18,0,1,0.82,0.1045,0.05
11,SPIKE_OCCUPIED,MEDIUM,False,,OCCUPIED,2026-07-18,1,2026-07-18,1,1,3.424,0.0945,0.05
11,SPIKE_OCCUPIED,MEDIUM,False,,OCCUPIED,2026-07-18,2,2026-07-18,2,1,4.124,0.093,0.05
11,SPIKE_OCCUPIED,MEDIUM,False,,OCCUPIED,2026-07-18,3,2026-07-18,3,1,2.986,0.091,0.05
11,SPIKE_OCCUPIED,MEDIUM,False,,OCCUPIED,2026-07-18,4,2026-07-18,4,1,2.914,0.087,0.05
11,SPIKE_OCCUPIED,MEDIUM,False,,OCCUPIED,2026-07-18,5,2026-07-18,5,1,2.93,0.082,0.05
11,SPIKE_OCCUPIED,MEDIUM,False,,OCCUPIED,2026-07-18,6,2026-07-18,6,1,1.678,0.089,0.05
11,SPIKE_OCCUPIED,MEDIUM,False,,OCCUPIED,2026-07-18,7,2026-07-18,7,1,0.892,0.0805,0.05
11,SPIKE_OCCUPIED,MEDIUM,False,,OCCUPIED,2026-07-18,8,2026-07-18,8,1,0.9,0.075,0.05
11,SPIKE_OCCUPIED,MEDIUM,False,,OCCUPIED,2026-07-18,9,2026-07-18,9,1,0.361,0.08,0.05
11,SPIKE_OCCUPIED,MEDIUM,False,,OCCUPIED,2026-07-18,39,2026-07-18,39,1,1.376,0.19,0.0995
11,SPIKE_OCCUPIED,MEDIUM,False,,OCCUPIED,2026-07-18,40,2026-07-18,40,1,4.397,0.1845,0.081
11,SPIKE_OCCUPIED,MEDIUM,False,,OCCUPIED,2026-07-18,41,2026-07-18,41,1,4.547,0.1795,0.078
11,SPIKE_OCCUPIED,MEDIUM,False,,OCCUPIED,2026-07-18,42,2026-07-18,42,1,4.616,0.1785,0.078
11,SPIKE_OCCUPIED,MEDIUM,False,,OCCUPIED,2026-07-18,43,2026-07-18,43,1,4.64,0.168,0.066
11,SPIKE_OCCUPIED,MEDIUM,False,,OCCUPIED,2026-07-18,44,2026-07-18,44,1,2.185,0.1725,0.083
11,SPIKE_OCCUPIED,MEDIUM,False,,OCCUPIED,2026-07-18,45,2026-07-18,45,1,1.01,0.142,0.0735
11,SPIKE_OCCUPIED,MEDIUM,False,,OCCUPIED,2026-07-18,46,2026-07-18,46,1,0.856,0.132,0.065
11,SPIKE_OCCUPIED,MEDIUM,False,,OCCUPIED,2026-07-18,47,2026-07-18,47,1,0.839,0.116,0.05
11,SPIKE_OCCUPIED,MEDIUM,False,,OCCUPIED,2026-07-19,20,2026-07-19,20,1,0.86,0.162,0.104
11,SPIKE_OCCUPIED,MEDIUM,False,,OCCUPIED,2026-07-19,21,2026-07-19,21,1,0.771,0.157,0.105
11,SPIKE_OCCUPIED,MEDIUM,False,,OCCUPIED,2026-07-19,22,2026-07-19,22,1,0.91,0.167,0.122
11,SPIKE_OCCUPIED,MEDIUM,False,,OCCUPIED,2026-07-22,13,2026-07-22,13,1,1.649,0.124,0.068
11,SPIKE_OCCUPIED,MEDIUM,False,,OCCUPIED,2026-07-23,0,2026-07-23,0,1,1.245,0.1,0.05
11,SPIKE_OCCUPIED,MEDIUM,False,,OCCUPIED,2026-07-23,1,2026-07-23,1,1,2.02,0.0925,0.05
11,SPIKE_OCCUPIED,MEDIUM,False,,OCCUPIED,2026-07-23,2,2026-07-23,2,1,1.388,0.087,0.05
11,SPIKE_OCCUPIED,MEDIUM,False,,OCCUPIED,2026-07-23,3,2026-07-23,3,1,1.222,0.0875,0.05
11,SPIKE_OCCUPIED,MEDIUM,False,,OCCUPIED,2026-07-23,4,2026-07-23,4,1,1.229,0.087,0.05
11,SPIKE_OCCUPIED,MEDIUM,False,,OCCUPIED,2026-07-23,5,2026-07-23,5,1,1.236,0.08,0.05
11,SPIKE_OCCUPIED,MEDIUM,False,,OCCUPIED,2026-07-23,6,2026-07-23,6,1,1.121,0.0845,0.05
11,SPIKE_OCCUPIED,MEDIUM,False,,OCCUPIED,2026-07-23,7,2026-07-23,7,1,0.334,0.084,0.05
11,SPIKE_OCCUPIED,MEDIUM,False,,OCCUPIED,2026-07-23,9,2026-07-23,9,1,0.311,0.0805,0.05
11,SPIKE_OCCUPIED,MEDIUM,False,,OCCUPIED,2026-07-23,37,2026-07-23,37,1,0.795,0.208,0.1275
11,SPIKE_OCCUPIED,MEDIUM,False,,OCCUPIED,2026-07-24,36,2026-07-24,36,1,0.589,0.192,0.098
11,SPIKE_OCCUPIED,MEDIUM,False,,OCCUPIED,2026-07-24,43,2026-07-24,43,1,0.631,0.162,0.068
11,SPIKE_OCCUPIED,MEDIUM,False,,OCCUPIED,2026-07-25,24,2026-07-25,24,1,2.111,0.1355,0.099
11,SPIKE_OCCUPIED,MEDIUM,False,,OCCUPIED,2026-07-25,29,2026-07-25,29,1,0.554,0.1365,0.0995
12,FLATLINE,HIGH,True,vacancy,VACANT,2026-06-03,9,2026-06-03,34,26,0.0005,0.071,0.05
12,FLATLINE,HIGH,True,vacancy,VACANT,2026-06-11,0,2026-06-11,14,15,0.0067,0.086,0.05
12,FLATLINE,HIGH,True,vacancy,VACANT,2026-06-18,9,2026-06-18,45,37,0.0002,0.0555,0.05
12,FLATLINE,HIGH,True,vacancy,VACANT,2026-06-20,14,2026-06-20,21,8,0.0001,0.059,0.05
12,FLATLINE,HIGH,True,vacancy,VACANT,2026-06-21,11,2026-06-21,20,10,0.0009,0.059,0.05
12,FLATLINE,HIGH,True,vacancy,VACANT,2026-06-21,25,2026-06-21,34,10,0.0008,0.118,0.097
12,FLATLINE,HIGH,True,vacancy,VACANT,2026-07-18,12,2026-07-18,40,29,0.0008,0.058,0.05
12,FLATLINE,HIGH,True,vacancy,VACANT,2026-07-19,0,2026-07-19,47,48,0.007,0.089,0.05
12,FLATLINE,HIGH,True,vacancy,VACANT,2026-07-24,11,2026-07-24,22,12,0.0,0.064,0.05
12,FLATLINE,HIGH,True,vacancy,VACANT,2026-07-24,28,2026-07-24,39,12,0.0001,0.089,0.054
12,SPIKE_OCCUPIED,MEDIUM,False,,OCCUPIED,2026-06-02,0,2026-06-02,0,1,0.511,0.0765,0.05
12,SPIKE_OCCUPIED,MEDIUM,False,,OCCUPIED,2026-06-02,1,2026-06-02,1,1,0.529,0.073,0.05
12,SPIKE_OCCUPIED,MEDIUM,False,,OCCUPIED,2026-06-02,2,2026-06-02,2,1,0.557,0.0715,0.05
12,SPIKE_OCCUPIED,MEDIUM,False,,OCCUPIED,2026-06-02,3,2026-06-02,3,1,0.532,0.064,0.05
12,SPIKE_OCCUPIED,MEDIUM,False,,OCCUPIED,2026-06-02,4,2026-06-02,4,1,0.527,0.0675,0.05
12,SPIKE_OCCUPIED,MEDIUM,False,,OCCUPIED,2026-06-02,5,2026-06-02,5,1,0.518,0.0705,0.05
12,SPIKE_OCCUPIED,MEDIUM,False,,OCCUPIED,2026-06-02,6,2026-06-02,6,1,0.498,0.0725,0.05
12,SPIKE_OCCUPIED,MEDIUM,False,,OCCUPIED,2026-06-02,7,2026-06-02,7,1,0.575,0.0695,0.05
12,SPIKE_OCCUPIED,MEDIUM,False,,OCCUPIED,2026-06-02,8,2026-06-02,8,1,0.5,0.0695,0.05
12,SPIKE_OCCUPIED,MEDIUM,False,,OCCUPIED,2026-06-02,9,2026-06-02,9,1,0.507,0.069,0.05
12,SPIKE_OCCUPIED,MEDIUM,False,,OCCUPIED,2026-06-02,10,2026-06-02,10,1,0.549,0.0715,0.05
12,SPIKE_OCCUPIED,MEDIUM,False,,OCCUPIED,2026-06-02,11,2026-06-02,11,1,0.627,0.075,0.05
12,SPIKE_OCCUPIED,MEDIUM,False,,OCCUPIED,2026-06-02,12,2026-06-02,12,1,0.644,0.0755,0.05
12,SPIKE_OCCUPIED,MEDIUM,False,,OCCUPIED,2026-06-02,13,2026-06-02,13,1,0.58,0.0845,0.055
12,SPIKE_OCCUPIED,MEDIUM,False,,OCCUPIED,2026-06-02,14,2026-06-02,14,1,0.703,0.09,0.0635
12,SPIKE_OCCUPIED,MEDIUM,False,,OCCUPIED,2026-06-02,15,2026-06-02,15,1,0.942,0.1,0.0685
12,SPIKE_OCCUPIED,MEDIUM,False,,OCCUPIED,2026-06-02,16,2026-06-02,16,1,0.871,0.104,0.065
12,SPIKE_OCCUPIED,MEDIUM,False,,OCCUPIED,2026-06-02,17,2026-06-02,17,1,0.806,0.0845,0.0535
12,SPIKE_OCCUPIED,MEDIUM,False,,OCCUPIED,2026-06-02,18,2026-06-02,18,1,0.855,0.0875,0.057
12,SPIKE_OCCUPIED,MEDIUM,False,,OCCUPIED,2026-06-02,19,2026-06-02,19,1,0.964,0.1015,0.072
12,SPIKE_OCCUPIED,MEDIUM,False,,OCCUPIED,2026-06-02,20,2026-06-02,20,1,1.025,0.093,0.0555
12,SPIKE_OCCUPIED,MEDIUM,False,,OCCUPIED,2026-06-02,21,2026-06-02,21,1,1.004,0.0895,0.0555
12,SPIKE_OCCUPIED,MEDIUM,False,,OCCUPIED,2026-06-02,22,2026-06-02,22,1,1.17,0.0815,0.0555
12,SPIKE_OCCUPIED,MEDIUM,False,,OCCUPIED,2026-06-02,23,2026-06-02,23,1,1.425,0.08,0.065
12,SPIKE_OCCUPIED,MEDIUM,False,,OCCUPIED,2026-06-02,24,2026-06-02,24,1,1.122,0.096,0.0705
12,SPIKE_OCCUPIED,MEDIUM,False,,OCCUPIED,2026-06-02,25,2026-06-02,25,1,1.155,0.085,0.0625
12,SPIKE_OCCUPIED,MEDIUM,False,,OCCUPIED,2026-06-02,26,2026-06-02,26,1,1.256,0.0885,0.0595
12,SPIKE_OCCUPIED,MEDIUM,False,,OCCUPIED,2026-06-02,27,2026-06-02,27,1,1.176,0.0805,0.062
12,SPIKE_OCCUPIED,MEDIUM,False,,OCCUPIED,2026-06-02,28,2026-06-02,28,1,1.183,0.0875,0.061
12,SPIKE_OCCUPIED,MEDIUM,False,,OCCUPIED,2026-06-02,29,2026-06-02,29,1,1.148,0.0865,0.058
12,SPIKE_OCCUPIED,MEDIUM,False,,OCCUPIED,2026-06-02,30,2026-06-02,30,1,0.998,0.0845,0.0595
12,SPIKE_OCCUPIED,MEDIUM,False,,OCCUPIED,2026-06-02,31,2026-06-02,31,1,1.103,0.0905,0.0635
12,SPIKE_OCCUPIED,MEDIUM,False,,OCCUPIED,2026-06-02,32,2026-06-02,32,1,1.072,0.103,0.066
12,SPIKE_OCCUPIED,MEDIUM,False,,OCCUPIED,2026-06-02,33,2026-06-02,33,1,0.925,0.1075,0.0645
12,SPIKE_OCCUPIED,MEDIUM,False,,OCCUPIED,2026-06-02,34,2026-06-02,34,1,0.874,0.1175,0.079
12,SPIKE_OCCUPIED,MEDIUM,False,,OCCUPIED,2026-06-02,35,2026-06-02,35,1,1.017,0.1595,0.1055
12,SPIKE_OCCUPIED,MEDIUM,False,,OCCUPIED,2026-06-02,36,2026-06-02,36,1,1.947,0.165,0.1035
12,SPIKE_OCCUPIED,MEDIUM,False,,OCCUPIED,2026-06-02,37,2026-06-02,37,1,0.986,0.2005,0.134
12,SPIKE_OCCUPIED,MEDIUM,False,,OCCUPIED,2026-06-02,38,2026-06-02,38,1,0.935,0.1875,0.119
12,SPIKE_OCCUPIED,MEDIUM,False,,OCCUPIED,2026-06-02,39,2026-06-02,39,1,0.764,0.166,0.1095
12,SPIKE_OCCUPIED,MEDIUM,False,,OCCUPIED,2026-06-02,40,2026-06-02,40,1,0.861,0.141,0.1045
12,SPIKE_OCCUPIED,MEDIUM,False,,OCCUPIED,2026-06-02,41,2026-06-02,41,1,0.91,0.1385,0.0735
12,SPIKE_OCCUPIED,MEDIUM,False,,OCCUPIED,2026-06-02,42,2026-06-02,42,1,1.116,0.1435,0.078
12,SPIKE_OCCUPIED,MEDIUM,False,,OCCUPIED,2026-06-02,43,2026-06-02,43,1,0.731,0.1285,0.0595
12,SPIKE_OCCUPIED,MEDIUM,False,,OCCUPIED,2026-06-02,44,2026-06-02,44,1,0.641,0.118,0.056
12,SPIKE_OCCUPIED,MEDIUM,False,,OCCUPIED,2026-06-02,45,2026-06-02,45,1,1.087,0.1015,0.05
12,SPIKE_OCCUPIED,MEDIUM,False,,OCCUPIED,2026-06-02,46,2026-06-02,46,1,0.717,0.092,0.05
12,SPIKE_OCCUPIED,MEDIUM,False,,OCCUPIED,2026-06-02,47,2026-06-02,47,1,0.66,0.0865,0.05
12,SPIKE_OCCUPIED,MEDIUM,False,,OCCUPIED,2026-06-03,3,2026-06-03,3,1,2.554,0.082,0.05
12,SPIKE_OCCUPIED,MEDIUM,False,,OCCUPIED,2026-06-03,4,2026-06-03,4,1,2.532,0.073,0.05
12,SPIKE_OCCUPIED,MEDIUM,False,,OCCUPIED,2026-06-03,5,2026-06-03,5,1,0.878,0.065,0.05
12,SPIKE_OCCUPIED,MEDIUM,False,,OCCUPIED,2026-06-04,8,2026-06-04,8,1,0.625,0.061,0.05
12,SPIKE_OCCUPIED,MEDIUM,False,,OCCUPIED,2026-06-04,32,2026-06-04,32,1,0.723,0.116,0.079
12,SPIKE_OCCUPIED,MEDIUM,False,,OCCUPIED,2026-06-04,36,2026-06-04,36,1,1.163,0.147,0.1
12,SPIKE_OCCUPIED,MEDIUM,False,,OCCUPIED,2026-06-04,39,2026-06-04,39,1,0.881,0.166,0.095
12,SPIKE_OCCUPIED,MEDIUM,False,,OCCUPIED,2026-06-05,12,2026-06-05,12,1,0.322,0.068,0.05
12,SPIKE_OCCUPIED,MEDIUM,False,,OCCUPIED,2026-06-05,35,2026-06-05,35,1,0.555,0.135,0.098
12,SPIKE_OCCUPIED,MEDIUM,False,,OCCUPIED,2026-06-05,36,2026-06-05,36,1,0.792,0.148,0.1
12,SPIKE_OCCUPIED,MEDIUM,False,,OCCUPIED,2026-06-06,18,2026-06-06,18,1,0.796,0.088,0.057
12,SPIKE_OCCUPIED,MEDIUM,False,,OCCUPIED,2026-06-06,35,2026-06-06,35,1,0.711,0.122,0.093
12,SPIKE_OCCUPIED,MEDIUM,False,,OCCUPIED,2026-06-06,36,2026-06-06,36,1,1.0,0.135,0.106
12,SPIKE_OCCUPIED,MEDIUM,False,,OCCUPIED,2026-06-06,37,2026-06-06,37,1,0.615,0.164,0.11
12,SPIKE_OCCUPIED,MEDIUM,False,,OCCUPIED,2026-06-06,42,2026-06-06,42,1,0.353,0.117,0.052
12,SPIKE_OCCUPIED,MEDIUM,False,,OCCUPIED,2026-06-07,4,2026-06-07,4,1,0.541,0.067,0.05
12,SPIKE_OCCUPIED,MEDIUM,False,,OCCUPIED,2026-06-07,5,2026-06-07,5,1,0.406,0.069,0.05
12,SPIKE_OCCUPIED,MEDIUM,False,,OCCUPIED,2026-06-07,7,2026-06-07,7,1,0.369,0.066,0.05
12,SPIKE_OCCUPIED,MEDIUM,False,,OCCUPIED,2026-06-07,8,2026-06-07,8,1,0.378,0.066,0.05
12,SPIKE_OCCUPIED,MEDIUM,False,,OCCUPIED,2026-06-07,19,2026-06-07,19,1,0.435,0.098,0.074
12,SPIKE_OCCUPIED,MEDIUM,False,,OCCUPIED,2026-06-07,33,2026-06-07,33,1,0.652,0.122,0.093
12,SPIKE_OCCUPIED,MEDIUM,False,,OCCUPIED,2026-06-07,34,2026-06-07,34,1,0.686,0.115,0.085
12,SPIKE_OCCUPIED,MEDIUM,False,,OCCUPIED,2026-06-08,18,2026-06-08,18,1,0.647,0.1,0.063
12,SPIKE_OCCUPIED,MEDIUM,False,,OCCUPIED,2026-06-08,19,2026-06-08,19,1,0.502,0.095,0.059
12,SPIKE_OCCUPIED,MEDIUM,False,,OCCUPIED,2026-06-08,20,2026-06-08,20,1,0.747,0.104,0.067
12,SPIKE_OCCUPIED,MEDIUM,False,,OCCUPIED,2026-06-08,23,2026-06-08,23,1,0.618,0.082,0.059
12,SPIKE_OCCUPIED,MEDIUM,False,,OCCUPIED,2026-06-08,27,2026-06-08,27,1,0.761,0.108,0.082
12,SPIKE_OCCUPIED,MEDIUM,False,,OCCUPIED,2026-06-08,32,2026-06-08,32,1,0.373,0.1,0.066
12,SPIKE_OCCUPIED,MEDIUM,False,,OCCUPIED,2026-06-08,44,2026-06-08,44,1,0.552,0.117,0.065
12,SPIKE_OCCUPIED,MEDIUM,False,,OCCUPIED,2026-06-09,41,2026-06-09,41,1,0.579,0.1385,0.0735
12,SPIKE_OCCUPIED,MEDIUM,False,,OCCUPIED,2026-06-10,25,2026-06-10,25,1,0.348,0.081,0.058
12,SPIKE_OCCUPIED,MEDIUM,False,,OCCUPIED,2026-06-10,30,2026-06-10,30,1,0.554,0.079,0.058
12,SPIKE_OCCUPIED,MEDIUM,False,,OCCUPIED,2026-06-10,32,2026-06-10,32,1,1.028,0.106,0.079
12,SPIKE_OCCUPIED,MEDIUM,False,,OCCUPIED,2026-06-10,33,2026-06-10,33,1,0.884,0.12,0.089
12,SPIKE_OCCUPIED,MEDIUM,False,,OCCUPIED,2026-06-10,37,2026-06-10,37,1,1.654,0.187,0.135
12,SPIKE_OCCUPIED,MEDIUM,False,,OCCUPIED,2026-06-10,38,2026-06-10,38,1,1.594,0.187,0.129
12,SPIKE_OCCUPIED,MEDIUM,False,,OCCUPIED,2026-06-11,46,2026-06-11,46,1,0.419,0.0965,0.05
12,SPIKE_OCCUPIED,MEDIUM,False,,OCCUPIED,2026-06-11,47,2026-06-11,47,1,0.429,0.0905,0.05
12,SPIKE_OCCUPIED,MEDIUM,False,,OCCUPIED,2026-06-12,15,2026-06-12,15,1,0.284,0.081,0.05
12,SPIKE_OCCUPIED,MEDIUM,False,,OCCUPIED,2026-06-13,0,2026-06-13,0,1,0.75,0.088,0.05
12,SPIKE_OCCUPIED,MEDIUM,False,,OCCUPIED,2026-06-13,10,2026-06-13,10,1,0.279,0.056,0.05
12,SPIKE_OCCUPIED,MEDIUM,False,,OCCUPIED,2026-06-13,14,2026-06-13,14,1,0.98,0.059,0.05
12,SPIKE_OCCUPIED,MEDIUM,False,,OCCUPIED,2026-06-13,15,2026-06-13,15,1,0.729,0.068,0.05
12,SPIKE_OCCUPIED,MEDIUM,False,,OCCUPIED,2026-06-13,17,2026-06-13,17,1,0.643,0.087,0.058
12,SPIKE_OCCUPIED,MEDIUM,False,,OCCUPIED,2026-06-13,26,2026-06-13,26,1,0.33,0.087,0.06
12,SPIKE_OCCUPIED,MEDIUM,False,,OCCUPIED,2026-06-13,29,2026-06-13,29,1,0.371,0.094,0.068
12,SPIKE_OCCUPIED,MEDIUM,False,,OCCUPIED,2026-06-13,30,2026-06-13,30,1,0.486,0.095,0.077
12,SPIKE_OCCUPIED,MEDIUM,False,,OCCUPIED,2026-06-14,16,2026-06-14,16,1,0.724,0.076,0.05
12,SPIKE_OCCUPIED,MEDIUM,False,,OCCUPIED,2026-06-14,18,2026-06-14,18,1,0.41,0.092,0.067
12,SPIKE_OCCUPIED,MEDIUM,False,,OCCUPIED,2026-06-14,31,2026-06-14,31,1,1.244,0.111,0.088
12,SPIKE_OCCUPIED,MEDIUM,False,,OCCUPIED,2026-06-15,0,2026-06-15,0,1,0.365,0.084,0.05
12,SPIKE_OCCUPIED,MEDIUM,False,,OCCUPIED,2026-06-15,1,2026-06-15,1,1,0.364,0.073,0.05
12,SPIKE_OCCUPIED,MEDIUM,False,,OCCUPIED,2026-06-15,2,2026-06-15,2,1,0.364,0.076,0.05
12,SPIKE_OCCUPIED,MEDIUM,False,,OCCUPIED,2026-06-15,3,2026-06-15,3,1,0.365,0.072,0.05
12,SPIKE_OCCUPIED,MEDIUM,False,,OCCUPIED,2026-06-15,4,2026-06-15,4,1,0.364,0.071,0.05
12,SPIKE_OCCUPIED,MEDIUM,False,,OCCUPIED,2026-06-15,5,2026-06-15,5,1,0.365,0.074,0.05
12,SPIKE_OCCUPIED,MEDIUM,False,,OCCUPIED,2026-06-15,6,2026-06-15,6,1,0.364,0.065,0.05
12,SPIKE_OCCUPIED,MEDIUM,False,,OCCUPIED,2026-06-15,46,2026-06-15,46,1,0.36,0.102,0.055
12,SPIKE_OCCUPIED,MEDIUM,False,,OCCUPIED,2026-06-15,47,2026-06-15,47,1,0.362,0.084,0.05
12,SPIKE_OCCUPIED,MEDIUM,False,,OCCUPIED,2026-06-16,19,2026-06-16,19,1,0.942,0.1015,0.072
12,SPIKE_OCCUPIED,MEDIUM,False,,OCCUPIED,2026-06-16,20,2026-06-16,20,1,1.904,0.093,0.0555
12,SPIKE_OCCUPIED,MEDIUM,False,,OCCUPIED,2026-06-16,21,2026-06-16,21,1,1.89,0.0895,0.0555
12,SPIKE_OCCUPIED,MEDIUM,False,,OCCUPIED,2026-06-16,22,2026-06-16,22,1,1.883,0.0815,0.0555
12,SPIKE_OCCUPIED,MEDIUM,False,,OCCUPIED,2026-06-16,23,2026-06-16,23,1,1.885,0.08,0.065
12,SPIKE_OCCUPIED,MEDIUM,False,,OCCUPIED,2026-06-16,24,2026-06-16,24,1,1.88,0.096,0.0705
12,SPIKE_OCCUPIED,MEDIUM,False,,OCCUPIED,2026-06-16,25,2026-06-16,25,1,1.884,0.085,0.0625
12,SPIKE_OCCUPIED,MEDIUM,False,,OCCUPIED,2026-06-16,26,2026-06-16,26,1,1.883,0.0885,0.0595
12,SPIKE_OCCUPIED,MEDIUM,False,,OCCUPIED,2026-06-16,27,2026-06-16,27,1,1.882,0.0805,0.062
12,SPIKE_OCCUPIED,MEDIUM,False,,OCCUPIED,2026-06-16,28,2026-06-16,28,1,1.878,0.0875,0.061
12,SPIKE_OCCUPIED,MEDIUM,False,,OCCUPIED,2026-06-16,29,2026-06-16,29,1,1.882,0.0865,0.058
12,SPIKE_OCCUPIED,MEDIUM,False,,OCCUPIED,2026-06-16,30,2026-06-16,30,1,1.881,0.0845,0.0595
12,SPIKE_OCCUPIED,MEDIUM,False,,OCCUPIED,2026-06-16,31,2026-06-16,31,1,1.886,0.0905,0.0635
12,SPIKE_OCCUPIED,MEDIUM,False,,OCCUPIED,2026-06-16,32,2026-06-16,32,1,1.886,0.103,0.066
12,SPIKE_OCCUPIED,MEDIUM,False,,OCCUPIED,2026-06-16,33,2026-06-16,33,1,1.886,0.1075,0.0645
12,SPIKE_OCCUPIED,MEDIUM,False,,OCCUPIED,2026-06-16,34,2026-06-16,34,1,1.887,0.1175,0.079
12,SPIKE_OCCUPIED,MEDIUM,False,,OCCUPIED,2026-06-17,34,2026-06-17,34,1,0.6,0.134,0.1
12,SPIKE_OCCUPIED,MEDIUM,False,,OCCUPIED,2026-06-17,37,2026-06-17,37,1,0.819,0.187,0.135
12,SPIKE_OCCUPIED,MEDIUM,False,,OCCUPIED,2026-06-17,38,2026-06-17,38,1,0.786,0.187,0.129
12,SPIKE_OCCUPIED,MEDIUM,False,,OCCUPIED,2026-06-17,45,2026-06-17,45,1,0.39,0.105,0.054
12,SPIKE_OCCUPIED,MEDIUM,False,,OCCUPIED,2026-06-17,46,2026-06-17,46,1,0.574,0.101,0.05
12,SPIKE_OCCUPIED,MEDIUM,False,,OCCUPIED,2026-06-18,0,2026-06-18,0,1,2.552,0.086,0.05
12,SPIKE_OCCUPIED,MEDIUM,False,,OCCUPIED,2026-06-18,1,2026-06-18,1,1,2.558,0.076,0.05
12,SPIKE_OCCUPIED,MEDIUM,False,,OCCUPIED,2026-06-18,46,2026-06-18,46,1,6.105,0.0965,0.05
12,SPIKE_OCCUPIED,MEDIUM,False,,OCCUPIED,2026-06-18,47,2026-06-18,47,1,6.176,0.0905,0.05
12,SPIKE_OCCUPIED,MEDIUM,False,,OCCUPIED,2026-06-19,0,2026-06-19,0,1,3.361,0.076,0.05
12,SPIKE_OCCUPIED,MEDIUM,False,,OCCUPIED,2026-06-19,1,2026-06-19,1,1,3.362,0.077,0.05
12,SPIKE_OCCUPIED,MEDIUM,False,,OCCUPIED,2026-06-19,2,2026-06-19,2,1,2.915,0.074,0.05
12,SPIKE_OCCUPIED,MEDIUM,False,,OCCUPIED,2026-06-19,3,2026-06-19,3,1,0.838,0.07,0.05
12,SPIKE_OCCUPIED,MEDIUM,False,,OCCUPIED,2026-06-19,4,2026-06-19,4,1,0.304,0.065,0.05
12,SPIKE_OCCUPIED,MEDIUM,False,,OCCUPIED,2026-06-19,32,2026-06-19,32,1,0.379,0.097,0.061
12,SPIKE_OCCUPIED,MEDIUM,False,,OCCUPIED,2026-06-20,9,2026-06-20,9,1,0.283,0.062,0.05
12,SPIKE_OCCUPIED,MEDIUM,False,,OCCUPIED,2026-06-20,11,2026-06-20,11,1,0.376,0.063,0.05
12,SPIKE_OCCUPIED,MEDIUM,False,,OCCUPIED,2026-06-20,12,2026-06-20,12,1,0.376,0.058,0.05
12,SPIKE_OCCUPIED,MEDIUM,False,,OCCUPIED,2026-06-20,31,2026-06-20,31,1,0.713,0.113,0.086
12,SPIKE_OCCUPIED,MEDIUM,False,,OCCUPIED,2026-06-20,43,2026-06-20,43,1,1.591,0.118,0.053
12,SPIKE_OCCUPIED,MEDIUM,False,,OCCUPIED,2026-06-20,45,2026-06-20,45,1,3.193,0.104,0.05
12,SPIKE_OCCUPIED,MEDIUM,False,,OCCUPIED,2026-06-20,47,2026-06-20,47,1,1.376,0.087,0.05
12,SPIKE_OCCUPIED,MEDIUM,False,,OCCUPIED,2026-06-23,0,2026-06-23,0,1,1.976,0.0765,0.05
12,SPIKE_OCCUPIED,MEDIUM,False,,OCCUPIED,2026-06-23,1,2026-06-23,1,1,2.842,0.073,0.05
12,SPIKE_OCCUPIED,MEDIUM,False,,OCCUPIED,2026-06-23,2,2026-06-23,2,1,3.089,0.0715,0.05
12,SPIKE_OCCUPIED,MEDIUM,False,,OCCUPIED,2026-06-23,3,2026-06-23,3,1,2.5,0.064,0.05
12,SPIKE_OCCUPIED,MEDIUM,False,,OCCUPIED,2026-06-23,4,2026-06-23,4,1,2.128,0.0675,0.05
12,SPIKE_OCCUPIED,MEDIUM,False,,OCCUPIED,2026-06-23,5,2026-06-23,5,1,2.112,0.0705,0.05
12,SPIKE_OCCUPIED,MEDIUM,False,,OCCUPIED,2026-06-23,6,2026-06-23,6,1,1.323,0.0725,0.05
12,SPIKE_OCCUPIED,MEDIUM,False,,OCCUPIED,2026-06-23,47,2026-06-23,47,1,2.545,0.0865,0.05
12,SPIKE_OCCUPIED,MEDIUM,False,,OCCUPIED,2026-06-24,1,2026-06-24,1,1,3.677,0.085,0.05
12,SPIKE_OCCUPIED,MEDIUM,False,,OCCUPIED,2026-06-24,3,2026-06-24,3,1,3.689,0.082,0.05
12,SPIKE_OCCUPIED,MEDIUM,False,,OCCUPIED,2026-06-24,4,2026-06-24,4,1,3.723,0.073,0.05
12,SPIKE_OCCUPIED,MEDIUM,False,,OCCUPIED,2026-06-24,5,2026-06-24,5,1,3.783,0.065,0.05
12,SPIKE_OCCUPIED,MEDIUM,False,,OCCUPIED,2026-06-24,6,2026-06-24,6,1,3.766,0.065,0.05
12,SPIKE_OCCUPIED,MEDIUM,False,,OCCUPIED,2026-06-24,7,2026-06-24,7,1,2.897,0.069,0.05
12,SPIKE_OCCUPIED,MEDIUM,False,,OCCUPIED,2026-06-24,8,2026-06-24,8,1,0.335,0.061,0.05
12,SPIKE_OCCUPIED,MEDIUM,False,,OCCUPIED,2026-06-24,21,2026-06-24,21,1,0.497,0.074,0.05
12,SPIKE_OCCUPIED,MEDIUM,False,,OCCUPIED,2026-06-24,22,2026-06-24,22,1,0.748,0.085,0.053
12,SPIKE_OCCUPIED,MEDIUM,False,,OCCUPIED,2026-06-25,0,2026-06-25,0,1,0.856,0.086,0.05
12,SPIKE_OCCUPIED,MEDIUM,False,,OCCUPIED,2026-06-25,1,2026-06-25,1,1,0.323,0.076,0.05
12,SPIKE_OCCUPIED,MEDIUM,False,,OCCUPIED,2026-06-25,41,2026-06-25,41,1,0.833,0.1405,0.0725
12,SPIKE_OCCUPIED,MEDIUM,False,,OCCUPIED,2026-06-25,42,2026-06-25,42,1,0.805,0.1335,0.059
12,SPIKE_OCCUPIED,MEDIUM,False,,OCCUPIED,2026-06-25,45,2026-06-25,45,1,0.324,0.1075,0.0535
12,SPIKE_OCCUPIED,MEDIUM,False,,OCCUPIED,2026-06-25,46,2026-06-25,46,1,0.344,0.0965,0.05
12,SPIKE_OCCUPIED,MEDIUM,False,,OCCUPIED,2026-06-27,24,2026-06-27,24,1,0.354,0.07,0.051
12,SPIKE_OCCUPIED,MEDIUM,False,,OCCUPIED,2026-06-28,0,2026-06-28,0,1,0.704,0.089,0.05
12,SPIKE_OCCUPIED,MEDIUM,False,,OCCUPIED,2026-06-28,1,2026-06-28,1,1,0.704,0.082,0.05
12,SPIKE_OCCUPIED,MEDIUM,False,,OCCUPIED,2026-06-28,2,2026-06-28,2,1,0.686,0.075,0.05
12,SPIKE_OCCUPIED,MEDIUM,False,,OCCUPIED,2026-06-28,3,2026-06-28,3,1,0.685,0.069,0.05
12,SPIKE_OCCUPIED,MEDIUM,False,,OCCUPIED,2026-06-28,4,2026-06-28,4,1,0.692,0.067,0.05
12,SPIKE_OCCUPIED,MEDIUM,False,,OCCUPIED,2026-06-28,5,2026-06-28,5,1,0.673,0.069,0.05
12,SPIKE_OCCUPIED,MEDIUM,False,,OCCUPIED,2026-06-28,6,2026-06-28,6,1,0.706,0.068,0.05
12,SPIKE_OCCUPIED,MEDIUM,False,,OCCUPIED,2026-06-28,7,2026-06-28,7,1,0.722,0.066,0.05
12,SPIKE_OCCUPIED,MEDIUM,False,,OCCUPIED,2026-06-28,8,2026-06-28,8,1,0.721,0.066,0.05
12,SPIKE_OCCUPIED,MEDIUM,False,,OCCUPIED,2026-06-28,9,2026-06-28,9,1,0.662,0.059,0.05
12,SPIKE_OCCUPIED,MEDIUM,False,,OCCUPIED,2026-06-28,10,2026-06-28,10,1,0.663,0.06,0.05
12,SPIKE_OCCUPIED,MEDIUM,False,,OCCUPIED,2026-06-28,11,2026-06-28,11,1,0.679,0.059,0.05
12,SPIKE_OCCUPIED,MEDIUM,False,,OCCUPIED,2026-06-28,12,2026-06-28,12,1,0.673,0.057,0.05
12,SPIKE_OCCUPIED,MEDIUM,False,,OCCUPIED,2026-06-28,13,2026-06-28,13,1,0.686,0.064,0.05
12,SPIKE_OCCUPIED,MEDIUM,False,,OCCUPIED,2026-06-28,16,2026-06-28,16,1,0.501,0.076,0.05
12,SPIKE_OCCUPIED,MEDIUM,False,,OCCUPIED,2026-06-28,17,2026-06-28,17,1,0.979,0.096,0.073
12,SPIKE_OCCUPIED,MEDIUM,False,,OCCUPIED,2026-06-28,18,2026-06-28,18,1,1.256,0.092,0.067
12,SPIKE_OCCUPIED,MEDIUM,False,,OCCUPIED,2026-06-28,19,2026-06-28,19,1,0.764,0.098,0.074
12,SPIKE_OCCUPIED,MEDIUM,False,,OCCUPIED,2026-06-28,20,2026-06-28,20,1,1.018,0.11,0.088
12,SPIKE_OCCUPIED,MEDIUM,False,,OCCUPIED,2026-06-28,21,2026-06-28,21,1,0.737,0.118,0.098
12,SPIKE_OCCUPIED,MEDIUM,False,,OCCUPIED,2026-06-28,22,2026-06-28,22,1,0.706,0.116,0.085
12,SPIKE_OCCUPIED,MEDIUM,False,,OCCUPIED,2026-06-28,23,2026-06-28,23,1,0.734,0.106,0.091
12,SPIKE_OCCUPIED,MEDIUM,False,,OCCUPIED,2026-06-28,24,2026-06-28,24,1,0.738,0.128,0.11
12,SPIKE_OCCUPIED,MEDIUM,False,,OCCUPIED,2026-06-28,25,2026-06-28,25,1,0.852,0.118,0.097
12,SPIKE_OCCUPIED,MEDIUM,False,,OCCUPIED,2026-06-28,33,2026-06-28,33,1,0.571,0.122,0.093
12,SPIKE_OCCUPIED,MEDIUM,False,,OCCUPIED,2026-06-28,37,2026-06-28,37,1,0.846,0.198,0.153
12,SPIKE_OCCUPIED,MEDIUM,False,,OCCUPIED,2026-06-28,38,2026-06-28,38,1,0.853,0.2,0.156
12,SPIKE_OCCUPIED,MEDIUM,False,,OCCUPIED,2026-06-28,39,2026-06-28,39,1,0.774,0.157,0.11
12,SPIKE_OCCUPIED,MEDIUM,False,,OCCUPIED,2026-06-28,40,2026-06-28,40,1,0.751,0.158,0.097
12,SPIKE_OCCUPIED,MEDIUM,False,,OCCUPIED,2026-06-28,42,2026-06-28,42,1,0.951,0.131,0.066
12,SPIKE_OCCUPIED,MEDIUM,False,,OCCUPIED,2026-06-28,43,2026-06-28,43,1,1.106,0.127,0.063
12,SPIKE_OCCUPIED,MEDIUM,False,,OCCUPIED,2026-06-28,44,2026-06-28,44,1,0.728,0.124,0.059
12,SPIKE_OCCUPIED,MEDIUM,False,,OCCUPIED,2026-06-28,45,2026-06-28,45,1,0.865,0.113,0.054
12,SPIKE_OCCUPIED,MEDIUM,False,,OCCUPIED,2026-06-28,46,2026-06-28,46,1,0.687,0.1,0.05
12,SPIKE_OCCUPIED,MEDIUM,False,,OCCUPIED,2026-06-28,47,2026-06-28,47,1,0.514,0.088,0.05
12,SPIKE_OCCUPIED,MEDIUM,False,,OCCUPIED,2026-06-29,37,2026-06-29,37,1,0.928,0.18,0.122
12,SPIKE_OCCUPIED,MEDIUM,False,,OCCUPIED,2026-06-30,14,2026-06-30,14,1,0.444,0.09,0.0635
12,SPIKE_OCCUPIED,MEDIUM,False,,OCCUPIED,2026-06-30,33,2026-06-30,33,1,0.396,0.1075,0.0645
12,SPIKE_OCCUPIED,MEDIUM,False,,OCCUPIED,2026-07-01,17,2026-07-01,17,1,1.047,0.093,0.06
12,SPIKE_OCCUPIED,MEDIUM,False,,OCCUPIED,2026-07-01,23,2026-07-01,23,1,0.326,0.069,0.051
12,SPIKE_OCCUPIED,MEDIUM,False,,OCCUPIED,2026-07-01,24,2026-07-01,24,1,0.375,0.076,0.053
12,SPIKE_OCCUPIED,MEDIUM,False,,OCCUPIED,2026-07-01,25,2026-07-01,25,1,0.705,0.081,0.058
12,SPIKE_OCCUPIED,MEDIUM,False,,OCCUPIED,2026-07-01,31,2026-07-01,31,1,0.672,0.098,0.068
12,SPIKE_OCCUPIED,MEDIUM,False,,OCCUPIED,2026-07-01,32,2026-07-01,32,1,0.712,0.106,0.079
12,SPIKE_OCCUPIED,MEDIUM,False,,OCCUPIED,2026-07-01,35,2026-07-01,35,1,0.642,0.161,0.108
12,SPIKE_OCCUPIED,MEDIUM,False,,OCCUPIED,2026-07-04,21,2026-07-04,21,1,0.452,0.088,0.067
12,SPIKE_OCCUPIED,MEDIUM,False,,OCCUPIED,2026-07-04,22,2026-07-04,22,1,0.647,0.08,0.065
12,SPIKE_OCCUPIED,MEDIUM,False,,OCCUPIED,2026-07-05,13,2026-07-05,13,1,0.309,0.064,0.05
12,SPIKE_OCCUPIED,MEDIUM,False,,OCCUPIED,2026-07-05,14,2026-07-05,14,1,0.356,0.069,0.05
12,SPIKE_OCCUPIED,MEDIUM,False,,OCCUPIED,2026-07-06,27,2026-07-06,27,1,0.509,0.108,0.082
12,SPIKE_OCCUPIED,MEDIUM,False,,OCCUPIED,2026-07-07,1,2026-07-07,1,1,0.404,0.073,0.05
12,SPIKE_OCCUPIED,MEDIUM,False,,OCCUPIED,2026-07-07,8,2026-07-07,8,1,0.447,0.0695,0.05
12,SPIKE_OCCUPIED,MEDIUM,False,,OCCUPIED,2026-07-07,9,2026-07-07,9,1,1.014,0.069,0.05
12,SPIKE_OCCUPIED,MEDIUM,False,,OCCUPIED,2026-07-07,10,2026-07-07,10,1,0.502,0.0715,0.05
12,SPIKE_OCCUPIED,MEDIUM,False,,OCCUPIED,2026-07-07,18,2026-07-07,18,1,0.504,0.0875,0.057
12,SPIKE_OCCUPIED,MEDIUM,False,,OCCUPIED,2026-07-08,0,2026-07-08,0,1,0.613,0.087,0.05
12,SPIKE_OCCUPIED,MEDIUM,False,,OCCUPIED,2026-07-08,1,2026-07-08,1,1,0.633,0.085,0.05
12,SPIKE_OCCUPIED,MEDIUM,False,,OCCUPIED,2026-07-08,2,2026-07-08,2,1,0.645,0.078,0.05
12,SPIKE_OCCUPIED,MEDIUM,False,,OCCUPIED,2026-07-08,3,2026-07-08,3,1,0.631,0.082,0.05
12,SPIKE_OCCUPIED,MEDIUM,False,,OCCUPIED,2026-07-08,4,2026-07-08,4,1,0.619,0.073,0.05
12,SPIKE_OCCUPIED,MEDIUM,False,,OCCUPIED,2026-07-08,5,2026-07-08,5,1,0.449,0.065,0.05
12,SPIKE_OCCUPIED,MEDIUM,False,,OCCUPIED,2026-07-08,11,2026-07-08,11,1,0.292,0.071,0.05
12,SPIKE_OCCUPIED,MEDIUM,False,,OCCUPIED,2026-07-08,21,2026-07-08,21,1,0.349,0.074,0.05
12,SPIKE_OCCUPIED,MEDIUM,False,,OCCUPIED,2026-07-08,22,2026-07-08,22,1,0.944,0.085,0.053
12,SPIKE_OCCUPIED,MEDIUM,False,,OCCUPIED,2026-07-08,25,2026-07-08,25,1,1.147,0.081,0.058
12,SPIKE_OCCUPIED,MEDIUM,False,,OCCUPIED,2026-07-08,26,2026-07-08,26,1,0.973,0.078,0.057
12,SPIKE_OCCUPIED,MEDIUM,False,,OCCUPIED,2026-07-08,27,2026-07-08,27,1,0.361,0.072,0.055
12,SPIKE_OCCUPIED,MEDIUM,False,,OCCUPIED,2026-07-08,29,2026-07-08,29,1,0.325,0.077,0.06
12,SPIKE_OCCUPIED,MEDIUM,False,,OCCUPIED,2026-07-08,30,2026-07-08,30,1,0.313,0.079,0.058
12,SPIKE_OCCUPIED,MEDIUM,False,,OCCUPIED,2026-07-08,31,2026-07-08,31,1,0.769,0.098,0.068
12,SPIKE_OCCUPIED,MEDIUM,False,,OCCUPIED,2026-07-08,44,2026-07-08,44,1,0.692,0.119,0.064
12,SPIKE_OCCUPIED,MEDIUM,False,,OCCUPIED,2026-07-08,45,2026-07-08,45,1,1.134,0.105,0.054
12,SPIKE_OCCUPIED,MEDIUM,False,,OCCUPIED,2026-07-08,46,2026-07-08,46,1,1.026,0.101,0.05
12,SPIKE_OCCUPIED,MEDIUM,False,,OCCUPIED,2026-07-08,47,2026-07-08,47,1,0.638,0.096,0.05
12,SPIKE_OCCUPIED,MEDIUM,False,,OCCUPIED,2026-07-09,11,2026-07-09,11,1,0.503,0.0745,0.05
12,SPIKE_OCCUPIED,MEDIUM,False,,OCCUPIED,2026-07-09,12,2026-07-09,12,1,0.7,0.067,0.05
12,SPIKE_OCCUPIED,MEDIUM,False,,OCCUPIED,2026-07-09,13,2026-07-09,13,1,1.026,0.0925,0.0595
12,SPIKE_OCCUPIED,MEDIUM,False,,OCCUPIED,2026-07-09,14,2026-07-09,14,1,0.547,0.102,0.0665
12,SPIKE_OCCUPIED,MEDIUM,False,,OCCUPIED,2026-07-09,39,2026-07-09,39,1,0.966,0.166,0.095
12,SPIKE_OCCUPIED,MEDIUM,False,,OCCUPIED,2026-07-10,9,2026-07-10,9,1,0.444,0.06,0.05
12,SPIKE_OCCUPIED,MEDIUM,False,,OCCUPIED,2026-07-10,10,2026-07-10,10,1,0.573,0.067,0.05
12,SPIKE_OCCUPIED,MEDIUM,False,,OCCUPIED,2026-07-10,11,2026-07-10,11,1,0.388,0.064,0.05
12,SPIKE_OCCUPIED,MEDIUM,False,,OCCUPIED,2026-07-10,12,2026-07-10,12,1,0.427,0.068,0.05
12,SPIKE_OCCUPIED,MEDIUM,False,,OCCUPIED,2026-07-10,13,2026-07-10,13,1,1.229,0.076,0.05
12,SPIKE_OCCUPIED,MEDIUM,False,,OCCUPIED,2026-07-10,14,2026-07-10,14,1,0.3,0.076,0.05
12,SPIKE_OCCUPIED,MEDIUM,False,,OCCUPIED,2026-07-10,32,2026-07-10,32,1,0.401,0.097,0.061
12,SPIKE_OCCUPIED,MEDIUM,False,,OCCUPIED,2026-07-10,33,2026-07-10,33,1,1.178,0.095,0.067
12,SPIKE_OCCUPIED,MEDIUM,False,,OCCUPIED,2026-07-10,34,2026-07-10,34,1,1.471,0.106,0.079
12,SPIKE_OCCUPIED,MEDIUM,False,,OCCUPIED,2026-07-11,15,2026-07-11,15,1,0.895,0.068,0.05
12,SPIKE_OCCUPIED,MEDIUM,False,,OCCUPIED,2026-07-11,33,2026-07-11,33,1,0.974,0.116,0.085
12,SPIKE_OCCUPIED,MEDIUM,False,,OCCUPIED,2026-07-11,34,2026-07-11,34,1,0.522,0.114,0.078
12,SPIKE_OCCUPIED,MEDIUM,False,,OCCUPIED,2026-07-12,0,2026-07-12,0,1,0.784,0.089,0.05
12,SPIKE_OCCUPIED,MEDIUM,False,,OCCUPIED,2026-07-12,1,2026-07-12,1,1,0.429,0.082,0.05
12,SPIKE_OCCUPIED,MEDIUM,False,,OCCUPIED,2026-07-12,2,2026-07-12,2,1,0.433,0.075,0.05
12,SPIKE_OCCUPIED,MEDIUM,False,,OCCUPIED,2026-07-12,3,2026-07-12,3,1,0.401,0.069,0.05
12,SPIKE_OCCUPIED,MEDIUM,False,,OCCUPIED,2026-07-12,4,2026-07-12,4,1,0.43,0.067,0.05
12,SPIKE_OCCUPIED,MEDIUM,False,,OCCUPIED,2026-07-12,5,2026-07-12,5,1,0.393,0.069,0.05
12,SPIKE_OCCUPIED,MEDIUM,False,,OCCUPIED,2026-07-12,6,2026-07-12,6,1,0.418,0.068,0.05
12,SPIKE_OCCUPIED,MEDIUM,False,,OCCUPIED,2026-07-12,7,2026-07-12,7,1,0.395,0.066,0.05
12,SPIKE_OCCUPIED,MEDIUM,False,,OCCUPIED,2026-07-12,8,2026-07-12,8,1,0.41,0.066,0.05
12,SPIKE_OCCUPIED,MEDIUM,False,,OCCUPIED,2026-07-12,9,2026-07-12,9,1,0.483,0.059,0.05
12,SPIKE_OCCUPIED,MEDIUM,False,,OCCUPIED,2026-07-12,10,2026-07-12,10,1,0.517,0.06,0.05
12,SPIKE_OCCUPIED,MEDIUM,False,,OCCUPIED,2026-07-12,11,2026-07-12,11,1,0.6,0.059,0.05
12,SPIKE_OCCUPIED,MEDIUM,False,,OCCUPIED,2026-07-12,12,2026-07-12,12,1,0.507,0.057,0.05
12,SPIKE_OCCUPIED,MEDIUM,False,,OCCUPIED,2026-07-12,13,2026-07-12,13,1,0.37,0.064,0.05
12,SPIKE_OCCUPIED,MEDIUM,False,,OCCUPIED,2026-07-12,19,2026-07-12,19,1,0.474,0.098,0.074
12,SPIKE_OCCUPIED,MEDIUM,False,,OCCUPIED,2026-07-12,20,2026-07-12,20,1,0.932,0.11,0.088
12,SPIKE_OCCUPIED,MEDIUM,False,,OCCUPIED,2026-07-12,21,2026-07-12,21,1,0.916,0.118,0.098
12,SPIKE_OCCUPIED,MEDIUM,False,,OCCUPIED,2026-07-12,22,2026-07-12,22,1,0.958,0.116,0.085
12,SPIKE_OCCUPIED,MEDIUM,False,,OCCUPIED,2026-07-12,23,2026-07-12,23,1,0.998,0.106,0.091
12,SPIKE_OCCUPIED,MEDIUM,False,,OCCUPIED,2026-07-12,24,2026-07-12,24,1,1.017,0.128,0.11
12,SPIKE_OCCUPIED,MEDIUM,False,,OCCUPIED,2026-07-12,25,2026-07-12,25,1,0.933,0.118,0.097
12,SPIKE_OCCUPIED,MEDIUM,False,,OCCUPIED,2026-07-12,26,2026-07-12,26,1,1.318,0.107,0.093
12,SPIKE_OCCUPIED,MEDIUM,False,,OCCUPIED,2026-07-12,27,2026-07-12,27,1,1.703,0.117,0.094
12,SPIKE_OCCUPIED,MEDIUM,False,,OCCUPIED,2026-07-12,28,2026-07-12,28,1,1.365,0.105,0.083
12,SPIKE_OCCUPIED,MEDIUM,False,,OCCUPIED,2026-07-12,29,2026-07-12,29,1,1.858,0.095,0.07
12,SPIKE_OCCUPIED,MEDIUM,False,,OCCUPIED,2026-07-12,30,2026-07-12,30,1,1.771,0.117,0.09
12,SPIKE_OCCUPIED,MEDIUM,False,,OCCUPIED,2026-07-12,31,2026-07-12,31,1,2.605,0.111,0.088
12,SPIKE_OCCUPIED,MEDIUM,False,,OCCUPIED,2026-07-12,32,2026-07-12,32,1,1.521,0.116,0.084
12,SPIKE_OCCUPIED,MEDIUM,False,,OCCUPIED,2026-07-12,33,2026-07-12,33,1,1.494,0.122,0.093
12,SPIKE_OCCUPIED,MEDIUM,False,,OCCUPIED,2026-07-12,34,2026-07-12,34,1,1.599,0.115,0.085
12,SPIKE_OCCUPIED,MEDIUM,False,,OCCUPIED,2026-07-12,35,2026-07-12,35,1,1.559,0.14,0.106
12,SPIKE_OCCUPIED,MEDIUM,False,,OCCUPIED,2026-07-12,36,2026-07-12,36,1,1.578,0.169,0.13
12,SPIKE_OCCUPIED,MEDIUM,False,,OCCUPIED,2026-07-12,37,2026-07-12,37,1,1.118,0.198,0.153
12,SPIKE_OCCUPIED,MEDIUM,False,,OCCUPIED,2026-07-12,38,2026-07-12,38,1,1.172,0.2,0.156
12,SPIKE_OCCUPIED,MEDIUM,False,,OCCUPIED,2026-07-12,39,2026-07-12,39,1,1.19,0.157,0.11
12,SPIKE_OCCUPIED,MEDIUM,False,,OCCUPIED,2026-07-12,40,2026-07-12,40,1,1.024,0.158,0.097
12,SPIKE_OCCUPIED,MEDIUM,False,,OCCUPIED,2026-07-12,41,2026-07-12,41,1,1.063,0.134,0.072
12,SPIKE_OCCUPIED,MEDIUM,False,,OCCUPIED,2026-07-12,42,2026-07-12,42,1,1.039,0.131,0.066
12,SPIKE_OCCUPIED,MEDIUM,False,,OCCUPIED,2026-07-12,43,2026-07-12,43,1,0.955,0.127,0.063
12,SPIKE_OCCUPIED,MEDIUM,False,,OCCUPIED,2026-07-12,44,2026-07-12,44,1,1.045,0.124,0.059
12,SPIKE_OCCUPIED,MEDIUM,False,,OCCUPIED,2026-07-12,45,2026-07-12,45,1,0.46,0.113,0.054
12,SPIKE_OCCUPIED,MEDIUM,False,,OCCUPIED,2026-07-12,46,2026-07-12,46,1,0.341,0.1,0.05
12,SPIKE_OCCUPIED,MEDIUM,False,,OCCUPIED,2026-07-12,47,2026-07-12,47,1,0.316,0.088,0.05
12,SPIKE_OCCUPIED,MEDIUM,False,,OCCUPIED,2026-07-13,0,2026-07-13,0,1,0.354,0.084,0.05
12,SPIKE_OCCUPIED,MEDIUM,False,,OCCUPIED,2026-07-13,1,2026-07-13,1,1,0.357,0.073,0.05
12,SPIKE_OCCUPIED,MEDIUM,False,,OCCUPIED,2026-07-13,2,2026-07-13,2,1,0.354,0.076,0.05
12,SPIKE_OCCUPIED,MEDIUM,False,,OCCUPIED,2026-07-13,3,2026-07-13,3,1,0.356,0.072,0.05
12,SPIKE_OCCUPIED,MEDIUM,False,,OCCUPIED,2026-07-13,4,2026-07-13,4,1,0.357,0.071,0.05
12,SPIKE_OCCUPIED,MEDIUM,False,,OCCUPIED,2026-07-13,5,2026-07-13,5,1,0.347,0.074,0.05
12,SPIKE_OCCUPIED,MEDIUM,False,,OCCUPIED,2026-07-13,6,2026-07-13,6,1,0.364,0.065,0.05
12,SPIKE_OCCUPIED,MEDIUM,False,,OCCUPIED,2026-07-13,7,2026-07-13,7,1,0.352,0.067,0.05
12,SPIKE_OCCUPIED,MEDIUM,False,,OCCUPIED,2026-07-13,8,2026-07-13,8,1,0.363,0.063,0.05
12,SPIKE_OCCUPIED,MEDIUM,False,,OCCUPIED,2026-07-13,9,2026-07-13,9,1,0.35,0.07,0.05
12,SPIKE_OCCUPIED,MEDIUM,False,,OCCUPIED,2026-07-13,10,2026-07-13,10,1,0.365,0.067,0.05
12,SPIKE_OCCUPIED,MEDIUM,False,,OCCUPIED,2026-07-13,11,2026-07-13,11,1,0.341,0.068,0.05
12,SPIKE_OCCUPIED,MEDIUM,False,,OCCUPIED,2026-07-13,12,2026-07-13,12,1,0.286,0.063,0.05
12,SPIKE_OCCUPIED,MEDIUM,False,,OCCUPIED,2026-07-13,46,2026-07-13,46,1,0.339,0.102,0.055
12,SPIKE_OCCUPIED,MEDIUM,False,,OCCUPIED,2026-07-13,47,2026-07-13,47,1,0.343,0.084,0.05
12,SPIKE_OCCUPIED,MEDIUM,False,,OCCUPIED,2026-07-14,0,2026-07-14,0,1,0.344,0.0765,0.05
12,SPIKE_OCCUPIED,MEDIUM,False,,OCCUPIED,2026-07-14,9,2026-07-14,9,1,0.497,0.069,0.05
12,SPIKE_OCCUPIED,MEDIUM,False,,OCCUPIED,2026-07-14,10,2026-07-14,10,1,1.363,0.0715,0.05
12,SPIKE_OCCUPIED,MEDIUM,False,,OCCUPIED,2026-07-14,15,2026-07-14,15,1,0.895,0.1,0.0685
12,SPIKE_OCCUPIED,MEDIUM,False,,OCCUPIED,2026-07-14,16,2026-07-14,16,1,0.745,0.104,0.065
12,SPIKE_OCCUPIED,MEDIUM,False,,OCCUPIED,2026-07-14,17,2026-07-14,17,1,0.434,0.0845,0.0535
12,SPIKE_OCCUPIED,MEDIUM,False,,OCCUPIED,2026-07-14,18,2026-07-14,18,1,0.463,0.0875,0.057
12,SPIKE_OCCUPIED,MEDIUM,False,,OCCUPIED,2026-07-14,19,2026-07-14,19,1,0.474,0.1015,0.072
12,SPIKE_OCCUPIED,MEDIUM,False,,OCCUPIED,2026-07-14,20,2026-07-14,20,1,0.52,0.093,0.0555
12,SPIKE_OCCUPIED,MEDIUM,False,,OCCUPIED,2026-07-14,21,2026-07-14,21,1,0.509,0.0895,0.0555
12,SPIKE_OCCUPIED,MEDIUM,False,,OCCUPIED,2026-07-14,22,2026-07-14,22,1,0.48,0.0815,0.0555
12,SPIKE_OCCUPIED,MEDIUM,False,,OCCUPIED,2026-07-14,23,2026-07-14,23,1,0.569,0.08,0.065
12,SPIKE_OCCUPIED,MEDIUM,False,,OCCUPIED,2026-07-14,24,2026-07-14,24,1,0.551,0.096,0.0705
12,SPIKE_OCCUPIED,MEDIUM,False,,OCCUPIED,2026-07-14,25,2026-07-14,25,1,0.403,0.085,0.0625
12,SPIKE_OCCUPIED,MEDIUM,False,,OCCUPIED,2026-07-14,33,2026-07-14,33,1,0.783,0.1075,0.0645
12,SPIKE_OCCUPIED,MEDIUM,False,,OCCUPIED,2026-07-14,37,2026-07-14,37,1,1.229,0.2005,0.134
12,SPIKE_OCCUPIED,MEDIUM,False,,OCCUPIED,2026-07-14,38,2026-07-14,38,1,0.863,0.1875,0.119
12,SPIKE_OCCUPIED,MEDIUM,False,,OCCUPIED,2026-07-14,39,2026-07-14,39,1,0.795,0.166,0.1095
12,SPIKE_OCCUPIED,MEDIUM,False,,OCCUPIED,2026-07-14,40,2026-07-14,40,1,0.65,0.141,0.1045
12,SPIKE_OCCUPIED,MEDIUM,False,,OCCUPIED,2026-07-14,41,2026-07-14,41,1,0.726,0.1385,0.0735
12,SPIKE_OCCUPIED,MEDIUM,False,,OCCUPIED,2026-07-14,42,2026-07-14,42,1,0.753,0.1435,0.078
12,SPIKE_OCCUPIED,MEDIUM,False,,OCCUPIED,2026-07-14,43,2026-07-14,43,1,0.572,0.1285,0.0595
12,SPIKE_OCCUPIED,MEDIUM,False,,OCCUPIED,2026-07-14,44,2026-07-14,44,1,0.391,0.118,0.056
12,SPIKE_OCCUPIED,MEDIUM,False,,OCCUPIED,2026-07-15,8,2026-07-15,8,1,0.525,0.061,0.05
12,SPIKE_OCCUPIED,MEDIUM,False,,OCCUPIED,2026-07-15,9,2026-07-15,9,1,1.182,0.071,0.05
12,SPIKE_OCCUPIED,MEDIUM,False,,OCCUPIED,2026-07-15,15,2026-07-15,15,1,0.794,0.082,0.052
12,SPIKE_OCCUPIED,MEDIUM,False,,OCCUPIED,2026-07-15,16,2026-07-15,16,1,0.878,0.097,0.062
12,SPIKE_OCCUPIED,MEDIUM,False,,OCCUPIED,2026-07-15,17,2026-07-15,17,1,0.551,0.093,0.06
12,SPIKE_OCCUPIED,MEDIUM,False,,OCCUPIED,2026-07-15,18,2026-07-15,18,1,0.61,0.089,0.053
12,SPIKE_OCCUPIED,MEDIUM,False,,OCCUPIED,2026-07-15,19,2026-07-15,19,1,0.603,0.089,0.059
12,SPIKE_OCCUPIED,MEDIUM,False,,OCCUPIED,2026-07-15,20,2026-07-15,20,1,0.451,0.084,0.051
12,SPIKE_OCCUPIED,MEDIUM,False,,OCCUPIED,2026-07-15,21,2026-07-15,21,1,0.485,0.074,0.05
12,SPIKE_OCCUPIED,MEDIUM,False,,OCCUPIED,2026-07-15,22,2026-07-15,22,1,0.475,0.085,0.053
12,SPIKE_OCCUPIED,MEDIUM,False,,OCCUPIED,2026-07-15,23,2026-07-15,23,1,0.471,0.069,0.051
12,SPIKE_OCCUPIED,MEDIUM,False,,OCCUPIED,2026-07-15,24,2026-07-15,24,1,0.48,0.076,0.053
12,SPIKE_OCCUPIED,MEDIUM,False,,OCCUPIED,2026-07-15,29,2026-07-15,29,1,0.385,0.077,0.06
12,SPIKE_OCCUPIED,MEDIUM,False,,OCCUPIED,2026-07-15,30,2026-07-15,30,1,0.373,0.079,0.058
12,SPIKE_OCCUPIED,MEDIUM,False,,OCCUPIED,2026-07-15,32,2026-07-15,32,1,0.737,0.106,0.079
12,SPIKE_OCCUPIED,MEDIUM,False,,OCCUPIED,2026-07-15,33,2026-07-15,33,1,0.565,0.12,0.089
12,SPIKE_OCCUPIED,MEDIUM,False,,OCCUPIED,2026-07-15,34,2026-07-15,34,1,0.698,0.134,0.1
12,SPIKE_OCCUPIED,MEDIUM,False,,OCCUPIED,2026-07-15,35,2026-07-15,35,1,1.181,0.161,0.108
12,SPIKE_OCCUPIED,MEDIUM,False,,OCCUPIED,2026-07-15,36,2026-07-15,36,1,0.975,0.177,0.124
12,SPIKE_OCCUPIED,MEDIUM,False,,OCCUPIED,2026-07-15,37,2026-07-15,37,1,1.12,0.187,0.135
12,SPIKE_OCCUPIED,MEDIUM,False,,OCCUPIED,2026-07-15,38,2026-07-15,38,1,2.298,0.187,0.129
12,SPIKE_OCCUPIED,MEDIUM,False,,OCCUPIED,2026-07-15,39,2026-07-15,39,1,1.359,0.178,0.12
12,SPIKE_OCCUPIED,MEDIUM,False,,OCCUPIED,2026-07-15,40,2026-07-15,40,1,1.845,0.162,0.103
12,SPIKE_OCCUPIED,MEDIUM,False,,OCCUPIED,2026-07-15,41,2026-07-15,41,1,1.825,0.137,0.073
12,SPIKE_OCCUPIED,MEDIUM,False,,OCCUPIED,2026-07-15,42,2026-07-15,42,1,0.684,0.132,0.077
12,SPIKE_OCCUPIED,MEDIUM,False,,OCCUPIED,2026-07-15,43,2026-07-15,43,1,1.353,0.123,0.058
12,SPIKE_OCCUPIED,MEDIUM,False,,OCCUPIED,2026-07-15,44,2026-07-15,44,1,1.82,0.119,0.064
12,SPIKE_OCCUPIED,MEDIUM,False,,OCCUPIED,2026-07-15,45,2026-07-15,45,1,2.443,0.105,0.054
12,SPIKE_OCCUPIED,MEDIUM,False,,OCCUPIED,2026-07-15,46,2026-07-15,46,1,0.485,0.101,0.05
12,SPIKE_OCCUPIED,MEDIUM,False,,OCCUPIED,2026-07-15,47,2026-07-15,47,1,1.659,0.096,0.05
12,SPIKE_OCCUPIED,MEDIUM,False,,OCCUPIED,2026-07-16,0,2026-07-16,0,1,1.675,0.086,0.05
12,SPIKE_OCCUPIED,MEDIUM,False,,OCCUPIED,2026-07-16,1,2026-07-16,1,1,0.309,0.076,0.05
12,SPIKE_OCCUPIED,MEDIUM,False,,OCCUPIED,2026-07-16,2,2026-07-16,2,1,1.246,0.078,0.05
12,SPIKE_OCCUPIED,MEDIUM,False,,OCCUPIED,2026-07-16,3,2026-07-16,3,1,1.503,0.079,0.05
12,SPIKE_OCCUPIED,MEDIUM,False,,OCCUPIED,2026-07-16,5,2026-07-16,5,1,1.308,0.064,0.05
12,SPIKE_OCCUPIED,MEDIUM,False,,OCCUPIED,2026-07-16,6,2026-07-16,6,1,1.189,0.068,0.05
12,SPIKE_OCCUPIED,MEDIUM,False,,OCCUPIED,2026-07-16,7,2026-07-16,7,1,0.29,0.0635,0.05
12,SPIKE_OCCUPIED,MEDIUM,False,,OCCUPIED,2026-07-16,8,2026-07-16,8,1,1.46,0.061,0.05
12,SPIKE_OCCUPIED,MEDIUM,False,,OCCUPIED,2026-07-16,9,2026-07-16,9,1,0.948,0.0555,0.05
12,SPIKE_OCCUPIED,MEDIUM,False,,OCCUPIED,2026-07-16,10,2026-07-16,10,1,0.526,0.0725,0.05
12,SPIKE_OCCUPIED,MEDIUM,False,,OCCUPIED,2026-07-16,11,2026-07-16,11,1,1.451,0.0745,0.05
12,SPIKE_OCCUPIED,MEDIUM,False,,OCCUPIED,2026-07-16,12,2026-07-16,12,1,0.751,0.067,0.05
12,SPIKE_OCCUPIED,MEDIUM,False,,OCCUPIED,2026-07-16,13,2026-07-16,13,1,0.81,0.0925,0.0595
12,SPIKE_OCCUPIED,MEDIUM,False,,OCCUPIED,2026-07-16,14,2026-07-16,14,1,1.633,0.102,0.0665
12,SPIKE_OCCUPIED,MEDIUM,False,,OCCUPIED,2026-07-16,15,2026-07-16,15,1,0.532,0.089,0.0595
12,SPIKE_OCCUPIED,MEDIUM,False,,OCCUPIED,2026-07-16,16,2026-07-16,16,1,0.608,0.0895,0.0585
12,SPIKE_OCCUPIED,MEDIUM,False,,OCCUPIED,2026-07-16,17,2026-07-16,17,1,1.153,0.092,0.059
12,SPIKE_OCCUPIED,MEDIUM,False,,OCCUPIED,2026-07-16,18,2026-07-16,18,1,0.796,0.0805,0.05
12,SPIKE_OCCUPIED,MEDIUM,False,,OCCUPIED,2026-07-16,19,2026-07-16,19,1,0.584,0.089,0.052
12,SPIKE_OCCUPIED,MEDIUM,False,,OCCUPIED,2026-07-16,20,2026-07-16,20,1,1.111,0.094,0.068
12,SPIKE_OCCUPIED,MEDIUM,False,,OCCUPIED,2026-07-16,21,2026-07-16,21,1,1.802,0.0885,0.055
12,SPIKE_OCCUPIED,MEDIUM,False,,OCCUPIED,2026-07-16,22,2026-07-16,22,1,0.657,0.089,0.056
12,SPIKE_OCCUPIED,MEDIUM,False,,OCCUPIED,2026-07-16,23,2026-07-16,23,1,1.107,0.078,0.0545
12,SPIKE_OCCUPIED,MEDIUM,False,,OCCUPIED,2026-07-16,24,2026-07-16,24,1,0.514,0.08,0.055
12,SPIKE_OCCUPIED,MEDIUM,False,,OCCUPIED,2026-07-16,25,2026-07-16,25,1,0.48,0.0865,0.057
12,SPIKE_OCCUPIED,MEDIUM,False,,OCCUPIED,2026-07-16,28,2026-07-16,28,1,0.701,0.086,0.0605
12,SPIKE_OCCUPIED,MEDIUM,False,,OCCUPIED,2026-07-16,29,2026-07-16,29,1,0.632,0.0875,0.061
12,SPIKE_OCCUPIED,MEDIUM,False,,OCCUPIED,2026-07-16,30,2026-07-16,30,1,0.612,0.0855,0.058
12,SPIKE_OCCUPIED,MEDIUM,False,,OCCUPIED,2026-07-16,31,2026-07-16,31,1,1.08,0.0985,0.0685
12,SPIKE_OCCUPIED,MEDIUM,False,,OCCUPIED,2026-07-16,32,2026-07-16,32,1,0.66,0.116,0.079
12,SPIKE_OCCUPIED,MEDIUM,False,,OCCUPIED,2026-07-16,33,2026-07-16,33,1,0.899,0.123,0.0865
12,SPIKE_OCCUPIED,MEDIUM,False,,OCCUPIED,2026-07-16,34,2026-07-16,34,1,0.7,0.1225,0.084
12,SPIKE_OCCUPIED,MEDIUM,False,,OCCUPIED,2026-07-16,35,2026-07-16,35,1,1.574,0.146,0.1045
12,SPIKE_OCCUPIED,MEDIUM,False,,OCCUPIED,2026-07-16,36,2026-07-16,36,1,0.689,0.147,0.1
12,SPIKE_OCCUPIED,MEDIUM,False,,OCCUPIED,2026-07-16,37,2026-07-16,37,1,0.984,0.1445,0.097
12,SPIKE_OCCUPIED,MEDIUM,False,,OCCUPIED,2026-07-16,38,2026-07-16,38,1,2.109,0.1745,0.104
12,SPIKE_OCCUPIED,MEDIUM,False,,OCCUPIED,2026-07-16,39,2026-07-16,39,1,0.633,0.166,0.095
12,SPIKE_OCCUPIED,MEDIUM,False,,OCCUPIED,2026-07-16,40,2026-07-16,40,1,1.227,0.16,0.088
12,SPIKE_OCCUPIED,MEDIUM,False,,OCCUPIED,2026-07-16,41,2026-07-16,41,1,1.025,0.1405,0.0725
12,SPIKE_OCCUPIED,MEDIUM,False,,OCCUPIED,2026-07-16,43,2026-07-16,43,1,0.818,0.1195,0.05
12,SPIKE_OCCUPIED,MEDIUM,False,,OCCUPIED,2026-07-16,44,2026-07-16,44,1,1.154,0.116,0.064
12,SPIKE_OCCUPIED,MEDIUM,False,,OCCUPIED,2026-07-17,15,2026-07-17,15,1,0.517,0.081,0.05
12,SPIKE_OCCUPIED,MEDIUM,False,,OCCUPIED,2026-07-17,19,2026-07-17,19,1,0.502,0.105,0.068
12,SPIKE_OCCUPIED,MEDIUM,False,,OCCUPIED,2026-07-17,41,2026-07-17,41,1,0.75,0.133,0.074
12,SPIKE_OCCUPIED,MEDIUM,False,,OCCUPIED,2026-07-17,42,2026-07-17,42,1,0.698,0.123,0.065
12,SPIKE_OCCUPIED,MEDIUM,False,,OCCUPIED,2026-07-17,43,2026-07-17,43,1,0.743,0.121,0.058
12,SPIKE_OCCUPIED,MEDIUM,False,,OCCUPIED,2026-07-17,44,2026-07-17,44,1,0.664,0.119,0.053
12,SPIKE_OCCUPIED,MEDIUM,False,,OCCUPIED,2026-07-17,45,2026-07-17,45,1,0.573,0.122,0.068
12,SPIKE_OCCUPIED,MEDIUM,False,,OCCUPIED,2026-07-17,47,2026-07-17,47,1,2.554,0.106,0.062
12,SPIKE_OCCUPIED,MEDIUM,False,,OCCUPIED,2026-07-18,1,2026-07-18,1,1,0.624,0.079,0.05
12,SPIKE_OCCUPIED,MEDIUM,False,,OCCUPIED,2026-07-18,8,2026-07-18,8,1,0.919,0.06,0.05
12,SPIKE_OCCUPIED,MEDIUM,False,,OCCUPIED,2026-07-20,0,2026-07-20,0,1,3.745,0.084,0.05
12,SPIKE_OCCUPIED,MEDIUM,False,,OCCUPIED,2026-07-20,1,2026-07-20,1,1,3.784,0.073,0.05
12,SPIKE_OCCUPIED,MEDIUM,False,,OCCUPIED,2026-07-20,2,2026-07-20,2,1,3.783,0.076,0.05
12,SPIKE_OCCUPIED,MEDIUM,False,,OCCUPIED,2026-07-20,3,2026-07-20,3,1,1.295,0.072,0.05
12,SPIKE_OCCUPIED,MEDIUM,False,,OCCUPIED,2026-07-20,15,2026-07-20,15,1,0.355,0.092,0.059
12,SPIKE_OCCUPIED,MEDIUM,False,,OCCUPIED,2026-07-20,19,2026-07-20,19,1,1.131,0.095,0.059
12,SPIKE_OCCUPIED,MEDIUM,False,,OCCUPIED,2026-07-20,20,2026-07-20,20,1,0.904,0.104,0.067
12,SPIKE_OCCUPIED,MEDIUM,False,,OCCUPIED,2026-07-20,21,2026-07-20,21,1,0.79,0.095,0.064
12,SPIKE_OCCUPIED,MEDIUM,False,,OCCUPIED,2026-07-20,22,2026-07-20,22,1,0.715,0.089,0.064
12,SPIKE_OCCUPIED,MEDIUM,False,,OCCUPIED,2026-07-20,46,2026-07-20,46,1,0.701,0.102,0.055
12,SPIKE_OCCUPIED,MEDIUM,False,,OCCUPIED,2026-07-20,47,2026-07-20,47,1,3.706,0.084,0.05
12,SPIKE_OCCUPIED,MEDIUM,False,,OCCUPIED,2026-07-21,14,2026-07-21,14,1,0.659,0.09,0.0635
12,SPIKE_OCCUPIED,MEDIUM,False,,OCCUPIED,2026-07-21,15,2026-07-21,15,1,0.966,0.1,0.0685
12,SPIKE_OCCUPIED,MEDIUM,False,,OCCUPIED,2026-07-21,17,2026-07-21,17,1,0.487,0.0845,0.0535
12,SPIKE_OCCUPIED,MEDIUM,False,,OCCUPIED,2026-07-21,23,2026-07-21,23,1,0.352,0.08,0.065
12,SPIKE_OCCUPIED,MEDIUM,False,,OCCUPIED,2026-07-21,38,2026-07-21,38,1,0.983,0.1875,0.119
12,SPIKE_OCCUPIED,MEDIUM,False,,OCCUPIED,2026-07-21,45,2026-07-21,45,1,0.44,0.1015,0.05
12,SPIKE_OCCUPIED,MEDIUM,False,,OCCUPIED,2026-07-22,22,2026-07-22,22,1,0.674,0.085,0.053
12,SPIKE_OCCUPIED,MEDIUM,False,,OCCUPIED,2026-07-22,23,2026-07-22,23,1,0.608,0.069,0.051
12,SPIKE_OCCUPIED,MEDIUM,False,,OCCUPIED,2026-07-22,24,2026-07-22,24,1,0.473,0.076,0.053
12,SPIKE_OCCUPIED,MEDIUM,False,,OCCUPIED,2026-07-22,40,2026-07-22,40,1,0.704,0.162,0.103
12,SPIKE_OCCUPIED,MEDIUM,False,,OCCUPIED,2026-07-22,41,2026-07-22,41,1,0.547,0.137,0.073
12,SPIKE_OCCUPIED,MEDIUM,False,,OCCUPIED,2026-07-22,44,2026-07-22,44,1,0.683,0.119,0.064
12,SPIKE_OCCUPIED,MEDIUM,False,,OCCUPIED,2026-07-22,45,2026-07-22,45,1,0.658,0.105,0.054
12,SPIKE_OCCUPIED,MEDIUM,False,,OCCUPIED,2026-07-22,46,2026-07-22,46,1,0.462,0.101,0.05
12,SPIKE_OCCUPIED,MEDIUM,False,,OCCUPIED,2026-07-23,0,2026-07-23,0,1,0.357,0.086,0.05
12,SPIKE_OCCUPIED,MEDIUM,False,,OCCUPIED,2026-07-23,1,2026-07-23,1,1,0.407,0.076,0.05
12,SPIKE_OCCUPIED,MEDIUM,False,,OCCUPIED,2026-07-23,23,2026-07-23,23,1,0.311,0.078,0.0545
12,SPIKE_OCCUPIED,MEDIUM,False,,OCCUPIED,2026-07-23,24,2026-07-23,24,1,0.416,0.08,0.055
12,SPIKE_OCCUPIED,MEDIUM,False,,OCCUPIED,2026-07-23,45,2026-07-23,45,1,0.534,0.1075,0.0535
12,SPIKE_OCCUPIED,MEDIUM,False,,OCCUPIED,2026-07-23,46,2026-07-23,46,1,0.441,0.0965,0.05
12,SPIKE_OCCUPIED,MEDIUM,False,,OCCUPIED,2026-07-25,3,2026-07-25,3,1,0.449,0.066,0.05
12,SPIKE_OCCUPIED,MEDIUM,False,,OCCUPIED,2026-07-25,4,2026-07-25,4,1,1.023,0.063,0.05
12,SPIKE_OCCUPIED,MEDIUM,False,,OCCUPIED,2026-07-25,9,2026-07-25,9,1,0.555,0.062,0.05
12,SPIKE_OCCUPIED,MEDIUM,False,,OCCUPIED,2026-07-25,10,2026-07-25,10,1,0.776,0.056,0.05
12,SPIKE_OCCUPIED,MEDIUM,False,,OCCUPIED,2026-07-25,15,2026-07-25,15,1,0.927,0.068,0.05
12,SPIKE_OCCUPIED,MEDIUM,False,,OCCUPIED,2026-07-25,16,2026-07-25,16,1,0.492,0.085,0.062
12,SPIKE_OCCUPIED,MEDIUM,False,,OCCUPIED,2026-07-25,32,2026-07-25,32,1,0.665,0.103,0.071
12,SPIKE_OCCUPIED,MEDIUM,False,,OCCUPIED,2026-07-25,33,2026-07-25,33,1,0.586,0.116,0.085
12,SPIKE_OCCUPIED,MEDIUM,False,,OCCUPIED,2026-07-25,39,2026-07-25,39,1,1.032,0.157,0.097
12,SPIKE_OCCUPIED,MEDIUM,False,,OCCUPIED,2026-07-25,44,2026-07-25,44,1,0.473,0.117,0.05
12,SPIKE_OCCUPIED,MEDIUM,False,,OCCUPIED,2026-07-25,45,2026-07-25,45,1,0.815,0.104,0.05
13,FLATLINE,HIGH,True,vacancy,VACANT,2026-06-09,13,2026-06-09,46,34,0.0013,0.092,0.058
13,FLATLINE,HIGH,True,vacancy,VACANT,2026-06-19,15,2026-06-19,38,24,0.0003,0.113,0.08
13,FLATLINE,HIGH,True,vacancy,VACANT,2026-06-21,11,2026-06-21,20,10,0.0009,0.068,0.05
13,FLATLINE,HIGH,True,vacancy,VACANT,2026-06-21,25,2026-06-21,34,10,0.0008,0.128,0.1035
13,FLATLINE,HIGH,True,vacancy,VACANT,2026-06-27,16,2026-06-27,47,32,0.0057,0.105,0.074
13,FLATLINE,HIGH,True,vacancy,VACANT,2026-06-30,10,2026-06-30,44,35,0.0001,0.076,0.05
13,FLATLINE,HIGH,True,vacancy,VACANT,2026-07-05,11,2026-07-05,17,7,0.0046,0.068,0.05
13,FLATLINE,HIGH,True,vacancy,VACANT,2026-07-05,19,2026-07-05,24,6,0.0015,0.124,0.0925
13,FLATLINE,HIGH,True,vacancy,VACANT,2026-07-05,26,2026-07-05,33,8,0.0004,0.14,0.1065
13,FLATLINE,HIGH,True,vacancy,VACANT,2026-07-17,24,2026-07-17,37,14,0.0007,0.08,0.054
13,FLATLINE,HIGH,True,vacancy,VACANT,2026-07-19,17,2026-07-19,31,15,0.0013,0.1415,0.1035
13,FLATLINE,HIGH,True,vacancy,VACANT,2026-07-20,16,2026-07-20,47,32,0.0005,0.1045,0.074
13,FLATLINE,HIGH,True,vacancy,VACANT,2026-07-22,11,2026-07-22,16,6,0.0022,0.0845,0.05
13,FLATLINE,HIGH,True,vacancy,VACANT,2026-07-22,19,2026-07-22,36,18,0.0007,0.1035,0.074
13,FLATLINE,HIGH,True,vacancy,VACANT,2026-07-23,12,2026-07-23,40,29,0.0002,0.069,0.05
13,FLATLINE,HIGH,True,vacancy,VACANT,2026-07-25,20,2026-07-25,36,17,0.0002,0.124,0.094
13,SPIKE_OCCUPIED,MEDIUM,False,,OCCUPIED,2026-06-01,39,2026-06-01,39,1,0.814,0.1865,0.132
13,SPIKE_OCCUPIED,MEDIUM,False,,OCCUPIED,2026-06-03,31,2026-06-03,31,1,0.449,0.103,0.069
13,SPIKE_OCCUPIED,MEDIUM,False,,OCCUPIED,2026-06-05,10,2026-06-05,10,1,0.291,0.072,0.05
13,SPIKE_OCCUPIED,MEDIUM,False,,OCCUPIED,2026-06-05,12,2026-06-05,12,1,0.551,0.075,0.05
13,SPIKE_OCCUPIED,MEDIUM,False,,OCCUPIED,2026-06-05,13,2026-06-05,13,1,0.392,0.088,0.052
13,SPIKE_OCCUPIED,MEDIUM,False,,OCCUPIED,2026-06-05,14,2026-06-05,14,1,0.359,0.087,0.059
13,SPIKE_OCCUPIED,MEDIUM,False,,OCCUPIED,2026-06-05,17,2026-06-05,17,1,0.555,0.105,0.078
13,SPIKE_OCCUPIED,MEDIUM,False,,OCCUPIED,2026-06-06,0,2026-06-06,0,1,0.484,0.094,0.054
13,SPIKE_OCCUPIED,MEDIUM,False,,OCCUPIED,2026-06-06,1,2026-06-06,1,1,0.335,0.088,0.052
13,SPIKE_OCCUPIED,MEDIUM,False,,OCCUPIED,2026-06-06,8,2026-06-06,8,1,0.374,0.077,0.05
13,SPIKE_OCCUPIED,MEDIUM,False,,OCCUPIED,2026-06-06,9,2026-06-06,9,1,0.273,0.07,0.05
13,SPIKE_OCCUPIED,MEDIUM,False,,OCCUPIED,2026-06-07,4,2026-06-07,4,1,0.541,0.0785,0.05
13,SPIKE_OCCUPIED,MEDIUM,False,,OCCUPIED,2026-06-07,5,2026-06-07,5,1,0.406,0.079,0.05
13,SPIKE_OCCUPIED,MEDIUM,False,,OCCUPIED,2026-06-07,7,2026-06-07,7,1,0.369,0.082,0.052
13,SPIKE_OCCUPIED,MEDIUM,False,,OCCUPIED,2026-06-07,8,2026-06-07,8,1,0.378,0.072,0.05
13,SPIKE_OCCUPIED,MEDIUM,False,,OCCUPIED,2026-06-09,0,2026-06-09,0,1,1.957,0.091,0.053
13,SPIKE_OCCUPIED,MEDIUM,False,,OCCUPIED,2026-06-09,1,2026-06-09,1,1,1.96,0.09,0.053
13,SPIKE_OCCUPIED,MEDIUM,False,,OCCUPIED,2026-06-09,2,2026-06-09,2,1,1.958,0.078,0.05
13,SPIKE_OCCUPIED,MEDIUM,False,,OCCUPIED,2026-06-09,3,2026-06-09,3,1,1.681,0.081,0.05
13,SPIKE_OCCUPIED,MEDIUM,False,,OCCUPIED,2026-06-09,7,2026-06-09,7,1,1.681,0.076,0.05
13,SPIKE_OCCUPIED,MEDIUM,False,,OCCUPIED,2026-06-09,8,2026-06-09,8,1,0.789,0.07,0.05
13,SPIKE_OCCUPIED,MEDIUM,False,,OCCUPIED,2026-06-09,9,2026-06-09,9,1,0.737,0.079,0.05
13,SPIKE_OCCUPIED,MEDIUM,False,,OCCUPIED,2026-06-09,10,2026-06-09,10,1,0.693,0.076,0.05
13,SPIKE_OCCUPIED,MEDIUM,False,,OCCUPIED,2026-06-09,47,2026-06-09,47,1,2.824,0.106,0.065
13,SPIKE_OCCUPIED,MEDIUM,False,,OCCUPIED,2026-06-10,0,2026-06-10,0,1,0.327,0.0905,0.05
13,SPIKE_OCCUPIED,MEDIUM,False,,OCCUPIED,2026-06-10,19,2026-06-10,19,1,0.422,0.1035,0.074
13,SPIKE_OCCUPIED,MEDIUM,False,,OCCUPIED,2026-06-10,25,2026-06-10,25,1,0.799,0.106,0.0695
13,SPIKE_OCCUPIED,MEDIUM,False,,OCCUPIED,2026-06-10,27,2026-06-10,27,1,0.542,0.0995,0.067
13,SPIKE_OCCUPIED,MEDIUM,False,,OCCUPIED,2026-06-13,10,2026-06-13,10,1,0.59,0.071,0.05
13,SPIKE_OCCUPIED,MEDIUM,False,,OCCUPIED,2026-06-13,14,2026-06-13,14,1,1.084,0.099,0.065
13,SPIKE_OCCUPIED,MEDIUM,False,,OCCUPIED,2026-06-13,15,2026-06-13,15,1,0.483,0.106,0.074
13,SPIKE_OCCUPIED,MEDIUM,False,,OCCUPIED,2026-06-13,41,2026-06-13,41,1,0.631,0.126,0.091
13,SPIKE_OCCUPIED,MEDIUM,False,,OCCUPIED,2026-06-14,19,2026-06-14,19,1,0.513,0.124,0.0925
13,SPIKE_OCCUPIED,MEDIUM,False,,OCCUPIED,2026-06-14,20,2026-06-14,20,1,0.66,0.117,0.089
13,SPIKE_OCCUPIED,MEDIUM,False,,OCCUPIED,2026-06-14,21,2026-06-14,21,1,0.887,0.125,0.093
13,SPIKE_OCCUPIED,MEDIUM,False,,OCCUPIED,2026-06-14,22,2026-06-14,22,1,0.66,0.1305,0.1005
13,SPIKE_OCCUPIED,MEDIUM,False,,OCCUPIED,2026-06-14,24,2026-06-14,24,1,1.049,0.1295,0.1025
13,SPIKE_OCCUPIED,MEDIUM,False,,OCCUPIED,2026-06-14,26,2026-06-14,26,1,0.648,0.14,0.1065
13,SPIKE_OCCUPIED,MEDIUM,False,,OCCUPIED,2026-06-16,0,2026-06-16,0,1,1.721,0.091,0.053
13,SPIKE_OCCUPIED,MEDIUM,False,,OCCUPIED,2026-06-16,1,2026-06-16,1,1,2.192,0.09,0.053
13,SPIKE_OCCUPIED,MEDIUM,False,,OCCUPIED,2026-06-16,2,2026-06-16,2,1,2.041,0.078,0.05
13,SPIKE_OCCUPIED,MEDIUM,False,,OCCUPIED,2026-06-16,3,2026-06-16,3,1,2.013,0.081,0.05
13,SPIKE_OCCUPIED,MEDIUM,False,,OCCUPIED,2026-06-16,4,2026-06-16,4,1,1.633,0.08,0.05
13,SPIKE_OCCUPIED,MEDIUM,False,,OCCUPIED,2026-06-16,5,2026-06-16,5,1,1.804,0.075,0.05
13,SPIKE_OCCUPIED,MEDIUM,False,,OCCUPIED,2026-06-16,6,2026-06-16,6,1,2.025,0.074,0.05
13,SPIKE_OCCUPIED,MEDIUM,False,,OCCUPIED,2026-06-16,7,2026-06-16,7,1,1.794,0.076,0.05
13,SPIKE_OCCUPIED,MEDIUM,False,,OCCUPIED,2026-06-16,8,2026-06-16,8,1,1.8,0.07,0.05
13,SPIKE_OCCUPIED,MEDIUM,False,,OCCUPIED,2026-06-16,9,2026-06-16,9,1,3.061,0.079,0.05
13,SPIKE_OCCUPIED,MEDIUM,False,,OCCUPIED,2026-06-16,10,2026-06-16,10,1,3.437,0.076,0.05
13,SPIKE_OCCUPIED,MEDIUM,False,,OCCUPIED,2026-06-16,11,2026-06-16,11,1,4.85,0.074,0.05
13,SPIKE_OCCUPIED,MEDIUM,False,,OCCUPIED,2026-06-16,12,2026-06-16,12,1,5.066,0.093,0.057
13,SPIKE_OCCUPIED,MEDIUM,False,,OCCUPIED,2026-06-16,13,2026-06-16,13,1,5.922,0.092,0.058
13,SPIKE_OCCUPIED,MEDIUM,False,,OCCUPIED,2026-06-16,14,2026-06-16,14,1,8.564,0.099,0.067
13,SPIKE_OCCUPIED,MEDIUM,False,,OCCUPIED,2026-06-16,15,2026-06-16,15,1,11.988,0.111,0.074
13,SPIKE_OCCUPIED,MEDIUM,False,,OCCUPIED,2026-06-16,16,2026-06-16,16,1,11.852,0.112,0.071
13,SPIKE_OCCUPIED,MEDIUM,False,,OCCUPIED,2026-06-16,17,2026-06-16,17,1,13.645,0.104,0.073
13,SPIKE_OCCUPIED,MEDIUM,False,,OCCUPIED,2026-06-16,18,2026-06-16,18,1,9.235,0.098,0.065
13,SPIKE_OCCUPIED,MEDIUM,False,,OCCUPIED,2026-06-16,19,2026-06-16,19,1,12.878,0.089,0.064
13,SPIKE_OCCUPIED,MEDIUM,False,,OCCUPIED,2026-06-16,20,2026-06-16,20,1,10.486,0.101,0.073
13,SPIKE_OCCUPIED,MEDIUM,False,,OCCUPIED,2026-06-16,21,2026-06-16,21,1,12.792,0.095,0.064
13,SPIKE_OCCUPIED,MEDIUM,False,,OCCUPIED,2026-06-16,22,2026-06-16,22,1,12.115,0.096,0.064
13,SPIKE_OCCUPIED,MEDIUM,False,,OCCUPIED,2026-06-16,23,2026-06-16,23,1,12.834,0.09,0.066
13,SPIKE_OCCUPIED,MEDIUM,False,,OCCUPIED,2026-06-16,24,2026-06-16,24,1,10.211,0.089,0.064
13,SPIKE_OCCUPIED,MEDIUM,False,,OCCUPIED,2026-06-16,25,2026-06-16,25,1,10.901,0.093,0.069
13,SPIKE_OCCUPIED,MEDIUM,False,,OCCUPIED,2026-06-16,26,2026-06-16,26,1,11.154,0.093,0.056
13,SPIKE_OCCUPIED,MEDIUM,False,,OCCUPIED,2026-06-16,27,2026-06-16,27,1,10.509,0.093,0.066
13,SPIKE_OCCUPIED,MEDIUM,False,,OCCUPIED,2026-06-16,28,2026-06-16,28,1,10.088,0.098,0.066
13,SPIKE_OCCUPIED,MEDIUM,False,,OCCUPIED,2026-06-16,29,2026-06-16,29,1,9.094,0.098,0.066
13,SPIKE_OCCUPIED,MEDIUM,False,,OCCUPIED,2026-06-16,30,2026-06-16,30,1,9.998,0.105,0.073
13,SPIKE_OCCUPIED,MEDIUM,False,,OCCUPIED,2026-06-16,31,2026-06-16,31,1,9.396,0.107,0.08
13,SPIKE_OCCUPIED,MEDIUM,False,,OCCUPIED,2026-06-16,32,2026-06-16,32,1,8.819,0.112,0.075
13,SPIKE_OCCUPIED,MEDIUM,False,,OCCUPIED,2026-06-16,33,2026-06-16,33,1,9.189,0.107,0.075
13,SPIKE_OCCUPIED,MEDIUM,False,,OCCUPIED,2026-06-16,34,2026-06-16,34,1,8.973,0.153,0.118
13,SPIKE_OCCUPIED,MEDIUM,False,,OCCUPIED,2026-06-16,35,2026-06-16,35,1,7.504,0.164,0.127
13,SPIKE_OCCUPIED,MEDIUM,False,,OCCUPIED,2026-06-16,36,2026-06-16,36,1,7.127,0.156,0.128
13,SPIKE_OCCUPIED,MEDIUM,False,,OCCUPIED,2026-06-16,37,2026-06-16,37,1,6.914,0.181,0.152
13,SPIKE_OCCUPIED,MEDIUM,False,,OCCUPIED,2026-06-16,38,2026-06-16,38,1,6.912,0.209,0.182
13,SPIKE_OCCUPIED,MEDIUM,False,,OCCUPIED,2026-06-16,39,2026-06-16,39,1,7.443,0.222,0.165
13,SPIKE_OCCUPIED,MEDIUM,False,,OCCUPIED,2026-06-16,40,2026-06-16,40,1,6.687,0.214,0.151
13,SPIKE_OCCUPIED,MEDIUM,False,,OCCUPIED,2026-06-16,41,2026-06-16,41,1,5.836,0.177,0.131
13,SPIKE_OCCUPIED,MEDIUM,False,,OCCUPIED,2026-06-16,42,2026-06-16,42,1,4.999,0.155,0.108
13,SPIKE_OCCUPIED,MEDIUM,False,,OCCUPIED,2026-06-16,43,2026-06-16,43,1,2.884,0.129,0.077
13,SPIKE_OCCUPIED,MEDIUM,False,,OCCUPIED,2026-06-16,44,2026-06-16,44,1,2.582,0.117,0.071
13,SPIKE_OCCUPIED,MEDIUM,False,,OCCUPIED,2026-06-16,45,2026-06-16,45,1,2.448,0.126,0.079
13,SPIKE_OCCUPIED,MEDIUM,False,,OCCUPIED,2026-06-16,46,2026-06-16,46,1,2.644,0.107,0.064
13,SPIKE_OCCUPIED,MEDIUM,False,,OCCUPIED,2026-06-16,47,2026-06-16,47,1,2.622,0.106,0.065
13,SPIKE_OCCUPIED,MEDIUM,False,,OCCUPIED,2026-06-17,0,2026-06-17,0,1,0.504,0.0905,0.05
13,SPIKE_OCCUPIED,MEDIUM,False,,OCCUPIED,2026-06-17,1,2026-06-17,1,1,0.496,0.087,0.0515
13,SPIKE_OCCUPIED,MEDIUM,False,,OCCUPIED,2026-06-17,2,2026-06-17,2,1,0.9,0.082,0.051
13,SPIKE_OCCUPIED,MEDIUM,False,,OCCUPIED,2026-06-17,3,2026-06-17,3,1,0.514,0.082,0.052
13,SPIKE_OCCUPIED,MEDIUM,False,,OCCUPIED,2026-06-17,4,2026-06-17,4,1,0.505,0.076,0.05
13,SPIKE_OCCUPIED,MEDIUM,False,,OCCUPIED,2026-06-17,5,2026-06-17,5,1,0.879,0.065,0.05
13,SPIKE_OCCUPIED,MEDIUM,False,,OCCUPIED,2026-06-17,6,2026-06-17,6,1,0.432,0.065,0.05
13,SPIKE_OCCUPIED,MEDIUM,False,,OCCUPIED,2026-06-17,7,2026-06-17,7,1,0.451,0.072,0.05
13,SPIKE_OCCUPIED,MEDIUM,False,,OCCUPIED,2026-06-17,8,2026-06-17,8,1,0.452,0.072,0.05
13,SPIKE_OCCUPIED,MEDIUM,False,,OCCUPIED,2026-06-17,9,2026-06-17,9,1,0.414,0.07,0.05
13,SPIKE_OCCUPIED,MEDIUM,False,,OCCUPIED,2026-06-17,11,2026-06-17,11,1,0.369,0.0845,0.05
13,SPIKE_OCCUPIED,MEDIUM,False,,OCCUPIED,2026-06-18,3,2026-06-18,3,1,0.541,0.085,0.056
13,SPIKE_OCCUPIED,MEDIUM,False,,OCCUPIED,2026-06-18,7,2026-06-18,7,1,0.626,0.0625,0.05
13,SPIKE_OCCUPIED,MEDIUM,False,,OCCUPIED,2026-06-18,17,2026-06-18,17,1,0.651,0.093,0.0685
13,SPIKE_OCCUPIED,MEDIUM,False,,OCCUPIED,2026-06-18,18,2026-06-18,18,1,0.478,0.095,0.067
13,SPIKE_OCCUPIED,MEDIUM,False,,OCCUPIED,2026-06-18,43,2026-06-18,43,1,0.554,0.12,0.0725
13,SPIKE_OCCUPIED,MEDIUM,False,,OCCUPIED,2026-06-18,46,2026-06-18,46,1,0.436,0.105,0.0645
13,SPIKE_OCCUPIED,MEDIUM,False,,OCCUPIED,2026-06-20,31,2026-06-20,31,1,0.603,0.118,0.081
13,SPIKE_OCCUPIED,MEDIUM,False,,OCCUPIED,2026-06-22,2,2026-06-22,2,1,0.363,0.088,0.056
13,SPIKE_OCCUPIED,MEDIUM,False,,OCCUPIED,2026-06-23,22,2026-06-23,22,1,0.387,0.096,0.064
13,SPIKE_OCCUPIED,MEDIUM,False,,OCCUPIED,2026-06-24,0,2026-06-24,0,1,0.496,0.0905,0.05
13,SPIKE_OCCUPIED,MEDIUM,False,,OCCUPIED,2026-06-24,1,2026-06-24,1,1,0.473,0.087,0.0515
13,SPIKE_OCCUPIED,MEDIUM,False,,OCCUPIED,2026-06-24,2,2026-06-24,2,1,0.407,0.082,0.051
13,SPIKE_OCCUPIED,MEDIUM,False,,OCCUPIED,2026-06-24,27,2026-06-24,27,1,0.588,0.0995,0.067
13,SPIKE_OCCUPIED,MEDIUM,False,,OCCUPIED,2026-06-24,28,2026-06-24,28,1,0.678,0.101,0.062
13,SPIKE_OCCUPIED,MEDIUM,False,,OCCUPIED,2026-06-24,29,2026-06-24,29,1,0.591,0.1045,0.065
13,SPIKE_OCCUPIED,MEDIUM,False,,OCCUPIED,2026-06-24,30,2026-06-24,30,1,0.595,0.1015,0.067
13,SPIKE_OCCUPIED,MEDIUM,False,,OCCUPIED,2026-06-24,31,2026-06-24,31,1,0.59,0.103,0.069
13,SPIKE_OCCUPIED,MEDIUM,False,,OCCUPIED,2026-06-24,32,2026-06-24,32,1,0.534,0.12,0.072
13,SPIKE_OCCUPIED,MEDIUM,False,,OCCUPIED,2026-06-24,33,2026-06-24,33,1,0.602,0.1375,0.094
13,SPIKE_OCCUPIED,MEDIUM,False,,OCCUPIED,2026-06-24,37,2026-06-24,37,1,0.981,0.1805,0.129
13,SPIKE_OCCUPIED,MEDIUM,False,,OCCUPIED,2026-06-24,46,2026-06-24,46,1,0.503,0.1,0.062
13,SPIKE_OCCUPIED,MEDIUM,False,,OCCUPIED,2026-06-24,47,2026-06-24,47,1,0.475,0.091,0.054
13,SPIKE_OCCUPIED,MEDIUM,False,,OCCUPIED,2026-06-25,44,2026-06-25,44,1,0.485,0.12,0.074
13,SPIKE_OCCUPIED,MEDIUM,False,,OCCUPIED,2026-06-25,45,2026-06-25,45,1,1.049,0.112,0.0635
13,SPIKE_OCCUPIED,MEDIUM,False,,OCCUPIED,2026-06-25,46,2026-06-25,46,1,0.747,0.105,0.0645
13,SPIKE_OCCUPIED,MEDIUM,False,,OCCUPIED,2026-06-26,13,2026-06-26,13,1,0.466,0.088,0.052
13,SPIKE_OCCUPIED,MEDIUM,False,,OCCUPIED,2026-06-26,14,2026-06-26,14,1,0.763,0.087,0.059
13,SPIKE_OCCUPIED,MEDIUM,False,,OCCUPIED,2026-06-26,15,2026-06-26,15,1,0.786,0.113,0.08
13,SPIKE_OCCUPIED,MEDIUM,False,,OCCUPIED,2026-06-26,16,2026-06-26,16,1,0.94,0.102,0.078
13,SPIKE_OCCUPIED,MEDIUM,False,,OCCUPIED,2026-06-26,17,2026-06-26,17,1,0.946,0.105,0.078
13,SPIKE_OCCUPIED,MEDIUM,False,,OCCUPIED,2026-06-26,18,2026-06-26,18,1,0.797,0.11,0.079
13,SPIKE_OCCUPIED,MEDIUM,False,,OCCUPIED,2026-06-26,19,2026-06-26,19,1,1.065,0.101,0.076
13,SPIKE_OCCUPIED,MEDIUM,False,,OCCUPIED,2026-06-26,20,2026-06-26,20,1,0.839,0.1,0.065
13,SPIKE_OCCUPIED,MEDIUM,False,,OCCUPIED,2026-06-26,23,2026-06-26,23,1,0.67,0.092,0.064
13,SPIKE_OCCUPIED,MEDIUM,False,,OCCUPIED,2026-06-26,25,2026-06-26,25,1,0.796,0.092,0.07
13,SPIKE_OCCUPIED,MEDIUM,False,,OCCUPIED,2026-06-26,26,2026-06-26,26,1,0.812,0.091,0.073
13,SPIKE_OCCUPIED,MEDIUM,False,,OCCUPIED,2026-06-26,38,2026-06-26,38,1,0.82,0.173,0.122
13,SPIKE_OCCUPIED,MEDIUM,False,,OCCUPIED,2026-06-26,39,2026-06-26,39,1,0.923,0.174,0.108
13,SPIKE_OCCUPIED,MEDIUM,False,,OCCUPIED,2026-06-26,40,2026-06-26,40,1,0.999,0.166,0.108
13,SPIKE_OCCUPIED,MEDIUM,False,,OCCUPIED,2026-06-26,41,2026-06-26,41,1,1.071,0.148,0.095
13,SPIKE_OCCUPIED,MEDIUM,False,,OCCUPIED,2026-06-26,42,2026-06-26,42,1,0.999,0.134,0.081
13,SPIKE_OCCUPIED,MEDIUM,False,,OCCUPIED,2026-06-26,43,2026-06-26,43,1,1.031,0.136,0.081
13,SPIKE_OCCUPIED,MEDIUM,False,,OCCUPIED,2026-06-26,44,2026-06-26,44,1,0.943,0.118,0.074
13,SPIKE_OCCUPIED,MEDIUM,False,,OCCUPIED,2026-06-26,45,2026-06-26,45,1,0.405,0.105,0.072
13,SPIKE_OCCUPIED,MEDIUM,False,,OCCUPIED,2026-06-27,2,2026-06-27,2,1,0.581,0.092,0.052
13,SPIKE_OCCUPIED,MEDIUM,False,,OCCUPIED,2026-06-28,14,2026-06-28,14,1,0.391,0.0985,0.0705
13,SPIKE_OCCUPIED,MEDIUM,False,,OCCUPIED,2026-06-28,23,2026-06-28,23,1,0.76,0.141,0.1025
13,SPIKE_OCCUPIED,MEDIUM,False,,OCCUPIED,2026-06-28,25,2026-06-28,25,1,0.748,0.128,0.1035
13,SPIKE_OCCUPIED,MEDIUM,False,,OCCUPIED,2026-06-28,26,2026-06-28,26,1,1.422,0.14,0.1065
13,SPIKE_OCCUPIED,MEDIUM,False,,OCCUPIED,2026-06-29,0,2026-06-29,0,1,0.741,0.0985,0.0605
13,SPIKE_OCCUPIED,MEDIUM,False,,OCCUPIED,2026-06-29,2,2026-06-29,2,1,0.754,0.088,0.056
13,SPIKE_OCCUPIED,MEDIUM,False,,OCCUPIED,2026-06-29,4,2026-06-29,4,1,0.735,0.084,0.0535
13,SPIKE_OCCUPIED,MEDIUM,False,,OCCUPIED,2026-06-29,5,2026-06-29,5,1,0.744,0.086,0.057
13,SPIKE_OCCUPIED,MEDIUM,False,,OCCUPIED,2026-06-29,6,2026-06-29,6,1,0.766,0.0785,0.05
13,SPIKE_OCCUPIED,MEDIUM,False,,OCCUPIED,2026-06-29,7,2026-06-29,7,1,0.77,0.083,0.0535
13,SPIKE_OCCUPIED,MEDIUM,False,,OCCUPIED,2026-06-29,8,2026-06-29,8,1,0.762,0.0895,0.057
13,SPIKE_OCCUPIED,MEDIUM,False,,OCCUPIED,2026-06-29,9,2026-06-29,9,1,0.756,0.085,0.05
13,SPIKE_OCCUPIED,MEDIUM,False,,OCCUPIED,2026-06-29,10,2026-06-29,10,1,0.749,0.0695,0.05
13,SPIKE_OCCUPIED,MEDIUM,False,,OCCUPIED,2026-06-29,12,2026-06-29,12,1,1.017,0.0755,0.0505
13,SPIKE_OCCUPIED,MEDIUM,False,,OCCUPIED,2026-06-29,13,2026-06-29,13,1,0.832,0.096,0.0625
13,SPIKE_OCCUPIED,MEDIUM,False,,OCCUPIED,2026-06-29,43,2026-06-29,43,1,0.51,0.147,0.085
13,SPIKE_OCCUPIED,MEDIUM,False,,OCCUPIED,2026-06-29,45,2026-06-29,45,1,0.604,0.1395,0.081
13,SPIKE_OCCUPIED,MEDIUM,False,,OCCUPIED,2026-06-30,0,2026-06-30,0,1,4.947,0.091,0.053
13,SPIKE_OCCUPIED,MEDIUM,False,,OCCUPIED,2026-06-30,1,2026-06-30,1,1,5.052,0.09,0.053
13,SPIKE_OCCUPIED,MEDIUM,False,,OCCUPIED,2026-06-30,2,2026-06-30,2,1,5.051,0.078,0.05
13,SPIKE_OCCUPIED,MEDIUM,False,,OCCUPIED,2026-06-30,3,2026-06-30,3,1,5.023,0.081,0.05
13,SPIKE_OCCUPIED,MEDIUM,False,,OCCUPIED,2026-06-30,4,2026-06-30,4,1,2.282,0.08,0.05
13,SPIKE_OCCUPIED,MEDIUM,False,,OCCUPIED,2026-06-30,47,2026-06-30,47,1,7.023,0.106,0.065
13,SPIKE_OCCUPIED,MEDIUM,False,,OCCUPIED,2026-07-01,11,2026-07-01,11,1,0.343,0.0845,0.05
13,SPIKE_OCCUPIED,MEDIUM,False,,OCCUPIED,2026-07-01,35,2026-07-01,35,1,0.639,0.168,0.108
13,SPIKE_OCCUPIED,MEDIUM,False,,OCCUPIED,2026-07-02,0,2026-07-02,0,1,0.689,0.098,0.065
13,SPIKE_OCCUPIED,MEDIUM,False,,OCCUPIED,2026-07-02,1,2026-07-02,1,1,0.46,0.0885,0.058
13,SPIKE_OCCUPIED,MEDIUM,False,,OCCUPIED,2026-07-02,2,2026-07-02,2,1,0.4,0.0915,0.0605
13,SPIKE_OCCUPIED,MEDIUM,False,,OCCUPIED,2026-07-02,4,2026-07-02,4,1,0.724,0.0815,0.0545
13,SPIKE_OCCUPIED,MEDIUM,False,,OCCUPIED,2026-07-02,47,2026-07-02,47,1,3.62,0.097,0.0605
13,SPIKE_OCCUPIED,MEDIUM,False,,OCCUPIED,2026-07-04,32,2026-07-04,32,1,0.669,0.128,0.084
13,SPIKE_OCCUPIED,MEDIUM,False,,OCCUPIED,2026-07-04,33,2026-07-04,33,1,0.733,0.131,0.09
13,SPIKE_OCCUPIED,MEDIUM,False,,OCCUPIED,2026-07-04,46,2026-07-04,46,1,0.333,0.09,0.059
13,SPIKE_OCCUPIED,MEDIUM,False,,OCCUPIED,2026-07-05,0,2026-07-05,0,1,1.896,0.0865,0.054
13,SPIKE_OCCUPIED,MEDIUM,False,,OCCUPIED,2026-07-05,1,2026-07-05,1,1,0.363,0.09,0.061
13,SPIKE_OCCUPIED,MEDIUM,False,,OCCUPIED,2026-07-05,39,2026-07-05,39,1,0.934,0.199,0.148
13,SPIKE_OCCUPIED,MEDIUM,False,,OCCUPIED,2026-07-05,40,2026-07-05,40,1,1.12,0.1805,0.128
13,SPIKE_OCCUPIED,MEDIUM,False,,OCCUPIED,2026-07-05,41,2026-07-05,41,1,1.196,0.168,0.117
13,SPIKE_OCCUPIED,MEDIUM,False,,OCCUPIED,2026-07-05,42,2026-07-05,42,1,1.172,0.1655,0.117
13,SPIKE_OCCUPIED,MEDIUM,False,,OCCUPIED,2026-07-05,43,2026-07-05,43,1,1.156,0.1345,0.0945
13,SPIKE_OCCUPIED,MEDIUM,False,,OCCUPIED,2026-07-05,44,2026-07-05,44,1,1.127,0.132,0.09
13,SPIKE_OCCUPIED,MEDIUM,False,,OCCUPIED,2026-07-05,45,2026-07-05,45,1,1.139,0.127,0.083
13,SPIKE_OCCUPIED,MEDIUM,False,,OCCUPIED,2026-07-05,46,2026-07-05,46,1,1.135,0.1175,0.0715
13,SPIKE_OCCUPIED,MEDIUM,False,,OCCUPIED,2026-07-05,47,2026-07-05,47,1,2.998,0.1035,0.0645
13,SPIKE_OCCUPIED,MEDIUM,False,,OCCUPIED,2026-07-06,16,2026-07-06,16,1,0.595,0.1045,0.074
13,SPIKE_OCCUPIED,MEDIUM,False,,OCCUPIED,2026-07-06,32,2026-07-06,32,1,0.545,0.121,0.077
13,SPIKE_OCCUPIED,MEDIUM,False,,OCCUPIED,2026-07-06,33,2026-07-06,33,1,1.118,0.1405,0.0885
13,SPIKE_OCCUPIED,MEDIUM,False,,OCCUPIED,2026-07-06,34,2026-07-06,34,1,1.247,0.158,0.118
13,SPIKE_OCCUPIED,MEDIUM,False,,OCCUPIED,2026-07-06,39,2026-07-06,39,1,1.016,0.1865,0.132
13,SPIKE_OCCUPIED,MEDIUM,False,,OCCUPIED,2026-07-07,0,2026-07-07,0,1,3.963,0.091,0.053
13,SPIKE_OCCUPIED,MEDIUM,False,,OCCUPIED,2026-07-07,5,2026-07-07,5,1,3.936,0.075,0.05
13,SPIKE_OCCUPIED,MEDIUM,False,,OCCUPIED,2026-07-07,6,2026-07-07,6,1,3.99,0.074,0.05
13,SPIKE_OCCUPIED,MEDIUM,False,,OCCUPIED,2026-07-07,8,2026-07-07,8,1,3.937,0.07,0.05
13,SPIKE_OCCUPIED,MEDIUM,False,,OCCUPIED,2026-07-07,11,2026-07-07,11,1,3.071,0.074,0.05
13,SPIKE_OCCUPIED,MEDIUM,False,,OCCUPIED,2026-07-07,22,2026-07-07,22,1,0.412,0.096,0.064
13,SPIKE_OCCUPIED,MEDIUM,False,,OCCUPIED,2026-07-07,23,2026-07-07,23,1,0.694,0.09,0.066
13,SPIKE_OCCUPIED,MEDIUM,False,,OCCUPIED,2026-07-07,24,2026-07-07,24,1,0.623,0.089,0.064
13,SPIKE_OCCUPIED,MEDIUM,False,,OCCUPIED,2026-07-07,31,2026-07-07,31,1,3.224,0.107,0.08
13,SPIKE_OCCUPIED,MEDIUM,False,,OCCUPIED,2026-07-07,32,2026-07-07,32,1,4.523,0.112,0.075
13,SPIKE_OCCUPIED,MEDIUM,False,,OCCUPIED,2026-07-07,38,2026-07-07,38,1,1.17,0.209,0.182
13,SPIKE_OCCUPIED,MEDIUM,False,,OCCUPIED,2026-07-07,39,2026-07-07,39,1,5.054,0.222,0.165
13,SPIKE_OCCUPIED,MEDIUM,False,,OCCUPIED,2026-07-07,40,2026-07-07,40,1,4.947,0.214,0.151
13,SPIKE_OCCUPIED,MEDIUM,False,,OCCUPIED,2026-07-07,41,2026-07-07,41,1,4.911,0.177,0.131
13,SPIKE_OCCUPIED,MEDIUM,False,,OCCUPIED,2026-07-07,42,2026-07-07,42,1,5.022,0.155,0.108
13,SPIKE_OCCUPIED,MEDIUM,False,,OCCUPIED,2026-07-07,43,2026-07-07,43,1,4.061,0.129,0.077
13,SPIKE_OCCUPIED,MEDIUM,False,,OCCUPIED,2026-07-07,44,2026-07-07,44,1,2.05,0.117,0.071
13,SPIKE_OCCUPIED,MEDIUM,False,,OCCUPIED,2026-07-07,45,2026-07-07,45,1,5.09,0.126,0.079
13,SPIKE_OCCUPIED,MEDIUM,False,,OCCUPIED,2026-07-07,46,2026-07-07,46,1,5.041,0.107,0.064
13,SPIKE_OCCUPIED,MEDIUM,False,,OCCUPIED,2026-07-07,47,2026-07-07,47,1,5.303,0.106,0.065
13,SPIKE_OCCUPIED,MEDIUM,False,,OCCUPIED,2026-07-08,12,2026-07-08,12,1,0.301,0.081,0.05
13,SPIKE_OCCUPIED,MEDIUM,False,,OCCUPIED,2026-07-09,0,2026-07-09,0,1,0.367,0.098,0.065
13,SPIKE_OCCUPIED,MEDIUM,False,,OCCUPIED,2026-07-09,1,2026-07-09,1,1,0.389,0.0885,0.058
13,SPIKE_OCCUPIED,MEDIUM,False,,OCCUPIED,2026-07-09,2,2026-07-09,2,1,0.362,0.0915,0.0605
13,SPIKE_OCCUPIED,MEDIUM,False,,OCCUPIED,2026-07-09,3,2026-07-09,3,1,0.353,0.085,0.056
13,SPIKE_OCCUPIED,MEDIUM,False,,OCCUPIED,2026-07-09,4,2026-07-09,4,1,0.368,0.0815,0.0545
13,SPIKE_OCCUPIED,MEDIUM,False,,OCCUPIED,2026-07-09,5,2026-07-09,5,1,0.372,0.0695,0.05
13,SPIKE_OCCUPIED,MEDIUM,False,,OCCUPIED,2026-07-09,6,2026-07-09,6,1,0.364,0.073,0.05
13,SPIKE_OCCUPIED,MEDIUM,False,,OCCUPIED,2026-07-09,7,2026-07-09,7,1,0.33,0.0625,0.05
13,SPIKE_OCCUPIED,MEDIUM,False,,OCCUPIED,2026-07-09,8,2026-07-09,8,1,0.313,0.064,0.05
13,SPIKE_OCCUPIED,MEDIUM,False,,OCCUPIED,2026-07-09,9,2026-07-09,9,1,0.305,0.0615,0.05
13,SPIKE_OCCUPIED,MEDIUM,False,,OCCUPIED,2026-07-09,10,2026-07-09,10,1,0.292,0.075,0.05
13,SPIKE_OCCUPIED,MEDIUM,False,,OCCUPIED,2026-07-09,11,2026-07-09,11,1,0.913,0.081,0.0525
13,SPIKE_OCCUPIED,MEDIUM,False,,OCCUPIED,2026-07-09,12,2026-07-09,12,1,0.793,0.069,0.05
13,SPIKE_OCCUPIED,MEDIUM,False,,OCCUPIED,2026-07-09,17,2026-07-09,17,1,0.407,0.093,0.0685
13,SPIKE_OCCUPIED,MEDIUM,False,,OCCUPIED,2026-07-09,22,2026-07-09,22,1,0.58,0.0935,0.0645
13,SPIKE_OCCUPIED,MEDIUM,False,,OCCUPIED,2026-07-09,23,2026-07-09,23,1,0.884,0.0955,0.0615
13,SPIKE_OCCUPIED,MEDIUM,False,,OCCUPIED,2026-07-09,24,2026-07-09,24,1,0.672,0.0905,0.0565
13,SPIKE_OCCUPIED,MEDIUM,False,,OCCUPIED,2026-07-09,26,2026-07-09,26,1,0.419,0.0875,0.061
13,SPIKE_OCCUPIED,MEDIUM,False,,OCCUPIED,2026-07-09,27,2026-07-09,27,1,0.46,0.0945,0.064
13,SPIKE_OCCUPIED,MEDIUM,False,,OCCUPIED,2026-07-09,30,2026-07-09,30,1,0.35,0.089,0.0605
13,SPIKE_OCCUPIED,MEDIUM,False,,OCCUPIED,2026-07-09,34,2026-07-09,34,1,0.596,0.122,0.087
13,SPIKE_OCCUPIED,MEDIUM,False,,OCCUPIED,2026-07-09,36,2026-07-09,36,1,0.978,0.1405,0.096
13,SPIKE_OCCUPIED,MEDIUM,False,,OCCUPIED,2026-07-09,38,2026-07-09,38,1,0.656,0.165,0.121
13,SPIKE_OCCUPIED,MEDIUM,False,,OCCUPIED,2026-07-09,39,2026-07-09,39,1,1.041,0.162,0.11
13,SPIKE_OCCUPIED,MEDIUM,False,,OCCUPIED,2026-07-09,43,2026-07-09,43,1,0.439,0.12,0.0725
13,SPIKE_OCCUPIED,MEDIUM,False,,OCCUPIED,2026-07-09,44,2026-07-09,44,1,0.431,0.12,0.074
13,SPIKE_OCCUPIED,MEDIUM,False,,OCCUPIED,2026-07-09,45,2026-07-09,45,1,0.4,0.112,0.0635
13,SPIKE_OCCUPIED,MEDIUM,False,,OCCUPIED,2026-07-09,46,2026-07-09,46,1,0.39,0.105,0.0645
13,SPIKE_OCCUPIED,MEDIUM,False,,OCCUPIED,2026-07-09,47,2026-07-09,47,1,0.367,0.097,0.0605
13,SPIKE_OCCUPIED,MEDIUM,False,,OCCUPIED,2026-07-10,0,2026-07-10,0,1,0.365,0.087,0.05
13,SPIKE_OCCUPIED,MEDIUM,False,,OCCUPIED,2026-07-10,1,2026-07-10,1,1,0.355,0.091,0.055
13,SPIKE_OCCUPIED,MEDIUM,False,,OCCUPIED,2026-07-10,2,2026-07-10,2,1,0.378,0.085,0.051
13,SPIKE_OCCUPIED,MEDIUM,False,,OCCUPIED,2026-07-10,3,2026-07-10,3,1,0.355,0.086,0.051
13,SPIKE_OCCUPIED,MEDIUM,False,,OCCUPIED,2026-07-10,4,2026-07-10,4,1,0.36,0.078,0.05
13,SPIKE_OCCUPIED,MEDIUM,False,,OCCUPIED,2026-07-10,5,2026-07-10,5,1,0.332,0.069,0.05
13,SPIKE_OCCUPIED,MEDIUM,False,,OCCUPIED,2026-07-10,6,2026-07-10,6,1,0.383,0.075,0.05
13,SPIKE_OCCUPIED,MEDIUM,False,,OCCUPIED,2026-07-10,7,2026-07-10,7,1,0.317,0.065,0.05
13,SPIKE_OCCUPIED,MEDIUM,False,,OCCUPIED,2026-07-10,8,2026-07-10,8,1,0.353,0.068,0.05
13,SPIKE_OCCUPIED,MEDIUM,False,,OCCUPIED,2026-07-10,9,2026-07-10,9,1,0.447,0.072,0.05
13,SPIKE_OCCUPIED,MEDIUM,False,,OCCUPIED,2026-07-10,11,2026-07-10,11,1,0.291,0.067,0.05
13,SPIKE_OCCUPIED,MEDIUM,False,,OCCUPIED,2026-07-10,12,2026-07-10,12,1,0.312,0.075,0.05
13,SPIKE_OCCUPIED,MEDIUM,False,,OCCUPIED,2026-07-10,17,2026-07-10,17,1,0.489,0.105,0.078
13,SPIKE_OCCUPIED,MEDIUM,False,,OCCUPIED,2026-07-11,10,2026-07-11,10,1,0.36,0.071,0.05
13,SPIKE_OCCUPIED,MEDIUM,False,,OCCUPIED,2026-07-11,11,2026-07-11,11,1,0.29,0.072,0.05
13,SPIKE_OCCUPIED,MEDIUM,False,,OCCUPIED,2026-07-11,12,2026-07-11,12,1,0.319,0.074,0.05
13,SPIKE_OCCUPIED,MEDIUM,False,,OCCUPIED,2026-07-11,22,2026-07-11,22,1,0.575,0.113,0.083
13,SPIKE_OCCUPIED,MEDIUM,False,,OCCUPIED,2026-07-11,23,2026-07-11,23,1,0.555,0.114,0.08
13,SPIKE_OCCUPIED,MEDIUM,False,,OCCUPIED,2026-07-11,24,2026-07-11,24,1,0.536,0.113,0.071
13,SPIKE_OCCUPIED,MEDIUM,False,,OCCUPIED,2026-07-11,25,2026-07-11,25,1,0.507,0.1,0.069
13,SPIKE_OCCUPIED,MEDIUM,False,,OCCUPIED,2026-07-11,40,2026-07-11,40,1,0.49,0.132,0.085
13,SPIKE_OCCUPIED,MEDIUM,False,,OCCUPIED,2026-07-11,44,2026-07-11,44,1,0.461,0.108,0.065
13,SPIKE_OCCUPIED,MEDIUM,False,,OCCUPIED,2026-07-11,47,2026-07-11,47,1,0.326,0.09,0.058
13,SPIKE_OCCUPIED,MEDIUM,False,,OCCUPIED,2026-07-12,1,2026-07-12,1,1,0.334,0.09,0.061
13,SPIKE_OCCUPIED,MEDIUM,False,,OCCUPIED,2026-07-12,3,2026-07-12,3,1,0.414,0.0855,0.054
13,SPIKE_OCCUPIED,MEDIUM,False,,OCCUPIED,2026-07-14,17,2026-07-14,17,1,0.478,0.104,0.073
13,SPIKE_OCCUPIED,MEDIUM,False,,OCCUPIED,2026-07-14,19,2026-07-14,19,1,0.371,0.089,0.064
13,SPIKE_OCCUPIED,MEDIUM,False,,OCCUPIED,2026-07-14,25,2026-07-14,25,1,0.421,0.093,0.069
13,SPIKE_OCCUPIED,MEDIUM,False,,OCCUPIED,2026-07-14,31,2026-07-14,31,1,0.754,0.107,0.08
13,SPIKE_OCCUPIED,MEDIUM,False,,OCCUPIED,2026-07-14,32,2026-07-14,32,1,0.624,0.112,0.075
13,SPIKE_OCCUPIED,MEDIUM,False,,OCCUPIED,2026-07-14,33,2026-07-14,33,1,0.77,0.107,0.075
13,SPIKE_OCCUPIED,MEDIUM,False,,OCCUPIED,2026-07-14,34,2026-07-14,34,1,0.67,0.153,0.118
13,SPIKE_OCCUPIED,MEDIUM,False,,OCCUPIED,2026-07-14,40,2026-07-14,40,1,1.399,0.214,0.151
13,SPIKE_OCCUPIED,MEDIUM,False,,OCCUPIED,2026-07-14,46,2026-07-14,46,1,0.562,0.107,0.064
13,SPIKE_OCCUPIED,MEDIUM,False,,OCCUPIED,2026-07-15,1,2026-07-15,1,1,0.533,0.087,0.0515
13,SPIKE_OCCUPIED,MEDIUM,False,,OCCUPIED,2026-07-15,24,2026-07-15,24,1,0.516,0.1045,0.0675
13,SPIKE_OCCUPIED,MEDIUM,False,,OCCUPIED,2026-07-15,26,2026-07-15,26,1,0.365,0.099,0.065
13,SPIKE_OCCUPIED,MEDIUM,False,,OCCUPIED,2026-07-15,27,2026-07-15,27,1,0.378,0.0995,0.067
13,SPIKE_OCCUPIED,MEDIUM,False,,OCCUPIED,2026-07-15,28,2026-07-15,28,1,0.354,0.101,0.062
13,SPIKE_OCCUPIED,MEDIUM,False,,OCCUPIED,2026-07-15,29,2026-07-15,29,1,0.375,0.1045,0.065
13,SPIKE_OCCUPIED,MEDIUM,False,,OCCUPIED,2026-07-15,32,2026-07-15,32,1,1.344,0.12,0.072
13,SPIKE_OCCUPIED,MEDIUM,False,,OCCUPIED,2026-07-15,33,2026-07-15,33,1,0.548,0.1375,0.094
13,SPIKE_OCCUPIED,MEDIUM,False,,OCCUPIED,2026-07-15,35,2026-07-15,35,1,0.694,0.168,0.108
13,SPIKE_OCCUPIED,MEDIUM,False,,OCCUPIED,2026-07-15,37,2026-07-15,37,1,1.096,0.1805,0.129
13,SPIKE_OCCUPIED,MEDIUM,False,,OCCUPIED,2026-07-15,38,2026-07-15,38,1,1.826,0.1985,0.135
13,SPIKE_OCCUPIED,MEDIUM,False,,OCCUPIED,2026-07-15,44,2026-07-15,44,1,0.868,0.1355,0.08
13,SPIKE_OCCUPIED,MEDIUM,False,,OCCUPIED,2026-07-16,27,2026-07-16,27,1,0.708,0.0945,0.064
13,SPIKE_OCCUPIED,MEDIUM,False,,OCCUPIED,2026-07-16,28,2026-07-16,28,1,0.45,0.0915,0.0665
13,SPIKE_OCCUPIED,MEDIUM,False,,OCCUPIED,2026-07-16,29,2026-07-16,29,1,0.454,0.0995,0.072
13,SPIKE_OCCUPIED,MEDIUM,False,,OCCUPIED,2026-07-16,30,2026-07-16,30,1,0.922,0.089,0.0605
13,SPIKE_OCCUPIED,MEDIUM,False,,OCCUPIED,2026-07-16,31,2026-07-16,31,1,0.838,0.1055,0.071
13,SPIKE_OCCUPIED,MEDIUM,False,,OCCUPIED,2026-07-16,32,2026-07-16,32,1,0.718,0.1015,0.0685
13,SPIKE_OCCUPIED,MEDIUM,False,,OCCUPIED,2026-07-16,35,2026-07-16,35,1,0.797,0.129,0.0975
13,SPIKE_OCCUPIED,MEDIUM,False,,OCCUPIED,2026-07-16,37,2026-07-16,37,1,1.177,0.1715,0.1215
13,SPIKE_OCCUPIED,MEDIUM,False,,OCCUPIED,2026-07-16,38,2026-07-16,38,1,0.719,0.165,0.121
13,SPIKE_OCCUPIED,MEDIUM,False,,OCCUPIED,2026-07-16,40,2026-07-16,40,1,1.702,0.16,0.113
13,SPIKE_OCCUPIED,MEDIUM,False,,OCCUPIED,2026-07-17,2,2026-07-17,2,1,0.358,0.085,0.051
13,SPIKE_OCCUPIED,MEDIUM,False,,OCCUPIED,2026-07-17,4,2026-07-17,4,1,0.55,0.078,0.05
13,SPIKE_OCCUPIED,MEDIUM,False,,OCCUPIED,2026-07-17,39,2026-07-17,39,1,2.249,0.174,0.108
13,SPIKE_OCCUPIED,MEDIUM,False,,OCCUPIED,2026-07-17,40,2026-07-17,40,1,1.113,0.166,0.108
13,SPIKE_OCCUPIED,MEDIUM,False,,OCCUPIED,2026-07-17,41,2026-07-17,41,1,1.132,0.148,0.095
13,SPIKE_OCCUPIED,MEDIUM,False,,OCCUPIED,2026-07-17,42,2026-07-17,42,1,1.299,0.134,0.081
13,SPIKE_OCCUPIED,MEDIUM,False,,OCCUPIED,2026-07-17,43,2026-07-17,43,1,2.506,0.136,0.081
13,SPIKE_OCCUPIED,MEDIUM,False,,OCCUPIED,2026-07-17,44,2026-07-17,44,1,2.929,0.118,0.074
13,SPIKE_OCCUPIED,MEDIUM,False,,OCCUPIED,2026-07-17,45,2026-07-17,45,1,2.915,0.105,0.072
13,SPIKE_OCCUPIED,MEDIUM,False,,OCCUPIED,2026-07-17,46,2026-07-17,46,1,2.85,0.1,0.067
13,SPIKE_OCCUPIED,MEDIUM,False,,OCCUPIED,2026-07-17,47,2026-07-17,47,1,2.864,0.095,0.058
13,SPIKE_OCCUPIED,MEDIUM,False,,OCCUPIED,2026-07-18,0,2026-07-18,0,1,0.712,0.094,0.054
13,SPIKE_OCCUPIED,MEDIUM,False,,OCCUPIED,2026-07-20,1,2026-07-20,1,1,4.63,0.0905,0.0575
13,SPIKE_OCCUPIED,MEDIUM,False,,OCCUPIED,2026-07-20,2,2026-07-20,2,1,2.044,0.088,0.056
13,SPIKE_OCCUPIED,MEDIUM,False,,OCCUPIED,2026-07-20,3,2026-07-20,3,1,0.365,0.083,0.053
13,SPIKE_OCCUPIED,MEDIUM,False,,OCCUPIED,2026-07-20,4,2026-07-20,4,1,0.354,0.084,0.0535
13,SPIKE_OCCUPIED,MEDIUM,False,,OCCUPIED,2026-07-22,41,2026-07-22,41,1,0.747,0.1795,0.1105
13,SPIKE_OCCUPIED,MEDIUM,False,,OCCUPIED,2026-07-24,1,2026-07-24,1,1,1.071,0.091,0.055
13,SPIKE_OCCUPIED,MEDIUM,False,,OCCUPIED,2026-07-24,2,2026-07-24,2,1,0.896,0.085,0.051
13,SPIKE_OCCUPIED,MEDIUM,False,,OCCUPIED,2026-07-24,3,2026-07-24,3,1,0.322,0.086,0.051
13,SPIKE_OCCUPIED,MEDIUM,False,,OCCUPIED,2026-07-24,22,2026-07-24,22,1,0.348,0.089,0.064
13,SPIKE_OCCUPIED,MEDIUM,False,,OCCUPIED,2026-07-24,23,2026-07-24,23,1,0.892,0.092,0.064
13,SPIKE_OCCUPIED,MEDIUM,False,,OCCUPIED,2026-07-24,24,2026-07-24,24,1,0.421,0.08,0.054
13,SPIKE_OCCUPIED,MEDIUM,False,,OCCUPIED,2026-07-24,25,2026-07-24,25,1,0.508,0.092,0.07
13,SPIKE_OCCUPIED,MEDIUM,False,,OCCUPIED,2026-07-24,26,2026-07-24,26,1,0.441,0.091,0.073
13,SPIKE_OCCUPIED,MEDIUM,False,,OCCUPIED,2026-07-24,27,2026-07-24,27,1,0.554,0.101,0.076
13,SPIKE_OCCUPIED,MEDIUM,False,,OCCUPIED,2026-07-24,28,2026-07-24,28,1,0.434,0.109,0.077
13,SPIKE_OCCUPIED,MEDIUM,False,,OCCUPIED,2026-07-24,31,2026-07-24,31,1,1.046,0.112,0.077
13,SPIKE_OCCUPIED,MEDIUM,False,,OCCUPIED,2026-07-24,32,2026-07-24,32,1,1.43,0.105,0.076
13,SPIKE_OCCUPIED,MEDIUM,False,,OCCUPIED,2026-07-24,33,2026-07-24,33,1,1.623,0.135,0.094
13,SPIKE_OCCUPIED,MEDIUM,False,,OCCUPIED,2026-07-24,34,2026-07-24,34,1,2.605,0.145,0.105
13,SPIKE_OCCUPIED,MEDIUM,False,,OCCUPIED,2026-07-24,36,2026-07-24,36,1,1.172,0.157,0.116
13,SPIKE_OCCUPIED,MEDIUM,False,,OCCUPIED,2026-07-24,37,2026-07-24,37,1,1.123,0.188,0.151
13,SPIKE_OCCUPIED,MEDIUM,False,,OCCUPIED,2026-07-24,40,2026-07-24,40,1,1.513,0.166,0.108
13,SPIKE_OCCUPIED,MEDIUM,False,,OCCUPIED,2026-07-24,41,2026-07-24,41,1,0.542,0.148,0.095
13,SPIKE_OCCUPIED,MEDIUM,False,,OCCUPIED,2026-07-24,43,2026-07-24,43,1,0.497,0.136,0.081
13,SPIKE_OCCUPIED,MEDIUM,False,,OCCUPIED,2026-07-24,44,2026-07-24,44,1,0.926,0.118,0.074
13,SPIKE_OCCUPIED,MEDIUM,False,,OCCUPIED,2026-07-24,45,2026-07-24,45,1,0.619,0.105,0.072
13,SPIKE_OCCUPIED,MEDIUM,False,,OCCUPIED,2026-07-24,46,2026-07-24,46,1,0.985,0.1,0.067
13,SPIKE_OCCUPIED,MEDIUM,False,,OCCUPIED,2026-07-24,47,2026-07-24,47,1,0.945,0.095,0.058
13,SPIKE_OCCUPIED,MEDIUM,False,,OCCUPIED,2026-07-25,0,2026-07-25,0,1,0.435,0.094,0.054
13,SPIKE_OCCUPIED,MEDIUM,False,,OCCUPIED,2026-07-25,1,2026-07-25,1,1,0.298,0.088,0.052
13,SPIKE_OCCUPIED,MEDIUM,False,,OCCUPIED,2026-07-25,2,2026-07-25,2,1,0.326,0.092,0.052
13,SPIKE_OCCUPIED,MEDIUM,False,,OCCUPIED,2026-07-25,3,2026-07-25,3,1,0.335,0.082,0.05
13,SPIKE_OCCUPIED,MEDIUM,False,,OCCUPIED,2026-07-25,4,2026-07-25,4,1,0.288,0.076,0.05
13,SPIKE_OCCUPIED,MEDIUM,False,,OCCUPIED,2026-07-25,5,2026-07-25,5,1,0.323,0.068,0.05
13,SPIKE_OCCUPIED,MEDIUM,False,,OCCUPIED,2026-07-25,7,2026-07-25,7,1,0.31,0.074,0.05
13,SPIKE_OCCUPIED,MEDIUM,False,,OCCUPIED,2026-07-25,8,2026-07-25,8,1,1.878,0.077,0.05
13,SPIKE_OCCUPIED,MEDIUM,False,,OCCUPIED,2026-07-25,9,2026-07-25,9,1,0.423,0.07,0.05
13,SPIKE_OCCUPIED,MEDIUM,False,,OCCUPIED,2026-07-25,10,2026-07-25,10,1,0.424,0.071,0.05
13,SPIKE_OCCUPIED,MEDIUM,False,,OCCUPIED,2026-07-25,11,2026-07-25,11,1,0.287,0.072,0.05
13,SPIKE_OCCUPIED,MEDIUM,False,,OCCUPIED,2026-07-25,12,2026-07-25,12,1,0.283,0.074,0.05
13,SPIKE_OCCUPIED,MEDIUM,False,,OCCUPIED,2026-07-25,46,2026-07-25,46,1,0.362,0.09,0.059
13,SPIKE_OCCUPIED,MEDIUM,False,,OCCUPIED,2026-07-25,47,2026-07-25,47,1,0.433,0.09,0.058
14,FLATLINE,HIGH,True,vacancy,VACANT,2025-10-27,12,2025-10-27,37,26,0.0025,0.074,0.05
14,FLATLINE,HIGH,True,vacancy,VACANT,2025-10-27,39,2025-10-27,47,9,0.0049,0.157,0.102
14,FLATLINE,HIGH,True,vacancy,VACANT,2025-10-28,16,2025-10-28,27,12,0.0018,0.071,0.065
14,FLATLINE,HIGH,True,vacancy,VACANT,2025-10-28,29,2025-10-28,46,18,0.0038,0.0905,0.072
14,FLATLINE,HIGH,True,vacancy,VACANT,2025-11-01,9,2025-11-01,18,10,0.0014,0.069,0.05
14,FLATLINE,HIGH,True,vacancy,VACANT,2025-11-01,20,2025-11-01,47,28,0.001,0.098,0.077
14,FLATLINE,HIGH,True,vacancy,VACANT,2026-05-03,15,2026-05-03,21,7,0.0027,0.065,0.05
14,FLATLINE,HIGH,True,vacancy,VACANT,2026-05-31,22,2026-05-31,28,7,0.0049,0.101,0.0785
14,FLATLINE,HIGH,True,vacancy,VACANT,2026-06-01,1,2026-06-01,8,8,0.0029,0.082,0.05
14,FLATLINE,HIGH,True,vacancy,VACANT,2026-06-01,12,2026-06-01,21,10,0.0043,0.074,0.05
14,FLATLINE,HIGH,True,vacancy,VACANT,2026-06-01,23,2026-06-01,30,8,0.0047,0.087,0.07
14,FLATLINE,HIGH,True,vacancy,VACANT,2026-06-01,32,2026-06-01,38,7,0.0041,0.092,0.067
14,FLATLINE,HIGH,True,vacancy,VACANT,2026-06-01,40,2026-06-01,47,8,0.0027,0.139,0.101
14,FLATLINE,HIGH,True,vacancy,VACANT,2026-06-13,1,2026-06-13,47,47,0.0045,0.079,0.05
14,FLATLINE,HIGH,True,vacancy,VACANT,2026-07-07,15,2026-07-07,24,10,0.0001,0.0705,0.0655
14,FLATLINE,HIGH,True,vacancy,VACANT,2026-07-07,26,2026-07-08,0,23,0.0,0.084,0.0675
14,SPIKE_OCCUPIED,MEDIUM,False,,OCCUPIED,2025-10-19,24,2025-10-19,24,1,1.015,0.1,0.069
14,SPIKE_OCCUPIED,MEDIUM,False,,OCCUPIED,2025-10-19,29,2025-10-19,29,1,0.506,0.09,0.069
14,SPIKE_OCCUPIED,MEDIUM,False,,OCCUPIED,2025-10-20,13,2025-10-20,13,1,1.34,0.075,0.054
14,SPIKE_OCCUPIED,MEDIUM,False,,OCCUPIED,2025-10-20,14,2025-10-20,14,1,0.382,0.096,0.064
14,SPIKE_OCCUPIED,MEDIUM,False,,OCCUPIED,2025-10-26,25,2025-10-26,25,1,0.865,0.097,0.0815
14,SPIKE_OCCUPIED,MEDIUM,False,,OCCUPIED,2025-10-26,27,2025-10-26,27,1,0.782,0.094,0.0755
14,SPIKE_OCCUPIED,MEDIUM,False,,OCCUPIED,2025-10-26,28,2025-10-26,28,1,0.606,0.098,0.0585
14,SPIKE_OCCUPIED,MEDIUM,False,,OCCUPIED,2025-10-26,37,2025-10-26,37,1,0.975,0.1495,0.1365
14,SPIKE_OCCUPIED,MEDIUM,False,,OCCUPIED,2025-10-27,0,2025-10-27,0,1,1.847,0.092,0.05
14,SPIKE_OCCUPIED,MEDIUM,False,,OCCUPIED,2025-10-27,1,2025-10-27,1,1,1.426,0.082,0.05
14,SPIKE_OCCUPIED,MEDIUM,False,,OCCUPIED,2025-10-27,2,2025-10-27,2,1,0.505,0.088,0.054
14,SPIKE_OCCUPIED,MEDIUM,False,,OCCUPIED,2025-10-27,10,2025-10-27,10,1,0.88,0.072,0.05
14,SPIKE_OCCUPIED,MEDIUM,False,,OCCUPIED,2025-10-27,11,2025-10-27,11,1,0.473,0.072,0.05
14,SPIKE_OCCUPIED,MEDIUM,False,,OCCUPIED,2025-10-28,0,2025-10-28,0,1,1.602,0.081,0.05
14,SPIKE_OCCUPIED,MEDIUM,False,,OCCUPIED,2025-10-28,1,2025-10-28,1,1,1.216,0.079,0.05
14,SPIKE_OCCUPIED,MEDIUM,False,,OCCUPIED,2025-10-28,2,2025-10-28,2,1,0.928,0.081,0.05
14,SPIKE_OCCUPIED,MEDIUM,False,,OCCUPIED,2025-10-28,3,2025-10-28,3,1,0.917,0.0835,0.05
14,SPIKE_OCCUPIED,MEDIUM,False,,OCCUPIED,2025-10-28,4,2025-10-28,4,1,0.931,0.0775,0.05
14,SPIKE_OCCUPIED,MEDIUM,False,,OCCUPIED,2025-10-28,5,2025-10-28,5,1,0.942,0.07,0.05
14,SPIKE_OCCUPIED,MEDIUM,False,,OCCUPIED,2025-10-28,6,2025-10-28,6,1,0.287,0.0695,0.05
14,SPIKE_OCCUPIED,MEDIUM,False,,OCCUPIED,2025-10-28,10,2025-10-28,10,1,0.818,0.068,0.05
14,SPIKE_OCCUPIED,MEDIUM,False,,OCCUPIED,2025-10-28,11,2025-10-28,11,1,0.358,0.0665,0.05
14,SPIKE_OCCUPIED,MEDIUM,False,,OCCUPIED,2025-10-29,19,2025-10-29,19,1,0.679,0.085,0.059
14,SPIKE_OCCUPIED,MEDIUM,False,,OCCUPIED,2025-10-29,25,2025-10-29,25,1,0.425,0.105,0.077
14,SPIKE_OCCUPIED,MEDIUM,False,,OCCUPIED,2025-10-29,26,2025-10-29,26,1,0.459,0.089,0.073
14,SPIKE_OCCUPIED,MEDIUM,False,,OCCUPIED,2025-10-29,27,2025-10-29,27,1,0.516,0.091,0.08
14,SPIKE_OCCUPIED,MEDIUM,False,,OCCUPIED,2025-10-29,33,2025-10-29,33,1,0.58,0.1,0.071
14,SPIKE_OCCUPIED,MEDIUM,False,,OCCUPIED,2025-10-29,34,2025-10-29,34,1,0.551,0.139,0.101
14,SPIKE_OCCUPIED,MEDIUM,False,,OCCUPIED,2025-10-30,1,2025-10-30,1,1,0.424,0.078,0.05
14,SPIKE_OCCUPIED,MEDIUM,False,,OCCUPIED,2025-10-30,14,2025-10-30,14,1,1.015,0.08,0.059
14,SPIKE_OCCUPIED,MEDIUM,False,,OCCUPIED,2025-10-30,15,2025-10-30,15,1,0.45,0.082,0.076
14,SPIKE_OCCUPIED,MEDIUM,False,,OCCUPIED,2025-10-30,17,2025-10-30,17,1,0.548,0.0825,0.067
14,SPIKE_OCCUPIED,MEDIUM,False,,OCCUPIED,2025-10-30,18,2025-10-30,18,1,0.651,0.0855,0.0635
14,SPIKE_OCCUPIED,MEDIUM,False,,OCCUPIED,2025-10-30,19,2025-10-30,19,1,0.526,0.085,0.056
14,SPIKE_OCCUPIED,MEDIUM,False,,OCCUPIED,2025-10-30,41,2025-10-30,41,1,0.932,0.1315,0.0875
14,SPIKE_OCCUPIED,MEDIUM,False,,OCCUPIED,2025-10-30,42,2025-10-30,42,1,0.835,0.1145,0.0865
14,SPIKE_OCCUPIED,MEDIUM,False,,OCCUPIED,2025-10-30,44,2025-10-30,44,1,0.695,0.111,0.0755
14,SPIKE_OCCUPIED,MEDIUM,False,,OCCUPIED,2025-10-31,37,2025-10-31,37,1,0.73,0.149,0.106
14,SPIKE_OCCUPIED,MEDIUM,False,,OCCUPIED,2025-11-01,1,2025-11-01,1,1,1.631,0.079,0.05
14,SPIKE_OCCUPIED,MEDIUM,False,,OCCUPIED,2025-11-01,2,2025-11-01,2,1,1.978,0.085,0.05
14,SPIKE_OCCUPIED,MEDIUM,False,,OCCUPIED,2025-11-01,3,2025-11-01,3,1,1.899,0.076,0.05
14,SPIKE_OCCUPIED,MEDIUM,False,,OCCUPIED,2025-11-01,4,2025-11-01,4,1,0.731,0.07,0.05
14,SPIKE_OCCUPIED,MEDIUM,False,,OCCUPIED,2025-11-01,5,2025-11-01,5,1,0.531,0.07,0.05
14,SPIKE_OCCUPIED,MEDIUM,False,,OCCUPIED,2025-11-03,0,2025-11-03,0,1,0.515,0.092,0.05
14,SPIKE_OCCUPIED,MEDIUM,False,,OCCUPIED,2025-11-03,1,2025-11-03,1,1,0.504,0.082,0.05
14,SPIKE_OCCUPIED,MEDIUM,False,,OCCUPIED,2025-11-03,2,2025-11-03,2,1,0.49,0.088,0.054
14,SPIKE_OCCUPIED,MEDIUM,False,,OCCUPIED,2025-11-03,3,2025-11-03,3,1,0.48,0.088,0.05
14,SPIKE_OCCUPIED,MEDIUM,False,,OCCUPIED,2025-11-03,4,2025-11-03,4,1,0.449,0.082,0.05
14,SPIKE_OCCUPIED,MEDIUM,False,,OCCUPIED,2025-11-03,27,2025-11-03,27,1,0.672,0.091,0.062
14,SPIKE_OCCUPIED,MEDIUM,False,,OCCUPIED,2025-11-03,28,2025-11-03,28,1,0.631,0.09,0.069
14,SPIKE_OCCUPIED,MEDIUM,False,,OCCUPIED,2025-11-03,37,2025-11-03,37,1,1.178,0.164,0.113
14,SPIKE_OCCUPIED,MEDIUM,False,,OCCUPIED,2025-11-03,38,2025-11-03,38,1,0.747,0.145,0.096
14,SPIKE_OCCUPIED,MEDIUM,False,,OCCUPIED,2025-11-03,39,2025-11-03,39,1,0.764,0.157,0.102
14,SPIKE_OCCUPIED,MEDIUM,False,,OCCUPIED,2025-11-03,40,2025-11-03,40,1,0.827,0.139,0.101
14,SPIKE_OCCUPIED,MEDIUM,False,,OCCUPIED,2025-11-03,41,2025-11-03,41,1,0.745,0.134,0.086
14,SPIKE_OCCUPIED,MEDIUM,False,,OCCUPIED,2025-11-03,42,2025-11-03,42,1,0.627,0.129,0.082
14,SPIKE_OCCUPIED,MEDIUM,False,,OCCUPIED,2025-11-03,43,2025-11-03,43,1,0.539,0.135,0.089
14,SPIKE_OCCUPIED,MEDIUM,False,,OCCUPIED,2025-11-03,44,2025-11-03,44,1,0.665,0.126,0.079
14,SPIKE_OCCUPIED,MEDIUM,False,,OCCUPIED,2025-11-03,45,2025-11-03,45,1,0.683,0.11,0.064
14,SPIKE_OCCUPIED,MEDIUM,False,,OCCUPIED,2025-11-03,46,2025-11-03,46,1,0.453,0.103,0.058
14,SPIKE_OCCUPIED,MEDIUM,False,,OCCUPIED,2025-11-03,47,2025-11-03,47,1,0.347,0.1,0.06
14,SPIKE_OCCUPIED,MEDIUM,False,,OCCUPIED,2025-11-04,19,2025-11-04,19,1,0.366,0.0705,0.05
14,SPIKE_OCCUPIED,MEDIUM,False,,OCCUPIED,2025-11-04,20,2025-11-04,20,1,0.654,0.0735,0.055
14,SPIKE_OCCUPIED,MEDIUM,False,,OCCUPIED,2025-11-04,36,2025-11-04,36,1,1.428,0.1405,0.115
14,SPIKE_OCCUPIED,MEDIUM,False,,OCCUPIED,2025-11-04,39,2025-11-04,39,1,0.521,0.1165,0.0935
14,SPIKE_OCCUPIED,MEDIUM,False,,OCCUPIED,2025-11-04,40,2025-11-04,40,1,0.531,0.126,0.091
14,SPIKE_OCCUPIED,MEDIUM,False,,OCCUPIED,2025-11-04,41,2025-11-04,41,1,0.519,0.122,0.095
14,SPIKE_OCCUPIED,MEDIUM,False,,OCCUPIED,2025-11-04,42,2025-11-04,42,1,0.527,0.1105,0.075
14,SPIKE_OCCUPIED,MEDIUM,False,,OCCUPIED,2025-11-04,43,2025-11-04,43,1,0.533,0.1235,0.0865
14,SPIKE_OCCUPIED,MEDIUM,False,,OCCUPIED,2025-11-04,44,2025-11-04,44,1,0.468,0.116,0.072
14,SPIKE_OCCUPIED,MEDIUM,False,,OCCUPIED,2025-11-04,45,2025-11-04,45,1,0.929,0.0995,0.059
14,SPIKE_OCCUPIED,MEDIUM,False,,OCCUPIED,2025-11-05,29,2025-11-05,29,1,0.413,0.092,0.063
14,SPIKE_OCCUPIED,MEDIUM,False,,OCCUPIED,2025-11-05,31,2025-11-05,31,1,0.523,0.099,0.066
14,SPIKE_OCCUPIED,MEDIUM,False,,OCCUPIED,2025-11-05,36,2025-11-05,36,1,1.079,0.172,0.139
14,SPIKE_OCCUPIED,MEDIUM,False,,OCCUPIED,2025-11-06,29,2025-11-06,29,1,0.486,0.0865,0.0595
14,SPIKE_OCCUPIED,MEDIUM,False,,OCCUPIED,2025-11-08,29,2025-11-08,29,1,0.444,0.096,0.063
14,SPIKE_OCCUPIED,MEDIUM,False,,OCCUPIED,2025-11-09,1,2025-11-09,1,1,2.711,0.075,0.05
14,SPIKE_OCCUPIED,MEDIUM,False,,OCCUPIED,2025-11-09,2,2025-11-09,2,1,2.783,0.0855,0.056
14,SPIKE_OCCUPIED,MEDIUM,False,,OCCUPIED,2025-11-09,3,2025-11-09,3,1,2.523,0.0785,0.05
14,SPIKE_OCCUPIED,MEDIUM,False,,OCCUPIED,2025-11-09,8,2025-11-09,8,1,0.527,0.0645,0.05
14,SPIKE_OCCUPIED,MEDIUM,False,,OCCUPIED,2025-11-09,9,2025-11-09,9,1,0.375,0.065,0.05
14,SPIKE_OCCUPIED,MEDIUM,False,,OCCUPIED,2025-11-09,10,2025-11-09,10,1,2.893,0.066,0.05
14,SPIKE_OCCUPIED,MEDIUM,False,,OCCUPIED,2025-11-10,1,2025-11-10,1,1,0.315,0.082,0.05
14,SPIKE_OCCUPIED,MEDIUM,False,,OCCUPIED,2025-11-10,14,2025-11-10,14,1,0.358,0.096,0.064
14,SPIKE_OCCUPIED,MEDIUM,False,,OCCUPIED,2025-11-10,18,2025-11-10,18,1,0.414,0.082,0.063
14,SPIKE_OCCUPIED,MEDIUM,False,,OCCUPIED,2025-11-10,29,2025-11-10,29,1,0.407,0.082,0.059
14,SPIKE_OCCUPIED,MEDIUM,False,,OCCUPIED,2025-11-10,31,2025-11-10,31,1,0.475,0.091,0.07
14,SPIKE_OCCUPIED,MEDIUM,False,,OCCUPIED,2025-11-10,38,2025-11-10,38,1,0.639,0.145,0.096
14,SPIKE_OCCUPIED,MEDIUM,False,,OCCUPIED,2025-11-10,39,2025-11-10,39,1,0.684,0.157,0.102
14,SPIKE_OCCUPIED,MEDIUM,False,,OCCUPIED,2025-11-10,40,2025-11-10,40,1,0.546,0.139,0.101
14,SPIKE_OCCUPIED,MEDIUM,False,,OCCUPIED,2025-11-10,41,2025-11-10,41,1,0.628,0.134,0.086
14,SPIKE_OCCUPIED,MEDIUM,False,,OCCUPIED,2025-11-10,42,2025-11-10,42,1,0.609,0.129,0.082
14,SPIKE_OCCUPIED,MEDIUM,False,,OCCUPIED,2025-11-10,43,2025-11-10,43,1,0.655,0.135,0.089
14,SPIKE_OCCUPIED,MEDIUM,False,,OCCUPIED,2025-11-10,44,2025-11-10,44,1,0.64,0.126,0.079
14,SPIKE_OCCUPIED,MEDIUM,False,,OCCUPIED,2025-11-10,45,2025-11-10,45,1,0.732,0.11,0.064
14,SPIKE_OCCUPIED,MEDIUM,False,,OCCUPIED,2025-11-10,46,2025-11-10,46,1,1.12,0.103,0.058
14,SPIKE_OCCUPIED,MEDIUM,False,,OCCUPIED,2025-11-10,47,2025-11-10,47,1,0.542,0.1,0.06
14,SPIKE_OCCUPIED,MEDIUM,False,,OCCUPIED,2025-11-11,14,2025-11-11,14,1,0.312,0.064,0.0545
14,SPIKE_OCCUPIED,MEDIUM,False,,OCCUPIED,2025-11-11,15,2025-11-11,15,1,1.387,0.0705,0.0655
14,SPIKE_OCCUPIED,MEDIUM,False,,OCCUPIED,2025-11-11,16,2025-11-11,16,1,0.505,0.071,0.065
14,SPIKE_OCCUPIED,MEDIUM,False,,OCCUPIED,2025-11-11,26,2025-11-11,26,1,2.312,0.084,0.0675
14,SPIKE_OCCUPIED,MEDIUM,False,,OCCUPIED,2025-11-11,27,2025-11-11,27,1,2.438,0.0795,0.06
14,SPIKE_OCCUPIED,MEDIUM,False,,OCCUPIED,2025-11-11,28,2025-11-11,28,1,2.039,0.0865,0.0685
14,SPIKE_OCCUPIED,MEDIUM,False,,OCCUPIED,2025-11-11,29,2025-11-11,29,1,0.452,0.0905,0.072
14,SPIKE_OCCUPIED,MEDIUM,False,,OCCUPIED,2025-11-11,30,2025-11-11,30,1,0.418,0.0835,0.063
14,SPIKE_OCCUPIED,MEDIUM,False,,OCCUPIED,2025-11-11,33,2025-11-11,33,1,2.465,0.0935,0.087
14,SPIKE_OCCUPIED,MEDIUM,False,,OCCUPIED,2025-11-11,34,2025-11-11,34,1,4.729,0.126,0.1145
14,SPIKE_OCCUPIED,MEDIUM,False,,OCCUPIED,2025-11-11,35,2025-11-11,35,1,3.914,0.141,0.1145
14,SPIKE_OCCUPIED,MEDIUM,False,,OCCUPIED,2025-11-11,36,2025-11-11,36,1,3.899,0.1405,0.115
14,SPIKE_OCCUPIED,MEDIUM,False,,OCCUPIED,2025-11-11,37,2025-11-11,37,1,2.718,0.145,0.1145
14,SPIKE_OCCUPIED,MEDIUM,False,,OCCUPIED,2025-11-11,38,2025-11-11,38,1,0.972,0.147,0.102
14,SPIKE_OCCUPIED,MEDIUM,False,,OCCUPIED,2025-11-11,39,2025-11-11,39,1,0.952,0.1165,0.0935
14,SPIKE_OCCUPIED,MEDIUM,False,,OCCUPIED,2025-11-11,40,2025-11-11,40,1,0.937,0.126,0.091
14,SPIKE_OCCUPIED,MEDIUM,False,,OCCUPIED,2025-11-11,41,2025-11-11,41,1,0.571,0.122,0.095
14,SPIKE_OCCUPIED,MEDIUM,False,,OCCUPIED,2025-11-11,42,2025-11-11,42,1,0.414,0.1105,0.075
14,SPIKE_OCCUPIED,MEDIUM,False,,OCCUPIED,2026-04-25,2,2026-04-25,2,1,4.59,0.085,0.05
14,SPIKE_OCCUPIED,MEDIUM,False,,OCCUPIED,2026-04-25,3,2026-04-25,3,1,2.942,0.076,0.05
14,SPIKE_OCCUPIED,MEDIUM,False,,OCCUPIED,2026-04-25,5,2026-04-25,5,1,0.592,0.07,0.05
14,SPIKE_OCCUPIED,MEDIUM,False,,OCCUPIED,2026-04-25,6,2026-04-25,6,1,0.582,0.071,0.05
14,SPIKE_OCCUPIED,MEDIUM,False,,OCCUPIED,2026-04-25,7,2026-04-25,7,1,0.582,0.068,0.05
14,SPIKE_OCCUPIED,MEDIUM,False,,OCCUPIED,2026-04-25,8,2026-04-25,8,1,0.589,0.07,0.05
14,SPIKE_OCCUPIED,MEDIUM,False,,OCCUPIED,2026-04-25,9,2026-04-25,9,1,0.591,0.069,0.05
14,SPIKE_OCCUPIED,MEDIUM,False,,OCCUPIED,2026-04-25,11,2026-04-25,11,1,0.599,0.065,0.05
14,SPIKE_OCCUPIED,MEDIUM,False,,OCCUPIED,2026-04-25,12,2026-04-25,12,1,0.275,0.069,0.05
14,SPIKE_OCCUPIED,MEDIUM,False,,OCCUPIED,2026-04-25,13,2026-04-25,13,1,0.518,0.069,0.05
14,SPIKE_OCCUPIED,MEDIUM,False,,OCCUPIED,2026-04-25,14,2026-04-25,14,1,0.382,0.068,0.052
14,SPIKE_OCCUPIED,MEDIUM,False,,OCCUPIED,2026-04-25,15,2026-04-25,15,1,0.466,0.076,0.062
14,SPIKE_OCCUPIED,MEDIUM,False,,OCCUPIED,2026-04-25,16,2026-04-25,16,1,0.415,0.098,0.075
14,SPIKE_OCCUPIED,MEDIUM,False,,OCCUPIED,2026-04-25,19,2026-04-25,19,1,0.455,0.101,0.071
14,SPIKE_OCCUPIED,MEDIUM,False,,OCCUPIED,2026-04-25,20,2026-04-25,20,1,3.83,0.098,0.077
14,SPIKE_OCCUPIED,MEDIUM,False,,OCCUPIED,2026-04-25,26,2026-04-25,26,1,0.41,0.094,0.067
14,SPIKE_OCCUPIED,MEDIUM,False,,OCCUPIED,2026-04-25,32,2026-04-25,32,1,0.518,0.1,0.08
14,SPIKE_OCCUPIED,MEDIUM,False,,OCCUPIED,2026-04-25,33,2026-04-25,33,1,0.45,0.103,0.082
14,SPIKE_OCCUPIED,MEDIUM,False,,OCCUPIED,2026-04-25,43,2026-04-25,43,1,0.518,0.124,0.091
14,SPIKE_OCCUPIED,MEDIUM,False,,OCCUPIED,2026-04-25,45,2026-04-25,45,1,0.471,0.114,0.071
14,SPIKE_OCCUPIED,MEDIUM,False,,OCCUPIED,2026-04-25,46,2026-04-25,46,1,1.592,0.099,0.063
14,SPIKE_OCCUPIED,MEDIUM,False,,OCCUPIED,2026-04-25,47,2026-04-25,47,1,0.511,0.095,0.052
14,SPIKE_OCCUPIED,MEDIUM,False,,OCCUPIED,2026-04-29,2,2026-04-29,2,1,0.36,0.085,0.05
14,SPIKE_OCCUPIED,MEDIUM,False,,OCCUPIED,2026-04-29,4,2026-04-29,4,1,0.328,0.079,0.05
14,SPIKE_OCCUPIED,MEDIUM,False,,OCCUPIED,2026-04-29,9,2026-04-29,9,1,0.451,0.07,0.05
14,SPIKE_OCCUPIED,MEDIUM,False,,OCCUPIED,2026-04-29,12,2026-04-29,12,1,0.324,0.075,0.05
14,SPIKE_OCCUPIED,MEDIUM,False,,OCCUPIED,2026-04-29,13,2026-04-29,13,1,0.372,0.078,0.052
14,SPIKE_OCCUPIED,MEDIUM,False,,OCCUPIED,2026-04-29,14,2026-04-29,14,1,0.522,0.099,0.066
14,SPIKE_OCCUPIED,MEDIUM,False,,OCCUPIED,2026-04-29,16,2026-04-29,16,1,0.45,0.073,0.066
14,SPIKE_OCCUPIED,MEDIUM,False,,OCCUPIED,2026-04-29,22,2026-04-29,22,1,0.493,0.088,0.068
14,SPIKE_OCCUPIED,MEDIUM,False,,OCCUPIED,2026-04-29,23,2026-04-29,23,1,0.428,0.093,0.069
14,SPIKE_OCCUPIED,MEDIUM,False,,OCCUPIED,2026-04-29,25,2026-04-29,25,1,0.457,0.105,0.077
14,SPIKE_OCCUPIED,MEDIUM,False,,OCCUPIED,2026-04-29,26,2026-04-29,26,1,0.412,0.089,0.073
14,SPIKE_OCCUPIED,MEDIUM,False,,OCCUPIED,2026-04-29,28,2026-04-29,28,1,0.368,0.091,0.067
14,SPIKE_OCCUPIED,MEDIUM,False,,OCCUPIED,2026-04-29,29,2026-04-29,29,1,0.677,0.092,0.063
14,SPIKE_OCCUPIED,MEDIUM,False,,OCCUPIED,2026-04-29,31,2026-04-29,31,1,0.527,0.099,0.066
14,SPIKE_OCCUPIED,MEDIUM,False,,OCCUPIED,2026-04-29,36,2026-04-29,36,1,1.056,0.172,0.139
14,SPIKE_OCCUPIED,MEDIUM,False,,OCCUPIED,2026-04-29,38,2026-04-29,38,1,1.828,0.157,0.116
14,SPIKE_OCCUPIED,MEDIUM,False,,OCCUPIED,2026-04-29,39,2026-04-29,39,1,1.669,0.174,0.096
14,SPIKE_OCCUPIED,MEDIUM,False,,OCCUPIED,2026-04-29,40,2026-04-29,40,1,0.735,0.14,0.09
14,SPIKE_OCCUPIED,MEDIUM,False,,OCCUPIED,2026-05-01,3,2026-05-01,3,1,3.791,0.069,0.05
14,SPIKE_OCCUPIED,MEDIUM,False,,OCCUPIED,2026-05-01,14,2026-05-01,14,1,3.715,0.076,0.054
14,SPIKE_OCCUPIED,MEDIUM,False,,OCCUPIED,2026-05-01,26,2026-05-01,26,1,1.379,0.074,0.052
14,SPIKE_OCCUPIED,MEDIUM,False,,OCCUPIED,2026-05-01,28,2026-05-01,28,1,2.381,0.082,0.051
14,SPIKE_OCCUPIED,MEDIUM,False,,OCCUPIED,2026-05-01,29,2026-05-01,29,1,3.641,0.08,0.05
14,SPIKE_OCCUPIED,MEDIUM,False,,OCCUPIED,2026-05-01,35,2026-05-01,35,1,3.727,0.131,0.095
14,SPIKE_OCCUPIED,MEDIUM,False,,OCCUPIED,2026-05-03,2,2026-05-03,2,1,4.134,0.0855,0.056
14,SPIKE_OCCUPIED,MEDIUM,False,,OCCUPIED,2026-05-03,3,2026-05-03,3,1,4.067,0.0785,0.05
14,SPIKE_OCCUPIED,MEDIUM,False,,OCCUPIED,2026-05-03,4,2026-05-03,4,1,3.925,0.076,0.05
14,SPIKE_OCCUPIED,MEDIUM,False,,OCCUPIED,2026-05-03,6,2026-05-03,6,1,0.484,0.0755,0.05
14,SPIKE_OCCUPIED,MEDIUM,False,,OCCUPIED,2026-05-03,7,2026-05-03,7,1,1.087,0.0685,0.05
14,SPIKE_OCCUPIED,MEDIUM,False,,OCCUPIED,2026-05-03,12,2026-05-03,12,1,0.405,0.065,0.05
14,SPIKE_OCCUPIED,MEDIUM,False,,OCCUPIED,2026-05-03,14,2026-05-03,14,1,0.416,0.0715,0.05
14,SPIKE_OCCUPIED,MEDIUM,False,,OCCUPIED,2026-05-03,23,2026-05-03,23,1,1.419,0.086,0.066
14,SPIKE_OCCUPIED,MEDIUM,False,,OCCUPIED,2026-05-03,24,2026-05-03,24,1,0.51,0.1,0.069
14,SPIKE_OCCUPIED,MEDIUM,False,,OCCUPIED,2026-05-03,26,2026-05-03,26,1,1.096,0.0985,0.086
14,SPIKE_OCCUPIED,MEDIUM,False,,OCCUPIED,2026-05-03,31,2026-05-03,31,1,0.411,0.0965,0.07
14,SPIKE_OCCUPIED,MEDIUM,False,,OCCUPIED,2026-05-03,34,2026-05-03,34,1,2.725,0.1305,0.104
14,SPIKE_OCCUPIED,MEDIUM,False,,OCCUPIED,2026-05-03,39,2026-05-03,39,1,0.63,0.1265,0.093
14,SPIKE_OCCUPIED,MEDIUM,False,,OCCUPIED,2026-05-03,43,2026-05-03,43,1,0.717,0.1145,0.0835
14,SPIKE_OCCUPIED,MEDIUM,False,,OCCUPIED,2026-05-03,44,2026-05-03,44,1,0.713,0.1135,0.066
14,SPIKE_OCCUPIED,MEDIUM,False,,OCCUPIED,2026-05-03,45,2026-05-03,45,1,0.492,0.101,0.0625
14,SPIKE_OCCUPIED,MEDIUM,False,,OCCUPIED,2026-05-03,46,2026-05-03,46,1,0.478,0.088,0.05
14,SPIKE_OCCUPIED,MEDIUM,False,,OCCUPIED,2026-05-08,5,2026-05-08,5,1,1.153,0.07,0.05
14,SPIKE_OCCUPIED,MEDIUM,False,,OCCUPIED,2026-05-08,10,2026-05-08,10,1,0.634,0.066,0.05
14,SPIKE_OCCUPIED,MEDIUM,False,,OCCUPIED,2026-05-08,46,2026-05-08,46,1,0.303,0.099,0.05
14,SPIKE_OCCUPIED,MEDIUM,False,,OCCUPIED,2026-05-11,27,2026-05-11,27,1,0.671,0.091,0.062
14,SPIKE_OCCUPIED,MEDIUM,False,,OCCUPIED,2026-05-19,2,2026-05-19,2,1,0.756,0.081,0.05
14,SPIKE_OCCUPIED,MEDIUM,False,,OCCUPIED,2026-05-19,14,2026-05-19,14,1,0.338,0.064,0.0545
14,SPIKE_OCCUPIED,MEDIUM,False,,OCCUPIED,2026-05-19,15,2026-05-19,15,1,0.565,0.0705,0.0655
14,SPIKE_OCCUPIED,MEDIUM,False,,OCCUPIED,2026-05-19,26,2026-05-19,26,1,0.59,0.084,0.0675
14,SPIKE_OCCUPIED,MEDIUM,False,,OCCUPIED,2026-05-20,1,2026-05-20,1,1,0.62,0.078,0.05
14,SPIKE_OCCUPIED,MEDIUM,False,,OCCUPIED,2026-05-20,11,2026-05-20,11,1,0.479,0.066,0.05
14,SPIKE_OCCUPIED,MEDIUM,False,,OCCUPIED,2026-05-20,12,2026-05-20,12,1,0.387,0.075,0.05
14,SPIKE_OCCUPIED,MEDIUM,False,,OCCUPIED,2026-05-20,13,2026-05-20,13,1,0.301,0.078,0.052
14,SPIKE_OCCUPIED,MEDIUM,False,,OCCUPIED,2026-05-29,2,2026-05-29,2,1,0.293,0.085,0.05
14,SPIKE_OCCUPIED,MEDIUM,False,,OCCUPIED,2026-05-29,17,2026-05-29,17,1,0.643,0.085,0.067
14,SPIKE_OCCUPIED,MEDIUM,False,,OCCUPIED,2026-05-29,22,2026-05-29,22,1,0.602,0.073,0.051
14,SPIKE_OCCUPIED,MEDIUM,False,,OCCUPIED,2026-06-06,0,2026-06-06,0,1,0.291,0.083,0.05
14,SPIKE_OCCUPIED,MEDIUM,False,,OCCUPIED,2026-06-06,1,2026-06-06,1,1,3.618,0.079,0.05
14,SPIKE_OCCUPIED,MEDIUM,False,,OCCUPIED,2026-06-06,2,2026-06-06,2,1,3.61,0.085,0.05
14,SPIKE_OCCUPIED,MEDIUM,False,,OCCUPIED,2026-06-06,3,2026-06-06,3,1,3.656,0.076,0.05
14,SPIKE_OCCUPIED,MEDIUM,False,,OCCUPIED,2026-06-06,4,2026-06-06,4,1,3.595,0.07,0.05
14,SPIKE_OCCUPIED,MEDIUM,False,,OCCUPIED,2026-06-06,5,2026-06-06,5,1,3.642,0.07,0.05
14,SPIKE_OCCUPIED,MEDIUM,False,,OCCUPIED,2026-06-06,7,2026-06-06,7,1,3.606,0.068,0.05
14,SPIKE_OCCUPIED,MEDIUM,False,,OCCUPIED,2026-06-06,9,2026-06-06,9,1,3.579,0.069,0.05
14,SPIKE_OCCUPIED,MEDIUM,False,,OCCUPIED,2026-06-06,10,2026-06-06,10,1,3.647,0.067,0.05
14,SPIKE_OCCUPIED,MEDIUM,False,,OCCUPIED,2026-06-06,11,2026-06-06,11,1,3.587,0.065,0.05
14,SPIKE_OCCUPIED,MEDIUM,False,,OCCUPIED,2026-06-06,15,2026-06-06,15,1,0.805,0.076,0.062
14,SPIKE_OCCUPIED,MEDIUM,False,,OCCUPIED,2026-06-06,16,2026-06-06,16,1,0.712,0.098,0.075
14,SPIKE_OCCUPIED,MEDIUM,False,,OCCUPIED,2026-06-06,27,2026-06-06,27,1,3.633,0.09,0.069
14,SPIKE_OCCUPIED,MEDIUM,False,,OCCUPIED,2026-06-06,29,2026-06-06,29,1,0.39,0.096,0.063
14,SPIKE_OCCUPIED,MEDIUM,False,,OCCUPIED,2026-06-11,0,2026-06-11,0,1,1.003,0.084,0.05
14,SPIKE_OCCUPIED,MEDIUM,False,,OCCUPIED,2026-06-11,2,2026-06-11,2,1,1.185,0.078,0.05
14,SPIKE_OCCUPIED,MEDIUM,False,,OCCUPIED,2026-06-11,5,2026-06-11,5,1,0.776,0.074,0.05
14,SPIKE_OCCUPIED,MEDIUM,False,,OCCUPIED,2026-06-11,6,2026-06-11,6,1,0.751,0.069,0.05
14,SPIKE_OCCUPIED,MEDIUM,False,,OCCUPIED,2026-06-11,9,2026-06-11,9,1,0.424,0.067,0.05
14,SPIKE_OCCUPIED,MEDIUM,False,,OCCUPIED,2026-06-11,31,2026-06-11,31,1,0.394,0.1035,0.072
14,SPIKE_OCCUPIED,MEDIUM,False,,OCCUPIED,2026-06-11,33,2026-06-11,33,1,0.508,0.096,0.0745
14,SPIKE_OCCUPIED,MEDIUM,False,,OCCUPIED,2026-06-11,35,2026-06-11,35,1,1.197,0.196,0.135
14,SPIKE_OCCUPIED,MEDIUM,False,,OCCUPIED,2026-06-11,37,2026-06-11,37,1,1.178,0.1625,0.123
14,SPIKE_OCCUPIED,MEDIUM,False,,OCCUPIED,2026-06-12,1,2026-06-12,1,1,1.299,0.076,0.05
14,SPIKE_OCCUPIED,MEDIUM,False,,OCCUPIED,2026-06-12,2,2026-06-12,2,1,1.29,0.085,0.05
14,SPIKE_OCCUPIED,MEDIUM,False,,OCCUPIED,2026-06-12,4,2026-06-12,4,1,1.351,0.075,0.05
14,SPIKE_OCCUPIED,MEDIUM,False,,OCCUPIED,2026-06-12,7,2026-06-12,7,1,1.261,0.066,0.05
14,SPIKE_OCCUPIED,MEDIUM,False,,OCCUPIED,2026-06-12,9,2026-06-12,9,1,0.927,0.062,0.05
14,SPIKE_OCCUPIED,MEDIUM,False,,OCCUPIED,2026-06-12,10,2026-06-12,10,1,1.568,0.066,0.05
14,SPIKE_OCCUPIED,MEDIUM,False,,OCCUPIED,2026-06-12,11,2026-06-12,11,1,0.385,0.069,0.05
14,SPIKE_OCCUPIED,MEDIUM,False,,OCCUPIED,2026-06-12,15,2026-06-12,15,1,0.502,0.078,0.067
14,SPIKE_OCCUPIED,MEDIUM,False,,OCCUPIED,2026-06-12,16,2026-06-12,16,1,1.243,0.093,0.071
14,SPIKE_OCCUPIED,MEDIUM,False,,OCCUPIED,2026-06-12,17,2026-06-12,17,1,0.736,0.085,0.067
14,SPIKE_OCCUPIED,MEDIUM,False,,OCCUPIED,2026-06-12,18,2026-06-12,18,1,1.258,0.076,0.058
14,SPIKE_OCCUPIED,MEDIUM,False,,OCCUPIED,2026-06-12,21,2026-06-12,21,1,0.575,0.078,0.052
14,SPIKE_OCCUPIED,MEDIUM,False,,OCCUPIED,2026-06-12,25,2026-06-12,25,1,0.624,0.073,0.053
14,SPIKE_OCCUPIED,MEDIUM,False,,OCCUPIED,2026-06-12,27,2026-06-12,27,1,1.334,0.072,0.05
14,SPIKE_OCCUPIED,MEDIUM,False,,OCCUPIED,2026-06-12,28,2026-06-12,28,1,0.429,0.082,0.051
14,SPIKE_OCCUPIED,MEDIUM,False,,OCCUPIED,2026-06-12,30,2026-06-12,30,1,1.247,0.079,0.05
14,SPIKE_OCCUPIED,MEDIUM,False,,OCCUPIED,2026-06-12,31,2026-06-12,31,1,1.244,0.086,0.063
14,SPIKE_OCCUPIED,MEDIUM,False,,OCCUPIED,2026-06-12,32,2026-06-12,32,1,1.264,0.098,0.052
14,SPIKE_OCCUPIED,MEDIUM,False,,OCCUPIED,2026-06-12,33,2026-06-12,33,1,1.248,0.09,0.06
14,SPIKE_OCCUPIED,MEDIUM,False,,OCCUPIED,2026-06-12,34,2026-06-12,34,1,1.251,0.11,0.079
14,SPIKE_OCCUPIED,MEDIUM,False,,OCCUPIED,2026-06-12,36,2026-06-12,36,1,1.242,0.138,0.095
14,SPIKE_OCCUPIED,MEDIUM,False,,OCCUPIED,2026-06-12,38,2026-06-12,38,1,1.237,0.146,0.085
14,SPIKE_OCCUPIED,MEDIUM,False,,OCCUPIED,2026-06-12,40,2026-06-12,40,1,1.305,0.12,0.079
14,SPIKE_OCCUPIED,MEDIUM,False,,OCCUPIED,2026-06-12,42,2026-06-12,42,1,1.263,0.12,0.082
14,SPIKE_OCCUPIED,MEDIUM,False,,OCCUPIED,2026-06-12,43,2026-06-12,43,1,1.005,0.116,0.073
14,SPIKE_OCCUPIED,MEDIUM,False,,OCCUPIED,2026-06-12,44,2026-06-12,44,1,1.255,0.114,0.066
14,SPIKE_OCCUPIED,MEDIUM,False,,OCCUPIED,2026-06-12,45,2026-06-12,45,1,1.269,0.102,0.057
14,SPIKE_OCCUPIED,MEDIUM,False,,OCCUPIED,2026-06-12,46,2026-06-12,46,1,1.259,0.099,0.05
14,SPIKE_OCCUPIED,MEDIUM,False,,OCCUPIED,2026-06-12,47,2026-06-12,47,1,1.29,0.086,0.05
14,SPIKE_OCCUPIED,MEDIUM,False,,OCCUPIED,2026-06-15,11,2026-06-15,11,1,0.276,0.072,0.05
14,SPIKE_OCCUPIED,MEDIUM,False,,OCCUPIED,2026-06-15,21,2026-06-15,21,1,0.545,0.08,0.058
14,SPIKE_OCCUPIED,MEDIUM,False,,OCCUPIED,2026-06-15,23,2026-06-15,23,1,0.493,0.087,0.07
14,SPIKE_OCCUPIED,MEDIUM,False,,OCCUPIED,2026-06-15,29,2026-06-15,29,1,0.53,0.082,0.059
14,SPIKE_OCCUPIED,MEDIUM,False,,OCCUPIED,2026-06-18,1,2026-06-18,1,1,0.541,0.078,0.05
14,SPIKE_OCCUPIED,MEDIUM,False,,OCCUPIED,2026-06-18,16,2026-06-18,16,1,0.478,0.0805,0.0705
14,SPIKE_OCCUPIED,MEDIUM,False,,OCCUPIED,2026-06-18,18,2026-06-18,18,1,0.636,0.0855,0.0635
14,SPIKE_OCCUPIED,MEDIUM,False,,OCCUPIED,2026-06-18,19,2026-06-18,19,1,0.675,0.085,0.056
14,SPIKE_OCCUPIED,MEDIUM,False,,OCCUPIED,2026-06-18,20,2026-06-18,20,1,1.123,0.0845,0.0555
14,SPIKE_OCCUPIED,MEDIUM,False,,OCCUPIED,2026-06-18,29,2026-06-18,29,1,0.368,0.0865,0.0595
14,SPIKE_OCCUPIED,MEDIUM,False,,OCCUPIED,2026-06-18,30,2026-06-18,30,1,0.444,0.0985,0.057
14,SPIKE_OCCUPIED,MEDIUM,False,,OCCUPIED,2026-06-22,0,2026-06-22,0,1,0.38,0.092,0.05
14,SPIKE_OCCUPIED,MEDIUM,False,,OCCUPIED,2026-06-22,16,2026-06-22,16,1,0.367,0.071,0.065
14,SPIKE_OCCUPIED,MEDIUM,False,,OCCUPIED,2026-06-22,19,2026-06-22,19,1,0.369,0.078,0.061
14,SPIKE_OCCUPIED,MEDIUM,False,,OCCUPIED,2026-06-22,23,2026-06-22,23,1,0.717,0.087,0.07
14,SPIKE_OCCUPIED,MEDIUM,False,,OCCUPIED,2026-06-22,25,2026-06-22,25,1,0.489,0.101,0.066
14,SPIKE_OCCUPIED,MEDIUM,False,,OCCUPIED,2026-06-22,30,2026-06-22,30,1,0.375,0.083,0.06
14,SPIKE_OCCUPIED,MEDIUM,False,,OCCUPIED,2026-06-22,34,2026-06-22,34,1,3.611,0.143,0.111
14,SPIKE_OCCUPIED,MEDIUM,False,,OCCUPIED,2026-06-22,39,2026-06-22,39,1,3.335,0.157,0.102
14,SPIKE_OCCUPIED,MEDIUM,False,,OCCUPIED,2026-06-22,42,2026-06-22,42,1,0.512,0.129,0.082
14,SPIKE_OCCUPIED,MEDIUM,False,,OCCUPIED,2026-06-22,46,2026-06-22,46,1,3.24,0.103,0.058
14,SPIKE_OCCUPIED,MEDIUM,False,,OCCUPIED,2026-06-22,47,2026-06-22,47,1,0.666,0.1,0.06
14,SPIKE_OCCUPIED,MEDIUM,False,,OCCUPIED,2026-06-27,0,2026-06-27,0,1,0.569,0.083,0.05
14,SPIKE_OCCUPIED,MEDIUM,False,,OCCUPIED,2026-06-27,2,2026-06-27,2,1,4.47,0.085,0.05
14,SPIKE_OCCUPIED,MEDIUM,False,,OCCUPIED,2026-06-27,3,2026-06-27,3,1,4.479,0.076,0.05
14,SPIKE_OCCUPIED,MEDIUM,False,,OCCUPIED,2026-06-27,4,2026-06-27,4,1,4.324,0.07,0.05
14,SPIKE_OCCUPIED,MEDIUM,False,,OCCUPIED,2026-06-27,5,2026-06-27,5,1,0.719,0.07,0.05
14,SPIKE_OCCUPIED,MEDIUM,False,,OCCUPIED,2026-06-27,6,2026-06-27,6,1,0.592,0.071,0.05
14,SPIKE_OCCUPIED,MEDIUM,False,,OCCUPIED,2026-06-27,7,2026-06-27,7,1,0.419,0.068,0.05
14,SPIKE_OCCUPIED,MEDIUM,False,,OCCUPIED,2026-06-27,8,2026-06-27,8,1,0.425,0.07,0.05
14,SPIKE_OCCUPIED,MEDIUM,False,,OCCUPIED,2026-06-27,9,2026-06-27,9,1,0.412,0.069,0.05
14,SPIKE_OCCUPIED,MEDIUM,False,,OCCUPIED,2026-06-27,10,2026-06-27,10,1,0.397,0.067,0.05
14,SPIKE_OCCUPIED,MEDIUM,False,,OCCUPIED,2026-06-27,11,2026-06-27,11,1,0.44,0.065,0.05
14,SPIKE_OCCUPIED,MEDIUM,False,,OCCUPIED,2026-06-27,12,2026-06-27,12,1,0.396,0.069,0.05
14,SPIKE_OCCUPIED,MEDIUM,False,,OCCUPIED,2026-06-27,13,2026-06-27,13,1,0.435,0.069,0.05
14,SPIKE_OCCUPIED,MEDIUM,False,,OCCUPIED,2026-06-27,15,2026-06-27,15,1,0.438,0.076,0.062
14,SPIKE_OCCUPIED,MEDIUM,False,,OCCUPIED,2026-06-27,17,2026-06-27,17,1,0.55,0.078,0.064
14,SPIKE_OCCUPIED,MEDIUM,False,,OCCUPIED,2026-06-27,19,2026-06-27,19,1,0.391,0.101,0.071
14,SPIKE_OCCUPIED,MEDIUM,False,,OCCUPIED,2026-06-27,23,2026-06-27,23,1,0.901,0.099,0.073
14,SPIKE_OCCUPIED,MEDIUM,False,,OCCUPIED,2026-06-27,24,2026-06-27,24,1,0.423,0.096,0.063
14,SPIKE_OCCUPIED,MEDIUM,False,,OCCUPIED,2026-06-27,28,2026-06-27,28,1,0.393,0.089,0.054
14,SPIKE_OCCUPIED,MEDIUM,False,,OCCUPIED,2026-06-27,29,2026-06-27,29,1,0.356,0.096,0.063
14,SPIKE_OCCUPIED,MEDIUM,False,,OCCUPIED,2026-06-27,30,2026-06-27,30,1,0.447,0.102,0.08
14,SPIKE_OCCUPIED,MEDIUM,False,,OCCUPIED,2026-06-27,31,2026-06-27,31,1,1.725,0.093,0.065
14,SPIKE_OCCUPIED,MEDIUM,False,,OCCUPIED,2026-06-27,34,2026-06-27,34,1,0.48,0.125,0.083
14,SPIKE_OCCUPIED,MEDIUM,False,,OCCUPIED,2026-06-27,35,2026-06-27,35,1,4.466,0.189,0.149
14,SPIKE_OCCUPIED,MEDIUM,False,,OCCUPIED,2026-06-27,39,2026-06-27,39,1,0.588,0.129,0.101
14,SPIKE_OCCUPIED,MEDIUM,False,,OCCUPIED,2026-06-27,44,2026-06-27,44,1,0.568,0.119,0.086
14,SPIKE_OCCUPIED,MEDIUM,False,,OCCUPIED,2026-06-27,46,2026-06-27,46,1,0.508,0.099,0.063
14,SPIKE_OCCUPIED,MEDIUM,False,,OCCUPIED,2026-06-30,9,2026-06-30,9,1,0.582,0.067,0.05
14,SPIKE_OCCUPIED,MEDIUM,False,,OCCUPIED,2026-06-30,10,2026-06-30,10,1,0.623,0.068,0.05
14,SPIKE_OCCUPIED,MEDIUM,False,,OCCUPIED,2026-06-30,31,2026-06-30,31,1,0.596,0.092,0.081
14,SPIKE_OCCUPIED,MEDIUM,False,,OCCUPIED,2026-06-30,35,2026-06-30,35,1,0.993,0.141,0.1145
14,SPIKE_OCCUPIED,MEDIUM,False,,OCCUPIED,2026-07-01,21,2026-07-01,21,1,0.486,0.089,0.069
14,SPIKE_OCCUPIED,MEDIUM,False,,OCCUPIED,2026-07-01,26,2026-07-01,26,1,0.393,0.089,0.073
14,SPIKE_OCCUPIED,MEDIUM,False,,OCCUPIED,2026-07-01,29,2026-07-01,29,1,0.642,0.092,0.063
14,SPIKE_OCCUPIED,MEDIUM,False,,OCCUPIED,2026-07-07,3,2026-07-07,3,1,2.678,0.0835,0.05
14,SPIKE_OCCUPIED,MEDIUM,False,,OCCUPIED,2026-07-07,5,2026-07-07,5,1,0.377,0.07,0.05
14,SPIKE_OCCUPIED,MEDIUM,False,,OCCUPIED,2026-07-07,8,2026-07-07,8,1,0.323,0.0665,0.05
14,SPIKE_OCCUPIED,MEDIUM,False,,OCCUPIED,2026-07-07,14,2026-07-07,14,1,3.041,0.064,0.0545
14,SPIKE_OCCUPIED,MEDIUM,False,,OCCUPIED,2026-07-07,25,2026-07-07,25,1,3.044,0.0855,0.0675
14,SPIKE_OCCUPIED,MEDIUM,False,,OCCUPIED,2026-07-08,1,2026-07-08,1,1,0.315,0.078,0.05
14,SPIKE_OCCUPIED,MEDIUM,False,,OCCUPIED,2026-07-08,3,2026-07-08,3,1,0.508,0.087,0.05
14,SPIKE_OCCUPIED,MEDIUM,False,,OCCUPIED,2026-07-08,11,2026-07-08,11,1,0.552,0.066,0.05
14,SPIKE_OCCUPIED,MEDIUM,False,,OCCUPIED,2026-07-08,12,2026-07-08,12,1,4.239,0.075,0.05
14,SPIKE_OCCUPIED,MEDIUM,False,,OCCUPIED,2026-07-08,13,2026-07-08,13,1,3.696,0.078,0.052
14,SPIKE_OCCUPIED,MEDIUM,False,,OCCUPIED,2026-07-08,16,2026-07-08,16,1,0.391,0.073,0.066
14,SPIKE_OCCUPIED,MEDIUM,False,,OCCUPIED,2026-07-08,22,2026-07-08,22,1,0.669,0.088,0.068
14,SPIKE_OCCUPIED,MEDIUM,False,,OCCUPIED,2026-07-08,25,2026-07-08,25,1,0.519,0.105,0.077
14,SPIKE_OCCUPIED,MEDIUM,False,,OCCUPIED,2026-07-08,31,2026-07-08,31,1,0.648,0.099,0.066
14,SPIKE_OCCUPIED,MEDIUM,False,,OCCUPIED,2026-07-08,33,2026-07-08,33,1,0.668,0.1,0.071
14,SPIKE_OCCUPIED,MEDIUM,False,,OCCUPIED,2026-07-08,41,2026-07-08,41,1,0.867,0.125,0.085
14,SPIKE_OCCUPIED,MEDIUM,False,,OCCUPIED,2026-07-08,46,2026-07-08,46,1,0.329,0.097,0.054
14,SPIKE_OCCUPIED,MEDIUM,False,,OCCUPIED,2026-07-12,8,2026-07-12,8,1,0.377,0.0645,0.05
14,SPIKE_OCCUPIED,MEDIUM,False,,OCCUPIED,2026-07-12,14,2026-07-12,14,1,0.388,0.0715,0.05
14,SPIKE_OCCUPIED,MEDIUM,False,,OCCUPIED,2026-07-12,16,2026-07-12,16,1,0.32,0.074,0.05
14,SPIKE_OCCUPIED,MEDIUM,False,,OCCUPIED,2026-07-12,20,2026-07-12,20,1,1.353,0.085,0.069
14,SPIKE_OCCUPIED,MEDIUM,False,,OCCUPIED,2026-07-12,22,2026-07-12,22,1,0.462,0.101,0.0785
14,SPIKE_OCCUPIED,MEDIUM,False,,OCCUPIED,2026-07-12,25,2026-07-12,25,1,0.6,0.097,0.0815
14,SPIKE_OCCUPIED,MEDIUM,False,,OCCUPIED,2026-07-15,44,2026-07-15,44,1,0.523,0.12,0.088
14,SPIKE_OCCUPIED,MEDIUM,False,,OCCUPIED,2026-07-15,45,2026-07-15,45,1,0.376,0.107,0.063
14,SPIKE_OCCUPIED,MEDIUM,False,,OCCUPIED,2026-07-18,0,2026-07-18,0,1,1.603,0.083,0.05
14,SPIKE_OCCUPIED,MEDIUM,False,,OCCUPIED,2026-07-18,1,2026-07-18,1,1,1.715,0.079,0.05
14,SPIKE_OCCUPIED,MEDIUM,False,,OCCUPIED,2026-07-18,2,2026-07-18,2,1,3.327,0.085,0.05
14,SPIKE_OCCUPIED,MEDIUM,False,,OCCUPIED,2026-07-18,3,2026-07-18,3,1,3.703,0.076,0.05
14,SPIKE_OCCUPIED,MEDIUM,False,,OCCUPIED,2026-07-18,4,2026-07-18,4,1,3.727,0.07,0.05
14,SPIKE_OCCUPIED,MEDIUM,False,,OCCUPIED,2026-07-18,5,2026-07-18,5,1,2.176,0.07,0.05
14,SPIKE_OCCUPIED,MEDIUM,False,,OCCUPIED,2026-07-18,6,2026-07-18,6,1,2.705,0.071,0.05
14,SPIKE_UNKNOWN,LOW,False,,UNKNOWN,2026-07-18,11,2026-07-18,11,1,0.278,0.065,0.05
14,SPIKE_OCCUPIED,MEDIUM,False,,OCCUPIED,2026-07-18,12,2026-07-18,12,1,0.396,0.069,0.05
14,SPIKE_OCCUPIED,MEDIUM,False,,OCCUPIED,2026-07-18,13,2026-07-18,13,1,0.315,0.069,0.05
14,SPIKE_OCCUPIED,MEDIUM,False,,OCCUPIED,2026-07-18,14,2026-07-18,14,1,0.319,0.068,0.052
14,SPIKE_OCCUPIED,MEDIUM,False,,OCCUPIED,2026-07-18,15,2026-07-18,15,1,0.765,0.076,0.062
14,SPIKE_OCCUPIED,MEDIUM,False,,OCCUPIED,2026-07-18,16,2026-07-18,16,1,0.71,0.098,0.075
14,SPIKE_OCCUPIED,MEDIUM,False,,OCCUPIED,2026-07-18,18,2026-07-18,18,1,0.864,0.084,0.074
14,SPIKE_OCCUPIED,MEDIUM,False,,OCCUPIED,2026-07-18,28,2026-07-18,28,1,3.73,0.089,0.054
14,SPIKE_OCCUPIED,MEDIUM,False,,OCCUPIED,2026-07-18,32,2026-07-18,32,1,0.696,0.1,0.08
14,SPIKE_OCCUPIED,MEDIUM,False,,OCCUPIED,2026-07-18,38,2026-07-18,38,1,0.756,0.132,0.103
14,SPIKE_OCCUPIED,MEDIUM,False,,OCCUPIED,2026-07-18,42,2026-07-18,42,1,0.688,0.125,0.096
14,SPIKE_OCCUPIED,MEDIUM,False,,OCCUPIED,2026-07-18,46,2026-07-18,46,1,0.489,0.099,0.063
14,SPIKE_OCCUPIED,MEDIUM,False,,OCCUPIED,2026-07-24,17,2026-07-24,17,1,0.359,0.085,0.067
14,SPIKE_OCCUPIED,MEDIUM,False,,OCCUPIED,2026-07-24,22,2026-07-24,22,1,0.308,0.073,0.051
14,SPIKE_UNKNOWN,LOW,False,,UNKNOWN,2026-07-24,27,2026-07-24,27,1,0.301,0.072,0.05
14,SPIKE_OCCUPIED,MEDIUM,False,,OCCUPIED,2026-07-24,37,2026-07-24,37,1,0.636,0.149,0.106
